候选ID,策略家族,来源,分数,表达式,模拟设置JSON,变体序号,精确哈希,参数骨架,字段骨架,生成时间
near_pass_variant:primary,near_pass_variant,near_pass,3.75,"(group_rank(ts_delta(anl4_ebitda_value, 126)/cap,industry)-0.5)*0.7+(ts_rank(vwap/close, 252)-0.5)*0.3","{""instrumentType"": ""EQUITY"", ""region"": ""USA"", ""universe"": ""TOP3000"", ""delay"": 1, ""decay"": 4, ""neutralization"": ""MARKET"", ""truncation"": 0.05, ""pasteurization"": ""ON"", ""unitHandling"": ""VERIFY"", ""nanHandling"": ""ON"", ""language"": ""FASTEXPR"", ""visualization"": false}",0,4d1c2ba4d9ecf31c0f17138d4d5086868b62fbea31eff60a45050a81cc1dd94c,"add(mul(#,sub(group_rank(div(ts_delta(anl4_ebitda_value,#),cap),industry),#)),mul(#,sub(ts_rank(div(vwap,close),#),#)))","add(mul(#,sub(group_rank(div(ts_delta(FIELD,#),FIELD),industry),#)),mul(#,sub(ts_rank(div(FIELD,FIELD),#),#)))",2026-08-02T11:20:49.196920+00:00
near_pass_variant:primary,near_pass_variant,near_pass,3.7399999999999998,"trade_when(rank(ts_mean(volume,63)/adv20),((group_rank(ts_delta(anl4_ebitda_value, 126)/cap,industry)-0.5)*0.7+(ts_rank(vwap/close,126)-0.5)*0.3),-1)","{""instrumentType"": ""EQUITY"", ""region"": ""USA"", ""universe"": ""TOP3000"", ""delay"": 1, ""decay"": 4, ""neutralization"": ""MARKET"", ""truncation"": 0.05, ""pasteurization"": ""ON"", ""unitHandling"": ""VERIFY"", ""nanHandling"": ""ON"", ""language"": ""FASTEXPR"", ""visualization"": false}",0,578e51cd0b072663024124d5b4bb62f3c93a8594ac4987d16c33c28e0c4636dc,"trade_when(div(ts_mean(volume,#),adv20),add(mul(#,sub(group_rank(div(ts_delta(anl4_ebitda_value,#),cap),industry),#)),mul(#,sub(ts_rank(div(vwap,close),#),#))),neg(#))","trade_when(div(ts_mean(FIELD,#),FIELD),add(mul(#,sub(group_rank(div(ts_delta(FIELD,#),FIELD),industry),#)),mul(#,sub(ts_rank(div(FIELD,FIELD),#),#))),neg(#))",2026-08-02T11:20:49.196920+00:00
near_pass_variant:primary,near_pass_variant,near_pass,3.77,"((group_rank(ts_delta(assets, 252)/cap,sector)-0.5)*0.7+(ts_rank(vwap/close, 126)-0.5)*0.3)*rank(ts_mean(volume, 126)/adv20)","{""instrumentType"": ""EQUITY"", ""region"": ""USA"", ""universe"": ""TOP3000"", ""delay"": 1, ""decay"": 4, ""neutralization"": ""MARKET"", ""truncation"": 0.05, ""pasteurization"": ""ON"", ""unitHandling"": ""VERIFY"", ""nanHandling"": ""ON"", ""language"": ""FASTEXPR"", ""visualization"": false}",0,a1fcaab498235d3611c5404474ddf8e618934575694d73579be4634a757135f1,"mul(add(mul(#,sub(group_rank(div(ts_delta(assets,#),cap),sector),#)),mul(#,sub(ts_rank(div(vwap,close),#),#))),div(ts_mean(volume,#),adv20))","mul(add(mul(#,sub(group_rank(div(ts_delta(FIELD,#),FIELD),sector),#)),mul(#,sub(ts_rank(div(FIELD,FIELD),#),#))),div(ts_mean(FIELD,#),FIELD))",2026-08-02T11:20:49.196920+00:00
near_pass_variant:primary,near_pass_variant,near_pass,3.69,"((group_rank(ts_delta(anl4_ebitda_value, 126)/cap,industry)-0.5)*0.7+(ts_rank(vwap/close,126)-0.5)*0.3)*rank(ts_mean(volume, 63)/adv20)","{""instrumentType"": ""EQUITY"", ""region"": ""USA"", ""universe"": ""TOP3000"", ""delay"": 1, ""decay"": 4, ""neutralization"": ""MARKET"", ""truncation"": 0.05, ""pasteurization"": ""ON"", ""unitHandling"": ""VERIFY"", ""nanHandling"": ""ON"", ""language"": ""FASTEXPR"", ""visualization"": false}",0,d98066212c40a6969a77fe4c629213682acd8ca62d36c6a712ad63d556904760,"mul(add(mul(#,sub(group_rank(div(ts_delta(anl4_ebitda_value,#),cap),industry),#)),mul(#,sub(ts_rank(div(vwap,close),#),#))),div(ts_mean(volume,#),adv20))","mul(add(mul(#,sub(group_rank(div(ts_delta(FIELD,#),FIELD),industry),#)),mul(#,sub(ts_rank(div(FIELD,FIELD),#),#))),div(ts_mean(FIELD,#),FIELD))",2026-08-02T11:20:49.196920+00:00
near_pass_variant:primary,near_pass_variant,near_pass,3.6799999999999997,"(group_rank(ts_delta(assets, 252)/cap,sector)-0.5)*0.7+(ts_rank(vwap/close,126)-0.5)*0.3","{""instrumentType"": ""EQUITY"", ""region"": ""USA"", ""universe"": ""TOP3000"", ""delay"": 1, ""decay"": 4, ""neutralization"": ""MARKET"", ""truncation"": 0.05, ""pasteurization"": ""ON"", ""unitHandling"": ""VERIFY"", ""nanHandling"": ""ON"", ""language"": ""FASTEXPR"", ""visualization"": false}",0,1247c731ac6bf1de0dc92a814792eccb3e73c6c25f205d0cd52e50ed1081bd57,"add(mul(#,sub(group_rank(div(ts_delta(assets,#),cap),sector),#)),mul(#,sub(ts_rank(div(vwap,close),#),#)))","add(mul(#,sub(group_rank(div(ts_delta(FIELD,#),FIELD),sector),#)),mul(#,sub(ts_rank(div(FIELD,FIELD),#),#)))",2026-08-02T11:20:49.196920+00:00
near_pass_variant:primary,near_pass_variant,near_pass,3.53,"trade_when(rank(ts_mean(volume,63)/adv20),((group_rank(ts_delta(assets, 252)/cap,sector)-0.5)*0.7+(ts_rank(vwap/close,126)-0.5)*0.3),-1)","{""instrumentType"": ""EQUITY"", ""region"": ""USA"", ""universe"": ""TOP3000"", ""delay"": 1, ""decay"": 4, ""neutralization"": ""MARKET"", ""truncation"": 0.05, ""pasteurization"": ""ON"", ""unitHandling"": ""VERIFY"", ""nanHandling"": ""ON"", ""language"": ""FASTEXPR"", ""visualization"": false}",0,ec21a48ce0303effff5b09aa19634f83ecc672c7e956922606851af265c307d2,"trade_when(div(ts_mean(volume,#),adv20),add(mul(#,sub(group_rank(div(ts_delta(assets,#),cap),sector),#)),mul(#,sub(ts_rank(div(vwap,close),#),#))),neg(#))","trade_when(div(ts_mean(FIELD,#),FIELD),add(mul(#,sub(group_rank(div(ts_delta(FIELD,#),FIELD),sector),#)),mul(#,sub(ts_rank(div(FIELD,FIELD),#),#))),neg(#))",2026-08-02T11:20:49.196920+00:00
near_pass_variant:primary,near_pass_variant,near_pass,3.67,"trade_when(rank(ts_mean(volume,63)/adv20),((group_rank(ts_delta(assets,252)/cap,sector)-0.5)*0.7+(ts_rank(vwap/close,126)-0.5)*0.3),-1)","{""instrumentType"": ""EQUITY"", ""region"": ""USA"", ""universe"": ""TOP3000"", ""delay"": 1, ""decay"": 4, ""neutralization"": ""MARKET"", ""truncation"": 0.05, ""pasteurization"": ""ON"", ""unitHandling"": ""VERIFY"", ""nanHandling"": ""ON"", ""language"": ""FASTEXPR"", ""visualization"": false}",0,503f9a97638b9e790bcde8f9756cdbebd08dbc0269dcc73ee869e264ebb86f33,"trade_when(div(ts_mean(volume,#),adv20),add(mul(#,sub(group_rank(div(ts_delta(assets,#),cap),sector),#)),mul(#,sub(ts_rank(div(vwap,close),#),#))),neg(#))","trade_when(div(ts_mean(FIELD,#),FIELD),add(mul(#,sub(group_rank(div(ts_delta(FIELD,#),FIELD),sector),#)),mul(#,sub(ts_rank(div(FIELD,FIELD),#),#))),neg(#))",2026-08-02T11:20:49.196920+00:00
arch_hybrid_z_liq:primary,arch_hybrid_z_liq,proven,11.35,"group_neutralize(ts_zscore(anl14_stddev_ebitda_fy4/cap,126)*rank(ts_mean(volume,63)/adv20),sector)","{""instrumentType"": ""EQUITY"", ""region"": ""USA"", ""universe"": ""TOP3000"", ""delay"": 1, ""decay"": 4, ""neutralization"": ""MARKET"", ""truncation"": 0.05, ""pasteurization"": ""ON"", ""unitHandling"": ""VERIFY"", ""nanHandling"": ""ON"", ""language"": ""FASTEXPR"", ""visualization"": false}",0,cd02d7ddb286c0b265b8ee88cd8eb9acfb530a7e5861159db5b16fc201f5fc80,"group_neutralize(mul(div(ts_mean(volume,#),adv20),ts_zscore(div(anl14_stddev_ebitda_fy4,cap),#)),sector)","group_neutralize(mul(div(ts_mean(FIELD,#),FIELD),ts_zscore(div(FIELD,FIELD),#)),sector)",2026-08-02T11:20:49.196920+00:00
arch_hybrid_z_liq:primary,arch_hybrid_z_liq,proven,11.35,"group_neutralize(ts_zscore(anl14_median_ebitda_fy5/cap,126)*rank(ts_mean(volume,63)/adv20),market)","{""instrumentType"": ""EQUITY"", ""region"": ""USA"", ""universe"": ""TOP3000"", ""delay"": 1, ""decay"": 4, ""neutralization"": ""MARKET"", ""truncation"": 0.05, ""pasteurization"": ""ON"", ""unitHandling"": ""VERIFY"", ""nanHandling"": ""ON"", ""language"": ""FASTEXPR"", ""visualization"": false}",0,a5c7f0c305fd5fe0a1aa08a065f8d1cfc6a08074f8d9ad1be538f757488e1139,"group_neutralize(mul(div(ts_mean(volume,#),adv20),ts_zscore(div(anl14_median_ebitda_fy5,cap),#)),market)","group_neutralize(mul(div(ts_mean(FIELD,#),FIELD),ts_zscore(div(FIELD,FIELD),#)),market)",2026-08-02T11:20:49.196920+00:00
arch_hybrid_z_liq:primary,arch_hybrid_z_liq,proven,11.35,"group_neutralize(ts_zscore(anl14_median_ebitda_fy4/cap,126)*rank(ts_mean(volume,63)/adv20),sector)","{""instrumentType"": ""EQUITY"", ""region"": ""USA"", ""universe"": ""TOP3000"", ""delay"": 1, ""decay"": 4, ""neutralization"": ""MARKET"", ""truncation"": 0.05, ""pasteurization"": ""ON"", ""unitHandling"": ""VERIFY"", ""nanHandling"": ""ON"", ""language"": ""FASTEXPR"", ""visualization"": false}",0,d36950ee4b65c36d120647af9076478b18f4c2796072f8a981dd1cc135e31221,"group_neutralize(mul(div(ts_mean(volume,#),adv20),ts_zscore(div(anl14_median_ebitda_fy4,cap),#)),sector)","group_neutralize(mul(div(ts_mean(FIELD,#),FIELD),ts_zscore(div(FIELD,FIELD),#)),sector)",2026-08-02T11:20:49.196920+00:00
arch_hybrid_z_liq:primary,arch_hybrid_z_liq,proven,11.35,"group_neutralize(ts_zscore(anl14_stddev_ebitda_fp4/cap,126)*rank(ts_mean(volume,63)/adv20),sector)","{""instrumentType"": ""EQUITY"", ""region"": ""USA"", ""universe"": ""TOP3000"", ""delay"": 1, ""decay"": 4, ""neutralization"": ""MARKET"", ""truncation"": 0.05, ""pasteurization"": ""ON"", ""unitHandling"": ""VERIFY"", ""nanHandling"": ""ON"", ""language"": ""FASTEXPR"", ""visualization"": false}",0,c6db0eedc14d841df4c8d9270c99bac3bcf9296411bf7c4511c820d4095a7696,"group_neutralize(mul(div(ts_mean(volume,#),adv20),ts_zscore(div(anl14_stddev_ebitda_fp4,cap),#)),sector)","group_neutralize(mul(div(ts_mean(FIELD,#),FIELD),ts_zscore(div(FIELD,FIELD),#)),sector)",2026-08-02T11:20:49.196920+00:00
arch_hybrid_z_liq:primary,arch_hybrid_z_liq,proven,11.35,"group_neutralize(ts_zscore(anl14_stddev_ebitda_fp5/cap,126)*rank(ts_mean(volume,63)/adv20),market)","{""instrumentType"": ""EQUITY"", ""region"": ""USA"", ""universe"": ""TOP3000"", ""delay"": 1, ""decay"": 4, ""neutralization"": ""MARKET"", ""truncation"": 0.05, ""pasteurization"": ""ON"", ""unitHandling"": ""VERIFY"", ""nanHandling"": ""ON"", ""language"": ""FASTEXPR"", ""visualization"": false}",0,885b05677093977e45a76f492c01c68197a42460459caa15308a702cfcb847f7,"group_neutralize(mul(div(ts_mean(volume,#),adv20),ts_zscore(div(anl14_stddev_ebitda_fp5,cap),#)),market)","group_neutralize(mul(div(ts_mean(FIELD,#),FIELD),ts_zscore(div(FIELD,FIELD),#)),market)",2026-08-02T11:20:49.196920+00:00
arch_hybrid_z_liq:primary,arch_hybrid_z_liq,proven,11.35,"group_neutralize(ts_zscore(anl14_stddev_ebitda_fy1/cap,126)*rank(ts_mean(volume,63)/adv20),market)","{""instrumentType"": ""EQUITY"", ""region"": ""USA"", ""universe"": ""TOP3000"", ""delay"": 1, ""decay"": 4, ""neutralization"": ""MARKET"", ""truncation"": 0.05, ""pasteurization"": ""ON"", ""unitHandling"": ""VERIFY"", ""nanHandling"": ""ON"", ""language"": ""FASTEXPR"", ""visualization"": false}",0,fdffd4dfdda4cf7f92b8d7ce705ca64ed5d3bc2601aeecfc54cf008214326931,"group_neutralize(mul(div(ts_mean(volume,#),adv20),ts_zscore(div(anl14_stddev_ebitda_fy1,cap),#)),market)","group_neutralize(mul(div(ts_mean(FIELD,#),FIELD),ts_zscore(div(FIELD,FIELD),#)),market)",2026-08-02T11:20:49.196920+00:00
arch_hybrid_z_liq:primary,arch_hybrid_z_liq,proven,11.35,"group_neutralize(ts_zscore(anl14_median_ebitda_fp5/cap,126)*rank(ts_mean(volume,63)/adv20),sector)","{""instrumentType"": ""EQUITY"", ""region"": ""USA"", ""universe"": ""TOP3000"", ""delay"": 1, ""decay"": 4, ""neutralization"": ""MARKET"", ""truncation"": 0.05, ""pasteurization"": ""ON"", ""unitHandling"": ""VERIFY"", ""nanHandling"": ""ON"", ""language"": ""FASTEXPR"", ""visualization"": false}",0,80e6f3b78c80cf75f7e02167fe20cf59f08dd092aaec7735e103adcf4cb59fdf,"group_neutralize(mul(div(ts_mean(volume,#),adv20),ts_zscore(div(anl14_median_ebitda_fp5,cap),#)),sector)","group_neutralize(mul(div(ts_mean(FIELD,#),FIELD),ts_zscore(div(FIELD,FIELD),#)),sector)",2026-08-02T11:20:49.196920+00:00
arch_hybrid_z_liq:primary,arch_hybrid_z_liq,proven,11.35,"group_neutralize(ts_zscore(anl14_stddev_ebitda_fp3/cap,126)*rank(ts_mean(volume,63)/adv20),market)","{""instrumentType"": ""EQUITY"", ""region"": ""USA"", ""universe"": ""TOP3000"", ""delay"": 1, ""decay"": 4, ""neutralization"": ""MARKET"", ""truncation"": 0.05, ""pasteurization"": ""ON"", ""unitHandling"": ""VERIFY"", ""nanHandling"": ""ON"", ""language"": ""FASTEXPR"", ""visualization"": false}",0,e4f02f57c48bf3e1985c8f49774711d79fa1b23a5cc6121767b5110f3cedf2eb,"group_neutralize(mul(div(ts_mean(volume,#),adv20),ts_zscore(div(anl14_stddev_ebitda_fp3,cap),#)),market)","group_neutralize(mul(div(ts_mean(FIELD,#),FIELD),ts_zscore(div(FIELD,FIELD),#)),market)",2026-08-02T11:20:49.196920+00:00
arch_hybrid_z_liq:primary,arch_hybrid_z_liq,proven,11.35,"group_neutralize(ts_zscore(anl14_stddev_ebitda_fy3/cap,126)*rank(ts_mean(volume,63)/adv20),market)","{""instrumentType"": ""EQUITY"", ""region"": ""USA"", ""universe"": ""TOP3000"", ""delay"": 1, ""decay"": 4, ""neutralization"": ""MARKET"", ""truncation"": 0.05, ""pasteurization"": ""ON"", ""unitHandling"": ""VERIFY"", ""nanHandling"": ""ON"", ""language"": ""FASTEXPR"", ""visualization"": false}",0,c487e1c492066a9ba078bd2d6ca48d17bf6a86fd0ff6007d38a23be3fc6f5755,"group_neutralize(mul(div(ts_mean(volume,#),adv20),ts_zscore(div(anl14_stddev_ebitda_fy3,cap),#)),market)","group_neutralize(mul(div(ts_mean(FIELD,#),FIELD),ts_zscore(div(FIELD,FIELD),#)),market)",2026-08-02T11:20:49.196920+00:00
arch_hybrid_z_liq:primary,arch_hybrid_z_liq,proven,11.35,"group_neutralize(ts_zscore(anl14_stddev_ebitda_fy2/cap,126)*rank(ts_mean(volume,63)/adv20),market)","{""instrumentType"": ""EQUITY"", ""region"": ""USA"", ""universe"": ""TOP3000"", ""delay"": 1, ""decay"": 4, ""neutralization"": ""MARKET"", ""truncation"": 0.05, ""pasteurization"": ""ON"", ""unitHandling"": ""VERIFY"", ""nanHandling"": ""ON"", ""language"": ""FASTEXPR"", ""visualization"": false}",0,7331a2abfa44ada2582748a47e5c713e2c01e2f4d70079c09f118db25d863e46,"group_neutralize(mul(div(ts_mean(volume,#),adv20),ts_zscore(div(anl14_stddev_ebitda_fy2,cap),#)),market)","group_neutralize(mul(div(ts_mean(FIELD,#),FIELD),ts_zscore(div(FIELD,FIELD),#)),market)",2026-08-02T11:20:49.196920+00:00
arch_hybrid_z_liq:primary,arch_hybrid_z_liq,proven,11.35,"group_neutralize(ts_zscore(anl14_stddev_ebitda_fp2/cap,126)*rank(ts_mean(volume,63)/adv20),sector)","{""instrumentType"": ""EQUITY"", ""region"": ""USA"", ""universe"": ""TOP3000"", ""delay"": 1, ""decay"": 4, ""neutralization"": ""MARKET"", ""truncation"": 0.05, ""pasteurization"": ""ON"", ""unitHandling"": ""VERIFY"", ""nanHandling"": ""ON"", ""language"": ""FASTEXPR"", ""visualization"": false}",0,0951349d30d7ccc141e34967df1b2ca40761a7446a5ea7cd17ea5c8117f1586d,"group_neutralize(mul(div(ts_mean(volume,#),adv20),ts_zscore(div(anl14_stddev_ebitda_fp2,cap),#)),sector)","group_neutralize(mul(div(ts_mean(FIELD,#),FIELD),ts_zscore(div(FIELD,FIELD),#)),sector)",2026-08-02T11:20:49.196920+00:00
arch_hybrid_z_liq:primary,arch_hybrid_z_liq,proven,11.35,"group_neutralize(ts_zscore(anl14_median_ebitda_fy3/cap,126)*rank(ts_mean(volume,63)/adv20),sector)","{""instrumentType"": ""EQUITY"", ""region"": ""USA"", ""universe"": ""TOP3000"", ""delay"": 1, ""decay"": 4, ""neutralization"": ""MARKET"", ""truncation"": 0.05, ""pasteurization"": ""ON"", ""unitHandling"": ""VERIFY"", ""nanHandling"": ""ON"", ""language"": ""FASTEXPR"", ""visualization"": false}",0,425b9bc313729bfd4b820b532839a3f1e9d4a2a70ec36e66495d229c5b4bfdc4,"group_neutralize(mul(div(ts_mean(volume,#),adv20),ts_zscore(div(anl14_median_ebitda_fy3,cap),#)),sector)","group_neutralize(mul(div(ts_mean(FIELD,#),FIELD),ts_zscore(div(FIELD,FIELD),#)),sector)",2026-08-02T11:20:49.196920+00:00
arch_hybrid_z_liq:primary,arch_hybrid_z_liq,proven,11.35,"group_neutralize(ts_zscore(anl14_mean_ebitda_fp4/cap,126)*rank(ts_mean(volume,63)/adv20),industry)","{""instrumentType"": ""EQUITY"", ""region"": ""USA"", ""universe"": ""TOP3000"", ""delay"": 1, ""decay"": 4, ""neutralization"": ""MARKET"", ""truncation"": 0.05, ""pasteurization"": ""ON"", ""unitHandling"": ""VERIFY"", ""nanHandling"": ""ON"", ""language"": ""FASTEXPR"", ""visualization"": false}",0,eca2e31f0042f1b550741ea451332843a31062c02dff58a6ad0d194b0b8dd6da,"group_neutralize(mul(div(ts_mean(volume,#),adv20),ts_zscore(div(anl14_mean_ebitda_fp4,cap),#)),industry)","group_neutralize(mul(div(ts_mean(FIELD,#),FIELD),ts_zscore(div(FIELD,FIELD),#)),industry)",2026-08-02T11:20:49.196920+00:00
arch_hybrid_z_liq:primary,arch_hybrid_z_liq,proven,11.35,"group_neutralize(ts_zscore(anl14_median_ebitda_fp4/cap,126)*rank(ts_mean(volume,63)/adv20),market)","{""instrumentType"": ""EQUITY"", ""region"": ""USA"", ""universe"": ""TOP3000"", ""delay"": 1, ""decay"": 4, ""neutralization"": ""MARKET"", ""truncation"": 0.05, ""pasteurization"": ""ON"", ""unitHandling"": ""VERIFY"", ""nanHandling"": ""ON"", ""language"": ""FASTEXPR"", ""visualization"": false}",0,383bbe7b3477dd1710c3cda56792d601b560b846864fe33eaca0dcca2dcd9ab6,"group_neutralize(mul(div(ts_mean(volume,#),adv20),ts_zscore(div(anl14_median_ebitda_fp4,cap),#)),market)","group_neutralize(mul(div(ts_mean(FIELD,#),FIELD),ts_zscore(div(FIELD,FIELD),#)),market)",2026-08-02T11:20:49.196920+00:00
arch_hybrid_z_liq:primary,arch_hybrid_z_liq,proven,11.35,"group_neutralize(ts_zscore(anl14_stddev_ebitda_fp1/cap,126)*rank(ts_mean(volume,63)/adv20),market)","{""instrumentType"": ""EQUITY"", ""region"": ""USA"", ""universe"": ""TOP3000"", ""delay"": 1, ""decay"": 4, ""neutralization"": ""MARKET"", ""truncation"": 0.05, ""pasteurization"": ""ON"", ""unitHandling"": ""VERIFY"", ""nanHandling"": ""ON"", ""language"": ""FASTEXPR"", ""visualization"": false}",0,9eb49d4ceefb09ad2c024110999229dcf5b80b490d2f929c37335a753b3ce457,"group_neutralize(mul(div(ts_mean(volume,#),adv20),ts_zscore(div(anl14_stddev_ebitda_fp1,cap),#)),market)","group_neutralize(mul(div(ts_mean(FIELD,#),FIELD),ts_zscore(div(FIELD,FIELD),#)),market)",2026-08-02T11:20:49.196920+00:00
arch_hybrid_z_liq:primary,arch_hybrid_z_liq,proven,11.35,"group_neutralize(ts_zscore(anl14_median_ebitda_fy1/cap,126)*rank(ts_mean(volume,63)/adv20),sector)","{""instrumentType"": ""EQUITY"", ""region"": ""USA"", ""universe"": ""TOP3000"", ""delay"": 1, ""decay"": 4, ""neutralization"": ""MARKET"", ""truncation"": 0.05, ""pasteurization"": ""ON"", ""unitHandling"": ""VERIFY"", ""nanHandling"": ""ON"", ""language"": ""FASTEXPR"", ""visualization"": false}",0,6769999d760a2264d503c91072e4a8b4630d1c5407a18570c45f99589fbd2c06,"group_neutralize(mul(div(ts_mean(volume,#),adv20),ts_zscore(div(anl14_median_ebitda_fy1,cap),#)),sector)","group_neutralize(mul(div(ts_mean(FIELD,#),FIELD),ts_zscore(div(FIELD,FIELD),#)),sector)",2026-08-02T11:20:49.196920+00:00
arch_hybrid_z_liq:primary,arch_hybrid_z_liq,proven,11.35,"group_neutralize(ts_zscore(anl14_median_ebitda_fy2/cap,126)*rank(ts_mean(volume,63)/adv20),market)","{""instrumentType"": ""EQUITY"", ""region"": ""USA"", ""universe"": ""TOP3000"", ""delay"": 1, ""decay"": 4, ""neutralization"": ""MARKET"", ""truncation"": 0.05, ""pasteurization"": ""ON"", ""unitHandling"": ""VERIFY"", ""nanHandling"": ""ON"", ""language"": ""FASTEXPR"", ""visualization"": false}",0,312cc642e951a23e570eca9b9f5b9913a83f8fec401dd81feb3d8d20ccf8180d,"group_neutralize(mul(div(ts_mean(volume,#),adv20),ts_zscore(div(anl14_median_ebitda_fy2,cap),#)),market)","group_neutralize(mul(div(ts_mean(FIELD,#),FIELD),ts_zscore(div(FIELD,FIELD),#)),market)",2026-08-02T11:20:49.196920+00:00
arch_hybrid_z_liq:primary,arch_hybrid_z_liq,proven,11.35,"group_neutralize(ts_zscore(anl14_stddev_ebitda_fy5/cap,126)*rank(ts_mean(volume,63)/adv20),industry)","{""instrumentType"": ""EQUITY"", ""region"": ""USA"", ""universe"": ""TOP3000"", ""delay"": 1, ""decay"": 4, ""neutralization"": ""MARKET"", ""truncation"": 0.05, ""pasteurization"": ""ON"", ""unitHandling"": ""VERIFY"", ""nanHandling"": ""ON"", ""language"": ""FASTEXPR"", ""visualization"": false}",0,e060561ebc553c1dd48cda4cf37a47f324f2ba95e838c69997208770418814b4,"group_neutralize(mul(div(ts_mean(volume,#),adv20),ts_zscore(div(anl14_stddev_ebitda_fy5,cap),#)),industry)","group_neutralize(mul(div(ts_mean(FIELD,#),FIELD),ts_zscore(div(FIELD,FIELD),#)),industry)",2026-08-02T11:20:49.196920+00:00
arch_hybrid_z_liq:primary,arch_hybrid_z_liq,proven,11.35,"group_neutralize(ts_zscore(anl14_numofests_ebitda_fy5/cap,126)*rank(ts_mean(volume,63)/adv20),market)","{""instrumentType"": ""EQUITY"", ""region"": ""USA"", ""universe"": ""TOP3000"", ""delay"": 1, ""decay"": 4, ""neutralization"": ""MARKET"", ""truncation"": 0.05, ""pasteurization"": ""ON"", ""unitHandling"": ""VERIFY"", ""nanHandling"": ""ON"", ""language"": ""FASTEXPR"", ""visualization"": false}",0,637ffd4a20b93def5f78944ed37f7b83cf9cd67d1029a0efb06c6e301e54a8c2,"group_neutralize(mul(div(ts_mean(volume,#),adv20),ts_zscore(div(anl14_numofests_ebitda_fy5,cap),#)),market)","group_neutralize(mul(div(ts_mean(FIELD,#),FIELD),ts_zscore(div(FIELD,FIELD),#)),market)",2026-08-02T11:20:49.196920+00:00
arch_hybrid_z_liq:primary,arch_hybrid_z_liq,proven,11.35,"group_neutralize(ts_zscore(anl14_numofests_ebitda_fy4/cap,126)*rank(ts_mean(volume,63)/adv20),market)","{""instrumentType"": ""EQUITY"", ""region"": ""USA"", ""universe"": ""TOP3000"", ""delay"": 1, ""decay"": 4, ""neutralization"": ""MARKET"", ""truncation"": 0.05, ""pasteurization"": ""ON"", ""unitHandling"": ""VERIFY"", ""nanHandling"": ""ON"", ""language"": ""FASTEXPR"", ""visualization"": false}",0,6628a7523877624f59b09d49cefa694b09a9d82f387288cc4a56da74051942dd,"group_neutralize(mul(div(ts_mean(volume,#),adv20),ts_zscore(div(anl14_numofests_ebitda_fy4,cap),#)),market)","group_neutralize(mul(div(ts_mean(FIELD,#),FIELD),ts_zscore(div(FIELD,FIELD),#)),market)",2026-08-02T11:20:49.196920+00:00
arch_hybrid_z_liq:primary,arch_hybrid_z_liq,proven,11.35,"group_neutralize(ts_zscore(anl14_numofests_ebitda_fp5/cap,126)*rank(ts_mean(volume,63)/adv20),sector)","{""instrumentType"": ""EQUITY"", ""region"": ""USA"", ""universe"": ""TOP3000"", ""delay"": 1, ""decay"": 4, ""neutralization"": ""MARKET"", ""truncation"": 0.05, ""pasteurization"": ""ON"", ""unitHandling"": ""VERIFY"", ""nanHandling"": ""ON"", ""language"": ""FASTEXPR"", ""visualization"": false}",0,9a6fc370919ed528ac146d66cd55a753da568c8ae99e1ebadb650d2ad8dc992d,"group_neutralize(mul(div(ts_mean(volume,#),adv20),ts_zscore(div(anl14_numofests_ebitda_fp5,cap),#)),sector)","group_neutralize(mul(div(ts_mean(FIELD,#),FIELD),ts_zscore(div(FIELD,FIELD),#)),sector)",2026-08-02T11:20:49.196920+00:00
arch_hybrid_z_liq:primary,arch_hybrid_z_liq,proven,11.35,"group_neutralize(ts_zscore(anl14_numofests_ebitda_fp2/cap,126)*rank(ts_mean(volume,63)/adv20),sector)","{""instrumentType"": ""EQUITY"", ""region"": ""USA"", ""universe"": ""TOP3000"", ""delay"": 1, ""decay"": 4, ""neutralization"": ""MARKET"", ""truncation"": 0.05, ""pasteurization"": ""ON"", ""unitHandling"": ""VERIFY"", ""nanHandling"": ""ON"", ""language"": ""FASTEXPR"", ""visualization"": false}",0,736ec961c08d6228771ee30bc9623f35c8440ee3b5149f8b443550df2234e7d0,"group_neutralize(mul(div(ts_mean(volume,#),adv20),ts_zscore(div(anl14_numofests_ebitda_fp2,cap),#)),sector)","group_neutralize(mul(div(ts_mean(FIELD,#),FIELD),ts_zscore(div(FIELD,FIELD),#)),sector)",2026-08-02T11:20:49.196920+00:00
arch_hybrid_z_liq:primary,arch_hybrid_z_liq,proven,11.35,"group_neutralize(ts_zscore(anl14_numofests_ebitda_fp4/cap,126)*rank(ts_mean(volume,63)/adv20),market)","{""instrumentType"": ""EQUITY"", ""region"": ""USA"", ""universe"": ""TOP3000"", ""delay"": 1, ""decay"": 4, ""neutralization"": ""MARKET"", ""truncation"": 0.05, ""pasteurization"": ""ON"", ""unitHandling"": ""VERIFY"", ""nanHandling"": ""ON"", ""language"": ""FASTEXPR"", ""visualization"": false}",0,1f327f333293667a6a128d9aa583a7551314a7ac445b5d72157275559e0314c2,"group_neutralize(mul(div(ts_mean(volume,#),adv20),ts_zscore(div(anl14_numofests_ebitda_fp4,cap),#)),market)","group_neutralize(mul(div(ts_mean(FIELD,#),FIELD),ts_zscore(div(FIELD,FIELD),#)),market)",2026-08-02T11:20:49.196920+00:00
arch_hybrid_z_liq:primary,arch_hybrid_z_liq,proven,11.35,"group_neutralize(ts_zscore(anl14_numofests_ebitda_fy1/cap,126)*rank(ts_mean(volume,63)/adv20),sector)","{""instrumentType"": ""EQUITY"", ""region"": ""USA"", ""universe"": ""TOP3000"", ""delay"": 1, ""decay"": 4, ""neutralization"": ""MARKET"", ""truncation"": 0.05, ""pasteurization"": ""ON"", ""unitHandling"": ""VERIFY"", ""nanHandling"": ""ON"", ""language"": ""FASTEXPR"", ""visualization"": false}",0,564af49388374059cb68be08fd2e3e2810270d782bb01a9f0a9e60ad8c1076ec,"group_neutralize(mul(div(ts_mean(volume,#),adv20),ts_zscore(div(anl14_numofests_ebitda_fy1,cap),#)),sector)","group_neutralize(mul(div(ts_mean(FIELD,#),FIELD),ts_zscore(div(FIELD,FIELD),#)),sector)",2026-08-02T11:20:49.196920+00:00
arch_hybrid_z_liq:primary,arch_hybrid_z_liq,proven,11.35,"group_neutralize(ts_zscore(anl14_numofests_ebitda_fy2/cap,126)*rank(ts_mean(volume,63)/adv20),market)","{""instrumentType"": ""EQUITY"", ""region"": ""USA"", ""universe"": ""TOP3000"", ""delay"": 1, ""decay"": 4, ""neutralization"": ""MARKET"", ""truncation"": 0.05, ""pasteurization"": ""ON"", ""unitHandling"": ""VERIFY"", ""nanHandling"": ""ON"", ""language"": ""FASTEXPR"", ""visualization"": false}",0,b791d8df47f168bb87d9dcee23218bdb18bfe326af0218a07635a1a1ede1ebbd,"group_neutralize(mul(div(ts_mean(volume,#),adv20),ts_zscore(div(anl14_numofests_ebitda_fy2,cap),#)),market)","group_neutralize(mul(div(ts_mean(FIELD,#),FIELD),ts_zscore(div(FIELD,FIELD),#)),market)",2026-08-02T11:20:49.196920+00:00
arch_hybrid_z_liq:primary,arch_hybrid_z_liq,proven,11.35,"group_neutralize(ts_zscore(anl14_numofests_ebitda_fp1/cap,126)*rank(ts_mean(volume,63)/adv20),market)","{""instrumentType"": ""EQUITY"", ""region"": ""USA"", ""universe"": ""TOP3000"", ""delay"": 1, ""decay"": 4, ""neutralization"": ""MARKET"", ""truncation"": 0.05, ""pasteurization"": ""ON"", ""unitHandling"": ""VERIFY"", ""nanHandling"": ""ON"", ""language"": ""FASTEXPR"", ""visualization"": false}",0,2b77d1d3163c5886a6992547312bd642227ba6c95757521f4da8b9cf02b0871a,"group_neutralize(mul(div(ts_mean(volume,#),adv20),ts_zscore(div(anl14_numofests_ebitda_fp1,cap),#)),market)","group_neutralize(mul(div(ts_mean(FIELD,#),FIELD),ts_zscore(div(FIELD,FIELD),#)),market)",2026-08-02T11:20:49.196920+00:00
arch_hybrid_z_liq:primary,arch_hybrid_z_liq,proven,11.35,"group_neutralize(ts_zscore(anl14_numofests_ebitda_fp3/cap,126)*rank(ts_mean(volume,63)/adv20),market)","{""instrumentType"": ""EQUITY"", ""region"": ""USA"", ""universe"": ""TOP3000"", ""delay"": 1, ""decay"": 4, ""neutralization"": ""MARKET"", ""truncation"": 0.05, ""pasteurization"": ""ON"", ""unitHandling"": ""VERIFY"", ""nanHandling"": ""ON"", ""language"": ""FASTEXPR"", ""visualization"": false}",0,8d3aa3f94458b5df282b7f5c1c997961311c5ba95fe296f6fb549db09f458ada,"group_neutralize(mul(div(ts_mean(volume,#),adv20),ts_zscore(div(anl14_numofests_ebitda_fp3,cap),#)),market)","group_neutralize(mul(div(ts_mean(FIELD,#),FIELD),ts_zscore(div(FIELD,FIELD),#)),market)",2026-08-02T11:20:49.196920+00:00
arch_hybrid_z_liq:primary,arch_hybrid_z_liq,proven,11.35,"group_neutralize(ts_zscore(anl14_actvalue_ebitda_fy0/cap,126)*rank(ts_mean(volume,63)/adv20),industry)","{""instrumentType"": ""EQUITY"", ""region"": ""USA"", ""universe"": ""TOP3000"", ""delay"": 1, ""decay"": 4, ""neutralization"": ""MARKET"", ""truncation"": 0.05, ""pasteurization"": ""ON"", ""unitHandling"": ""VERIFY"", ""nanHandling"": ""ON"", ""language"": ""FASTEXPR"", ""visualization"": false}",0,dec49676a970ff5a838120f7383118d31536ff310db7b3a678aa72a13cced903,"group_neutralize(mul(div(ts_mean(volume,#),adv20),ts_zscore(div(anl14_actvalue_ebitda_fy0,cap),#)),industry)","group_neutralize(mul(div(ts_mean(FIELD,#),FIELD),ts_zscore(div(FIELD,FIELD),#)),industry)",2026-08-02T11:20:49.196920+00:00
arch_hybrid_z_liq:primary,arch_hybrid_z_liq,proven,11.35,"group_neutralize(ts_zscore(anl14_actvalue_ebitda_fp0/cap,126)*rank(ts_mean(volume,63)/adv20),industry)","{""instrumentType"": ""EQUITY"", ""region"": ""USA"", ""universe"": ""TOP3000"", ""delay"": 1, ""decay"": 4, ""neutralization"": ""MARKET"", ""truncation"": 0.05, ""pasteurization"": ""ON"", ""unitHandling"": ""VERIFY"", ""nanHandling"": ""ON"", ""language"": ""FASTEXPR"", ""visualization"": false}",0,587622d7a694ba6dac46b9670359db3952f73f2f6a2e26ebad23a15a16ee17c1,"group_neutralize(mul(div(ts_mean(volume,#),adv20),ts_zscore(div(anl14_actvalue_ebitda_fp0,cap),#)),industry)","group_neutralize(mul(div(ts_mean(FIELD,#),FIELD),ts_zscore(div(FIELD,FIELD),#)),industry)",2026-08-02T11:20:49.196920+00:00
arch_hybrid_z_liq:primary,arch_hybrid_z_liq,proven,11.35,"group_neutralize(ts_zscore(anl14_numofests_ebitda_fy3/cap,126)*rank(ts_mean(volume,63)/adv20),industry)","{""instrumentType"": ""EQUITY"", ""region"": ""USA"", ""universe"": ""TOP3000"", ""delay"": 1, ""decay"": 4, ""neutralization"": ""MARKET"", ""truncation"": 0.05, ""pasteurization"": ""ON"", ""unitHandling"": ""VERIFY"", ""nanHandling"": ""ON"", ""language"": ""FASTEXPR"", ""visualization"": false}",0,a586542bdbef7158e5fe89d1cee8c4670b3154c49f179274b5c174a83ae51245,"group_neutralize(mul(div(ts_mean(volume,#),adv20),ts_zscore(div(anl14_numofests_ebitda_fy3,cap),#)),industry)","group_neutralize(mul(div(ts_mean(FIELD,#),FIELD),ts_zscore(div(FIELD,FIELD),#)),industry)",2026-08-02T11:20:49.196920+00:00
arch_delta_liquid:primary,arch_delta_liquid,proven,10.7,"group_neutralize(ts_zscore(ts_delta(anl10_analyst_innovation_eps_revise_value_fy1,126)/cap,126)*rank(ts_mean(volume,63)/adv20),sector)","{""instrumentType"": ""EQUITY"", ""region"": ""USA"", ""universe"": ""TOP3000"", ""delay"": 1, ""decay"": 4, ""neutralization"": ""MARKET"", ""truncation"": 0.05, ""pasteurization"": ""ON"", ""unitHandling"": ""VERIFY"", ""nanHandling"": ""ON"", ""language"": ""FASTEXPR"", ""visualization"": false}",0,4bca9f06b12f9809cb649850b7da2fed838aa8720f8a6753e4272e8c880b36c0,"group_neutralize(mul(div(ts_mean(volume,#),adv20),ts_zscore(div(ts_delta(anl10_analyst_innovation_eps_revise_value_fy1,#),cap),#)),sector)","group_neutralize(mul(div(ts_mean(FIELD,#),FIELD),ts_zscore(div(ts_delta(FIELD,#),FIELD),#)),sector)",2026-08-02T11:20:49.196920+00:00
arch_delta_liquid:primary,arch_delta_liquid,proven,10.7,"group_neutralize(ts_zscore(ts_delta(anl10_analyst_innovation_eps_revise_value_fy2,126)/cap,126)*rank(ts_mean(volume,63)/adv20),sector)","{""instrumentType"": ""EQUITY"", ""region"": ""USA"", ""universe"": ""TOP3000"", ""delay"": 1, ""decay"": 4, ""neutralization"": ""MARKET"", ""truncation"": 0.05, ""pasteurization"": ""ON"", ""unitHandling"": ""VERIFY"", ""nanHandling"": ""ON"", ""language"": ""FASTEXPR"", ""visualization"": false}",0,c6fde8d44845e803905313b977e4d7a501f7d662c166ce12cda8cba893b1e757,"group_neutralize(mul(div(ts_mean(volume,#),adv20),ts_zscore(div(ts_delta(anl10_analyst_innovation_eps_revise_value_fy2,#),cap),#)),sector)","group_neutralize(mul(div(ts_mean(FIELD,#),FIELD),ts_zscore(div(ts_delta(FIELD,#),FIELD),#)),sector)",2026-08-02T11:20:49.196920+00:00
arch_delta_liquid:primary,arch_delta_liquid,proven,10.7,"group_neutralize(ts_zscore(ts_delta(anl10_analyst_innovation_eps_normal_increase_fy1,126)/cap,126)*rank(ts_mean(volume,63)/adv20),sector)","{""instrumentType"": ""EQUITY"", ""region"": ""USA"", ""universe"": ""TOP3000"", ""delay"": 1, ""decay"": 4, ""neutralization"": ""MARKET"", ""truncation"": 0.05, ""pasteurization"": ""ON"", ""unitHandling"": ""VERIFY"", ""nanHandling"": ""ON"", ""language"": ""FASTEXPR"", ""visualization"": false}",0,21ebf1a44269c2c94a8a2403e6127b3a03ff67d0cac919b2ac16c4b85ece3bb8,"group_neutralize(mul(div(ts_mean(volume,#),adv20),ts_zscore(div(ts_delta(anl10_analyst_innovation_eps_normal_increase_fy1,#),cap),#)),sector)","group_neutralize(mul(div(ts_mean(FIELD,#),FIELD),ts_zscore(div(ts_delta(FIELD,#),FIELD),#)),sector)",2026-08-02T11:20:49.196920+00:00
arch_delta_liquid:primary,arch_delta_liquid,proven,10.7,"group_neutralize(ts_zscore(ts_delta(anl10_analyst_innovation_eps_normal_decrease_fy1,126)/cap,126)*rank(ts_mean(volume,63)/adv20),sector)","{""instrumentType"": ""EQUITY"", ""region"": ""USA"", ""universe"": ""TOP3000"", ""delay"": 1, ""decay"": 4, ""neutralization"": ""MARKET"", ""truncation"": 0.05, ""pasteurization"": ""ON"", ""unitHandling"": ""VERIFY"", ""nanHandling"": ""ON"", ""language"": ""FASTEXPR"", ""visualization"": false}",0,543ac777354baee4b50a6f0879c938db8f0eaa8740140120e4a027d1bfb504b9,"group_neutralize(mul(div(ts_mean(volume,#),adv20),ts_zscore(div(ts_delta(anl10_analyst_innovation_eps_normal_decrease_fy1,#),cap),#)),sector)","group_neutralize(mul(div(ts_mean(FIELD,#),FIELD),ts_zscore(div(ts_delta(FIELD,#),FIELD),#)),sector)",2026-08-02T11:20:49.196920+00:00
arch_delta_liquid:primary,arch_delta_liquid,proven,10.7,"group_neutralize(ts_zscore(ts_delta(anl10_analyst_innovation_eps_normal_increase_fy2,126)/cap,126)*rank(ts_mean(volume,63)/adv20),sector)","{""instrumentType"": ""EQUITY"", ""region"": ""USA"", ""universe"": ""TOP3000"", ""delay"": 1, ""decay"": 4, ""neutralization"": ""MARKET"", ""truncation"": 0.05, ""pasteurization"": ""ON"", ""unitHandling"": ""VERIFY"", ""nanHandling"": ""ON"", ""language"": ""FASTEXPR"", ""visualization"": false}",0,126709298ee67429a004a3b9f0c2082cce1a5964e6d41af1b6e69d9c6b9ad6ff,"group_neutralize(mul(div(ts_mean(volume,#),adv20),ts_zscore(div(ts_delta(anl10_analyst_innovation_eps_normal_increase_fy2,#),cap),#)),sector)","group_neutralize(mul(div(ts_mean(FIELD,#),FIELD),ts_zscore(div(ts_delta(FIELD,#),FIELD),#)),sector)",2026-08-02T11:20:49.196920+00:00
arch_delta_liquid:primary,arch_delta_liquid,proven,10.7,"group_neutralize(ts_zscore(ts_delta(anl10_analyst_innovation_eps_normal_decrease_fy2,126)/cap,126)*rank(ts_mean(volume,63)/adv20),sector)","{""instrumentType"": ""EQUITY"", ""region"": ""USA"", ""universe"": ""TOP3000"", ""delay"": 1, ""decay"": 4, ""neutralization"": ""MARKET"", ""truncation"": 0.05, ""pasteurization"": ""ON"", ""unitHandling"": ""VERIFY"", ""nanHandling"": ""ON"", ""language"": ""FASTEXPR"", ""visualization"": false}",0,f0692be0df183d89d956a7b465fca998626bccd17a996ebb4ee863727a0c8ae5,"group_neutralize(mul(div(ts_mean(volume,#),adv20),ts_zscore(div(ts_delta(anl10_analyst_innovation_eps_normal_decrease_fy2,#),cap),#)),sector)","group_neutralize(mul(div(ts_mean(FIELD,#),FIELD),ts_zscore(div(ts_delta(FIELD,#),FIELD),#)),sector)",2026-08-02T11:20:49.196920+00:00
arch_delta_liquid:primary,arch_delta_liquid,proven,10.7,"group_neutralize(ts_zscore(ts_delta(anl10_analyst_innovation_eps_normal_increase_fq1,126)/cap,126)*rank(ts_mean(volume,63)/adv20),sector)","{""instrumentType"": ""EQUITY"", ""region"": ""USA"", ""universe"": ""TOP3000"", ""delay"": 1, ""decay"": 4, ""neutralization"": ""MARKET"", ""truncation"": 0.05, ""pasteurization"": ""ON"", ""unitHandling"": ""VERIFY"", ""nanHandling"": ""ON"", ""language"": ""FASTEXPR"", ""visualization"": false}",0,1355239776243f7c277709909176629b23b0984b2a69ff45f287a9d738b56a87,"group_neutralize(mul(div(ts_mean(volume,#),adv20),ts_zscore(div(ts_delta(anl10_analyst_innovation_eps_normal_increase_fq1,#),cap),#)),sector)","group_neutralize(mul(div(ts_mean(FIELD,#),FIELD),ts_zscore(div(ts_delta(FIELD,#),FIELD),#)),sector)",2026-08-02T11:20:49.196920+00:00
arch_delta_liquid:primary,arch_delta_liquid,proven,10.7,"group_neutralize(ts_zscore(ts_delta(anl10_analyst_innovation_eps_normal_decrease_fq1,126)/cap,126)*rank(ts_mean(volume,63)/adv20),sector)","{""instrumentType"": ""EQUITY"", ""region"": ""USA"", ""universe"": ""TOP3000"", ""delay"": 1, ""decay"": 4, ""neutralization"": ""MARKET"", ""truncation"": 0.05, ""pasteurization"": ""ON"", ""unitHandling"": ""VERIFY"", ""nanHandling"": ""ON"", ""language"": ""FASTEXPR"", ""visualization"": false}",0,44d981c4957087337c71a5a92c44c1ddef2258378d455f848c7af9b77dadd1cd,"group_neutralize(mul(div(ts_mean(volume,#),adv20),ts_zscore(div(ts_delta(anl10_analyst_innovation_eps_normal_decrease_fq1,#),cap),#)),sector)","group_neutralize(mul(div(ts_mean(FIELD,#),FIELD),ts_zscore(div(ts_delta(FIELD,#),FIELD),#)),sector)",2026-08-02T11:20:49.196920+00:00
arch_delta_liquid:primary,arch_delta_liquid,proven,10.7,"group_neutralize(ts_zscore(ts_delta(anl10_analyst_innovation_eps_normal_increase_fq2,126)/cap,126)*rank(ts_mean(volume,63)/adv20),sector)","{""instrumentType"": ""EQUITY"", ""region"": ""USA"", ""universe"": ""TOP3000"", ""delay"": 1, ""decay"": 4, ""neutralization"": ""MARKET"", ""truncation"": 0.05, ""pasteurization"": ""ON"", ""unitHandling"": ""VERIFY"", ""nanHandling"": ""ON"", ""language"": ""FASTEXPR"", ""visualization"": false}",0,c2ebcbe61ad7fd7f5d4228d4a7a9541b5c07afabc71fb74b36cb0565d62588f8,"group_neutralize(mul(div(ts_mean(volume,#),adv20),ts_zscore(div(ts_delta(anl10_analyst_innovation_eps_normal_increase_fq2,#),cap),#)),sector)","group_neutralize(mul(div(ts_mean(FIELD,#),FIELD),ts_zscore(div(ts_delta(FIELD,#),FIELD),#)),sector)",2026-08-02T11:20:49.196920+00:00
arch_delta_liquid:primary,arch_delta_liquid,proven,10.7,"group_neutralize(ts_zscore(ts_delta(anl10_analyst_innovation_eps_normal_decrease_fq2,126)/cap,126)*rank(ts_mean(volume,63)/adv20),sector)","{""instrumentType"": ""EQUITY"", ""region"": ""USA"", ""universe"": ""TOP3000"", ""delay"": 1, ""decay"": 4, ""neutralization"": ""MARKET"", ""truncation"": 0.05, ""pasteurization"": ""ON"", ""unitHandling"": ""VERIFY"", ""nanHandling"": ""ON"", ""language"": ""FASTEXPR"", ""visualization"": false}",0,1ba548dd715df1e08fd4ee70dd1bcc364313ee6f1fd75e840bde4358b92c8435,"group_neutralize(mul(div(ts_mean(volume,#),adv20),ts_zscore(div(ts_delta(anl10_analyst_innovation_eps_normal_decrease_fq2,#),cap),#)),sector)","group_neutralize(mul(div(ts_mean(FIELD,#),FIELD),ts_zscore(div(ts_delta(FIELD,#),FIELD),#)),sector)",2026-08-02T11:20:49.196920+00:00
arch_delta_liquid:primary,arch_delta_liquid,proven,10.7,"group_neutralize(ts_zscore(ts_delta(anl10_analyst_innovation_eps_innovation_score_fy1,126)/cap,126)*rank(ts_mean(volume,63)/adv20),sector)","{""instrumentType"": ""EQUITY"", ""region"": ""USA"", ""universe"": ""TOP3000"", ""delay"": 1, ""decay"": 4, ""neutralization"": ""MARKET"", ""truncation"": 0.05, ""pasteurization"": ""ON"", ""unitHandling"": ""VERIFY"", ""nanHandling"": ""ON"", ""language"": ""FASTEXPR"", ""visualization"": false}",0,fa6b1c5cce0be8310b307822979d958eaf1d3edc8d1cd9e80402ff92cd800b75,"group_neutralize(mul(div(ts_mean(volume,#),adv20),ts_zscore(div(ts_delta(anl10_analyst_innovation_eps_innovation_score_fy1,#),cap),#)),sector)","group_neutralize(mul(div(ts_mean(FIELD,#),FIELD),ts_zscore(div(ts_delta(FIELD,#),FIELD),#)),sector)",2026-08-02T11:20:49.196920+00:00
arch_delta_liquid:primary,arch_delta_liquid,proven,10.7,"group_neutralize(ts_zscore(ts_delta(anl10_analyst_innovation_eps_innovation_score_fy2,126)/cap,126)*rank(ts_mean(volume,63)/adv20),sector)","{""instrumentType"": ""EQUITY"", ""region"": ""USA"", ""universe"": ""TOP3000"", ""delay"": 1, ""decay"": 4, ""neutralization"": ""MARKET"", ""truncation"": 0.05, ""pasteurization"": ""ON"", ""unitHandling"": ""VERIFY"", ""nanHandling"": ""ON"", ""language"": ""FASTEXPR"", ""visualization"": false}",0,f63930d92dca8388a3df8e5596106c5af6d7aec71a3ce0efde25927cd5bd17c7,"group_neutralize(mul(div(ts_mean(volume,#),adv20),ts_zscore(div(ts_delta(anl10_analyst_innovation_eps_innovation_score_fy2,#),cap),#)),sector)","group_neutralize(mul(div(ts_mean(FIELD,#),FIELD),ts_zscore(div(ts_delta(FIELD,#),FIELD),#)),sector)",2026-08-02T11:20:49.196920+00:00
arch_delta_liquid:primary,arch_delta_liquid,proven,10.7,"group_neutralize(ts_zscore(ts_delta(anl10_analyst_innovation_eps_innovation_score_fq1,126)/cap,126)*rank(ts_mean(volume,63)/adv20),sector)","{""instrumentType"": ""EQUITY"", ""region"": ""USA"", ""universe"": ""TOP3000"", ""delay"": 1, ""decay"": 4, ""neutralization"": ""MARKET"", ""truncation"": 0.05, ""pasteurization"": ""ON"", ""unitHandling"": ""VERIFY"", ""nanHandling"": ""ON"", ""language"": ""FASTEXPR"", ""visualization"": false}",0,1b38d8ad5f647921af8b7a90d253648dc3b154441984e5914bee8dafbcd6acaf,"group_neutralize(mul(div(ts_mean(volume,#),adv20),ts_zscore(div(ts_delta(anl10_analyst_innovation_eps_innovation_score_fq1,#),cap),#)),sector)","group_neutralize(mul(div(ts_mean(FIELD,#),FIELD),ts_zscore(div(ts_delta(FIELD,#),FIELD),#)),sector)",2026-08-02T11:20:49.196920+00:00
arch_delta_liquid:primary,arch_delta_liquid,proven,10.7,"group_neutralize(ts_zscore(ts_delta(anl10_analyst_innovation_eps_innovation_score_fq2,126)/cap,126)*rank(ts_mean(volume,63)/adv20),sector)","{""instrumentType"": ""EQUITY"", ""region"": ""USA"", ""universe"": ""TOP3000"", ""delay"": 1, ""decay"": 4, ""neutralization"": ""MARKET"", ""truncation"": 0.05, ""pasteurization"": ""ON"", ""unitHandling"": ""VERIFY"", ""nanHandling"": ""ON"", ""language"": ""FASTEXPR"", ""visualization"": false}",0,d74a1d2098e8c77dc8574bcd384cbe9475171d19fae34516321aeeb6aeaaa46f,"group_neutralize(mul(div(ts_mean(volume,#),adv20),ts_zscore(div(ts_delta(anl10_analyst_innovation_eps_innovation_score_fq2,#),cap),#)),sector)","group_neutralize(mul(div(ts_mean(FIELD,#),FIELD),ts_zscore(div(ts_delta(FIELD,#),FIELD),#)),sector)",2026-08-02T11:20:49.196920+00:00
arch_delta_liquid:primary,arch_delta_liquid,proven,10.7,"group_neutralize(ts_zscore(ts_delta(anl10_analyst_innovation_eps_innovate_decrease_fy1,126)/cap,126)*rank(ts_mean(volume,63)/adv20),sector)","{""instrumentType"": ""EQUITY"", ""region"": ""USA"", ""universe"": ""TOP3000"", ""delay"": 1, ""decay"": 4, ""neutralization"": ""MARKET"", ""truncation"": 0.05, ""pasteurization"": ""ON"", ""unitHandling"": ""VERIFY"", ""nanHandling"": ""ON"", ""language"": ""FASTEXPR"", ""visualization"": false}",0,ebeb9bd778845d32443ecc9ff17a0b12ab0b2b6dca700d6d8e538776da7f18f7,"group_neutralize(mul(div(ts_mean(volume,#),adv20),ts_zscore(div(ts_delta(anl10_analyst_innovation_eps_innovate_decrease_fy1,#),cap),#)),sector)","group_neutralize(mul(div(ts_mean(FIELD,#),FIELD),ts_zscore(div(ts_delta(FIELD,#),FIELD),#)),sector)",2026-08-02T11:20:49.196920+00:00
arch_delta_liquid:primary,arch_delta_liquid,proven,10.7,"group_neutralize(ts_zscore(ts_delta(anl10_analyst_innovation_eps_innovate_increase_fy1,126)/cap,126)*rank(ts_mean(volume,63)/adv20),sector)","{""instrumentType"": ""EQUITY"", ""region"": ""USA"", ""universe"": ""TOP3000"", ""delay"": 1, ""decay"": 4, ""neutralization"": ""MARKET"", ""truncation"": 0.05, ""pasteurization"": ""ON"", ""unitHandling"": ""VERIFY"", ""nanHandling"": ""ON"", ""language"": ""FASTEXPR"", ""visualization"": false}",0,ad447d4822cd5bdfed5e1fd016f38b050a21e18054ba196c2bd41c0751347d4a,"group_neutralize(mul(div(ts_mean(volume,#),adv20),ts_zscore(div(ts_delta(anl10_analyst_innovation_eps_innovate_increase_fy1,#),cap),#)),sector)","group_neutralize(mul(div(ts_mean(FIELD,#),FIELD),ts_zscore(div(ts_delta(FIELD,#),FIELD),#)),sector)",2026-08-02T11:20:49.196920+00:00
arch_delta_liquid:primary,arch_delta_liquid,proven,10.7,"group_neutralize(ts_zscore(ts_delta(anl10_analyst_innovation_eps_innovate_increase_fy2,126)/cap,126)*rank(ts_mean(volume,63)/adv20),sector)","{""instrumentType"": ""EQUITY"", ""region"": ""USA"", ""universe"": ""TOP3000"", ""delay"": 1, ""decay"": 4, ""neutralization"": ""MARKET"", ""truncation"": 0.05, ""pasteurization"": ""ON"", ""unitHandling"": ""VERIFY"", ""nanHandling"": ""ON"", ""language"": ""FASTEXPR"", ""visualization"": false}",0,fefee2f06ad763812591c53520bfeb1c2ba618ca2302017efc697ea677c786df,"group_neutralize(mul(div(ts_mean(volume,#),adv20),ts_zscore(div(ts_delta(anl10_analyst_innovation_eps_innovate_increase_fy2,#),cap),#)),sector)","group_neutralize(mul(div(ts_mean(FIELD,#),FIELD),ts_zscore(div(ts_delta(FIELD,#),FIELD),#)),sector)",2026-08-02T11:20:49.196920+00:00
arch_delta_liquid:primary,arch_delta_liquid,proven,10.7,"group_neutralize(ts_zscore(ts_delta(anl10_analyst_innovation_eps_innovate_decrease_fy2,126)/cap,126)*rank(ts_mean(volume,63)/adv20),sector)","{""instrumentType"": ""EQUITY"", ""region"": ""USA"", ""universe"": ""TOP3000"", ""delay"": 1, ""decay"": 4, ""neutralization"": ""MARKET"", ""truncation"": 0.05, ""pasteurization"": ""ON"", ""unitHandling"": ""VERIFY"", ""nanHandling"": ""ON"", ""language"": ""FASTEXPR"", ""visualization"": false}",0,c8894f97dcee786197eed0aff9e124265a9f8c115c0fadb97cc506d7cf6f8510,"group_neutralize(mul(div(ts_mean(volume,#),adv20),ts_zscore(div(ts_delta(anl10_analyst_innovation_eps_innovate_decrease_fy2,#),cap),#)),sector)","group_neutralize(mul(div(ts_mean(FIELD,#),FIELD),ts_zscore(div(ts_delta(FIELD,#),FIELD),#)),sector)",2026-08-02T11:20:49.196920+00:00
arch_delta_liquid:primary,arch_delta_liquid,proven,10.7,"group_neutralize(ts_zscore(ts_delta(anl10_analyst_innovation_eps_innovate_decrease_fq1,126)/cap,126)*rank(ts_mean(volume,63)/adv20),sector)","{""instrumentType"": ""EQUITY"", ""region"": ""USA"", ""universe"": ""TOP3000"", ""delay"": 1, ""decay"": 4, ""neutralization"": ""MARKET"", ""truncation"": 0.05, ""pasteurization"": ""ON"", ""unitHandling"": ""VERIFY"", ""nanHandling"": ""ON"", ""language"": ""FASTEXPR"", ""visualization"": false}",0,4c1acb84e7b4daf88905c7f9185df3419a246592350e2461111847082ad215c5,"group_neutralize(mul(div(ts_mean(volume,#),adv20),ts_zscore(div(ts_delta(anl10_analyst_innovation_eps_innovate_decrease_fq1,#),cap),#)),sector)","group_neutralize(mul(div(ts_mean(FIELD,#),FIELD),ts_zscore(div(ts_delta(FIELD,#),FIELD),#)),sector)",2026-08-02T11:20:49.196920+00:00
arch_delta_liquid:primary,arch_delta_liquid,proven,10.7,"group_neutralize(ts_zscore(ts_delta(anl10_analyst_innovation_eps_innovate_increase_fq1,126)/cap,126)*rank(ts_mean(volume,63)/adv20),sector)","{""instrumentType"": ""EQUITY"", ""region"": ""USA"", ""universe"": ""TOP3000"", ""delay"": 1, ""decay"": 4, ""neutralization"": ""MARKET"", ""truncation"": 0.05, ""pasteurization"": ""ON"", ""unitHandling"": ""VERIFY"", ""nanHandling"": ""ON"", ""language"": ""FASTEXPR"", ""visualization"": false}",0,1a264a1365e83e31fd462bd2f68236e96f21b8bf5e9f89d7e16506102eb45713,"group_neutralize(mul(div(ts_mean(volume,#),adv20),ts_zscore(div(ts_delta(anl10_analyst_innovation_eps_innovate_increase_fq1,#),cap),#)),sector)","group_neutralize(mul(div(ts_mean(FIELD,#),FIELD),ts_zscore(div(ts_delta(FIELD,#),FIELD),#)),sector)",2026-08-02T11:20:49.196920+00:00
arch_delta_liquid:primary,arch_delta_liquid,proven,10.7,"group_neutralize(ts_zscore(ts_delta(anl10_analyst_innovation_eps_innovate_decrease_fq2,126)/cap,126)*rank(ts_mean(volume,63)/adv20),sector)","{""instrumentType"": ""EQUITY"", ""region"": ""USA"", ""universe"": ""TOP3000"", ""delay"": 1, ""decay"": 4, ""neutralization"": ""MARKET"", ""truncation"": 0.05, ""pasteurization"": ""ON"", ""unitHandling"": ""VERIFY"", ""nanHandling"": ""ON"", ""language"": ""FASTEXPR"", ""visualization"": false}",0,d5bfb68db29ad4637be896df75571f92e5ac5edd5d44a0190e9f59b61cb5546f,"group_neutralize(mul(div(ts_mean(volume,#),adv20),ts_zscore(div(ts_delta(anl10_analyst_innovation_eps_innovate_decrease_fq2,#),cap),#)),sector)","group_neutralize(mul(div(ts_mean(FIELD,#),FIELD),ts_zscore(div(ts_delta(FIELD,#),FIELD),#)),sector)",2026-08-02T11:20:49.196920+00:00
arch_delta_liquid:primary,arch_delta_liquid,proven,10.7,"group_neutralize(ts_zscore(ts_delta(anl10_analyst_innovation_eps_innovate_increase_fq2,126)/cap,126)*rank(ts_mean(volume,63)/adv20),sector)","{""instrumentType"": ""EQUITY"", ""region"": ""USA"", ""universe"": ""TOP3000"", ""delay"": 1, ""decay"": 4, ""neutralization"": ""MARKET"", ""truncation"": 0.05, ""pasteurization"": ""ON"", ""unitHandling"": ""VERIFY"", ""nanHandling"": ""ON"", ""language"": ""FASTEXPR"", ""visualization"": false}",0,365e0210591bcedc777c4fb077040a8b6426c2c07e6918f62fb4fdcadd82a1f1,"group_neutralize(mul(div(ts_mean(volume,#),adv20),ts_zscore(div(ts_delta(anl10_analyst_innovation_eps_innovate_increase_fq2,#),cap),#)),sector)","group_neutralize(mul(div(ts_mean(FIELD,#),FIELD),ts_zscore(div(ts_delta(FIELD,#),FIELD),#)),sector)",2026-08-02T11:20:49.196920+00:00
arch_delta_liquid:primary,arch_delta_liquid,proven,10.7,"group_neutralize(ts_zscore(ts_delta(anl10_analyst_innovation_eps_revise_ratio_to_close_fy1,126)/cap,126)*rank(ts_mean(volume,63)/adv20),sector)","{""instrumentType"": ""EQUITY"", ""region"": ""USA"", ""universe"": ""TOP3000"", ""delay"": 1, ""decay"": 4, ""neutralization"": ""MARKET"", ""truncation"": 0.05, ""pasteurization"": ""ON"", ""unitHandling"": ""VERIFY"", ""nanHandling"": ""ON"", ""language"": ""FASTEXPR"", ""visualization"": false}",0,0d45f3475985221f2b1c4ec5071172cbd3502c6e955d6f051c2f98323e06cacb,"group_neutralize(mul(div(ts_mean(volume,#),adv20),ts_zscore(div(ts_delta(anl10_analyst_innovation_eps_revise_ratio_to_close_fy1,#),cap),#)),sector)","group_neutralize(mul(div(ts_mean(FIELD,#),FIELD),ts_zscore(div(ts_delta(FIELD,#),FIELD),#)),sector)",2026-08-02T11:20:49.196920+00:00
arch_delta_liquid:primary,arch_delta_liquid,proven,10.7,"group_neutralize(ts_zscore(ts_delta(anl10_analyst_innovation_eps_revise_ratio_to_close_fy2,126)/cap,126)*rank(ts_mean(volume,63)/adv20),sector)","{""instrumentType"": ""EQUITY"", ""region"": ""USA"", ""universe"": ""TOP3000"", ""delay"": 1, ""decay"": 4, ""neutralization"": ""MARKET"", ""truncation"": 0.05, ""pasteurization"": ""ON"", ""unitHandling"": ""VERIFY"", ""nanHandling"": ""ON"", ""language"": ""FASTEXPR"", ""visualization"": false}",0,cbb5dc855e318775ad13446774f0aa92e2caefc3e95c348acce5b246ce0542d4,"group_neutralize(mul(div(ts_mean(volume,#),adv20),ts_zscore(div(ts_delta(anl10_analyst_innovation_eps_revise_ratio_to_close_fy2,#),cap),#)),sector)","group_neutralize(mul(div(ts_mean(FIELD,#),FIELD),ts_zscore(div(ts_delta(FIELD,#),FIELD),#)),sector)",2026-08-02T11:20:49.196920+00:00
arch_delta_liquid:primary,arch_delta_liquid,proven,10.7,"group_neutralize(ts_zscore(ts_delta(anl10_analyst_innovation_eps_revise_ratio_to_close_fq1,126)/cap,126)*rank(ts_mean(volume,63)/adv20),sector)","{""instrumentType"": ""EQUITY"", ""region"": ""USA"", ""universe"": ""TOP3000"", ""delay"": 1, ""decay"": 4, ""neutralization"": ""MARKET"", ""truncation"": 0.05, ""pasteurization"": ""ON"", ""unitHandling"": ""VERIFY"", ""nanHandling"": ""ON"", ""language"": ""FASTEXPR"", ""visualization"": false}",0,20aec875d765909b5575efe470e08dff69a04f15a0be9c25c4504c290146f832,"group_neutralize(mul(div(ts_mean(volume,#),adv20),ts_zscore(div(ts_delta(anl10_analyst_innovation_eps_revise_ratio_to_close_fq1,#),cap),#)),sector)","group_neutralize(mul(div(ts_mean(FIELD,#),FIELD),ts_zscore(div(ts_delta(FIELD,#),FIELD),#)),sector)",2026-08-02T11:20:49.196920+00:00
arch_delta_liquid:primary,arch_delta_liquid,proven,10.7,"group_neutralize(ts_zscore(ts_delta(anl10_analyst_innovation_eps_revise_ratio_to_close_fq2,126)/cap,126)*rank(ts_mean(volume,63)/adv20),sector)","{""instrumentType"": ""EQUITY"", ""region"": ""USA"", ""universe"": ""TOP3000"", ""delay"": 1, ""decay"": 4, ""neutralization"": ""MARKET"", ""truncation"": 0.05, ""pasteurization"": ""ON"", ""unitHandling"": ""VERIFY"", ""nanHandling"": ""ON"", ""language"": ""FASTEXPR"", ""visualization"": false}",0,c51eeb3cbae4b95f024aac3d214d8c2480f0e3e01eaca1e6dc81da96f3dcb85d,"group_neutralize(mul(div(ts_mean(volume,#),adv20),ts_zscore(div(ts_delta(anl10_analyst_innovation_eps_revise_ratio_to_close_fq2,#),cap),#)),sector)","group_neutralize(mul(div(ts_mean(FIELD,#),FIELD),ts_zscore(div(ts_delta(FIELD,#),FIELD),#)),sector)",2026-08-02T11:20:49.196920+00:00
arch_delta_liquid:primary,arch_delta_liquid,proven,10.7,"group_neutralize(ts_zscore(ts_delta(anl10_analyst_innovation_eps_revise_ratio_to_consensus_fy1,126)/cap,126)*rank(ts_mean(volume,63)/adv20),sector)","{""instrumentType"": ""EQUITY"", ""region"": ""USA"", ""universe"": ""TOP3000"", ""delay"": 1, ""decay"": 4, ""neutralization"": ""MARKET"", ""truncation"": 0.05, ""pasteurization"": ""ON"", ""unitHandling"": ""VERIFY"", ""nanHandling"": ""ON"", ""language"": ""FASTEXPR"", ""visualization"": false}",0,070696ebc3bfad00c4fdc7f49d6ff3585f1d291c94b27a9f042141982f532065,"group_neutralize(mul(div(ts_mean(volume,#),adv20),ts_zscore(div(ts_delta(anl10_analyst_innovation_eps_revise_ratio_to_consensus_fy1,#),cap),#)),sector)","group_neutralize(mul(div(ts_mean(FIELD,#),FIELD),ts_zscore(div(ts_delta(FIELD,#),FIELD),#)),sector)",2026-08-02T11:20:49.196920+00:00
arch_delta_liquid:primary,arch_delta_liquid,proven,10.7,"group_neutralize(ts_zscore(ts_delta(anl10_analyst_innovation_eps_revise_ratio_to_consensus_fy2,126)/cap,126)*rank(ts_mean(volume,63)/adv20),sector)","{""instrumentType"": ""EQUITY"", ""region"": ""USA"", ""universe"": ""TOP3000"", ""delay"": 1, ""decay"": 4, ""neutralization"": ""MARKET"", ""truncation"": 0.05, ""pasteurization"": ""ON"", ""unitHandling"": ""VERIFY"", ""nanHandling"": ""ON"", ""language"": ""FASTEXPR"", ""visualization"": false}",0,a48ce5210baeb15af66220e9359df02c955f6f3fe0ff48b2e1fb7e1d83fc4a46,"group_neutralize(mul(div(ts_mean(volume,#),adv20),ts_zscore(div(ts_delta(anl10_analyst_innovation_eps_revise_ratio_to_consensus_fy2,#),cap),#)),sector)","group_neutralize(mul(div(ts_mean(FIELD,#),FIELD),ts_zscore(div(ts_delta(FIELD,#),FIELD),#)),sector)",2026-08-02T11:20:49.196920+00:00
arch_delta_liquid:primary,arch_delta_liquid,proven,10.7,"group_neutralize(ts_zscore(ts_delta(anl10_analyst_innovation_eps_revise_ratio_to_consensus_fq1,126)/cap,126)*rank(ts_mean(volume,63)/adv20),sector)","{""instrumentType"": ""EQUITY"", ""region"": ""USA"", ""universe"": ""TOP3000"", ""delay"": 1, ""decay"": 4, ""neutralization"": ""MARKET"", ""truncation"": 0.05, ""pasteurization"": ""ON"", ""unitHandling"": ""VERIFY"", ""nanHandling"": ""ON"", ""language"": ""FASTEXPR"", ""visualization"": false}",0,1b15a70625aa664bde280626b1442e2f0c74f39f5c565fad4992d79868ce6dcb,"group_neutralize(mul(div(ts_mean(volume,#),adv20),ts_zscore(div(ts_delta(anl10_analyst_innovation_eps_revise_ratio_to_consensus_fq1,#),cap),#)),sector)","group_neutralize(mul(div(ts_mean(FIELD,#),FIELD),ts_zscore(div(ts_delta(FIELD,#),FIELD),#)),sector)",2026-08-02T11:20:49.196920+00:00
arch_delta_liquid:primary,arch_delta_liquid,proven,10.7,"group_neutralize(ts_zscore(ts_delta(anl10_analyst_innovation_eps_revise_ratio_to_consensus_fq2,126)/cap,126)*rank(ts_mean(volume,63)/adv20),sector)","{""instrumentType"": ""EQUITY"", ""region"": ""USA"", ""universe"": ""TOP3000"", ""delay"": 1, ""decay"": 4, ""neutralization"": ""MARKET"", ""truncation"": 0.05, ""pasteurization"": ""ON"", ""unitHandling"": ""VERIFY"", ""nanHandling"": ""ON"", ""language"": ""FASTEXPR"", ""visualization"": false}",0,6da2e1d2923147a68d7ff0683bc7bd104745cd41bd3ecfbf659b77f84bba26f0,"group_neutralize(mul(div(ts_mean(volume,#),adv20),ts_zscore(div(ts_delta(anl10_analyst_innovation_eps_revise_ratio_to_consensus_fq2,#),cap),#)),sector)","group_neutralize(mul(div(ts_mean(FIELD,#),FIELD),ts_zscore(div(ts_delta(FIELD,#),FIELD),#)),sector)",2026-08-02T11:20:49.196920+00:00
arch_regime_shift:primary,arch_regime_shift,proven,10.3,"group_neutralize((ts_zscore(anl10_analyst_innovation_eps_revise_ratio_to_close_fy1/cap,126)-ts_zscore(anl10_analyst_innovation_eps_revise_ratio_to_close_fy1/cap,252))*rank(ts_mean(volume,63)/adv20),sector)","{""instrumentType"": ""EQUITY"", ""region"": ""USA"", ""universe"": ""TOP3000"", ""delay"": 1, ""decay"": 6, ""neutralization"": ""MARKET"", ""truncation"": 0.05, ""pasteurization"": ""ON"", ""unitHandling"": ""VERIFY"", ""nanHandling"": ""ON"", ""language"": ""FASTEXPR"", ""visualization"": false}",0,799098f8c3799b70aae9047c80f574b78953874c30bc0ea26818a09567425056,"group_neutralize(mul(div(ts_mean(volume,#),adv20),sub(ts_zscore(div(anl10_analyst_innovation_eps_revise_ratio_to_close_fy1,cap),#),ts_zscore(div(anl10_analyst_innovation_eps_revise_ratio_to_close_fy1,cap),#))),sector)","group_neutralize(mul(div(ts_mean(FIELD,#),FIELD),sub(ts_zscore(div(FIELD,FIELD),#),ts_zscore(div(FIELD,FIELD),#))),sector)",2026-08-02T11:20:49.196920+00:00
arch_regime_shift:primary,arch_regime_shift,proven,10.3,"group_neutralize((ts_zscore(anl10_analyst_innovation_eps_revise_ratio_to_close_fq2/cap,126)-ts_zscore(anl10_analyst_innovation_eps_revise_ratio_to_close_fq2/cap,252))*rank(ts_mean(volume,63)/adv20),sector)","{""instrumentType"": ""EQUITY"", ""region"": ""USA"", ""universe"": ""TOP3000"", ""delay"": 1, ""decay"": 6, ""neutralization"": ""MARKET"", ""truncation"": 0.05, ""pasteurization"": ""ON"", ""unitHandling"": ""VERIFY"", ""nanHandling"": ""ON"", ""language"": ""FASTEXPR"", ""visualization"": false}",0,f3eb9ffbbdcf185935a55fca14da8cbafa88c8db54975c6b744032d39885cb57,"group_neutralize(mul(div(ts_mean(volume,#),adv20),sub(ts_zscore(div(anl10_analyst_innovation_eps_revise_ratio_to_close_fq2,cap),#),ts_zscore(div(anl10_analyst_innovation_eps_revise_ratio_to_close_fq2,cap),#))),sector)","group_neutralize(mul(div(ts_mean(FIELD,#),FIELD),sub(ts_zscore(div(FIELD,FIELD),#),ts_zscore(div(FIELD,FIELD),#))),sector)",2026-08-02T11:20:49.196920+00:00
arch_regime_shift:primary,arch_regime_shift,proven,10.3,"group_neutralize((ts_zscore(anl10_analyst_innovation_eps_revise_ratio_to_close_fy2/cap,126)-ts_zscore(anl10_analyst_innovation_eps_revise_ratio_to_close_fy2/cap,252))*rank(ts_mean(volume,63)/adv20),industry)","{""instrumentType"": ""EQUITY"", ""region"": ""USA"", ""universe"": ""TOP3000"", ""delay"": 1, ""decay"": 6, ""neutralization"": ""MARKET"", ""truncation"": 0.05, ""pasteurization"": ""ON"", ""unitHandling"": ""VERIFY"", ""nanHandling"": ""ON"", ""language"": ""FASTEXPR"", ""visualization"": false}",0,5dcedf6ef1696e26de388c612652447da290e6833048bea7545c64eeecf78544,"group_neutralize(mul(div(ts_mean(volume,#),adv20),sub(ts_zscore(div(anl10_analyst_innovation_eps_revise_ratio_to_close_fy2,cap),#),ts_zscore(div(anl10_analyst_innovation_eps_revise_ratio_to_close_fy2,cap),#))),industry)","group_neutralize(mul(div(ts_mean(FIELD,#),FIELD),sub(ts_zscore(div(FIELD,FIELD),#),ts_zscore(div(FIELD,FIELD),#))),industry)",2026-08-02T11:20:49.196920+00:00
arch_regime_shift:primary,arch_regime_shift,proven,10.3,"group_neutralize((ts_zscore(anl10_analyst_innovation_eps_revise_ratio_to_close_fq1/cap,126)-ts_zscore(anl10_analyst_innovation_eps_revise_ratio_to_close_fq1/cap,252))*rank(ts_mean(volume,63)/adv20),industry)","{""instrumentType"": ""EQUITY"", ""region"": ""USA"", ""universe"": ""TOP3000"", ""delay"": 1, ""decay"": 6, ""neutralization"": ""MARKET"", ""truncation"": 0.05, ""pasteurization"": ""ON"", ""unitHandling"": ""VERIFY"", ""nanHandling"": ""ON"", ""language"": ""FASTEXPR"", ""visualization"": false}",0,848869c4b0baa92b0cc9d7123cee94103d479b7e28d74facdc12c04f16164ab3,"group_neutralize(mul(div(ts_mean(volume,#),adv20),sub(ts_zscore(div(anl10_analyst_innovation_eps_revise_ratio_to_close_fq1,cap),#),ts_zscore(div(anl10_analyst_innovation_eps_revise_ratio_to_close_fq1,cap),#))),industry)","group_neutralize(mul(div(ts_mean(FIELD,#),FIELD),sub(ts_zscore(div(FIELD,FIELD),#),ts_zscore(div(FIELD,FIELD),#))),industry)",2026-08-02T11:20:49.196920+00:00
arch_regime_shift:primary,arch_regime_shift,proven,10.3,"group_neutralize((ts_zscore(anl10_analyst_innovation_eps_revise_ratio_to_consensus_fy1/cap,126)-ts_zscore(anl10_analyst_innovation_eps_revise_ratio_to_consensus_fy1/cap,252))*rank(ts_mean(volume,63)/adv20),market)","{""instrumentType"": ""EQUITY"", ""region"": ""USA"", ""universe"": ""TOP3000"", ""delay"": 1, ""decay"": 6, ""neutralization"": ""MARKET"", ""truncation"": 0.05, ""pasteurization"": ""ON"", ""unitHandling"": ""VERIFY"", ""nanHandling"": ""ON"", ""language"": ""FASTEXPR"", ""visualization"": false}",0,f6ca252e0a550ff8f86b39d176f44cae628a409657c05b649ed10ed576d760c8,"group_neutralize(mul(div(ts_mean(volume,#),adv20),sub(ts_zscore(div(anl10_analyst_innovation_eps_revise_ratio_to_consensus_fy1,cap),#),ts_zscore(div(anl10_analyst_innovation_eps_revise_ratio_to_consensus_fy1,cap),#))),market)","group_neutralize(mul(div(ts_mean(FIELD,#),FIELD),sub(ts_zscore(div(FIELD,FIELD),#),ts_zscore(div(FIELD,FIELD),#))),market)",2026-08-02T11:20:49.196920+00:00
arch_regime_shift:primary,arch_regime_shift,proven,10.3,"group_neutralize((ts_zscore(anl10_analyst_innovation_eps_revise_ratio_to_consensus_fy2/cap,126)-ts_zscore(anl10_analyst_innovation_eps_revise_ratio_to_consensus_fy2/cap,252))*rank(ts_mean(volume,63)/adv20),market)","{""instrumentType"": ""EQUITY"", ""region"": ""USA"", ""universe"": ""TOP3000"", ""delay"": 1, ""decay"": 6, ""neutralization"": ""MARKET"", ""truncation"": 0.05, ""pasteurization"": ""ON"", ""unitHandling"": ""VERIFY"", ""nanHandling"": ""ON"", ""language"": ""FASTEXPR"", ""visualization"": false}",0,dfbfce1bcca8f6acf04a591dcc64f612694c43ad15eb031615c5ca5cfbfaff72,"group_neutralize(mul(div(ts_mean(volume,#),adv20),sub(ts_zscore(div(anl10_analyst_innovation_eps_revise_ratio_to_consensus_fy2,cap),#),ts_zscore(div(anl10_analyst_innovation_eps_revise_ratio_to_consensus_fy2,cap),#))),market)","group_neutralize(mul(div(ts_mean(FIELD,#),FIELD),sub(ts_zscore(div(FIELD,FIELD),#),ts_zscore(div(FIELD,FIELD),#))),market)",2026-08-02T11:20:49.196920+00:00
arch_regime_shift:primary,arch_regime_shift,proven,10.3,"group_neutralize((ts_zscore(anl10_analyst_innovation_eps_revise_ratio_to_consensus_fq1/cap,126)-ts_zscore(anl10_analyst_innovation_eps_revise_ratio_to_consensus_fq1/cap,252))*rank(ts_mean(volume,63)/adv20),market)","{""instrumentType"": ""EQUITY"", ""region"": ""USA"", ""universe"": ""TOP3000"", ""delay"": 1, ""decay"": 6, ""neutralization"": ""MARKET"", ""truncation"": 0.05, ""pasteurization"": ""ON"", ""unitHandling"": ""VERIFY"", ""nanHandling"": ""ON"", ""language"": ""FASTEXPR"", ""visualization"": false}",0,0587ea352b1d9ab4a5b084f191dbd92a211e039e2b8fb3ebcbc32e69d568f3cf,"group_neutralize(mul(div(ts_mean(volume,#),adv20),sub(ts_zscore(div(anl10_analyst_innovation_eps_revise_ratio_to_consensus_fq1,cap),#),ts_zscore(div(anl10_analyst_innovation_eps_revise_ratio_to_consensus_fq1,cap),#))),market)","group_neutralize(mul(div(ts_mean(FIELD,#),FIELD),sub(ts_zscore(div(FIELD,FIELD),#),ts_zscore(div(FIELD,FIELD),#))),market)",2026-08-02T11:20:49.196920+00:00
arch_regime_shift:primary,arch_regime_shift,proven,10.3,"group_neutralize((ts_zscore(anl10_analyst_innovation_eps_revise_ratio_to_consensus_fq2/cap,126)-ts_zscore(anl10_analyst_innovation_eps_revise_ratio_to_consensus_fq2/cap,252))*rank(ts_mean(volume,63)/adv20),market)","{""instrumentType"": ""EQUITY"", ""region"": ""USA"", ""universe"": ""TOP3000"", ""delay"": 1, ""decay"": 6, ""neutralization"": ""MARKET"", ""truncation"": 0.05, ""pasteurization"": ""ON"", ""unitHandling"": ""VERIFY"", ""nanHandling"": ""ON"", ""language"": ""FASTEXPR"", ""visualization"": false}",0,5294c348d120af6ade0e4759db5acf2776ee30e61c3765bfd9412f84ceff4fff,"group_neutralize(mul(div(ts_mean(volume,#),adv20),sub(ts_zscore(div(anl10_analyst_innovation_eps_revise_ratio_to_consensus_fq2,cap),#),ts_zscore(div(anl10_analyst_innovation_eps_revise_ratio_to_consensus_fq2,cap),#))),market)","group_neutralize(mul(div(ts_mean(FIELD,#),FIELD),sub(ts_zscore(div(FIELD,FIELD),#),ts_zscore(div(FIELD,FIELD),#))),market)",2026-08-02T11:20:49.196920+00:00
arch_regime_shift:primary,arch_regime_shift,proven,10.15,"group_neutralize((ts_zscore(anl10_analyst_innovation_eps_revise_ratio_to_close_fy1/cap,63)-ts_zscore(anl10_analyst_innovation_eps_revise_ratio_to_close_fy1/cap,252))*rank(ts_mean(volume,63)/adv20),sector)","{""instrumentType"": ""EQUITY"", ""region"": ""USA"", ""universe"": ""TOP3000"", ""delay"": 1, ""decay"": 6, ""neutralization"": ""MARKET"", ""truncation"": 0.05, ""pasteurization"": ""ON"", ""unitHandling"": ""VERIFY"", ""nanHandling"": ""ON"", ""language"": ""FASTEXPR"", ""visualization"": false}",0,91d5c4f53f340549e493a79fc227982d7ffb2bacc5fc598fc9c11d79e32c2426,"group_neutralize(mul(div(ts_mean(volume,#),adv20),sub(ts_zscore(div(anl10_analyst_innovation_eps_revise_ratio_to_close_fy1,cap),#),ts_zscore(div(anl10_analyst_innovation_eps_revise_ratio_to_close_fy1,cap),#))),sector)","group_neutralize(mul(div(ts_mean(FIELD,#),FIELD),sub(ts_zscore(div(FIELD,FIELD),#),ts_zscore(div(FIELD,FIELD),#))),sector)",2026-08-02T11:20:49.196920+00:00
arch_regime_shift:primary,arch_regime_shift,proven,10.15,"group_neutralize((ts_zscore(anl10_analyst_innovation_eps_revise_ratio_to_close_fy2/cap,63)-ts_zscore(anl10_analyst_innovation_eps_revise_ratio_to_close_fy2/cap,252))*rank(ts_mean(volume,63)/adv20),industry)","{""instrumentType"": ""EQUITY"", ""region"": ""USA"", ""universe"": ""TOP3000"", ""delay"": 1, ""decay"": 6, ""neutralization"": ""MARKET"", ""truncation"": 0.05, ""pasteurization"": ""ON"", ""unitHandling"": ""VERIFY"", ""nanHandling"": ""ON"", ""language"": ""FASTEXPR"", ""visualization"": false}",0,aaa2d10e38b60fba59364ceb41140836c7184480c14312c0a0c719252ac47729,"group_neutralize(mul(div(ts_mean(volume,#),adv20),sub(ts_zscore(div(anl10_analyst_innovation_eps_revise_ratio_to_close_fy2,cap),#),ts_zscore(div(anl10_analyst_innovation_eps_revise_ratio_to_close_fy2,cap),#))),industry)","group_neutralize(mul(div(ts_mean(FIELD,#),FIELD),sub(ts_zscore(div(FIELD,FIELD),#),ts_zscore(div(FIELD,FIELD),#))),industry)",2026-08-02T11:20:49.196920+00:00
arch_regime_shift:primary,arch_regime_shift,proven,10.15,"group_neutralize((ts_zscore(anl10_analyst_innovation_eps_revise_ratio_to_close_fq1/cap,63)-ts_zscore(anl10_analyst_innovation_eps_revise_ratio_to_close_fq1/cap,252))*rank(ts_mean(volume,63)/adv20),industry)","{""instrumentType"": ""EQUITY"", ""region"": ""USA"", ""universe"": ""TOP3000"", ""delay"": 1, ""decay"": 6, ""neutralization"": ""MARKET"", ""truncation"": 0.05, ""pasteurization"": ""ON"", ""unitHandling"": ""VERIFY"", ""nanHandling"": ""ON"", ""language"": ""FASTEXPR"", ""visualization"": false}",0,d21a951df07df55d9631de60dc556e3f839042978f657891d9f8fe0f350649b5,"group_neutralize(mul(div(ts_mean(volume,#),adv20),sub(ts_zscore(div(anl10_analyst_innovation_eps_revise_ratio_to_close_fq1,cap),#),ts_zscore(div(anl10_analyst_innovation_eps_revise_ratio_to_close_fq1,cap),#))),industry)","group_neutralize(mul(div(ts_mean(FIELD,#),FIELD),sub(ts_zscore(div(FIELD,FIELD),#),ts_zscore(div(FIELD,FIELD),#))),industry)",2026-08-02T11:20:49.196920+00:00
arch_regime_shift:primary,arch_regime_shift,proven,10.15,"group_neutralize((ts_zscore(anl10_analyst_innovation_eps_revise_ratio_to_consensus_fy1/cap,63)-ts_zscore(anl10_analyst_innovation_eps_revise_ratio_to_consensus_fy1/cap,252))*rank(ts_mean(volume,63)/adv20),market)","{""instrumentType"": ""EQUITY"", ""region"": ""USA"", ""universe"": ""TOP3000"", ""delay"": 1, ""decay"": 6, ""neutralization"": ""MARKET"", ""truncation"": 0.05, ""pasteurization"": ""ON"", ""unitHandling"": ""VERIFY"", ""nanHandling"": ""ON"", ""language"": ""FASTEXPR"", ""visualization"": false}",0,447b60b610c869881e58ef7c9752557bcbbd97a8e4c6c5dee9f57160baf38e75,"group_neutralize(mul(div(ts_mean(volume,#),adv20),sub(ts_zscore(div(anl10_analyst_innovation_eps_revise_ratio_to_consensus_fy1,cap),#),ts_zscore(div(anl10_analyst_innovation_eps_revise_ratio_to_consensus_fy1,cap),#))),market)","group_neutralize(mul(div(ts_mean(FIELD,#),FIELD),sub(ts_zscore(div(FIELD,FIELD),#),ts_zscore(div(FIELD,FIELD),#))),market)",2026-08-02T11:20:49.196920+00:00
arch_regime_shift:primary,arch_regime_shift,proven,10.15,"group_neutralize((ts_zscore(anl10_analyst_innovation_eps_revise_ratio_to_consensus_fy2/cap,63)-ts_zscore(anl10_analyst_innovation_eps_revise_ratio_to_consensus_fy2/cap,252))*rank(ts_mean(volume,63)/adv20),market)","{""instrumentType"": ""EQUITY"", ""region"": ""USA"", ""universe"": ""TOP3000"", ""delay"": 1, ""decay"": 6, ""neutralization"": ""MARKET"", ""truncation"": 0.05, ""pasteurization"": ""ON"", ""unitHandling"": ""VERIFY"", ""nanHandling"": ""ON"", ""language"": ""FASTEXPR"", ""visualization"": false}",0,fe1a900c522c03f4c69f0e307ab3226a20104a65c7ddf745953e9eff130eadb0,"group_neutralize(mul(div(ts_mean(volume,#),adv20),sub(ts_zscore(div(anl10_analyst_innovation_eps_revise_ratio_to_consensus_fy2,cap),#),ts_zscore(div(anl10_analyst_innovation_eps_revise_ratio_to_consensus_fy2,cap),#))),market)","group_neutralize(mul(div(ts_mean(FIELD,#),FIELD),sub(ts_zscore(div(FIELD,FIELD),#),ts_zscore(div(FIELD,FIELD),#))),market)",2026-08-02T11:20:49.196920+00:00
arch_regime_shift:primary,arch_regime_shift,proven,10.15,"group_neutralize((ts_zscore(anl10_analyst_innovation_eps_revise_ratio_to_consensus_fq1/cap,63)-ts_zscore(anl10_analyst_innovation_eps_revise_ratio_to_consensus_fq1/cap,252))*rank(ts_mean(volume,63)/adv20),market)","{""instrumentType"": ""EQUITY"", ""region"": ""USA"", ""universe"": ""TOP3000"", ""delay"": 1, ""decay"": 6, ""neutralization"": ""MARKET"", ""truncation"": 0.05, ""pasteurization"": ""ON"", ""unitHandling"": ""VERIFY"", ""nanHandling"": ""ON"", ""language"": ""FASTEXPR"", ""visualization"": false}",0,7c09a3bd18b2caeceb95a41f25084a3b2696064bf7b231415c5f0c476e53913c,"group_neutralize(mul(div(ts_mean(volume,#),adv20),sub(ts_zscore(div(anl10_analyst_innovation_eps_revise_ratio_to_consensus_fq1,cap),#),ts_zscore(div(anl10_analyst_innovation_eps_revise_ratio_to_consensus_fq1,cap),#))),market)","group_neutralize(mul(div(ts_mean(FIELD,#),FIELD),sub(ts_zscore(div(FIELD,FIELD),#),ts_zscore(div(FIELD,FIELD),#))),market)",2026-08-02T11:20:49.196920+00:00
arch_regime_shift:primary,arch_regime_shift,proven,10.15,"group_neutralize((ts_zscore(anl10_analyst_innovation_eps_revise_ratio_to_consensus_fq2/cap,63)-ts_zscore(anl10_analyst_innovation_eps_revise_ratio_to_consensus_fq2/cap,252))*rank(ts_mean(volume,63)/adv20),market)","{""instrumentType"": ""EQUITY"", ""region"": ""USA"", ""universe"": ""TOP3000"", ""delay"": 1, ""decay"": 6, ""neutralization"": ""MARKET"", ""truncation"": 0.05, ""pasteurization"": ""ON"", ""unitHandling"": ""VERIFY"", ""nanHandling"": ""ON"", ""language"": ""FASTEXPR"", ""visualization"": false}",0,3511041cedb2fb17b6bbf58fc57225b814bea713ccfcda81ddb0923d2e82f552,"group_neutralize(mul(div(ts_mean(volume,#),adv20),sub(ts_zscore(div(anl10_analyst_innovation_eps_revise_ratio_to_consensus_fq2,cap),#),ts_zscore(div(anl10_analyst_innovation_eps_revise_ratio_to_consensus_fq2,cap),#))),market)","group_neutralize(mul(div(ts_mean(FIELD,#),FIELD),sub(ts_zscore(div(FIELD,FIELD),#),ts_zscore(div(FIELD,FIELD),#))),market)",2026-08-02T11:20:49.196920+00:00
arch_regime_shift:primary,arch_regime_shift,proven,10.0,"group_neutralize((ts_zscore(anl10_analyst_innovation_eps_revise_ratio_to_close_fy2/cap,63)-ts_zscore(anl10_analyst_innovation_eps_revise_ratio_to_close_fy2/cap,126))*rank(ts_mean(volume,63)/adv20),industry)","{""instrumentType"": ""EQUITY"", ""region"": ""USA"", ""universe"": ""TOP3000"", ""delay"": 1, ""decay"": 6, ""neutralization"": ""MARKET"", ""truncation"": 0.05, ""pasteurization"": ""ON"", ""unitHandling"": ""VERIFY"", ""nanHandling"": ""ON"", ""language"": ""FASTEXPR"", ""visualization"": false}",0,dc5af644ab8c13540b3d0cf9170de479b4b39d8d25d9881e02b9fb893d4f8d9e,"group_neutralize(mul(div(ts_mean(volume,#),adv20),sub(ts_zscore(div(anl10_analyst_innovation_eps_revise_ratio_to_close_fy2,cap),#),ts_zscore(div(anl10_analyst_innovation_eps_revise_ratio_to_close_fy2,cap),#))),industry)","group_neutralize(mul(div(ts_mean(FIELD,#),FIELD),sub(ts_zscore(div(FIELD,FIELD),#),ts_zscore(div(FIELD,FIELD),#))),industry)",2026-08-02T11:20:49.196920+00:00
arch_regime_shift:primary,arch_regime_shift,proven,10.0,"group_neutralize((ts_zscore(anl10_analyst_innovation_eps_revise_ratio_to_close_fq1/cap,63)-ts_zscore(anl10_analyst_innovation_eps_revise_ratio_to_close_fq1/cap,126))*rank(ts_mean(volume,63)/adv20),industry)","{""instrumentType"": ""EQUITY"", ""region"": ""USA"", ""universe"": ""TOP3000"", ""delay"": 1, ""decay"": 6, ""neutralization"": ""MARKET"", ""truncation"": 0.05, ""pasteurization"": ""ON"", ""unitHandling"": ""VERIFY"", ""nanHandling"": ""ON"", ""language"": ""FASTEXPR"", ""visualization"": false}",0,ad099325174529a636ce6cd8da24ec727ff3b84430f6bee4e4af5ea5b3f4a70b,"group_neutralize(mul(div(ts_mean(volume,#),adv20),sub(ts_zscore(div(anl10_analyst_innovation_eps_revise_ratio_to_close_fq1,cap),#),ts_zscore(div(anl10_analyst_innovation_eps_revise_ratio_to_close_fq1,cap),#))),industry)","group_neutralize(mul(div(ts_mean(FIELD,#),FIELD),sub(ts_zscore(div(FIELD,FIELD),#),ts_zscore(div(FIELD,FIELD),#))),industry)",2026-08-02T11:20:49.196920+00:00
arch_regime_shift:primary,arch_regime_shift,proven,10.0,"group_neutralize((ts_zscore(anl10_analyst_innovation_eps_revise_ratio_to_consensus_fy1/cap,63)-ts_zscore(anl10_analyst_innovation_eps_revise_ratio_to_consensus_fy1/cap,126))*rank(ts_mean(volume,63)/adv20),market)","{""instrumentType"": ""EQUITY"", ""region"": ""USA"", ""universe"": ""TOP3000"", ""delay"": 1, ""decay"": 6, ""neutralization"": ""MARKET"", ""truncation"": 0.05, ""pasteurization"": ""ON"", ""unitHandling"": ""VERIFY"", ""nanHandling"": ""ON"", ""language"": ""FASTEXPR"", ""visualization"": false}",0,93534c51f0d9afb881ce42f405259079f3d0da3736e59c53341ca1d765f6aba4,"group_neutralize(mul(div(ts_mean(volume,#),adv20),sub(ts_zscore(div(anl10_analyst_innovation_eps_revise_ratio_to_consensus_fy1,cap),#),ts_zscore(div(anl10_analyst_innovation_eps_revise_ratio_to_consensus_fy1,cap),#))),market)","group_neutralize(mul(div(ts_mean(FIELD,#),FIELD),sub(ts_zscore(div(FIELD,FIELD),#),ts_zscore(div(FIELD,FIELD),#))),market)",2026-08-02T11:20:49.196920+00:00
arch_regime_shift:primary,arch_regime_shift,proven,10.0,"group_neutralize((ts_zscore(anl10_analyst_innovation_eps_revise_ratio_to_consensus_fy2/cap,63)-ts_zscore(anl10_analyst_innovation_eps_revise_ratio_to_consensus_fy2/cap,126))*rank(ts_mean(volume,63)/adv20),market)","{""instrumentType"": ""EQUITY"", ""region"": ""USA"", ""universe"": ""TOP3000"", ""delay"": 1, ""decay"": 6, ""neutralization"": ""MARKET"", ""truncation"": 0.05, ""pasteurization"": ""ON"", ""unitHandling"": ""VERIFY"", ""nanHandling"": ""ON"", ""language"": ""FASTEXPR"", ""visualization"": false}",0,726a1a13ed60cc72b979414dd4954352921d3d12978bc22bd044abdd3c6c8443,"group_neutralize(mul(div(ts_mean(volume,#),adv20),sub(ts_zscore(div(anl10_analyst_innovation_eps_revise_ratio_to_consensus_fy2,cap),#),ts_zscore(div(anl10_analyst_innovation_eps_revise_ratio_to_consensus_fy2,cap),#))),market)","group_neutralize(mul(div(ts_mean(FIELD,#),FIELD),sub(ts_zscore(div(FIELD,FIELD),#),ts_zscore(div(FIELD,FIELD),#))),market)",2026-08-02T11:20:49.196920+00:00
arch_regime_shift:primary,arch_regime_shift,proven,10.0,"group_neutralize((ts_zscore(anl10_analyst_innovation_eps_revise_ratio_to_consensus_fq1/cap,63)-ts_zscore(anl10_analyst_innovation_eps_revise_ratio_to_consensus_fq1/cap,126))*rank(ts_mean(volume,63)/adv20),market)","{""instrumentType"": ""EQUITY"", ""region"": ""USA"", ""universe"": ""TOP3000"", ""delay"": 1, ""decay"": 6, ""neutralization"": ""MARKET"", ""truncation"": 0.05, ""pasteurization"": ""ON"", ""unitHandling"": ""VERIFY"", ""nanHandling"": ""ON"", ""language"": ""FASTEXPR"", ""visualization"": false}",0,dc5da67e88b9f2e90c30db8d6a2ca0c10b1f017f824e90a54702deee5506eb73,"group_neutralize(mul(div(ts_mean(volume,#),adv20),sub(ts_zscore(div(anl10_analyst_innovation_eps_revise_ratio_to_consensus_fq1,cap),#),ts_zscore(div(anl10_analyst_innovation_eps_revise_ratio_to_consensus_fq1,cap),#))),market)","group_neutralize(mul(div(ts_mean(FIELD,#),FIELD),sub(ts_zscore(div(FIELD,FIELD),#),ts_zscore(div(FIELD,FIELD),#))),market)",2026-08-02T11:20:49.196920+00:00
arch_regime_shift:primary,arch_regime_shift,proven,10.0,"group_neutralize((ts_zscore(anl10_analyst_innovation_eps_revise_ratio_to_consensus_fq2/cap,63)-ts_zscore(anl10_analyst_innovation_eps_revise_ratio_to_consensus_fq2/cap,126))*rank(ts_mean(volume,63)/adv20),market)","{""instrumentType"": ""EQUITY"", ""region"": ""USA"", ""universe"": ""TOP3000"", ""delay"": 1, ""decay"": 6, ""neutralization"": ""MARKET"", ""truncation"": 0.05, ""pasteurization"": ""ON"", ""unitHandling"": ""VERIFY"", ""nanHandling"": ""ON"", ""language"": ""FASTEXPR"", ""visualization"": false}",0,38f719810e4f29fa0d0ecd3d062688034cacfdd73c5e9c1f93d2556e47ff0436,"group_neutralize(mul(div(ts_mean(volume,#),adv20),sub(ts_zscore(div(anl10_analyst_innovation_eps_revise_ratio_to_consensus_fq2,cap),#),ts_zscore(div(anl10_analyst_innovation_eps_revise_ratio_to_consensus_fq2,cap),#))),market)","group_neutralize(mul(div(ts_mean(FIELD,#),FIELD),sub(ts_zscore(div(FIELD,FIELD),#),ts_zscore(div(FIELD,FIELD),#))),market)",2026-08-02T11:20:49.196920+00:00
arch_hybrid_lowvol:primary,arch_hybrid_lowvol,proven,9.95,"group_neutralize(ts_zscore(anl14_mean_ebitda_fy4/cap,126)*-rank(ts_std_dev(returns,126)),market)","{""instrumentType"": ""EQUITY"", ""region"": ""USA"", ""universe"": ""TOP3000"", ""delay"": 1, ""decay"": 4, ""neutralization"": ""MARKET"", ""truncation"": 0.05, ""pasteurization"": ""ON"", ""unitHandling"": ""VERIFY"", ""nanHandling"": ""ON"", ""language"": ""FASTEXPR"", ""visualization"": false}",0,95f9a23abfb5d1ebc0ee2a0d497d69005abbaa3f62002c42d5bc308b2b1f2cd1,"group_neutralize(mul(neg(ts_std_dev(returns,#)),ts_zscore(div(anl14_mean_ebitda_fy4,cap),#)),market)","group_neutralize(mul(neg(ts_std_dev(FIELD,#)),ts_zscore(div(FIELD,FIELD),#)),market)",2026-08-02T11:20:49.196920+00:00
arch_hybrid_lowvol:primary,arch_hybrid_lowvol,proven,9.95,"group_neutralize(ts_zscore(anl14_high_ebitda_fy4/cap,126)*-rank(ts_std_dev(returns,126)),sector)","{""instrumentType"": ""EQUITY"", ""region"": ""USA"", ""universe"": ""TOP3000"", ""delay"": 1, ""decay"": 4, ""neutralization"": ""MARKET"", ""truncation"": 0.05, ""pasteurization"": ""ON"", ""unitHandling"": ""VERIFY"", ""nanHandling"": ""ON"", ""language"": ""FASTEXPR"", ""visualization"": false}",0,ef112e708d0927d7c68b43ca62b9ab32c6e3357ffd08a8df99d1dbbc0cdbce01,"group_neutralize(mul(neg(ts_std_dev(returns,#)),ts_zscore(div(anl14_high_ebitda_fy4,cap),#)),sector)","group_neutralize(mul(neg(ts_std_dev(FIELD,#)),ts_zscore(div(FIELD,FIELD),#)),sector)",2026-08-02T11:20:49.196920+00:00
arch_hybrid_lowvol:primary,arch_hybrid_lowvol,proven,9.95,"group_neutralize(ts_zscore(anl14_low_ebitda_fy4/cap,126)*-rank(ts_std_dev(returns,126)),industry)","{""instrumentType"": ""EQUITY"", ""region"": ""USA"", ""universe"": ""TOP3000"", ""delay"": 1, ""decay"": 4, ""neutralization"": ""MARKET"", ""truncation"": 0.05, ""pasteurization"": ""ON"", ""unitHandling"": ""VERIFY"", ""nanHandling"": ""ON"", ""language"": ""FASTEXPR"", ""visualization"": false}",0,5569e779720fb4a3046246cf1985ac5dd70c56d778faa0bd742abec8ad8ed705,"group_neutralize(mul(neg(ts_std_dev(returns,#)),ts_zscore(div(anl14_low_ebitda_fy4,cap),#)),industry)","group_neutralize(mul(neg(ts_std_dev(FIELD,#)),ts_zscore(div(FIELD,FIELD),#)),industry)",2026-08-02T11:20:49.196920+00:00
arch_hybrid_lowvol:primary,arch_hybrid_lowvol,proven,9.95,"group_neutralize(ts_zscore(anl14_low_ebitda_fp5/cap,126)*-rank(ts_std_dev(returns,126)),industry)","{""instrumentType"": ""EQUITY"", ""region"": ""USA"", ""universe"": ""TOP3000"", ""delay"": 1, ""decay"": 4, ""neutralization"": ""MARKET"", ""truncation"": 0.05, ""pasteurization"": ""ON"", ""unitHandling"": ""VERIFY"", ""nanHandling"": ""ON"", ""language"": ""FASTEXPR"", ""visualization"": false}",0,80f2c31abe949fc83a2645485cf56d886bf60b9b093e3512f99b12d767a25480,"group_neutralize(mul(neg(ts_std_dev(returns,#)),ts_zscore(div(anl14_low_ebitda_fp5,cap),#)),industry)","group_neutralize(mul(neg(ts_std_dev(FIELD,#)),ts_zscore(div(FIELD,FIELD),#)),industry)",2026-08-02T11:20:49.196920+00:00
arch_hybrid_lowvol:primary,arch_hybrid_lowvol,proven,9.95,"group_neutralize(ts_zscore(anl14_low_ebitda_fy2/cap,126)*-rank(ts_std_dev(returns,126)),industry)","{""instrumentType"": ""EQUITY"", ""region"": ""USA"", ""universe"": ""TOP3000"", ""delay"": 1, ""decay"": 4, ""neutralization"": ""MARKET"", ""truncation"": 0.05, ""pasteurization"": ""ON"", ""unitHandling"": ""VERIFY"", ""nanHandling"": ""ON"", ""language"": ""FASTEXPR"", ""visualization"": false}",0,98b623e99e56cfd4324017735b79cac8f3f461f6b042111a421c099c220adc59,"group_neutralize(mul(neg(ts_std_dev(returns,#)),ts_zscore(div(anl14_low_ebitda_fy2,cap),#)),industry)","group_neutralize(mul(neg(ts_std_dev(FIELD,#)),ts_zscore(div(FIELD,FIELD),#)),industry)",2026-08-02T11:20:49.196920+00:00
arch_hybrid_lowvol:primary,arch_hybrid_lowvol,proven,9.95,"group_neutralize(ts_zscore(anl14_stddev_ebitda_fy4/cap,126)*-rank(ts_std_dev(returns,126)),sector)","{""instrumentType"": ""EQUITY"", ""region"": ""USA"", ""universe"": ""TOP3000"", ""delay"": 1, ""decay"": 4, ""neutralization"": ""MARKET"", ""truncation"": 0.05, ""pasteurization"": ""ON"", ""unitHandling"": ""VERIFY"", ""nanHandling"": ""ON"", ""language"": ""FASTEXPR"", ""visualization"": false}",0,d95ae49e46f1a43d8642c3e547d9ae174277321b941edb6d6f35f0bbca41ff5e,"group_neutralize(mul(neg(ts_std_dev(returns,#)),ts_zscore(div(anl14_stddev_ebitda_fy4,cap),#)),sector)","group_neutralize(mul(neg(ts_std_dev(FIELD,#)),ts_zscore(div(FIELD,FIELD),#)),sector)",2026-08-02T11:20:49.196920+00:00
arch_hybrid_lowvol:primary,arch_hybrid_lowvol,proven,9.95,"group_neutralize(ts_zscore(anl14_median_ebitda_fy5/cap,126)*-rank(ts_std_dev(returns,126)),market)","{""instrumentType"": ""EQUITY"", ""region"": ""USA"", ""universe"": ""TOP3000"", ""delay"": 1, ""decay"": 4, ""neutralization"": ""MARKET"", ""truncation"": 0.05, ""pasteurization"": ""ON"", ""unitHandling"": ""VERIFY"", ""nanHandling"": ""ON"", ""language"": ""FASTEXPR"", ""visualization"": false}",0,d3ebd0ce537cff698a33d2133e8ece56b15ea6f5655a7c721023821b2b6d1a98,"group_neutralize(mul(neg(ts_std_dev(returns,#)),ts_zscore(div(anl14_median_ebitda_fy5,cap),#)),market)","group_neutralize(mul(neg(ts_std_dev(FIELD,#)),ts_zscore(div(FIELD,FIELD),#)),market)",2026-08-02T11:20:49.196920+00:00
arch_hybrid_lowvol:primary,arch_hybrid_lowvol,proven,9.95,"group_neutralize(ts_zscore(anl14_median_ebitda_fy4/cap,126)*-rank(ts_std_dev(returns,126)),sector)","{""instrumentType"": ""EQUITY"", ""region"": ""USA"", ""universe"": ""TOP3000"", ""delay"": 1, ""decay"": 4, ""neutralization"": ""MARKET"", ""truncation"": 0.05, ""pasteurization"": ""ON"", ""unitHandling"": ""VERIFY"", ""nanHandling"": ""ON"", ""language"": ""FASTEXPR"", ""visualization"": false}",0,48f4ef2d12d32beba7bee88098a272557581ba836d1b44694ea2bb67406b6b72,"group_neutralize(mul(neg(ts_std_dev(returns,#)),ts_zscore(div(anl14_median_ebitda_fy4,cap),#)),sector)","group_neutralize(mul(neg(ts_std_dev(FIELD,#)),ts_zscore(div(FIELD,FIELD),#)),sector)",2026-08-02T11:20:49.196920+00:00
arch_hybrid_lowvol:primary,arch_hybrid_lowvol,proven,9.95,"group_neutralize(ts_zscore(anl14_stddev_ebitda_fp4/cap,126)*-rank(ts_std_dev(returns,126)),sector)","{""instrumentType"": ""EQUITY"", ""region"": ""USA"", ""universe"": ""TOP3000"", ""delay"": 1, ""decay"": 4, ""neutralization"": ""MARKET"", ""truncation"": 0.05, ""pasteurization"": ""ON"", ""unitHandling"": ""VERIFY"", ""nanHandling"": ""ON"", ""language"": ""FASTEXPR"", ""visualization"": false}",0,91bb8f8d34058cfb3e3be21de3a9ea8dd96857a2f5771b04ff84f8e55238d6d4,"group_neutralize(mul(neg(ts_std_dev(returns,#)),ts_zscore(div(anl14_stddev_ebitda_fp4,cap),#)),sector)","group_neutralize(mul(neg(ts_std_dev(FIELD,#)),ts_zscore(div(FIELD,FIELD),#)),sector)",2026-08-02T11:20:49.196920+00:00
arch_hybrid_lowvol:primary,arch_hybrid_lowvol,proven,9.95,"group_neutralize(ts_zscore(anl14_stddev_ebitda_fp5/cap,126)*-rank(ts_std_dev(returns,126)),market)","{""instrumentType"": ""EQUITY"", ""region"": ""USA"", ""universe"": ""TOP3000"", ""delay"": 1, ""decay"": 4, ""neutralization"": ""MARKET"", ""truncation"": 0.05, ""pasteurization"": ""ON"", ""unitHandling"": ""VERIFY"", ""nanHandling"": ""ON"", ""language"": ""FASTEXPR"", ""visualization"": false}",0,00a2cc434f6f0979113fdaf8103cde555b116e660fed2b83675b7670d4d55c52,"group_neutralize(mul(neg(ts_std_dev(returns,#)),ts_zscore(div(anl14_stddev_ebitda_fp5,cap),#)),market)","group_neutralize(mul(neg(ts_std_dev(FIELD,#)),ts_zscore(div(FIELD,FIELD),#)),market)",2026-08-02T11:20:49.196920+00:00
arch_hybrid_lowvol:primary,arch_hybrid_lowvol,proven,9.95,"group_neutralize(ts_zscore(anl14_stddev_ebitda_fy1/cap,126)*-rank(ts_std_dev(returns,126)),market)","{""instrumentType"": ""EQUITY"", ""region"": ""USA"", ""universe"": ""TOP3000"", ""delay"": 1, ""decay"": 4, ""neutralization"": ""MARKET"", ""truncation"": 0.05, ""pasteurization"": ""ON"", ""unitHandling"": ""VERIFY"", ""nanHandling"": ""ON"", ""language"": ""FASTEXPR"", ""visualization"": false}",0,da53e71896eae01197a738ae52cd39fa85c6d56390858607e3aedb383f866847,"group_neutralize(mul(neg(ts_std_dev(returns,#)),ts_zscore(div(anl14_stddev_ebitda_fy1,cap),#)),market)","group_neutralize(mul(neg(ts_std_dev(FIELD,#)),ts_zscore(div(FIELD,FIELD),#)),market)",2026-08-02T11:20:49.196920+00:00
arch_hybrid_lowvol:primary,arch_hybrid_lowvol,proven,9.95,"group_neutralize(ts_zscore(anl14_median_ebitda_fp5/cap,126)*-rank(ts_std_dev(returns,126)),sector)","{""instrumentType"": ""EQUITY"", ""region"": ""USA"", ""universe"": ""TOP3000"", ""delay"": 1, ""decay"": 4, ""neutralization"": ""MARKET"", ""truncation"": 0.05, ""pasteurization"": ""ON"", ""unitHandling"": ""VERIFY"", ""nanHandling"": ""ON"", ""language"": ""FASTEXPR"", ""visualization"": false}",0,0a1f58e26d78c0dbc1b86a232cb90986474fa522069f63248b09b22fd097a85d,"group_neutralize(mul(neg(ts_std_dev(returns,#)),ts_zscore(div(anl14_median_ebitda_fp5,cap),#)),sector)","group_neutralize(mul(neg(ts_std_dev(FIELD,#)),ts_zscore(div(FIELD,FIELD),#)),sector)",2026-08-02T11:20:49.196920+00:00
arch_hybrid_lowvol:primary,arch_hybrid_lowvol,proven,9.95,"group_neutralize(ts_zscore(anl14_stddev_ebitda_fp3/cap,126)*-rank(ts_std_dev(returns,126)),market)","{""instrumentType"": ""EQUITY"", ""region"": ""USA"", ""universe"": ""TOP3000"", ""delay"": 1, ""decay"": 4, ""neutralization"": ""MARKET"", ""truncation"": 0.05, ""pasteurization"": ""ON"", ""unitHandling"": ""VERIFY"", ""nanHandling"": ""ON"", ""language"": ""FASTEXPR"", ""visualization"": false}",0,54a707a657c52218f51a2ef959b3785971f4d30efd4a23d76aea99e7168fab26,"group_neutralize(mul(neg(ts_std_dev(returns,#)),ts_zscore(div(anl14_stddev_ebitda_fp3,cap),#)),market)","group_neutralize(mul(neg(ts_std_dev(FIELD,#)),ts_zscore(div(FIELD,FIELD),#)),market)",2026-08-02T11:20:49.196920+00:00
arch_hybrid_lowvol:primary,arch_hybrid_lowvol,proven,9.95,"group_neutralize(ts_zscore(anl14_stddev_ebitda_fy3/cap,126)*-rank(ts_std_dev(returns,126)),market)","{""instrumentType"": ""EQUITY"", ""region"": ""USA"", ""universe"": ""TOP3000"", ""delay"": 1, ""decay"": 4, ""neutralization"": ""MARKET"", ""truncation"": 0.05, ""pasteurization"": ""ON"", ""unitHandling"": ""VERIFY"", ""nanHandling"": ""ON"", ""language"": ""FASTEXPR"", ""visualization"": false}",0,95ca1e60f247fffd7c7d950c7e397d14dbc9c394a15f6792ec24c5ba7c8e7d20,"group_neutralize(mul(neg(ts_std_dev(returns,#)),ts_zscore(div(anl14_stddev_ebitda_fy3,cap),#)),market)","group_neutralize(mul(neg(ts_std_dev(FIELD,#)),ts_zscore(div(FIELD,FIELD),#)),market)",2026-08-02T11:20:49.196920+00:00
arch_hybrid_lowvol:primary,arch_hybrid_lowvol,proven,9.95,"group_neutralize(ts_zscore(anl14_stddev_ebitda_fy2/cap,126)*-rank(ts_std_dev(returns,126)),market)","{""instrumentType"": ""EQUITY"", ""region"": ""USA"", ""universe"": ""TOP3000"", ""delay"": 1, ""decay"": 4, ""neutralization"": ""MARKET"", ""truncation"": 0.05, ""pasteurization"": ""ON"", ""unitHandling"": ""VERIFY"", ""nanHandling"": ""ON"", ""language"": ""FASTEXPR"", ""visualization"": false}",0,7991e2971e2176a24a5db7130d5c9f78689308c4220b03ae14084f31d61bd4e5,"group_neutralize(mul(neg(ts_std_dev(returns,#)),ts_zscore(div(anl14_stddev_ebitda_fy2,cap),#)),market)","group_neutralize(mul(neg(ts_std_dev(FIELD,#)),ts_zscore(div(FIELD,FIELD),#)),market)",2026-08-02T11:20:49.196920+00:00
arch_hybrid_lowvol:primary,arch_hybrid_lowvol,proven,9.95,"group_neutralize(ts_zscore(anl14_stddev_ebitda_fp2/cap,126)*-rank(ts_std_dev(returns,126)),sector)","{""instrumentType"": ""EQUITY"", ""region"": ""USA"", ""universe"": ""TOP3000"", ""delay"": 1, ""decay"": 4, ""neutralization"": ""MARKET"", ""truncation"": 0.05, ""pasteurization"": ""ON"", ""unitHandling"": ""VERIFY"", ""nanHandling"": ""ON"", ""language"": ""FASTEXPR"", ""visualization"": false}",0,7c7c2f91bc1d64c0063ebf9604b722db88cfa5c7612bca0dc3031eebe1c3281b,"group_neutralize(mul(neg(ts_std_dev(returns,#)),ts_zscore(div(anl14_stddev_ebitda_fp2,cap),#)),sector)","group_neutralize(mul(neg(ts_std_dev(FIELD,#)),ts_zscore(div(FIELD,FIELD),#)),sector)",2026-08-02T11:20:49.196920+00:00
arch_hybrid_lowvol:primary,arch_hybrid_lowvol,proven,9.95,"group_neutralize(ts_zscore(anl14_median_ebitda_fy3/cap,126)*-rank(ts_std_dev(returns,126)),sector)","{""instrumentType"": ""EQUITY"", ""region"": ""USA"", ""universe"": ""TOP3000"", ""delay"": 1, ""decay"": 4, ""neutralization"": ""MARKET"", ""truncation"": 0.05, ""pasteurization"": ""ON"", ""unitHandling"": ""VERIFY"", ""nanHandling"": ""ON"", ""language"": ""FASTEXPR"", ""visualization"": false}",0,9473630eab4ee831ace737aab8fc1e523365b1254b6426951d9c0b0d7d60b068,"group_neutralize(mul(neg(ts_std_dev(returns,#)),ts_zscore(div(anl14_median_ebitda_fy3,cap),#)),sector)","group_neutralize(mul(neg(ts_std_dev(FIELD,#)),ts_zscore(div(FIELD,FIELD),#)),sector)",2026-08-02T11:20:49.196920+00:00
arch_hybrid_lowvol:primary,arch_hybrid_lowvol,proven,9.95,"group_neutralize(ts_zscore(anl14_mean_ebitda_fp4/cap,126)*-rank(ts_std_dev(returns,126)),industry)","{""instrumentType"": ""EQUITY"", ""region"": ""USA"", ""universe"": ""TOP3000"", ""delay"": 1, ""decay"": 4, ""neutralization"": ""MARKET"", ""truncation"": 0.05, ""pasteurization"": ""ON"", ""unitHandling"": ""VERIFY"", ""nanHandling"": ""ON"", ""language"": ""FASTEXPR"", ""visualization"": false}",0,15d07d266c997322594799f0753ac49e43652ff424db4857298993ba87fddea3,"group_neutralize(mul(neg(ts_std_dev(returns,#)),ts_zscore(div(anl14_mean_ebitda_fp4,cap),#)),industry)","group_neutralize(mul(neg(ts_std_dev(FIELD,#)),ts_zscore(div(FIELD,FIELD),#)),industry)",2026-08-02T11:20:49.196920+00:00
arch_hybrid_lowvol:primary,arch_hybrid_lowvol,proven,9.95,"group_neutralize(ts_zscore(anl14_median_ebitda_fp4/cap,126)*-rank(ts_std_dev(returns,126)),market)","{""instrumentType"": ""EQUITY"", ""region"": ""USA"", ""universe"": ""TOP3000"", ""delay"": 1, ""decay"": 4, ""neutralization"": ""MARKET"", ""truncation"": 0.05, ""pasteurization"": ""ON"", ""unitHandling"": ""VERIFY"", ""nanHandling"": ""ON"", ""language"": ""FASTEXPR"", ""visualization"": false}",0,918ccb56c581927ead4d22996f8d565fde76df56facdbba0df273ebaf1d57999,"group_neutralize(mul(neg(ts_std_dev(returns,#)),ts_zscore(div(anl14_median_ebitda_fp4,cap),#)),market)","group_neutralize(mul(neg(ts_std_dev(FIELD,#)),ts_zscore(div(FIELD,FIELD),#)),market)",2026-08-02T11:20:49.196920+00:00
arch_hybrid_lowvol:primary,arch_hybrid_lowvol,proven,9.95,"group_neutralize(ts_zscore(anl14_stddev_ebitda_fp1/cap,126)*-rank(ts_std_dev(returns,126)),market)","{""instrumentType"": ""EQUITY"", ""region"": ""USA"", ""universe"": ""TOP3000"", ""delay"": 1, ""decay"": 4, ""neutralization"": ""MARKET"", ""truncation"": 0.05, ""pasteurization"": ""ON"", ""unitHandling"": ""VERIFY"", ""nanHandling"": ""ON"", ""language"": ""FASTEXPR"", ""visualization"": false}",0,7b5600ebd41b03cf94b86d6ba73e62332a27110105ea84572f94cebe5608f1dd,"group_neutralize(mul(neg(ts_std_dev(returns,#)),ts_zscore(div(anl14_stddev_ebitda_fp1,cap),#)),market)","group_neutralize(mul(neg(ts_std_dev(FIELD,#)),ts_zscore(div(FIELD,FIELD),#)),market)",2026-08-02T11:20:49.196920+00:00
arch_hybrid_lowvol:primary,arch_hybrid_lowvol,proven,9.95,"group_neutralize(ts_zscore(anl14_median_ebitda_fy1/cap,126)*-rank(ts_std_dev(returns,126)),sector)","{""instrumentType"": ""EQUITY"", ""region"": ""USA"", ""universe"": ""TOP3000"", ""delay"": 1, ""decay"": 4, ""neutralization"": ""MARKET"", ""truncation"": 0.05, ""pasteurization"": ""ON"", ""unitHandling"": ""VERIFY"", ""nanHandling"": ""ON"", ""language"": ""FASTEXPR"", ""visualization"": false}",0,163fe9c58f3a65cb906cb977011c72d8589e7333b12ffba04d6576d62ca21583,"group_neutralize(mul(neg(ts_std_dev(returns,#)),ts_zscore(div(anl14_median_ebitda_fy1,cap),#)),sector)","group_neutralize(mul(neg(ts_std_dev(FIELD,#)),ts_zscore(div(FIELD,FIELD),#)),sector)",2026-08-02T11:20:49.196920+00:00
arch_hybrid_lowvol:primary,arch_hybrid_lowvol,proven,9.95,"group_neutralize(ts_zscore(anl14_median_ebitda_fy2/cap,126)*-rank(ts_std_dev(returns,126)),market)","{""instrumentType"": ""EQUITY"", ""region"": ""USA"", ""universe"": ""TOP3000"", ""delay"": 1, ""decay"": 4, ""neutralization"": ""MARKET"", ""truncation"": 0.05, ""pasteurization"": ""ON"", ""unitHandling"": ""VERIFY"", ""nanHandling"": ""ON"", ""language"": ""FASTEXPR"", ""visualization"": false}",0,ebd4f2fb444133253af6e40fed5acce36c0e4b3eefe50ef9ea604dd50e7ccda3,"group_neutralize(mul(neg(ts_std_dev(returns,#)),ts_zscore(div(anl14_median_ebitda_fy2,cap),#)),market)","group_neutralize(mul(neg(ts_std_dev(FIELD,#)),ts_zscore(div(FIELD,FIELD),#)),market)",2026-08-02T11:20:49.196920+00:00
arch_hybrid_lowvol:primary,arch_hybrid_lowvol,proven,9.95,"group_neutralize(ts_zscore(anl14_stddev_ebitda_fy5/cap,126)*-rank(ts_std_dev(returns,126)),industry)","{""instrumentType"": ""EQUITY"", ""region"": ""USA"", ""universe"": ""TOP3000"", ""delay"": 1, ""decay"": 4, ""neutralization"": ""MARKET"", ""truncation"": 0.05, ""pasteurization"": ""ON"", ""unitHandling"": ""VERIFY"", ""nanHandling"": ""ON"", ""language"": ""FASTEXPR"", ""visualization"": false}",0,16df37046861603b1816efa1e47e7f90de414b543bbad6091373da6b49e8b4ad,"group_neutralize(mul(neg(ts_std_dev(returns,#)),ts_zscore(div(anl14_stddev_ebitda_fy5,cap),#)),industry)","group_neutralize(mul(neg(ts_std_dev(FIELD,#)),ts_zscore(div(FIELD,FIELD),#)),industry)",2026-08-02T11:20:49.196920+00:00
arch_hybrid_lowvol:primary,arch_hybrid_lowvol,proven,9.95,"group_neutralize(ts_zscore(anl14_numofests_ebitda_fy5/cap,126)*-rank(ts_std_dev(returns,126)),market)","{""instrumentType"": ""EQUITY"", ""region"": ""USA"", ""universe"": ""TOP3000"", ""delay"": 1, ""decay"": 4, ""neutralization"": ""MARKET"", ""truncation"": 0.05, ""pasteurization"": ""ON"", ""unitHandling"": ""VERIFY"", ""nanHandling"": ""ON"", ""language"": ""FASTEXPR"", ""visualization"": false}",0,2fab6966e972919020c958f01998d3dec9ffed2cc00cec9d1f3ac3cfd042d5d9,"group_neutralize(mul(neg(ts_std_dev(returns,#)),ts_zscore(div(anl14_numofests_ebitda_fy5,cap),#)),market)","group_neutralize(mul(neg(ts_std_dev(FIELD,#)),ts_zscore(div(FIELD,FIELD),#)),market)",2026-08-02T11:20:49.196920+00:00
arch_hybrid_lowvol:primary,arch_hybrid_lowvol,proven,9.95,"group_neutralize(ts_zscore(anl14_numofests_ebitda_fy4/cap,126)*-rank(ts_std_dev(returns,126)),market)","{""instrumentType"": ""EQUITY"", ""region"": ""USA"", ""universe"": ""TOP3000"", ""delay"": 1, ""decay"": 4, ""neutralization"": ""MARKET"", ""truncation"": 0.05, ""pasteurization"": ""ON"", ""unitHandling"": ""VERIFY"", ""nanHandling"": ""ON"", ""language"": ""FASTEXPR"", ""visualization"": false}",0,a1cfe7613bd11ee131487efb2a373f23209a63d3aaef8b7c026fdfbc22a4a781,"group_neutralize(mul(neg(ts_std_dev(returns,#)),ts_zscore(div(anl14_numofests_ebitda_fy4,cap),#)),market)","group_neutralize(mul(neg(ts_std_dev(FIELD,#)),ts_zscore(div(FIELD,FIELD),#)),market)",2026-08-02T11:20:49.196920+00:00
arch_hybrid_lowvol:primary,arch_hybrid_lowvol,proven,9.95,"group_neutralize(ts_zscore(anl14_numofests_ebitda_fp5/cap,126)*-rank(ts_std_dev(returns,126)),sector)","{""instrumentType"": ""EQUITY"", ""region"": ""USA"", ""universe"": ""TOP3000"", ""delay"": 1, ""decay"": 4, ""neutralization"": ""MARKET"", ""truncation"": 0.05, ""pasteurization"": ""ON"", ""unitHandling"": ""VERIFY"", ""nanHandling"": ""ON"", ""language"": ""FASTEXPR"", ""visualization"": false}",0,f7e94c9e4c20b6e55e868fe81a3a1d15f1dae9462e50e40ea03f4d8f0897a258,"group_neutralize(mul(neg(ts_std_dev(returns,#)),ts_zscore(div(anl14_numofests_ebitda_fp5,cap),#)),sector)","group_neutralize(mul(neg(ts_std_dev(FIELD,#)),ts_zscore(div(FIELD,FIELD),#)),sector)",2026-08-02T11:20:49.196920+00:00
arch_hybrid_lowvol:primary,arch_hybrid_lowvol,proven,9.95,"group_neutralize(ts_zscore(anl14_numofests_ebitda_fp2/cap,126)*-rank(ts_std_dev(returns,126)),sector)","{""instrumentType"": ""EQUITY"", ""region"": ""USA"", ""universe"": ""TOP3000"", ""delay"": 1, ""decay"": 4, ""neutralization"": ""MARKET"", ""truncation"": 0.05, ""pasteurization"": ""ON"", ""unitHandling"": ""VERIFY"", ""nanHandling"": ""ON"", ""language"": ""FASTEXPR"", ""visualization"": false}",0,a6334ce1ea198d713a3b0b4105d30ea7e26734a458ebfa3c5f0f0d2fa3e8f39e,"group_neutralize(mul(neg(ts_std_dev(returns,#)),ts_zscore(div(anl14_numofests_ebitda_fp2,cap),#)),sector)","group_neutralize(mul(neg(ts_std_dev(FIELD,#)),ts_zscore(div(FIELD,FIELD),#)),sector)",2026-08-02T11:20:49.196920+00:00
arch_hybrid_lowvol:primary,arch_hybrid_lowvol,proven,9.95,"group_neutralize(ts_zscore(anl14_numofests_ebitda_fp4/cap,126)*-rank(ts_std_dev(returns,126)),market)","{""instrumentType"": ""EQUITY"", ""region"": ""USA"", ""universe"": ""TOP3000"", ""delay"": 1, ""decay"": 4, ""neutralization"": ""MARKET"", ""truncation"": 0.05, ""pasteurization"": ""ON"", ""unitHandling"": ""VERIFY"", ""nanHandling"": ""ON"", ""language"": ""FASTEXPR"", ""visualization"": false}",0,9c6f499c310a0458954ab6423b79d16643ffee99c56e819dd698944720951def,"group_neutralize(mul(neg(ts_std_dev(returns,#)),ts_zscore(div(anl14_numofests_ebitda_fp4,cap),#)),market)","group_neutralize(mul(neg(ts_std_dev(FIELD,#)),ts_zscore(div(FIELD,FIELD),#)),market)",2026-08-02T11:20:49.196920+00:00
arch_hybrid_lowvol:primary,arch_hybrid_lowvol,proven,9.95,"group_neutralize(ts_zscore(anl14_numofests_ebitda_fy1/cap,126)*-rank(ts_std_dev(returns,126)),sector)","{""instrumentType"": ""EQUITY"", ""region"": ""USA"", ""universe"": ""TOP3000"", ""delay"": 1, ""decay"": 4, ""neutralization"": ""MARKET"", ""truncation"": 0.05, ""pasteurization"": ""ON"", ""unitHandling"": ""VERIFY"", ""nanHandling"": ""ON"", ""language"": ""FASTEXPR"", ""visualization"": false}",0,6b50e058057657d022d376a46757d873f9b34fd78a9b850cde10be76f87a9eb9,"group_neutralize(mul(neg(ts_std_dev(returns,#)),ts_zscore(div(anl14_numofests_ebitda_fy1,cap),#)),sector)","group_neutralize(mul(neg(ts_std_dev(FIELD,#)),ts_zscore(div(FIELD,FIELD),#)),sector)",2026-08-02T11:20:49.196920+00:00
arch_hybrid_lowvol:primary,arch_hybrid_lowvol,proven,9.95,"group_neutralize(ts_zscore(anl14_numofests_ebitda_fy3/cap,126)*-rank(ts_std_dev(returns,126)),industry)","{""instrumentType"": ""EQUITY"", ""region"": ""USA"", ""universe"": ""TOP3000"", ""delay"": 1, ""decay"": 4, ""neutralization"": ""MARKET"", ""truncation"": 0.05, ""pasteurization"": ""ON"", ""unitHandling"": ""VERIFY"", ""nanHandling"": ""ON"", ""language"": ""FASTEXPR"", ""visualization"": false}",0,6dd87d7371ef9ac520a1dcb6d1485a882ffc1a27d7bcda08d3ad1ce134c0e6dd,"group_neutralize(mul(neg(ts_std_dev(returns,#)),ts_zscore(div(anl14_numofests_ebitda_fy3,cap),#)),industry)","group_neutralize(mul(neg(ts_std_dev(FIELD,#)),ts_zscore(div(FIELD,FIELD),#)),industry)",2026-08-02T11:20:49.196920+00:00
arch_level_liquid:primary,arch_level_liquid,proven,9.850000000000001,"group_neutralize(ts_zscore(anl10_epsrevise_ratio_to_close_fq1/cap,252)*rank(ts_mean(volume,126)/adv20),industry)","{""instrumentType"": ""EQUITY"", ""region"": ""USA"", ""universe"": ""TOP3000"", ""delay"": 1, ""decay"": 4, ""neutralization"": ""MARKET"", ""truncation"": 0.05, ""pasteurization"": ""ON"", ""unitHandling"": ""VERIFY"", ""nanHandling"": ""ON"", ""language"": ""FASTEXPR"", ""visualization"": false}",0,fb955784814f6c8fa40312e4e03a1d9b020baec87cd9d22125f6a3b6b14928ac,"group_neutralize(mul(div(ts_mean(volume,#),adv20),ts_zscore(div(anl10_epsrevise_ratio_to_close_fq1,cap),#)),industry)","group_neutralize(mul(div(ts_mean(FIELD,#),FIELD),ts_zscore(div(FIELD,FIELD),#)),industry)",2026-08-02T11:20:49.196920+00:00
arch_level_liquid:primary,arch_level_liquid,proven,9.850000000000001,"group_neutralize(ts_zscore(anl10_epsrevise_ratio_to_close_fq2/cap,252)*rank(ts_mean(volume,126)/adv20),industry)","{""instrumentType"": ""EQUITY"", ""region"": ""USA"", ""universe"": ""TOP3000"", ""delay"": 1, ""decay"": 4, ""neutralization"": ""MARKET"", ""truncation"": 0.05, ""pasteurization"": ""ON"", ""unitHandling"": ""VERIFY"", ""nanHandling"": ""ON"", ""language"": ""FASTEXPR"", ""visualization"": false}",0,b7b1efe36e7060b172b42bc8a47cb70ddde9bd306edaa07db56a1c933131f6a0,"group_neutralize(mul(div(ts_mean(volume,#),adv20),ts_zscore(div(anl10_epsrevise_ratio_to_close_fq2,cap),#)),industry)","group_neutralize(mul(div(ts_mean(FIELD,#),FIELD),ts_zscore(div(FIELD,FIELD),#)),industry)",2026-08-02T11:20:49.196920+00:00
arch_level_liquid:primary,arch_level_liquid,proven,9.850000000000001,"group_neutralize(ts_zscore(anl10_epsrevise_ratio_to_consensus_fy1/cap,252)*rank(ts_mean(volume,126)/adv20),market)","{""instrumentType"": ""EQUITY"", ""region"": ""USA"", ""universe"": ""TOP3000"", ""delay"": 1, ""decay"": 4, ""neutralization"": ""MARKET"", ""truncation"": 0.05, ""pasteurization"": ""ON"", ""unitHandling"": ""VERIFY"", ""nanHandling"": ""ON"", ""language"": ""FASTEXPR"", ""visualization"": false}",0,c9399784eab0e91dc67a16abcff64c7d282adea0512059823cd0f095c980afa4,"group_neutralize(mul(div(ts_mean(volume,#),adv20),ts_zscore(div(anl10_epsrevise_ratio_to_consensus_fy1,cap),#)),market)","group_neutralize(mul(div(ts_mean(FIELD,#),FIELD),ts_zscore(div(FIELD,FIELD),#)),market)",2026-08-02T11:20:49.196920+00:00
arch_level_liquid:primary,arch_level_liquid,proven,9.850000000000001,"group_neutralize(ts_zscore(anl10_epsrevise_ratio_to_consensus_fy2/cap,252)*rank(ts_mean(volume,126)/adv20),sector)","{""instrumentType"": ""EQUITY"", ""region"": ""USA"", ""universe"": ""TOP3000"", ""delay"": 1, ""decay"": 4, ""neutralization"": ""MARKET"", ""truncation"": 0.05, ""pasteurization"": ""ON"", ""unitHandling"": ""VERIFY"", ""nanHandling"": ""ON"", ""language"": ""FASTEXPR"", ""visualization"": false}",0,483ad1c1db917147e1fefb759892e3acfb3856ff750188570ae3ec4cac59bf1f,"group_neutralize(mul(div(ts_mean(volume,#),adv20),ts_zscore(div(anl10_epsrevise_ratio_to_consensus_fy2,cap),#)),sector)","group_neutralize(mul(div(ts_mean(FIELD,#),FIELD),ts_zscore(div(FIELD,FIELD),#)),sector)",2026-08-02T11:20:49.196920+00:00
arch_level_liquid:primary,arch_level_liquid,proven,9.850000000000001,"group_neutralize(ts_zscore(anl10_epsrevise_ratio_to_consensus_fq1/cap,252)*rank(ts_mean(volume,126)/adv20),sector)","{""instrumentType"": ""EQUITY"", ""region"": ""USA"", ""universe"": ""TOP3000"", ""delay"": 1, ""decay"": 4, ""neutralization"": ""MARKET"", ""truncation"": 0.05, ""pasteurization"": ""ON"", ""unitHandling"": ""VERIFY"", ""nanHandling"": ""ON"", ""language"": ""FASTEXPR"", ""visualization"": false}",0,5e27e36d0412f037366cf5f03ecd4fafe2fd70f1ea8fda5daa8d05b0ff498cde,"group_neutralize(mul(div(ts_mean(volume,#),adv20),ts_zscore(div(anl10_epsrevise_ratio_to_consensus_fq1,cap),#)),sector)","group_neutralize(mul(div(ts_mean(FIELD,#),FIELD),ts_zscore(div(FIELD,FIELD),#)),sector)",2026-08-02T11:20:49.196920+00:00
arch_level_liquid:primary,arch_level_liquid,proven,9.850000000000001,"group_neutralize(ts_zscore(anl10_epsrevise_ratio_to_consensus_fq2/cap,252)*rank(ts_mean(volume,126)/adv20),market)","{""instrumentType"": ""EQUITY"", ""region"": ""USA"", ""universe"": ""TOP3000"", ""delay"": 1, ""decay"": 4, ""neutralization"": ""MARKET"", ""truncation"": 0.05, ""pasteurization"": ""ON"", ""unitHandling"": ""VERIFY"", ""nanHandling"": ""ON"", ""language"": ""FASTEXPR"", ""visualization"": false}",0,48937861a440baa7dbb6b98dca5d197ac1fa37be9f774f6b5a78d67a0806896b,"group_neutralize(mul(div(ts_mean(volume,#),adv20),ts_zscore(div(anl10_epsrevise_ratio_to_consensus_fq2,cap),#)),market)","group_neutralize(mul(div(ts_mean(FIELD,#),FIELD),ts_zscore(div(FIELD,FIELD),#)),market)",2026-08-02T11:20:49.196920+00:00
arch_level_liquid:primary,arch_level_liquid,proven,9.850000000000001,"group_neutralize(ts_zscore(anl10_analyst_innovation_eps_revise_value_fy1/cap,252)*rank(ts_mean(volume,126)/adv20),sector)","{""instrumentType"": ""EQUITY"", ""region"": ""USA"", ""universe"": ""TOP3000"", ""delay"": 1, ""decay"": 4, ""neutralization"": ""MARKET"", ""truncation"": 0.05, ""pasteurization"": ""ON"", ""unitHandling"": ""VERIFY"", ""nanHandling"": ""ON"", ""language"": ""FASTEXPR"", ""visualization"": false}",0,89a523817da2ea338e0a7a22d1c53cf174f25ce4b386bfbefa80f7a0839f462e,"group_neutralize(mul(div(ts_mean(volume,#),adv20),ts_zscore(div(anl10_analyst_innovation_eps_revise_value_fy1,cap),#)),sector)","group_neutralize(mul(div(ts_mean(FIELD,#),FIELD),ts_zscore(div(FIELD,FIELD),#)),sector)",2026-08-02T11:20:49.196920+00:00
arch_level_liquid:primary,arch_level_liquid,proven,9.850000000000001,"group_neutralize(ts_zscore(anl10_analyst_innovation_eps_normal_increase_fy1/cap,252)*rank(ts_mean(volume,126)/adv20),market)","{""instrumentType"": ""EQUITY"", ""region"": ""USA"", ""universe"": ""TOP3000"", ""delay"": 1, ""decay"": 4, ""neutralization"": ""MARKET"", ""truncation"": 0.05, ""pasteurization"": ""ON"", ""unitHandling"": ""VERIFY"", ""nanHandling"": ""ON"", ""language"": ""FASTEXPR"", ""visualization"": false}",0,f87d985866d3eb3a4392063799b4e01fc43f5a299e9ae9b14cd318479d7f4b71,"group_neutralize(mul(div(ts_mean(volume,#),adv20),ts_zscore(div(anl10_analyst_innovation_eps_normal_increase_fy1,cap),#)),market)","group_neutralize(mul(div(ts_mean(FIELD,#),FIELD),ts_zscore(div(FIELD,FIELD),#)),market)",2026-08-02T11:20:49.196920+00:00
arch_level_liquid:primary,arch_level_liquid,proven,9.7,"group_neutralize(ts_zscore(anl10_epsrevise_ratio_to_close_fq1/cap,252)*rank(ts_mean(volume,63)/adv20),industry)","{""instrumentType"": ""EQUITY"", ""region"": ""USA"", ""universe"": ""TOP3000"", ""delay"": 1, ""decay"": 4, ""neutralization"": ""MARKET"", ""truncation"": 0.05, ""pasteurization"": ""ON"", ""unitHandling"": ""VERIFY"", ""nanHandling"": ""ON"", ""language"": ""FASTEXPR"", ""visualization"": false}",0,a652b0831bc1df2c310c891d192c7174ed0c2e4438e70fb658be96f341c4de9c,"group_neutralize(mul(div(ts_mean(volume,#),adv20),ts_zscore(div(anl10_epsrevise_ratio_to_close_fq1,cap),#)),industry)","group_neutralize(mul(div(ts_mean(FIELD,#),FIELD),ts_zscore(div(FIELD,FIELD),#)),industry)",2026-08-02T11:20:49.196920+00:00
arch_level_liquid:primary,arch_level_liquid,proven,9.7,"group_neutralize(ts_zscore(anl10_epsrevise_ratio_to_close_fq1/cap,126)*rank(ts_mean(volume,126)/adv20),industry)","{""instrumentType"": ""EQUITY"", ""region"": ""USA"", ""universe"": ""TOP3000"", ""delay"": 1, ""decay"": 4, ""neutralization"": ""MARKET"", ""truncation"": 0.05, ""pasteurization"": ""ON"", ""unitHandling"": ""VERIFY"", ""nanHandling"": ""ON"", ""language"": ""FASTEXPR"", ""visualization"": false}",0,f6f4aa9a9c07738d0d92e1bce3feafa6e247647b3c0c00b420b319aaf073b35b,"group_neutralize(mul(div(ts_mean(volume,#),adv20),ts_zscore(div(anl10_epsrevise_ratio_to_close_fq1,cap),#)),industry)","group_neutralize(mul(div(ts_mean(FIELD,#),FIELD),ts_zscore(div(FIELD,FIELD),#)),industry)",2026-08-02T11:20:49.196920+00:00
arch_level_liquid:primary,arch_level_liquid,proven,9.7,"group_neutralize(ts_zscore(anl10_epsrevise_ratio_to_close_fq2/cap,126)*rank(ts_mean(volume,126)/adv20),industry)","{""instrumentType"": ""EQUITY"", ""region"": ""USA"", ""universe"": ""TOP3000"", ""delay"": 1, ""decay"": 4, ""neutralization"": ""MARKET"", ""truncation"": 0.05, ""pasteurization"": ""ON"", ""unitHandling"": ""VERIFY"", ""nanHandling"": ""ON"", ""language"": ""FASTEXPR"", ""visualization"": false}",0,c65986647d8063c921d65ca2ecf6fcae69d9e3eb5461bc2fb80109f92501dd1a,"group_neutralize(mul(div(ts_mean(volume,#),adv20),ts_zscore(div(anl10_epsrevise_ratio_to_close_fq2,cap),#)),industry)","group_neutralize(mul(div(ts_mean(FIELD,#),FIELD),ts_zscore(div(FIELD,FIELD),#)),industry)",2026-08-02T11:20:49.196920+00:00
arch_level_liquid:primary,arch_level_liquid,proven,9.7,"group_neutralize(ts_zscore(anl10_epsrevise_ratio_to_consensus_fy1/cap,252)*rank(ts_mean(volume,63)/adv20),market)","{""instrumentType"": ""EQUITY"", ""region"": ""USA"", ""universe"": ""TOP3000"", ""delay"": 1, ""decay"": 4, ""neutralization"": ""MARKET"", ""truncation"": 0.05, ""pasteurization"": ""ON"", ""unitHandling"": ""VERIFY"", ""nanHandling"": ""ON"", ""language"": ""FASTEXPR"", ""visualization"": false}",0,61f2e9ee03a2d5e5d735a69c9821f540cb55e31f818a38b8a6ad27fc2ba45248,"group_neutralize(mul(div(ts_mean(volume,#),adv20),ts_zscore(div(anl10_epsrevise_ratio_to_consensus_fy1,cap),#)),market)","group_neutralize(mul(div(ts_mean(FIELD,#),FIELD),ts_zscore(div(FIELD,FIELD),#)),market)",2026-08-02T11:20:49.196920+00:00
arch_level_liquid:primary,arch_level_liquid,proven,9.7,"group_neutralize(ts_zscore(anl10_epsrevise_ratio_to_consensus_fy2/cap,252)*rank(ts_mean(volume,63)/adv20),sector)","{""instrumentType"": ""EQUITY"", ""region"": ""USA"", ""universe"": ""TOP3000"", ""delay"": 1, ""decay"": 4, ""neutralization"": ""MARKET"", ""truncation"": 0.05, ""pasteurization"": ""ON"", ""unitHandling"": ""VERIFY"", ""nanHandling"": ""ON"", ""language"": ""FASTEXPR"", ""visualization"": false}",0,1b94dec64bc7f0ed437d2c5d3d80312f68940c701962d598b652f02a9ea5bad0,"group_neutralize(mul(div(ts_mean(volume,#),adv20),ts_zscore(div(anl10_epsrevise_ratio_to_consensus_fy2,cap),#)),sector)","group_neutralize(mul(div(ts_mean(FIELD,#),FIELD),ts_zscore(div(FIELD,FIELD),#)),sector)",2026-08-02T11:20:49.196920+00:00
arch_level_liquid:primary,arch_level_liquid,proven,9.7,"group_neutralize(ts_zscore(anl10_epsrevise_ratio_to_consensus_fq1/cap,252)*rank(ts_mean(volume,63)/adv20),sector)","{""instrumentType"": ""EQUITY"", ""region"": ""USA"", ""universe"": ""TOP3000"", ""delay"": 1, ""decay"": 4, ""neutralization"": ""MARKET"", ""truncation"": 0.05, ""pasteurization"": ""ON"", ""unitHandling"": ""VERIFY"", ""nanHandling"": ""ON"", ""language"": ""FASTEXPR"", ""visualization"": false}",0,c17ce6497ea2d90ec152857474a7eb490dfe3a9b2b0b8f52e15a98647dfc8830,"group_neutralize(mul(div(ts_mean(volume,#),adv20),ts_zscore(div(anl10_epsrevise_ratio_to_consensus_fq1,cap),#)),sector)","group_neutralize(mul(div(ts_mean(FIELD,#),FIELD),ts_zscore(div(FIELD,FIELD),#)),sector)",2026-08-02T11:20:49.196920+00:00
arch_level_liquid:primary,arch_level_liquid,proven,9.7,"group_neutralize(ts_zscore(anl10_epsrevise_ratio_to_consensus_fq2/cap,252)*rank(ts_mean(volume,63)/adv20),market)","{""instrumentType"": ""EQUITY"", ""region"": ""USA"", ""universe"": ""TOP3000"", ""delay"": 1, ""decay"": 4, ""neutralization"": ""MARKET"", ""truncation"": 0.05, ""pasteurization"": ""ON"", ""unitHandling"": ""VERIFY"", ""nanHandling"": ""ON"", ""language"": ""FASTEXPR"", ""visualization"": false}",0,6b3cca32da0f8c1842c4a046f03467633c1f7b4ac7ed0978f851e899502734e7,"group_neutralize(mul(div(ts_mean(volume,#),adv20),ts_zscore(div(anl10_epsrevise_ratio_to_consensus_fq2,cap),#)),market)","group_neutralize(mul(div(ts_mean(FIELD,#),FIELD),ts_zscore(div(FIELD,FIELD),#)),market)",2026-08-02T11:20:49.196920+00:00
arch_level_liquid:primary,arch_level_liquid,proven,9.7,"group_neutralize(ts_zscore(anl10_epsrevise_ratio_to_consensus_fy1/cap,126)*rank(ts_mean(volume,126)/adv20),market)","{""instrumentType"": ""EQUITY"", ""region"": ""USA"", ""universe"": ""TOP3000"", ""delay"": 1, ""decay"": 4, ""neutralization"": ""MARKET"", ""truncation"": 0.05, ""pasteurization"": ""ON"", ""unitHandling"": ""VERIFY"", ""nanHandling"": ""ON"", ""language"": ""FASTEXPR"", ""visualization"": false}",0,45e25d0aebf697f3505dcfc4a264e7bf5139a6c453d43a5c56e11427ded28e25,"group_neutralize(mul(div(ts_mean(volume,#),adv20),ts_zscore(div(anl10_epsrevise_ratio_to_consensus_fy1,cap),#)),market)","group_neutralize(mul(div(ts_mean(FIELD,#),FIELD),ts_zscore(div(FIELD,FIELD),#)),market)",2026-08-02T11:20:49.196920+00:00
arch_level_liquid:primary,arch_level_liquid,proven,9.7,"group_neutralize(ts_zscore(anl10_epsrevise_ratio_to_consensus_fy2/cap,126)*rank(ts_mean(volume,126)/adv20),sector)","{""instrumentType"": ""EQUITY"", ""region"": ""USA"", ""universe"": ""TOP3000"", ""delay"": 1, ""decay"": 4, ""neutralization"": ""MARKET"", ""truncation"": 0.05, ""pasteurization"": ""ON"", ""unitHandling"": ""VERIFY"", ""nanHandling"": ""ON"", ""language"": ""FASTEXPR"", ""visualization"": false}",0,51a6e7ec4640d0d0abc2f90bd449dc0ae96ac7cea741170c4b1fc5b079e874c0,"group_neutralize(mul(div(ts_mean(volume,#),adv20),ts_zscore(div(anl10_epsrevise_ratio_to_consensus_fy2,cap),#)),sector)","group_neutralize(mul(div(ts_mean(FIELD,#),FIELD),ts_zscore(div(FIELD,FIELD),#)),sector)",2026-08-02T11:20:49.196920+00:00
arch_level_liquid:primary,arch_level_liquid,proven,9.7,"group_neutralize(ts_zscore(anl10_epsrevise_ratio_to_consensus_fq1/cap,126)*rank(ts_mean(volume,126)/adv20),sector)","{""instrumentType"": ""EQUITY"", ""region"": ""USA"", ""universe"": ""TOP3000"", ""delay"": 1, ""decay"": 4, ""neutralization"": ""MARKET"", ""truncation"": 0.05, ""pasteurization"": ""ON"", ""unitHandling"": ""VERIFY"", ""nanHandling"": ""ON"", ""language"": ""FASTEXPR"", ""visualization"": false}",0,b5a2611a6ddb4d8df843c61c08598aca247777e3e723c7b123133a898a20c20f,"group_neutralize(mul(div(ts_mean(volume,#),adv20),ts_zscore(div(anl10_epsrevise_ratio_to_consensus_fq1,cap),#)),sector)","group_neutralize(mul(div(ts_mean(FIELD,#),FIELD),ts_zscore(div(FIELD,FIELD),#)),sector)",2026-08-02T11:20:49.196920+00:00
arch_level_liquid:primary,arch_level_liquid,proven,9.7,"group_neutralize(ts_zscore(anl10_epsrevise_ratio_to_consensus_fq2/cap,126)*rank(ts_mean(volume,126)/adv20),market)","{""instrumentType"": ""EQUITY"", ""region"": ""USA"", ""universe"": ""TOP3000"", ""delay"": 1, ""decay"": 4, ""neutralization"": ""MARKET"", ""truncation"": 0.05, ""pasteurization"": ""ON"", ""unitHandling"": ""VERIFY"", ""nanHandling"": ""ON"", ""language"": ""FASTEXPR"", ""visualization"": false}",0,35cf6e4170852c82ab6790b6c6843e3c22c86fa8b79b4508e936090739612396,"group_neutralize(mul(div(ts_mean(volume,#),adv20),ts_zscore(div(anl10_epsrevise_ratio_to_consensus_fq2,cap),#)),market)","group_neutralize(mul(div(ts_mean(FIELD,#),FIELD),ts_zscore(div(FIELD,FIELD),#)),market)",2026-08-02T11:20:49.196920+00:00
arch_level_liquid:primary,arch_level_liquid,proven,9.7,"group_neutralize(ts_zscore(anl10_analyst_innovation_eps_revise_value_fy1/cap,252)*rank(ts_mean(volume,63)/adv20),sector)","{""instrumentType"": ""EQUITY"", ""region"": ""USA"", ""universe"": ""TOP3000"", ""delay"": 1, ""decay"": 4, ""neutralization"": ""MARKET"", ""truncation"": 0.05, ""pasteurization"": ""ON"", ""unitHandling"": ""VERIFY"", ""nanHandling"": ""ON"", ""language"": ""FASTEXPR"", ""visualization"": false}",0,6b76ee3d8d02727e4a8c362f40a2cfb6fe4a5f12c0e7d71f0269c1e005703bcd,"group_neutralize(mul(div(ts_mean(volume,#),adv20),ts_zscore(div(anl10_analyst_innovation_eps_revise_value_fy1,cap),#)),sector)","group_neutralize(mul(div(ts_mean(FIELD,#),FIELD),ts_zscore(div(FIELD,FIELD),#)),sector)",2026-08-02T11:20:49.196920+00:00
arch_level_liquid:primary,arch_level_liquid,proven,9.7,"group_neutralize(ts_zscore(anl10_analyst_innovation_eps_revise_value_fy1/cap,126)*rank(ts_mean(volume,126)/adv20),sector)","{""instrumentType"": ""EQUITY"", ""region"": ""USA"", ""universe"": ""TOP3000"", ""delay"": 1, ""decay"": 4, ""neutralization"": ""MARKET"", ""truncation"": 0.05, ""pasteurization"": ""ON"", ""unitHandling"": ""VERIFY"", ""nanHandling"": ""ON"", ""language"": ""FASTEXPR"", ""visualization"": false}",0,ee7007e486f4e33bc919627b5b09e83881f23e7aaeb9170bd5ccdf07e46e7157,"group_neutralize(mul(div(ts_mean(volume,#),adv20),ts_zscore(div(anl10_analyst_innovation_eps_revise_value_fy1,cap),#)),sector)","group_neutralize(mul(div(ts_mean(FIELD,#),FIELD),ts_zscore(div(FIELD,FIELD),#)),sector)",2026-08-02T11:20:49.196920+00:00
arch_level_liquid:primary,arch_level_liquid,proven,9.7,"group_neutralize(ts_zscore(anl10_analyst_innovation_eps_normal_increase_fy1/cap,252)*rank(ts_mean(volume,63)/adv20),market)","{""instrumentType"": ""EQUITY"", ""region"": ""USA"", ""universe"": ""TOP3000"", ""delay"": 1, ""decay"": 4, ""neutralization"": ""MARKET"", ""truncation"": 0.05, ""pasteurization"": ""ON"", ""unitHandling"": ""VERIFY"", ""nanHandling"": ""ON"", ""language"": ""FASTEXPR"", ""visualization"": false}",0,45587dca97575615c04031803743606196610e9bd202e4b689c4e701a391d46f,"group_neutralize(mul(div(ts_mean(volume,#),adv20),ts_zscore(div(anl10_analyst_innovation_eps_normal_increase_fy1,cap),#)),market)","group_neutralize(mul(div(ts_mean(FIELD,#),FIELD),ts_zscore(div(FIELD,FIELD),#)),market)",2026-08-02T11:20:49.196920+00:00
arch_level_liquid:primary,arch_level_liquid,proven,9.7,"group_neutralize(ts_zscore(anl10_analyst_innovation_eps_normal_increase_fy1/cap,126)*rank(ts_mean(volume,126)/adv20),market)","{""instrumentType"": ""EQUITY"", ""region"": ""USA"", ""universe"": ""TOP3000"", ""delay"": 1, ""decay"": 4, ""neutralization"": ""MARKET"", ""truncation"": 0.05, ""pasteurization"": ""ON"", ""unitHandling"": ""VERIFY"", ""nanHandling"": ""ON"", ""language"": ""FASTEXPR"", ""visualization"": false}",0,acbe2abbc0df758f95cfc616216156ff810ebce006fa0d3493340ff1a14ea8b9,"group_neutralize(mul(div(ts_mean(volume,#),adv20),ts_zscore(div(anl10_analyst_innovation_eps_normal_increase_fy1,cap),#)),market)","group_neutralize(mul(div(ts_mean(FIELD,#),FIELD),ts_zscore(div(FIELD,FIELD),#)),market)",2026-08-02T11:20:49.196920+00:00
arch_level_liquid:primary,arch_level_liquid,proven,9.55,"group_neutralize(ts_zscore(anl10_epsrevise_ratio_to_close_fq1/cap,126)*rank(ts_mean(volume,63)/adv20),industry)","{""instrumentType"": ""EQUITY"", ""region"": ""USA"", ""universe"": ""TOP3000"", ""delay"": 1, ""decay"": 4, ""neutralization"": ""MARKET"", ""truncation"": 0.05, ""pasteurization"": ""ON"", ""unitHandling"": ""VERIFY"", ""nanHandling"": ""ON"", ""language"": ""FASTEXPR"", ""visualization"": false}",0,d1f7ccc9fcb25932f6d7b491d0663a536c6d21fc50731e13c30f0d1b424a1a05,"group_neutralize(mul(div(ts_mean(volume,#),adv20),ts_zscore(div(anl10_epsrevise_ratio_to_close_fq1,cap),#)),industry)","group_neutralize(mul(div(ts_mean(FIELD,#),FIELD),ts_zscore(div(FIELD,FIELD),#)),industry)",2026-08-02T11:20:49.196920+00:00
arch_level_liquid:primary,arch_level_liquid,proven,9.55,"group_neutralize(ts_zscore(anl10_epsrevise_ratio_to_consensus_fy1/cap,126)*rank(ts_mean(volume,63)/adv20),market)","{""instrumentType"": ""EQUITY"", ""region"": ""USA"", ""universe"": ""TOP3000"", ""delay"": 1, ""decay"": 4, ""neutralization"": ""MARKET"", ""truncation"": 0.05, ""pasteurization"": ""ON"", ""unitHandling"": ""VERIFY"", ""nanHandling"": ""ON"", ""language"": ""FASTEXPR"", ""visualization"": false}",0,1a75c777458324ef0c2fb8f3f4cf4a02d57b1522e6353b58e34820a5e58d8497,"group_neutralize(mul(div(ts_mean(volume,#),adv20),ts_zscore(div(anl10_epsrevise_ratio_to_consensus_fy1,cap),#)),market)","group_neutralize(mul(div(ts_mean(FIELD,#),FIELD),ts_zscore(div(FIELD,FIELD),#)),market)",2026-08-02T11:20:49.196920+00:00
arch_level_liquid:primary,arch_level_liquid,proven,9.55,"group_neutralize(ts_zscore(anl10_epsrevise_ratio_to_consensus_fy2/cap,126)*rank(ts_mean(volume,63)/adv20),sector)","{""instrumentType"": ""EQUITY"", ""region"": ""USA"", ""universe"": ""TOP3000"", ""delay"": 1, ""decay"": 4, ""neutralization"": ""MARKET"", ""truncation"": 0.05, ""pasteurization"": ""ON"", ""unitHandling"": ""VERIFY"", ""nanHandling"": ""ON"", ""language"": ""FASTEXPR"", ""visualization"": false}",0,83e4b8dbe1037bde0890bb441d2fc9b02f59dd02ecae687b7e5e0446ceb05c4d,"group_neutralize(mul(div(ts_mean(volume,#),adv20),ts_zscore(div(anl10_epsrevise_ratio_to_consensus_fy2,cap),#)),sector)","group_neutralize(mul(div(ts_mean(FIELD,#),FIELD),ts_zscore(div(FIELD,FIELD),#)),sector)",2026-08-02T11:20:49.196920+00:00
arch_level_liquid:primary,arch_level_liquid,proven,9.55,"group_neutralize(ts_zscore(anl10_epsrevise_ratio_to_consensus_fq1/cap,126)*rank(ts_mean(volume,63)/adv20),sector)","{""instrumentType"": ""EQUITY"", ""region"": ""USA"", ""universe"": ""TOP3000"", ""delay"": 1, ""decay"": 4, ""neutralization"": ""MARKET"", ""truncation"": 0.05, ""pasteurization"": ""ON"", ""unitHandling"": ""VERIFY"", ""nanHandling"": ""ON"", ""language"": ""FASTEXPR"", ""visualization"": false}",0,afc98c166ca898bf38e3e41dfb274dadfe8293333662d7a497ec4b818c840d4a,"group_neutralize(mul(div(ts_mean(volume,#),adv20),ts_zscore(div(anl10_epsrevise_ratio_to_consensus_fq1,cap),#)),sector)","group_neutralize(mul(div(ts_mean(FIELD,#),FIELD),ts_zscore(div(FIELD,FIELD),#)),sector)",2026-08-02T11:20:49.196920+00:00
arch_level_liquid:primary,arch_level_liquid,proven,9.55,"group_neutralize(ts_zscore(anl10_epsrevise_ratio_to_consensus_fq2/cap,126)*rank(ts_mean(volume,63)/adv20),market)","{""instrumentType"": ""EQUITY"", ""region"": ""USA"", ""universe"": ""TOP3000"", ""delay"": 1, ""decay"": 4, ""neutralization"": ""MARKET"", ""truncation"": 0.05, ""pasteurization"": ""ON"", ""unitHandling"": ""VERIFY"", ""nanHandling"": ""ON"", ""language"": ""FASTEXPR"", ""visualization"": false}",0,d9a89e54c8dfc9c7e53555e169b70b0f3d9c121632e1f265d3ac5cce3ea83423,"group_neutralize(mul(div(ts_mean(volume,#),adv20),ts_zscore(div(anl10_epsrevise_ratio_to_consensus_fq2,cap),#)),market)","group_neutralize(mul(div(ts_mean(FIELD,#),FIELD),ts_zscore(div(FIELD,FIELD),#)),market)",2026-08-02T11:20:49.196920+00:00
arch_level_liquid:primary,arch_level_liquid,proven,9.55,"group_neutralize(ts_zscore(anl10_analyst_innovation_eps_revise_value_fy1/cap,126)*rank(ts_mean(volume,63)/adv20),sector)","{""instrumentType"": ""EQUITY"", ""region"": ""USA"", ""universe"": ""TOP3000"", ""delay"": 1, ""decay"": 4, ""neutralization"": ""MARKET"", ""truncation"": 0.05, ""pasteurization"": ""ON"", ""unitHandling"": ""VERIFY"", ""nanHandling"": ""ON"", ""language"": ""FASTEXPR"", ""visualization"": false}",0,e991673b482eadae9470eb141252234fd39e39c221ad3aab4f0b6ee2af986714,"group_neutralize(mul(div(ts_mean(volume,#),adv20),ts_zscore(div(anl10_analyst_innovation_eps_revise_value_fy1,cap),#)),sector)","group_neutralize(mul(div(ts_mean(FIELD,#),FIELD),ts_zscore(div(FIELD,FIELD),#)),sector)",2026-08-02T11:20:49.196920+00:00
arch_level_liquid:primary,arch_level_liquid,proven,9.55,"group_neutralize(ts_zscore(anl10_analyst_innovation_eps_normal_increase_fy1/cap,126)*rank(ts_mean(volume,63)/adv20),market)","{""instrumentType"": ""EQUITY"", ""region"": ""USA"", ""universe"": ""TOP3000"", ""delay"": 1, ""decay"": 4, ""neutralization"": ""MARKET"", ""truncation"": 0.05, ""pasteurization"": ""ON"", ""unitHandling"": ""VERIFY"", ""nanHandling"": ""ON"", ""language"": ""FASTEXPR"", ""visualization"": false}",0,938a42b3f659acd4a80567d1ca586959b5fc0a6c80348b5b70add6cd6b513e4b,"group_neutralize(mul(div(ts_mean(volume,#),adv20),ts_zscore(div(anl10_analyst_innovation_eps_normal_increase_fy1,cap),#)),market)","group_neutralize(mul(div(ts_mean(FIELD,#),FIELD),ts_zscore(div(FIELD,FIELD),#)),market)",2026-08-02T11:20:49.196920+00:00
arch_regime_shift:primary,arch_regime_shift,proven,9.3,"group_neutralize((ts_zscore(anl10_roeff_2323/cap,126)-ts_zscore(anl10_roeff_2323/cap,252))*rank(ts_mean(volume,63)/adv20),industry)","{""instrumentType"": ""EQUITY"", ""region"": ""USA"", ""universe"": ""TOP3000"", ""delay"": 1, ""decay"": 6, ""neutralization"": ""MARKET"", ""truncation"": 0.05, ""pasteurization"": ""ON"", ""unitHandling"": ""VERIFY"", ""nanHandling"": ""ON"", ""language"": ""FASTEXPR"", ""visualization"": false}",0,ca153994339996a7e4c46fc67d09431e4956e04e830e0f30575c8529fbeb80a6,"group_neutralize(mul(div(ts_mean(volume,#),adv20),sub(ts_zscore(div(anl10_roeff_2323,cap),#),ts_zscore(div(anl10_roeff_2323,cap),#))),industry)","group_neutralize(mul(div(ts_mean(FIELD,#),FIELD),sub(ts_zscore(div(FIELD,FIELD),#),ts_zscore(div(FIELD,FIELD),#))),industry)",2026-08-02T11:20:49.196920+00:00
arch_regime_shift:primary,arch_regime_shift,proven,9.3,"group_neutralize((ts_zscore(anl10_smartest_roe_ff/cap,126)-ts_zscore(anl10_smartest_roe_ff/cap,252))*rank(ts_mean(volume,63)/adv20),market)","{""instrumentType"": ""EQUITY"", ""region"": ""USA"", ""universe"": ""TOP3000"", ""delay"": 1, ""decay"": 6, ""neutralization"": ""MARKET"", ""truncation"": 0.05, ""pasteurization"": ""ON"", ""unitHandling"": ""VERIFY"", ""nanHandling"": ""ON"", ""language"": ""FASTEXPR"", ""visualization"": false}",0,5a74238047202c1be5574d3d677bce17d4e671cfada1ea076e5fe85965e0e1b0,"group_neutralize(mul(div(ts_mean(volume,#),adv20),sub(ts_zscore(div(anl10_smartest_roe_ff,cap),#),ts_zscore(div(anl10_smartest_roe_ff,cap),#))),market)","group_neutralize(mul(div(ts_mean(FIELD,#),FIELD),sub(ts_zscore(div(FIELD,FIELD),#),ts_zscore(div(FIELD,FIELD),#))),market)",2026-08-02T11:20:49.196920+00:00
arch_regime_shift:primary,arch_regime_shift,proven,9.3,"group_neutralize((ts_zscore(anl10_smartest_roa_ff/cap,126)-ts_zscore(anl10_smartest_roa_ff/cap,252))*rank(ts_mean(volume,63)/adv20),sector)","{""instrumentType"": ""EQUITY"", ""region"": ""USA"", ""universe"": ""TOP3000"", ""delay"": 1, ""decay"": 6, ""neutralization"": ""MARKET"", ""truncation"": 0.05, ""pasteurization"": ""ON"", ""unitHandling"": ""VERIFY"", ""nanHandling"": ""ON"", ""language"": ""FASTEXPR"", ""visualization"": false}",0,0c53fd7f1d28d4261500e3818ff08aa0fab7b2f99bf3fea34cad29580ddadb3f,"group_neutralize(mul(div(ts_mean(volume,#),adv20),sub(ts_zscore(div(anl10_smartest_roa_ff,cap),#),ts_zscore(div(anl10_smartest_roa_ff,cap),#))),sector)","group_neutralize(mul(div(ts_mean(FIELD,#),FIELD),sub(ts_zscore(div(FIELD,FIELD),#),ts_zscore(div(FIELD,FIELD),#))),sector)",2026-08-02T11:20:49.196920+00:00
arch_regime_shift:primary,arch_regime_shift,proven,9.15,"group_neutralize((ts_zscore(anl10_roeff_2323/cap,63)-ts_zscore(anl10_roeff_2323/cap,252))*rank(ts_mean(volume,63)/adv20),industry)","{""instrumentType"": ""EQUITY"", ""region"": ""USA"", ""universe"": ""TOP3000"", ""delay"": 1, ""decay"": 6, ""neutralization"": ""MARKET"", ""truncation"": 0.05, ""pasteurization"": ""ON"", ""unitHandling"": ""VERIFY"", ""nanHandling"": ""ON"", ""language"": ""FASTEXPR"", ""visualization"": false}",0,6fd947992d1efeab27bd248c28d44d6f3552cadfa30c5835db3c9bf1ef1a5315,"group_neutralize(mul(div(ts_mean(volume,#),adv20),sub(ts_zscore(div(anl10_roeff_2323,cap),#),ts_zscore(div(anl10_roeff_2323,cap),#))),industry)","group_neutralize(mul(div(ts_mean(FIELD,#),FIELD),sub(ts_zscore(div(FIELD,FIELD),#),ts_zscore(div(FIELD,FIELD),#))),industry)",2026-08-02T11:20:49.196920+00:00
arch_regime_shift:primary,arch_regime_shift,proven,9.15,"group_neutralize((ts_zscore(anl10_smartest_roe_ff/cap,63)-ts_zscore(anl10_smartest_roe_ff/cap,252))*rank(ts_mean(volume,63)/adv20),market)","{""instrumentType"": ""EQUITY"", ""region"": ""USA"", ""universe"": ""TOP3000"", ""delay"": 1, ""decay"": 6, ""neutralization"": ""MARKET"", ""truncation"": 0.05, ""pasteurization"": ""ON"", ""unitHandling"": ""VERIFY"", ""nanHandling"": ""ON"", ""language"": ""FASTEXPR"", ""visualization"": false}",0,616108883640413cf4a6d4e170d4048183a4b7f12077170d035e64f0aaa5c860,"group_neutralize(mul(div(ts_mean(volume,#),adv20),sub(ts_zscore(div(anl10_smartest_roe_ff,cap),#),ts_zscore(div(anl10_smartest_roe_ff,cap),#))),market)","group_neutralize(mul(div(ts_mean(FIELD,#),FIELD),sub(ts_zscore(div(FIELD,FIELD),#),ts_zscore(div(FIELD,FIELD),#))),market)",2026-08-02T11:20:49.196920+00:00
arch_regime_shift:primary,arch_regime_shift,proven,9.15,"group_neutralize((ts_zscore(anl10_smartest_roa_ff/cap,63)-ts_zscore(anl10_smartest_roa_ff/cap,252))*rank(ts_mean(volume,63)/adv20),sector)","{""instrumentType"": ""EQUITY"", ""region"": ""USA"", ""universe"": ""TOP3000"", ""delay"": 1, ""decay"": 6, ""neutralization"": ""MARKET"", ""truncation"": 0.05, ""pasteurization"": ""ON"", ""unitHandling"": ""VERIFY"", ""nanHandling"": ""ON"", ""language"": ""FASTEXPR"", ""visualization"": false}",0,abe4db0c4c36e1453a264fdcbfec5a788c3f5533db888509b57f53f5f81cc346,"group_neutralize(mul(div(ts_mean(volume,#),adv20),sub(ts_zscore(div(anl10_smartest_roa_ff,cap),#),ts_zscore(div(anl10_smartest_roa_ff,cap),#))),sector)","group_neutralize(mul(div(ts_mean(FIELD,#),FIELD),sub(ts_zscore(div(FIELD,FIELD),#),ts_zscore(div(FIELD,FIELD),#))),sector)",2026-08-02T11:20:49.196920+00:00
arch_regime_shift:primary,arch_regime_shift,proven,9.0,"group_neutralize((ts_zscore(anl10_roeff_2323/cap,63)-ts_zscore(anl10_roeff_2323/cap,126))*rank(ts_mean(volume,63)/adv20),industry)","{""instrumentType"": ""EQUITY"", ""region"": ""USA"", ""universe"": ""TOP3000"", ""delay"": 1, ""decay"": 6, ""neutralization"": ""MARKET"", ""truncation"": 0.05, ""pasteurization"": ""ON"", ""unitHandling"": ""VERIFY"", ""nanHandling"": ""ON"", ""language"": ""FASTEXPR"", ""visualization"": false}",0,7f30a4d4009260dcff2eacbd4910b1e6539e7ab9a5be9e81f0550565a8ae3456,"group_neutralize(mul(div(ts_mean(volume,#),adv20),sub(ts_zscore(div(anl10_roeff_2323,cap),#),ts_zscore(div(anl10_roeff_2323,cap),#))),industry)","group_neutralize(mul(div(ts_mean(FIELD,#),FIELD),sub(ts_zscore(div(FIELD,FIELD),#),ts_zscore(div(FIELD,FIELD),#))),industry)",2026-08-02T11:20:49.196920+00:00
arch_regime_shift:primary,arch_regime_shift,proven,9.0,"group_neutralize((ts_zscore(anl10_smartest_roe_ff/cap,63)-ts_zscore(anl10_smartest_roe_ff/cap,126))*rank(ts_mean(volume,63)/adv20),market)","{""instrumentType"": ""EQUITY"", ""region"": ""USA"", ""universe"": ""TOP3000"", ""delay"": 1, ""decay"": 6, ""neutralization"": ""MARKET"", ""truncation"": 0.05, ""pasteurization"": ""ON"", ""unitHandling"": ""VERIFY"", ""nanHandling"": ""ON"", ""language"": ""FASTEXPR"", ""visualization"": false}",0,a949dea377eff188f9f7812388590c6426080ff156af44a93bc05f0b0989b2d5,"group_neutralize(mul(div(ts_mean(volume,#),adv20),sub(ts_zscore(div(anl10_smartest_roe_ff,cap),#),ts_zscore(div(anl10_smartest_roe_ff,cap),#))),market)","group_neutralize(mul(div(ts_mean(FIELD,#),FIELD),sub(ts_zscore(div(FIELD,FIELD),#),ts_zscore(div(FIELD,FIELD),#))),market)",2026-08-02T11:20:49.196920+00:00
arch_regime_shift:primary,arch_regime_shift,proven,9.0,"group_neutralize((ts_zscore(anl10_smartest_roa_ff/cap,63)-ts_zscore(anl10_smartest_roa_ff/cap,126))*rank(ts_mean(volume,63)/adv20),sector)","{""instrumentType"": ""EQUITY"", ""region"": ""USA"", ""universe"": ""TOP3000"", ""delay"": 1, ""decay"": 6, ""neutralization"": ""MARKET"", ""truncation"": 0.05, ""pasteurization"": ""ON"", ""unitHandling"": ""VERIFY"", ""nanHandling"": ""ON"", ""language"": ""FASTEXPR"", ""visualization"": false}",0,5e886197bea71a9732e49bdcf4146e564f3b4a3abb2180621ad9926fed405f9c,"group_neutralize(mul(div(ts_mean(volume,#),adv20),sub(ts_zscore(div(anl10_smartest_roa_ff,cap),#),ts_zscore(div(anl10_smartest_roa_ff,cap),#))),sector)","group_neutralize(mul(div(ts_mean(FIELD,#),FIELD),sub(ts_zscore(div(FIELD,FIELD),#),ts_zscore(div(FIELD,FIELD),#))),sector)",2026-08-02T11:20:49.196920+00:00
arch_analyst_liquid:primary,arch_analyst_liquid,proven,8.7,"group_neutralize(ts_zscore(social_score_industry_position,126)*rank(ts_mean(volume,63)/adv20),market)","{""instrumentType"": ""EQUITY"", ""region"": ""USA"", ""universe"": ""TOP3000"", ""delay"": 1, ""decay"": 4, ""neutralization"": ""MARKET"", ""truncation"": 0.06, ""pasteurization"": ""ON"", ""unitHandling"": ""VERIFY"", ""nanHandling"": ""ON"", ""language"": ""FASTEXPR"", ""visualization"": false}",0,bb2a13ffb0f08939fd2d4ab6bf52dc6148faa1a47cbfec7d1929e4788385906b,"group_neutralize(mul(div(ts_mean(volume,#),adv20),ts_zscore(social_score_industry_position,#)),market)","group_neutralize(mul(div(ts_mean(FIELD,#),FIELD),ts_zscore(FIELD,#)),market)",2026-08-02T11:20:49.196920+00:00
arch_analyst_liquid:primary,arch_analyst_liquid,proven,8.7,"group_neutralize(ts_zscore(industry_government_bond_yield,126)*rank(ts_mean(volume,63)/adv20),sector)","{""instrumentType"": ""EQUITY"", ""region"": ""USA"", ""universe"": ""TOP3000"", ""delay"": 1, ""decay"": 4, ""neutralization"": ""MARKET"", ""truncation"": 0.06, ""pasteurization"": ""ON"", ""unitHandling"": ""VERIFY"", ""nanHandling"": ""ON"", ""language"": ""FASTEXPR"", ""visualization"": false}",0,d4c896c410322e735d17380e7c0136c5eb728b3487df7bf1880f2a4ab9bd089d,"group_neutralize(mul(div(ts_mean(volume,#),adv20),ts_zscore(industry_government_bond_yield,#)),sector)","group_neutralize(mul(div(ts_mean(FIELD,#),FIELD),ts_zscore(FIELD,#)),sector)",2026-08-02T11:20:49.196920+00:00
arch_analyst_liquid:primary,arch_analyst_liquid,proven,8.7,"group_neutralize(ts_zscore(industry_fy2_marketcap_percent,126)*rank(ts_mean(volume,63)/adv20),market)","{""instrumentType"": ""EQUITY"", ""region"": ""USA"", ""universe"": ""TOP3000"", ""delay"": 1, ""decay"": 4, ""neutralization"": ""MARKET"", ""truncation"": 0.06, ""pasteurization"": ""ON"", ""unitHandling"": ""VERIFY"", ""nanHandling"": ""ON"", ""language"": ""FASTEXPR"", ""visualization"": false}",0,9bc4b54cdebd6a22cb0736f65b39d31898b843096a86f6eef164ce116b79ca8f,"group_neutralize(mul(div(ts_mean(volume,#),adv20),ts_zscore(industry_fy2_marketcap_percent,#)),market)","group_neutralize(mul(div(ts_mean(FIELD,#),FIELD),ts_zscore(FIELD,#)),market)",2026-08-02T11:20:49.196920+00:00
arch_analyst_liquid:primary,arch_analyst_liquid,proven,8.7,"group_neutralize(ts_zscore(social_score_subsector_position,126)*rank(ts_mean(volume,63)/adv20),market)","{""instrumentType"": ""EQUITY"", ""region"": ""USA"", ""universe"": ""TOP3000"", ""delay"": 1, ""decay"": 4, ""neutralization"": ""MARKET"", ""truncation"": 0.06, ""pasteurization"": ""ON"", ""unitHandling"": ""VERIFY"", ""nanHandling"": ""ON"", ""language"": ""FASTEXPR"", ""visualization"": false}",0,d7fcf724789fa40ea036dbc79c386bb6e50cceb26295996df345dc86934c28e3,"group_neutralize(mul(div(ts_mean(volume,#),adv20),ts_zscore(social_score_subsector_position,#)),market)","group_neutralize(mul(div(ts_mean(FIELD,#),FIELD),ts_zscore(FIELD,#)),market)",2026-08-02T11:20:49.196920+00:00
arch_analyst_liquid:primary,arch_analyst_liquid,proven,8.7,"group_neutralize(ts_zscore(industry_18mo_marketcap_percent,126)*rank(ts_mean(volume,63)/adv20),market)","{""instrumentType"": ""EQUITY"", ""region"": ""USA"", ""universe"": ""TOP3000"", ""delay"": 1, ""decay"": 4, ""neutralization"": ""MARKET"", ""truncation"": 0.06, ""pasteurization"": ""ON"", ""unitHandling"": ""VERIFY"", ""nanHandling"": ""ON"", ""language"": ""FASTEXPR"", ""visualization"": false}",0,167fdf7d5285f5618b9853b3944497fb35ef72b497c43672c7f8e5259e326a03,"group_neutralize(mul(div(ts_mean(volume,#),adv20),ts_zscore(industry_18mo_marketcap_percent,#)),market)","group_neutralize(mul(div(ts_mean(FIELD,#),FIELD),ts_zscore(FIELD,#)),market)",2026-08-02T11:20:49.196920+00:00
arch_analyst_liquid:primary,arch_analyst_liquid,proven,8.7,"group_neutralize(ts_zscore(human_rights_supply_chain_score,126)*rank(ts_mean(volume,63)/adv20),market)","{""instrumentType"": ""EQUITY"", ""region"": ""USA"", ""universe"": ""TOP3000"", ""delay"": 1, ""decay"": 4, ""neutralization"": ""MARKET"", ""truncation"": 0.06, ""pasteurization"": ""ON"", ""unitHandling"": ""VERIFY"", ""nanHandling"": ""ON"", ""language"": ""FASTEXPR"", ""visualization"": false}",0,33f34934ef4c6baa067d114757000b0205ceb3483fe30cac17ee74021d847c6a,"group_neutralize(mul(div(ts_mean(volume,#),adv20),ts_zscore(human_rights_supply_chain_score,#)),market)","group_neutralize(mul(div(ts_mean(FIELD,#),FIELD),ts_zscore(FIELD,#)),market)",2026-08-02T11:20:49.196920+00:00
arch_analyst_liquid:primary,arch_analyst_liquid,proven,8.7,"group_neutralize(ts_zscore(workforce_pillar_composite_score,126)*rank(ts_mean(volume,63)/adv20),market)","{""instrumentType"": ""EQUITY"", ""region"": ""USA"", ""universe"": ""TOP3000"", ""delay"": 1, ""decay"": 4, ""neutralization"": ""MARKET"", ""truncation"": 0.06, ""pasteurization"": ""ON"", ""unitHandling"": ""VERIFY"", ""nanHandling"": ""ON"", ""language"": ""FASTEXPR"", ""visualization"": false}",0,177f977f60a4dc84c7aa44cc1448dff5fc216947ca29db9e53df11c95bc96b6d,"group_neutralize(mul(div(ts_mean(volume,#),adv20),ts_zscore(workforce_pillar_composite_score,#)),market)","group_neutralize(mul(div(ts_mean(FIELD,#),FIELD),ts_zscore(FIELD,#)),market)",2026-08-02T11:20:49.196920+00:00
arch_analyst_liquid:primary,arch_analyst_liquid,proven,8.7,"group_neutralize(ts_zscore(industry_fy3_marketcap_percent,126)*rank(ts_mean(volume,63)/adv20),industry)","{""instrumentType"": ""EQUITY"", ""region"": ""USA"", ""universe"": ""TOP3000"", ""delay"": 1, ""decay"": 4, ""neutralization"": ""MARKET"", ""truncation"": 0.06, ""pasteurization"": ""ON"", ""unitHandling"": ""VERIFY"", ""nanHandling"": ""ON"", ""language"": ""FASTEXPR"", ""visualization"": false}",0,1d99d58047c625bf36cf94163788be7651f5245ca4bab5660c7973e04a14fed1,"group_neutralize(mul(div(ts_mean(volume,#),adv20),ts_zscore(industry_fy3_marketcap_percent,#)),industry)","group_neutralize(mul(div(ts_mean(FIELD,#),FIELD),ts_zscore(FIELD,#)),industry)",2026-08-02T11:20:49.196920+00:00
arch_analyst_liquid:primary,arch_analyst_liquid,proven,8.7,"group_neutralize(ts_zscore(community_pillar_composite_score,126)*rank(ts_mean(volume,63)/adv20),market)","{""instrumentType"": ""EQUITY"", ""region"": ""USA"", ""universe"": ""TOP3000"", ""delay"": 1, ""decay"": 4, ""neutralization"": ""MARKET"", ""truncation"": 0.06, ""pasteurization"": ""ON"", ""unitHandling"": ""VERIFY"", ""nanHandling"": ""ON"", ""language"": ""FASTEXPR"", ""visualization"": false}",0,36e4733cce8bb5d907954f3c5b1ca8f443b28d9e4c9f5b82ff5ec09e93a58cab,"group_neutralize(mul(div(ts_mean(volume,#),adv20),ts_zscore(community_pillar_composite_score,#)),market)","group_neutralize(mul(div(ts_mean(FIELD,#),FIELD),ts_zscore(FIELD,#)),market)",2026-08-02T11:20:49.196920+00:00
arch_analyst_liquid:primary,arch_analyst_liquid,proven,8.7,"group_neutralize(ts_zscore(anl15_dpsgics_ind_18_m_ests_dn,126)*rank(ts_mean(volume,63)/adv20),industry)","{""instrumentType"": ""EQUITY"", ""region"": ""USA"", ""universe"": ""TOP3000"", ""delay"": 1, ""decay"": 4, ""neutralization"": ""MARKET"", ""truncation"": 0.06, ""pasteurization"": ""ON"", ""unitHandling"": ""VERIFY"", ""nanHandling"": ""ON"", ""language"": ""FASTEXPR"", ""visualization"": false}",0,1e16ff9a2c59e73e75c4fee1158eb6abbc6ab078b3593f2bfa2472c7efea53d8,"group_neutralize(mul(div(ts_mean(volume,#),adv20),ts_zscore(anl15_dpsgics_ind_18_m_ests_dn,#)),industry)","group_neutralize(mul(div(ts_mean(FIELD,#),FIELD),ts_zscore(FIELD,#)),industry)",2026-08-02T11:20:49.196920+00:00
arch_analyst_liquid:primary,arch_analyst_liquid,proven,8.7,"group_neutralize(ts_zscore(anl15_salgics_ind_cal_fy3_mean,126)*rank(ts_mean(volume,63)/adv20),industry)","{""instrumentType"": ""EQUITY"", ""region"": ""USA"", ""universe"": ""TOP3000"", ""delay"": 1, ""decay"": 4, ""neutralization"": ""MARKET"", ""truncation"": 0.06, ""pasteurization"": ""ON"", ""unitHandling"": ""VERIFY"", ""nanHandling"": ""ON"", ""language"": ""FASTEXPR"", ""visualization"": false}",0,0607a0eee6ec67bfc642d784329540c6872abc4a45b35421186abeea2ee20d90,"group_neutralize(mul(div(ts_mean(volume,#),adv20),ts_zscore(anl15_salgics_ind_cal_fy3_mean,#)),industry)","group_neutralize(mul(div(ts_mean(FIELD,#),FIELD),ts_zscore(FIELD,#)),industry)",2026-08-02T11:20:49.196920+00:00
arch_analyst_liquid:primary,arch_analyst_liquid,proven,8.7,"group_neutralize(ts_zscore(industry_12mo_marketcap_percent,126)*rank(ts_mean(volume,63)/adv20),industry)","{""instrumentType"": ""EQUITY"", ""region"": ""USA"", ""universe"": ""TOP3000"", ""delay"": 1, ""decay"": 4, ""neutralization"": ""MARKET"", ""truncation"": 0.06, ""pasteurization"": ""ON"", ""unitHandling"": ""VERIFY"", ""nanHandling"": ""ON"", ""language"": ""FASTEXPR"", ""visualization"": false}",0,a5fa003dc38e057d7d0326eb67384ccdc8265896464b15923197ebf30d35ce71,"group_neutralize(mul(div(ts_mean(volume,#),adv20),ts_zscore(industry_12mo_marketcap_percent,#)),industry)","group_neutralize(mul(div(ts_mean(FIELD,#),FIELD),ts_zscore(FIELD,#)),industry)",2026-08-02T11:20:49.196920+00:00
arch_analyst_liquid:primary,arch_analyst_liquid,proven,8.7,"group_neutralize(ts_zscore(governance_pillar_composite_score,126)*rank(ts_mean(volume,63)/adv20),market)","{""instrumentType"": ""EQUITY"", ""region"": ""USA"", ""universe"": ""TOP3000"", ""delay"": 1, ""decay"": 4, ""neutralization"": ""MARKET"", ""truncation"": 0.06, ""pasteurization"": ""ON"", ""unitHandling"": ""VERIFY"", ""nanHandling"": ""ON"", ""language"": ""FASTEXPR"", ""visualization"": false}",0,681c3b003a19d29c8c48b7d6332bb11324aef39fbbb1d92ed7664e630f287d69,"group_neutralize(mul(div(ts_mean(volume,#),adv20),ts_zscore(governance_pillar_composite_score,#)),market)","group_neutralize(mul(div(ts_mean(FIELD,#),FIELD),ts_zscore(FIELD,#)),market)",2026-08-02T11:20:49.196920+00:00
arch_analyst_liquid:primary,arch_analyst_liquid,proven,8.7,"group_neutralize(ts_zscore(management_ethics_standards_score,126)*rank(ts_mean(volume,63)/adv20),sector)","{""instrumentType"": ""EQUITY"", ""region"": ""USA"", ""universe"": ""TOP3000"", ""delay"": 1, ""decay"": 4, ""neutralization"": ""MARKET"", ""truncation"": 0.06, ""pasteurization"": ""ON"", ""unitHandling"": ""VERIFY"", ""nanHandling"": ""ON"", ""language"": ""FASTEXPR"", ""visualization"": false}",0,0588db8e5b7eca215e110d95d3fb902f5e1c1db642c2a2c36acb83bd6edff871,"group_neutralize(mul(div(ts_mean(volume,#),adv20),ts_zscore(management_ethics_standards_score,#)),sector)","group_neutralize(mul(div(ts_mean(FIELD,#),FIELD),ts_zscore(FIELD,#)),sector)",2026-08-02T11:20:49.196920+00:00
arch_analyst_liquid:primary,arch_analyst_liquid,proven,8.7,"group_neutralize(ts_zscore(workplace_diversity_labor_rights_score,126)*rank(ts_mean(volume,63)/adv20),market)","{""instrumentType"": ""EQUITY"", ""region"": ""USA"", ""universe"": ""TOP3000"", ""delay"": 1, ""decay"": 4, ""neutralization"": ""MARKET"", ""truncation"": 0.06, ""pasteurization"": ""ON"", ""unitHandling"": ""VERIFY"", ""nanHandling"": ""ON"", ""language"": ""FASTEXPR"", ""visualization"": false}",0,c61294df8ed187d1bee3ed1d071e72353492dd77de813c752a078d4ce643d46f,"group_neutralize(mul(div(ts_mean(volume,#),adv20),ts_zscore(workplace_diversity_labor_rights_score,#)),market)","group_neutralize(mul(div(ts_mean(FIELD,#),FIELD),ts_zscore(FIELD,#)),market)",2026-08-02T11:20:49.196920+00:00
arch_analyst_liquid:primary,arch_analyst_liquid,proven,8.7,"group_neutralize(ts_zscore(group_longterm_growth_marketcap_percent,126)*rank(ts_mean(volume,63)/adv20),sector)","{""instrumentType"": ""EQUITY"", ""region"": ""USA"", ""universe"": ""TOP3000"", ""delay"": 1, ""decay"": 4, ""neutralization"": ""MARKET"", ""truncation"": 0.06, ""pasteurization"": ""ON"", ""unitHandling"": ""VERIFY"", ""nanHandling"": ""ON"", ""language"": ""FASTEXPR"", ""visualization"": false}",0,2531a8831436b610592f595691b7f3e13e5537fe8916d3d74fac9be2d682528e,"group_neutralize(mul(div(ts_mean(volume,#),adv20),ts_zscore(group_longterm_growth_marketcap_percent,#)),sector)","group_neutralize(mul(div(ts_mean(FIELD,#),FIELD),ts_zscore(FIELD,#)),sector)",2026-08-02T11:20:49.196920+00:00
arch_analyst_liquid:primary,arch_analyst_liquid,proven,8.7,"group_neutralize(ts_zscore(sector_longterm_growth_marketcap_percent,126)*rank(ts_mean(volume,63)/adv20),market)","{""instrumentType"": ""EQUITY"", ""region"": ""USA"", ""universe"": ""TOP3000"", ""delay"": 1, ""decay"": 4, ""neutralization"": ""MARKET"", ""truncation"": 0.06, ""pasteurization"": ""ON"", ""unitHandling"": ""VERIFY"", ""nanHandling"": ""ON"", ""language"": ""FASTEXPR"", ""visualization"": false}",0,d967edf79dc6f09dea78b488735162391258250e2316c9400b8abd2a2e5b80fa,"group_neutralize(mul(div(ts_mean(volume,#),adv20),ts_zscore(sector_longterm_growth_marketcap_percent,#)),market)","group_neutralize(mul(div(ts_mean(FIELD,#),FIELD),ts_zscore(FIELD,#)),market)",2026-08-02T11:20:49.196920+00:00
arch_vol_price_div:primary,arch_vol_price_div,proven,8.55,"group_neutralize(ts_rank(ts_mean(volume,126)/adv20,126)*-rank(ts_delta(close,126)),market)","{""instrumentType"": ""EQUITY"", ""region"": ""USA"", ""universe"": ""TOP3000"", ""delay"": 1, ""decay"": 4, ""neutralization"": ""MARKET"", ""truncation"": 0.06, ""pasteurization"": ""ON"", ""unitHandling"": ""VERIFY"", ""nanHandling"": ""ON"", ""language"": ""FASTEXPR"", ""visualization"": false}",0,fbe366ce0ec43cc70b74c9528ac2f49bac38a2e69e2b935c71a9b3b5c74afe31,"group_neutralize(mul(neg(ts_delta(close,#)),ts_rank(div(ts_mean(volume,#),adv20),#)),market)","group_neutralize(mul(neg(ts_delta(FIELD,#)),ts_rank(div(ts_mean(FIELD,#),FIELD),#)),market)",2026-08-02T11:20:49.196920+00:00
arch_vol_price_div:primary,arch_vol_price_div,proven,8.55,"group_neutralize(ts_rank(ts_mean(volume,126)/adv20,126)*-rank(ts_delta(close,126)),sector)","{""instrumentType"": ""EQUITY"", ""region"": ""USA"", ""universe"": ""TOP3000"", ""delay"": 1, ""decay"": 4, ""neutralization"": ""MARKET"", ""truncation"": 0.06, ""pasteurization"": ""ON"", ""unitHandling"": ""VERIFY"", ""nanHandling"": ""ON"", ""language"": ""FASTEXPR"", ""visualization"": false}",0,32b665372629344ba465a82768d4c283c47916bb3dc985f882f3b2ca028f08c5,"group_neutralize(mul(neg(ts_delta(close,#)),ts_rank(div(ts_mean(volume,#),adv20),#)),sector)","group_neutralize(mul(neg(ts_delta(FIELD,#)),ts_rank(div(ts_mean(FIELD,#),FIELD),#)),sector)",2026-08-02T11:20:49.196920+00:00
arch_analyst_liquid:primary,arch_analyst_liquid,proven,8.55,"group_neutralize(ts_zscore(social_score_subsector_position,63)*rank(ts_mean(volume,63)/adv20),market)","{""instrumentType"": ""EQUITY"", ""region"": ""USA"", ""universe"": ""TOP3000"", ""delay"": 1, ""decay"": 4, ""neutralization"": ""MARKET"", ""truncation"": 0.06, ""pasteurization"": ""ON"", ""unitHandling"": ""VERIFY"", ""nanHandling"": ""ON"", ""language"": ""FASTEXPR"", ""visualization"": false}",0,497831a069385538df612883d45033b7ab94f6a714539145c2115592ddddd4fb,"group_neutralize(mul(div(ts_mean(volume,#),adv20),ts_zscore(social_score_subsector_position,#)),market)","group_neutralize(mul(div(ts_mean(FIELD,#),FIELD),ts_zscore(FIELD,#)),market)",2026-08-02T11:20:49.196920+00:00
arch_analyst_liquid:primary,arch_analyst_liquid,proven,8.55,"group_neutralize(ts_zscore(industry_18mo_marketcap_percent,63)*rank(ts_mean(volume,63)/adv20),market)","{""instrumentType"": ""EQUITY"", ""region"": ""USA"", ""universe"": ""TOP3000"", ""delay"": 1, ""decay"": 4, ""neutralization"": ""MARKET"", ""truncation"": 0.06, ""pasteurization"": ""ON"", ""unitHandling"": ""VERIFY"", ""nanHandling"": ""ON"", ""language"": ""FASTEXPR"", ""visualization"": false}",0,7fdb1285cb33f838df9ed139a7ad99da81cf0d57d50bf2d23bd05d4917f5ae57,"group_neutralize(mul(div(ts_mean(volume,#),adv20),ts_zscore(industry_18mo_marketcap_percent,#)),market)","group_neutralize(mul(div(ts_mean(FIELD,#),FIELD),ts_zscore(FIELD,#)),market)",2026-08-02T11:20:49.196920+00:00
arch_analyst_liquid:primary,arch_analyst_liquid,proven,8.55,"group_neutralize(ts_zscore(workforce_pillar_composite_score,63)*rank(ts_mean(volume,63)/adv20),market)","{""instrumentType"": ""EQUITY"", ""region"": ""USA"", ""universe"": ""TOP3000"", ""delay"": 1, ""decay"": 4, ""neutralization"": ""MARKET"", ""truncation"": 0.06, ""pasteurization"": ""ON"", ""unitHandling"": ""VERIFY"", ""nanHandling"": ""ON"", ""language"": ""FASTEXPR"", ""visualization"": false}",0,8d1ab98a64569ee84047265db8f848f4cbc602fa5643811cb0434d31e90c5688,"group_neutralize(mul(div(ts_mean(volume,#),adv20),ts_zscore(workforce_pillar_composite_score,#)),market)","group_neutralize(mul(div(ts_mean(FIELD,#),FIELD),ts_zscore(FIELD,#)),market)",2026-08-02T11:20:49.196920+00:00
arch_analyst_liquid:primary,arch_analyst_liquid,proven,8.55,"group_neutralize(ts_zscore(industry_fy3_marketcap_percent,63)*rank(ts_mean(volume,63)/adv20),industry)","{""instrumentType"": ""EQUITY"", ""region"": ""USA"", ""universe"": ""TOP3000"", ""delay"": 1, ""decay"": 4, ""neutralization"": ""MARKET"", ""truncation"": 0.06, ""pasteurization"": ""ON"", ""unitHandling"": ""VERIFY"", ""nanHandling"": ""ON"", ""language"": ""FASTEXPR"", ""visualization"": false}",0,e2ab600276d80525081bd449cafd141a87fe6f164597fafe5ed82087b5e70fa2,"group_neutralize(mul(div(ts_mean(volume,#),adv20),ts_zscore(industry_fy3_marketcap_percent,#)),industry)","group_neutralize(mul(div(ts_mean(FIELD,#),FIELD),ts_zscore(FIELD,#)),industry)",2026-08-02T11:20:49.196920+00:00
arch_analyst_liquid:primary,arch_analyst_liquid,proven,8.55,"group_neutralize(ts_zscore(community_pillar_composite_score,63)*rank(ts_mean(volume,63)/adv20),market)","{""instrumentType"": ""EQUITY"", ""region"": ""USA"", ""universe"": ""TOP3000"", ""delay"": 1, ""decay"": 4, ""neutralization"": ""MARKET"", ""truncation"": 0.06, ""pasteurization"": ""ON"", ""unitHandling"": ""VERIFY"", ""nanHandling"": ""ON"", ""language"": ""FASTEXPR"", ""visualization"": false}",0,bf7d398b2a9af3845bf458e6d536f8dbe7b1a3bd69270979a7137509b6b4f150,"group_neutralize(mul(div(ts_mean(volume,#),adv20),ts_zscore(community_pillar_composite_score,#)),market)","group_neutralize(mul(div(ts_mean(FIELD,#),FIELD),ts_zscore(FIELD,#)),market)",2026-08-02T11:20:49.196920+00:00
arch_analyst_liquid:primary,arch_analyst_liquid,proven,8.55,"group_neutralize(ts_zscore(anl15_dpsgics_ind_18_m_ests_dn,63)*rank(ts_mean(volume,63)/adv20),industry)","{""instrumentType"": ""EQUITY"", ""region"": ""USA"", ""universe"": ""TOP3000"", ""delay"": 1, ""decay"": 4, ""neutralization"": ""MARKET"", ""truncation"": 0.06, ""pasteurization"": ""ON"", ""unitHandling"": ""VERIFY"", ""nanHandling"": ""ON"", ""language"": ""FASTEXPR"", ""visualization"": false}",0,f966af9b11783a242138107eaf3ca59e75ec0382781b990cbc26f2c51f7b26ea,"group_neutralize(mul(div(ts_mean(volume,#),adv20),ts_zscore(anl15_dpsgics_ind_18_m_ests_dn,#)),industry)","group_neutralize(mul(div(ts_mean(FIELD,#),FIELD),ts_zscore(FIELD,#)),industry)",2026-08-02T11:20:49.196920+00:00
arch_analyst_liquid:primary,arch_analyst_liquid,proven,8.55,"group_neutralize(ts_zscore(anl15_salgics_ind_cal_fy3_mean,63)*rank(ts_mean(volume,63)/adv20),industry)","{""instrumentType"": ""EQUITY"", ""region"": ""USA"", ""universe"": ""TOP3000"", ""delay"": 1, ""decay"": 4, ""neutralization"": ""MARKET"", ""truncation"": 0.06, ""pasteurization"": ""ON"", ""unitHandling"": ""VERIFY"", ""nanHandling"": ""ON"", ""language"": ""FASTEXPR"", ""visualization"": false}",0,c5b82a7f349d745aea818c5fe15362c6c514144cef92fb420db52b331481d57d,"group_neutralize(mul(div(ts_mean(volume,#),adv20),ts_zscore(anl15_salgics_ind_cal_fy3_mean,#)),industry)","group_neutralize(mul(div(ts_mean(FIELD,#),FIELD),ts_zscore(FIELD,#)),industry)",2026-08-02T11:20:49.196920+00:00
arch_analyst_liquid:primary,arch_analyst_liquid,proven,8.55,"group_neutralize(ts_zscore(industry_12mo_marketcap_percent,63)*rank(ts_mean(volume,63)/adv20),industry)","{""instrumentType"": ""EQUITY"", ""region"": ""USA"", ""universe"": ""TOP3000"", ""delay"": 1, ""decay"": 4, ""neutralization"": ""MARKET"", ""truncation"": 0.06, ""pasteurization"": ""ON"", ""unitHandling"": ""VERIFY"", ""nanHandling"": ""ON"", ""language"": ""FASTEXPR"", ""visualization"": false}",0,55744033ac75666ab8e0a051e22e5eaa8a27a64eb2cffb3ff396ddbd6a87f796,"group_neutralize(mul(div(ts_mean(volume,#),adv20),ts_zscore(industry_12mo_marketcap_percent,#)),industry)","group_neutralize(mul(div(ts_mean(FIELD,#),FIELD),ts_zscore(FIELD,#)),industry)",2026-08-02T11:20:49.196920+00:00
arch_analyst_liquid:primary,arch_analyst_liquid,proven,8.55,"group_neutralize(ts_zscore(governance_pillar_composite_score,63)*rank(ts_mean(volume,63)/adv20),market)","{""instrumentType"": ""EQUITY"", ""region"": ""USA"", ""universe"": ""TOP3000"", ""delay"": 1, ""decay"": 4, ""neutralization"": ""MARKET"", ""truncation"": 0.06, ""pasteurization"": ""ON"", ""unitHandling"": ""VERIFY"", ""nanHandling"": ""ON"", ""language"": ""FASTEXPR"", ""visualization"": false}",0,8f05ffcc4296fb3ccc5fa9249803d193d48d498ecdd63a6c910f359611fe0aea,"group_neutralize(mul(div(ts_mean(volume,#),adv20),ts_zscore(governance_pillar_composite_score,#)),market)","group_neutralize(mul(div(ts_mean(FIELD,#),FIELD),ts_zscore(FIELD,#)),market)",2026-08-02T11:20:49.196920+00:00
arch_analyst_liquid:primary,arch_analyst_liquid,proven,8.55,"group_neutralize(ts_zscore(management_ethics_standards_score,63)*rank(ts_mean(volume,63)/adv20),sector)","{""instrumentType"": ""EQUITY"", ""region"": ""USA"", ""universe"": ""TOP3000"", ""delay"": 1, ""decay"": 4, ""neutralization"": ""MARKET"", ""truncation"": 0.06, ""pasteurization"": ""ON"", ""unitHandling"": ""VERIFY"", ""nanHandling"": ""ON"", ""language"": ""FASTEXPR"", ""visualization"": false}",0,b7672b2f848a8df3ad4d884153840f8b7f39757985362c35b83c9386fbff0ae0,"group_neutralize(mul(div(ts_mean(volume,#),adv20),ts_zscore(management_ethics_standards_score,#)),sector)","group_neutralize(mul(div(ts_mean(FIELD,#),FIELD),ts_zscore(FIELD,#)),sector)",2026-08-02T11:20:49.196920+00:00
arch_analyst_liquid:primary,arch_analyst_liquid,proven,8.55,"group_neutralize(ts_zscore(workplace_diversity_labor_rights_score,63)*rank(ts_mean(volume,63)/adv20),market)","{""instrumentType"": ""EQUITY"", ""region"": ""USA"", ""universe"": ""TOP3000"", ""delay"": 1, ""decay"": 4, ""neutralization"": ""MARKET"", ""truncation"": 0.06, ""pasteurization"": ""ON"", ""unitHandling"": ""VERIFY"", ""nanHandling"": ""ON"", ""language"": ""FASTEXPR"", ""visualization"": false}",0,ba02e6f8169507474ea1834b2b9b3e161cdbd37e667969068fba2256114c6d39,"group_neutralize(mul(div(ts_mean(volume,#),adv20),ts_zscore(workplace_diversity_labor_rights_score,#)),market)","group_neutralize(mul(div(ts_mean(FIELD,#),FIELD),ts_zscore(FIELD,#)),market)",2026-08-02T11:20:49.196920+00:00
arch_analyst_liquid:primary,arch_analyst_liquid,proven,8.55,"group_neutralize(ts_zscore(group_longterm_growth_marketcap_percent,63)*rank(ts_mean(volume,63)/adv20),sector)","{""instrumentType"": ""EQUITY"", ""region"": ""USA"", ""universe"": ""TOP3000"", ""delay"": 1, ""decay"": 4, ""neutralization"": ""MARKET"", ""truncation"": 0.06, ""pasteurization"": ""ON"", ""unitHandling"": ""VERIFY"", ""nanHandling"": ""ON"", ""language"": ""FASTEXPR"", ""visualization"": false}",0,0f85d59f6c3a487be85f2b36910451efa6a3e09a81666754d130016aca167dfe,"group_neutralize(mul(div(ts_mean(volume,#),adv20),ts_zscore(group_longterm_growth_marketcap_percent,#)),sector)","group_neutralize(mul(div(ts_mean(FIELD,#),FIELD),ts_zscore(FIELD,#)),sector)",2026-08-02T11:20:49.196920+00:00
arch_analyst_liquid:primary,arch_analyst_liquid,proven,8.55,"group_neutralize(ts_zscore(sector_longterm_growth_marketcap_percent,63)*rank(ts_mean(volume,63)/adv20),market)","{""instrumentType"": ""EQUITY"", ""region"": ""USA"", ""universe"": ""TOP3000"", ""delay"": 1, ""decay"": 4, ""neutralization"": ""MARKET"", ""truncation"": 0.06, ""pasteurization"": ""ON"", ""unitHandling"": ""VERIFY"", ""nanHandling"": ""ON"", ""language"": ""FASTEXPR"", ""visualization"": false}",0,86f0e87e9f621178cc45526df07b4e0083e76f968ad98199598cc977df6ba009,"group_neutralize(mul(div(ts_mean(volume,#),adv20),ts_zscore(sector_longterm_growth_marketcap_percent,#)),market)","group_neutralize(mul(div(ts_mean(FIELD,#),FIELD),ts_zscore(FIELD,#)),market)",2026-08-02T11:20:49.196920+00:00
arch_delta_liquid:primary,arch_delta_liquid,proven,8.5,"(group_rank(ts_delta(anl10_analyst_innovation_eps_revise_value_fy1,126)/cap,industry)-0.5)*rank(ts_mean(volume,63)/adv20)","{""instrumentType"": ""EQUITY"", ""region"": ""USA"", ""universe"": ""TOP3000"", ""delay"": 1, ""decay"": 4, ""neutralization"": ""MARKET"", ""truncation"": 0.05, ""pasteurization"": ""ON"", ""unitHandling"": ""VERIFY"", ""nanHandling"": ""ON"", ""language"": ""FASTEXPR"", ""visualization"": false}",0,e5a94843e2cc8f42a51a3f99a63db21c4eb6911766c90ac2388d86620c3a8719,"mul(div(ts_mean(volume,#),adv20),sub(group_rank(div(ts_delta(anl10_analyst_innovation_eps_revise_value_fy1,#),cap),industry),#))","mul(div(ts_mean(FIELD,#),FIELD),sub(group_rank(div(ts_delta(FIELD,#),FIELD),industry),#))",2026-08-02T11:20:49.196920+00:00
arch_delta_liquid:primary,arch_delta_liquid,proven,8.5,"(group_rank(ts_delta(anl10_analyst_innovation_eps_revise_value_fy2,126)/cap,industry)-0.5)*rank(ts_mean(volume,63)/adv20)","{""instrumentType"": ""EQUITY"", ""region"": ""USA"", ""universe"": ""TOP3000"", ""delay"": 1, ""decay"": 4, ""neutralization"": ""MARKET"", ""truncation"": 0.05, ""pasteurization"": ""ON"", ""unitHandling"": ""VERIFY"", ""nanHandling"": ""ON"", ""language"": ""FASTEXPR"", ""visualization"": false}",0,a4cca5c4ee9b4a7e3e93e5b4ae5ed4ad9dc97e35978ae36707e0a9552b4f7234,"mul(div(ts_mean(volume,#),adv20),sub(group_rank(div(ts_delta(anl10_analyst_innovation_eps_revise_value_fy2,#),cap),industry),#))","mul(div(ts_mean(FIELD,#),FIELD),sub(group_rank(div(ts_delta(FIELD,#),FIELD),industry),#))",2026-08-02T11:20:49.196920+00:00
arch_delta_liquid:primary,arch_delta_liquid,proven,8.5,"(group_rank(ts_delta(anl10_analyst_innovation_eps_normal_increase_fy1,126)/cap,industry)-0.5)*rank(ts_mean(volume,63)/adv20)","{""instrumentType"": ""EQUITY"", ""region"": ""USA"", ""universe"": ""TOP3000"", ""delay"": 1, ""decay"": 4, ""neutralization"": ""MARKET"", ""truncation"": 0.05, ""pasteurization"": ""ON"", ""unitHandling"": ""VERIFY"", ""nanHandling"": ""ON"", ""language"": ""FASTEXPR"", ""visualization"": false}",0,02d4ec3e2c645c32d4537ac8148b138ca3b21c8840280b3c054d4817359cfa56,"mul(div(ts_mean(volume,#),adv20),sub(group_rank(div(ts_delta(anl10_analyst_innovation_eps_normal_increase_fy1,#),cap),industry),#))","mul(div(ts_mean(FIELD,#),FIELD),sub(group_rank(div(ts_delta(FIELD,#),FIELD),industry),#))",2026-08-02T11:20:49.196920+00:00
arch_delta_liquid:primary,arch_delta_liquid,proven,8.5,"(group_rank(ts_delta(anl10_analyst_innovation_eps_normal_decrease_fy1,126)/cap,industry)-0.5)*rank(ts_mean(volume,63)/adv20)","{""instrumentType"": ""EQUITY"", ""region"": ""USA"", ""universe"": ""TOP3000"", ""delay"": 1, ""decay"": 4, ""neutralization"": ""MARKET"", ""truncation"": 0.05, ""pasteurization"": ""ON"", ""unitHandling"": ""VERIFY"", ""nanHandling"": ""ON"", ""language"": ""FASTEXPR"", ""visualization"": false}",0,7ce9cbc90cc7f617b8c1dbdba0096581628081d679f4b62dd38608838588ef8c,"mul(div(ts_mean(volume,#),adv20),sub(group_rank(div(ts_delta(anl10_analyst_innovation_eps_normal_decrease_fy1,#),cap),industry),#))","mul(div(ts_mean(FIELD,#),FIELD),sub(group_rank(div(ts_delta(FIELD,#),FIELD),industry),#))",2026-08-02T11:20:49.196920+00:00
arch_delta_liquid:primary,arch_delta_liquid,proven,8.5,"(group_rank(ts_delta(anl10_analyst_innovation_eps_normal_increase_fy2,126)/cap,industry)-0.5)*rank(ts_mean(volume,63)/adv20)","{""instrumentType"": ""EQUITY"", ""region"": ""USA"", ""universe"": ""TOP3000"", ""delay"": 1, ""decay"": 4, ""neutralization"": ""MARKET"", ""truncation"": 0.05, ""pasteurization"": ""ON"", ""unitHandling"": ""VERIFY"", ""nanHandling"": ""ON"", ""language"": ""FASTEXPR"", ""visualization"": false}",0,06b82e88ba2c465adbfdfbe40620f102858f4c9cd74d6e2614e29ba15a17f000,"mul(div(ts_mean(volume,#),adv20),sub(group_rank(div(ts_delta(anl10_analyst_innovation_eps_normal_increase_fy2,#),cap),industry),#))","mul(div(ts_mean(FIELD,#),FIELD),sub(group_rank(div(ts_delta(FIELD,#),FIELD),industry),#))",2026-08-02T11:20:49.196920+00:00
arch_delta_liquid:primary,arch_delta_liquid,proven,8.5,"(group_rank(ts_delta(anl10_analyst_innovation_eps_normal_decrease_fy2,126)/cap,industry)-0.5)*rank(ts_mean(volume,63)/adv20)","{""instrumentType"": ""EQUITY"", ""region"": ""USA"", ""universe"": ""TOP3000"", ""delay"": 1, ""decay"": 4, ""neutralization"": ""MARKET"", ""truncation"": 0.05, ""pasteurization"": ""ON"", ""unitHandling"": ""VERIFY"", ""nanHandling"": ""ON"", ""language"": ""FASTEXPR"", ""visualization"": false}",0,46b30f11bf0a368f8e3efcf30b73a51cc09347346c1bf5ede56fe756db48019f,"mul(div(ts_mean(volume,#),adv20),sub(group_rank(div(ts_delta(anl10_analyst_innovation_eps_normal_decrease_fy2,#),cap),industry),#))","mul(div(ts_mean(FIELD,#),FIELD),sub(group_rank(div(ts_delta(FIELD,#),FIELD),industry),#))",2026-08-02T11:20:49.196920+00:00
arch_delta_liquid:primary,arch_delta_liquid,proven,8.5,"(group_rank(ts_delta(anl10_analyst_innovation_eps_normal_increase_fq1,126)/cap,industry)-0.5)*rank(ts_mean(volume,63)/adv20)","{""instrumentType"": ""EQUITY"", ""region"": ""USA"", ""universe"": ""TOP3000"", ""delay"": 1, ""decay"": 4, ""neutralization"": ""MARKET"", ""truncation"": 0.05, ""pasteurization"": ""ON"", ""unitHandling"": ""VERIFY"", ""nanHandling"": ""ON"", ""language"": ""FASTEXPR"", ""visualization"": false}",0,46ab189584b606a1995ad5c46bdd245b53b901c407fd3a9389ba72e43f220a90,"mul(div(ts_mean(volume,#),adv20),sub(group_rank(div(ts_delta(anl10_analyst_innovation_eps_normal_increase_fq1,#),cap),industry),#))","mul(div(ts_mean(FIELD,#),FIELD),sub(group_rank(div(ts_delta(FIELD,#),FIELD),industry),#))",2026-08-02T11:20:49.196920+00:00
arch_delta_liquid:primary,arch_delta_liquid,proven,8.5,"(group_rank(ts_delta(anl10_analyst_innovation_eps_normal_decrease_fq1,126)/cap,industry)-0.5)*rank(ts_mean(volume,63)/adv20)","{""instrumentType"": ""EQUITY"", ""region"": ""USA"", ""universe"": ""TOP3000"", ""delay"": 1, ""decay"": 4, ""neutralization"": ""MARKET"", ""truncation"": 0.05, ""pasteurization"": ""ON"", ""unitHandling"": ""VERIFY"", ""nanHandling"": ""ON"", ""language"": ""FASTEXPR"", ""visualization"": false}",0,8d3d81f463d6b0bb1863fe5cc16b6cd5d5006d75fd37f8ad726ce526f9499ee1,"mul(div(ts_mean(volume,#),adv20),sub(group_rank(div(ts_delta(anl10_analyst_innovation_eps_normal_decrease_fq1,#),cap),industry),#))","mul(div(ts_mean(FIELD,#),FIELD),sub(group_rank(div(ts_delta(FIELD,#),FIELD),industry),#))",2026-08-02T11:20:49.196920+00:00
arch_delta_liquid:primary,arch_delta_liquid,proven,8.5,"(group_rank(ts_delta(anl10_analyst_innovation_eps_normal_increase_fq2,126)/cap,industry)-0.5)*rank(ts_mean(volume,63)/adv20)","{""instrumentType"": ""EQUITY"", ""region"": ""USA"", ""universe"": ""TOP3000"", ""delay"": 1, ""decay"": 4, ""neutralization"": ""MARKET"", ""truncation"": 0.05, ""pasteurization"": ""ON"", ""unitHandling"": ""VERIFY"", ""nanHandling"": ""ON"", ""language"": ""FASTEXPR"", ""visualization"": false}",0,6916a3a323c3dc833d4be74c4cfeddb1f74c3fd84273f452d126544ac5197037,"mul(div(ts_mean(volume,#),adv20),sub(group_rank(div(ts_delta(anl10_analyst_innovation_eps_normal_increase_fq2,#),cap),industry),#))","mul(div(ts_mean(FIELD,#),FIELD),sub(group_rank(div(ts_delta(FIELD,#),FIELD),industry),#))",2026-08-02T11:20:49.196920+00:00
arch_delta_liquid:primary,arch_delta_liquid,proven,8.5,"(group_rank(ts_delta(anl10_analyst_innovation_eps_normal_decrease_fq2,126)/cap,industry)-0.5)*rank(ts_mean(volume,63)/adv20)","{""instrumentType"": ""EQUITY"", ""region"": ""USA"", ""universe"": ""TOP3000"", ""delay"": 1, ""decay"": 4, ""neutralization"": ""MARKET"", ""truncation"": 0.05, ""pasteurization"": ""ON"", ""unitHandling"": ""VERIFY"", ""nanHandling"": ""ON"", ""language"": ""FASTEXPR"", ""visualization"": false}",0,dae943c13fb5ac33dc90e611fbc7ba7db21e787d6e76f9996badc5bf389c27a9,"mul(div(ts_mean(volume,#),adv20),sub(group_rank(div(ts_delta(anl10_analyst_innovation_eps_normal_decrease_fq2,#),cap),industry),#))","mul(div(ts_mean(FIELD,#),FIELD),sub(group_rank(div(ts_delta(FIELD,#),FIELD),industry),#))",2026-08-02T11:20:49.196920+00:00
arch_delta_liquid:primary,arch_delta_liquid,proven,8.5,"(group_rank(ts_delta(anl10_analyst_innovation_eps_innovation_score_fy1,126)/cap,industry)-0.5)*rank(ts_mean(volume,63)/adv20)","{""instrumentType"": ""EQUITY"", ""region"": ""USA"", ""universe"": ""TOP3000"", ""delay"": 1, ""decay"": 4, ""neutralization"": ""MARKET"", ""truncation"": 0.05, ""pasteurization"": ""ON"", ""unitHandling"": ""VERIFY"", ""nanHandling"": ""ON"", ""language"": ""FASTEXPR"", ""visualization"": false}",0,36ea4c3a41c4d45ac2e3fed8949c58f608cb80941ff3a146ed406ec13a248655,"mul(div(ts_mean(volume,#),adv20),sub(group_rank(div(ts_delta(anl10_analyst_innovation_eps_innovation_score_fy1,#),cap),industry),#))","mul(div(ts_mean(FIELD,#),FIELD),sub(group_rank(div(ts_delta(FIELD,#),FIELD),industry),#))",2026-08-02T11:20:49.196920+00:00
arch_delta_liquid:primary,arch_delta_liquid,proven,8.5,"(group_rank(ts_delta(anl10_analyst_innovation_eps_innovation_score_fy2,126)/cap,industry)-0.5)*rank(ts_mean(volume,63)/adv20)","{""instrumentType"": ""EQUITY"", ""region"": ""USA"", ""universe"": ""TOP3000"", ""delay"": 1, ""decay"": 4, ""neutralization"": ""MARKET"", ""truncation"": 0.05, ""pasteurization"": ""ON"", ""unitHandling"": ""VERIFY"", ""nanHandling"": ""ON"", ""language"": ""FASTEXPR"", ""visualization"": false}",0,d17e7da056be0d907c37f266370fc7027cd73860ad5c12f22b656c002b118f48,"mul(div(ts_mean(volume,#),adv20),sub(group_rank(div(ts_delta(anl10_analyst_innovation_eps_innovation_score_fy2,#),cap),industry),#))","mul(div(ts_mean(FIELD,#),FIELD),sub(group_rank(div(ts_delta(FIELD,#),FIELD),industry),#))",2026-08-02T11:20:49.196920+00:00
arch_delta_liquid:primary,arch_delta_liquid,proven,8.5,"(group_rank(ts_delta(anl10_analyst_innovation_eps_innovation_score_fq1,126)/cap,industry)-0.5)*rank(ts_mean(volume,63)/adv20)","{""instrumentType"": ""EQUITY"", ""region"": ""USA"", ""universe"": ""TOP3000"", ""delay"": 1, ""decay"": 4, ""neutralization"": ""MARKET"", ""truncation"": 0.05, ""pasteurization"": ""ON"", ""unitHandling"": ""VERIFY"", ""nanHandling"": ""ON"", ""language"": ""FASTEXPR"", ""visualization"": false}",0,5dd48a5b05a26e481dd5e75f3c629df3bc97beb009a79853e20f334ecd4e6996,"mul(div(ts_mean(volume,#),adv20),sub(group_rank(div(ts_delta(anl10_analyst_innovation_eps_innovation_score_fq1,#),cap),industry),#))","mul(div(ts_mean(FIELD,#),FIELD),sub(group_rank(div(ts_delta(FIELD,#),FIELD),industry),#))",2026-08-02T11:20:49.196920+00:00
arch_delta_liquid:primary,arch_delta_liquid,proven,8.5,"(group_rank(ts_delta(anl10_analyst_innovation_eps_innovation_score_fq2,126)/cap,industry)-0.5)*rank(ts_mean(volume,63)/adv20)","{""instrumentType"": ""EQUITY"", ""region"": ""USA"", ""universe"": ""TOP3000"", ""delay"": 1, ""decay"": 4, ""neutralization"": ""MARKET"", ""truncation"": 0.05, ""pasteurization"": ""ON"", ""unitHandling"": ""VERIFY"", ""nanHandling"": ""ON"", ""language"": ""FASTEXPR"", ""visualization"": false}",0,7dd74b2ab6d8f37b8cb12075729cadd726872f876b403c2939f447a10eb7261c,"mul(div(ts_mean(volume,#),adv20),sub(group_rank(div(ts_delta(anl10_analyst_innovation_eps_innovation_score_fq2,#),cap),industry),#))","mul(div(ts_mean(FIELD,#),FIELD),sub(group_rank(div(ts_delta(FIELD,#),FIELD),industry),#))",2026-08-02T11:20:49.196920+00:00
arch_delta_liquid:primary,arch_delta_liquid,proven,8.5,"(group_rank(ts_delta(anl10_analyst_innovation_eps_innovate_decrease_fy1,126)/cap,industry)-0.5)*rank(ts_mean(volume,63)/adv20)","{""instrumentType"": ""EQUITY"", ""region"": ""USA"", ""universe"": ""TOP3000"", ""delay"": 1, ""decay"": 4, ""neutralization"": ""MARKET"", ""truncation"": 0.05, ""pasteurization"": ""ON"", ""unitHandling"": ""VERIFY"", ""nanHandling"": ""ON"", ""language"": ""FASTEXPR"", ""visualization"": false}",0,447e8c0ecc9970431540a8740d0aad6b98a859f0567b4f054c76c196b511be76,"mul(div(ts_mean(volume,#),adv20),sub(group_rank(div(ts_delta(anl10_analyst_innovation_eps_innovate_decrease_fy1,#),cap),industry),#))","mul(div(ts_mean(FIELD,#),FIELD),sub(group_rank(div(ts_delta(FIELD,#),FIELD),industry),#))",2026-08-02T11:20:49.196920+00:00
arch_delta_liquid:primary,arch_delta_liquid,proven,8.5,"(group_rank(ts_delta(anl10_analyst_innovation_eps_innovate_increase_fy1,126)/cap,industry)-0.5)*rank(ts_mean(volume,63)/adv20)","{""instrumentType"": ""EQUITY"", ""region"": ""USA"", ""universe"": ""TOP3000"", ""delay"": 1, ""decay"": 4, ""neutralization"": ""MARKET"", ""truncation"": 0.05, ""pasteurization"": ""ON"", ""unitHandling"": ""VERIFY"", ""nanHandling"": ""ON"", ""language"": ""FASTEXPR"", ""visualization"": false}",0,e529dd9dd326a9f17315633cb7bd5b151d9758ddf59c408ab3508926d565ce0f,"mul(div(ts_mean(volume,#),adv20),sub(group_rank(div(ts_delta(anl10_analyst_innovation_eps_innovate_increase_fy1,#),cap),industry),#))","mul(div(ts_mean(FIELD,#),FIELD),sub(group_rank(div(ts_delta(FIELD,#),FIELD),industry),#))",2026-08-02T11:20:49.196920+00:00
arch_delta_liquid:primary,arch_delta_liquid,proven,8.5,"(group_rank(ts_delta(anl10_analyst_innovation_eps_innovate_increase_fy2,126)/cap,industry)-0.5)*rank(ts_mean(volume,63)/adv20)","{""instrumentType"": ""EQUITY"", ""region"": ""USA"", ""universe"": ""TOP3000"", ""delay"": 1, ""decay"": 4, ""neutralization"": ""MARKET"", ""truncation"": 0.05, ""pasteurization"": ""ON"", ""unitHandling"": ""VERIFY"", ""nanHandling"": ""ON"", ""language"": ""FASTEXPR"", ""visualization"": false}",0,ccb8df4c6f817c489babb91fda6d67fedb466a39b31026a4b3fad12c8791f3f9,"mul(div(ts_mean(volume,#),adv20),sub(group_rank(div(ts_delta(anl10_analyst_innovation_eps_innovate_increase_fy2,#),cap),industry),#))","mul(div(ts_mean(FIELD,#),FIELD),sub(group_rank(div(ts_delta(FIELD,#),FIELD),industry),#))",2026-08-02T11:20:49.196920+00:00
arch_delta_liquid:primary,arch_delta_liquid,proven,8.5,"(group_rank(ts_delta(anl10_analyst_innovation_eps_innovate_decrease_fy2,126)/cap,industry)-0.5)*rank(ts_mean(volume,63)/adv20)","{""instrumentType"": ""EQUITY"", ""region"": ""USA"", ""universe"": ""TOP3000"", ""delay"": 1, ""decay"": 4, ""neutralization"": ""MARKET"", ""truncation"": 0.05, ""pasteurization"": ""ON"", ""unitHandling"": ""VERIFY"", ""nanHandling"": ""ON"", ""language"": ""FASTEXPR"", ""visualization"": false}",0,bd8f4ba47f55bc973e52eb8248e24d155d5da8a46eaa08e111224b22889121d0,"mul(div(ts_mean(volume,#),adv20),sub(group_rank(div(ts_delta(anl10_analyst_innovation_eps_innovate_decrease_fy2,#),cap),industry),#))","mul(div(ts_mean(FIELD,#),FIELD),sub(group_rank(div(ts_delta(FIELD,#),FIELD),industry),#))",2026-08-02T11:20:49.196920+00:00
arch_delta_liquid:primary,arch_delta_liquid,proven,8.5,"(group_rank(ts_delta(anl10_analyst_innovation_eps_innovate_decrease_fq1,126)/cap,industry)-0.5)*rank(ts_mean(volume,63)/adv20)","{""instrumentType"": ""EQUITY"", ""region"": ""USA"", ""universe"": ""TOP3000"", ""delay"": 1, ""decay"": 4, ""neutralization"": ""MARKET"", ""truncation"": 0.05, ""pasteurization"": ""ON"", ""unitHandling"": ""VERIFY"", ""nanHandling"": ""ON"", ""language"": ""FASTEXPR"", ""visualization"": false}",0,c64c66df2ce7013be14999a0784eb64e76e367c16d1a08a903a111efd4fc86d8,"mul(div(ts_mean(volume,#),adv20),sub(group_rank(div(ts_delta(anl10_analyst_innovation_eps_innovate_decrease_fq1,#),cap),industry),#))","mul(div(ts_mean(FIELD,#),FIELD),sub(group_rank(div(ts_delta(FIELD,#),FIELD),industry),#))",2026-08-02T11:20:49.196920+00:00
arch_delta_liquid:primary,arch_delta_liquid,proven,8.5,"(group_rank(ts_delta(anl10_analyst_innovation_eps_innovate_increase_fq1,126)/cap,industry)-0.5)*rank(ts_mean(volume,63)/adv20)","{""instrumentType"": ""EQUITY"", ""region"": ""USA"", ""universe"": ""TOP3000"", ""delay"": 1, ""decay"": 4, ""neutralization"": ""MARKET"", ""truncation"": 0.05, ""pasteurization"": ""ON"", ""unitHandling"": ""VERIFY"", ""nanHandling"": ""ON"", ""language"": ""FASTEXPR"", ""visualization"": false}",0,e2ce79f148c10032b53e20fd66c76704e8ee3f1512f233ab96ff7c15d44eeb04,"mul(div(ts_mean(volume,#),adv20),sub(group_rank(div(ts_delta(anl10_analyst_innovation_eps_innovate_increase_fq1,#),cap),industry),#))","mul(div(ts_mean(FIELD,#),FIELD),sub(group_rank(div(ts_delta(FIELD,#),FIELD),industry),#))",2026-08-02T11:20:49.196920+00:00
arch_delta_liquid:primary,arch_delta_liquid,proven,8.5,"(group_rank(ts_delta(anl10_analyst_innovation_eps_innovate_decrease_fq2,126)/cap,industry)-0.5)*rank(ts_mean(volume,63)/adv20)","{""instrumentType"": ""EQUITY"", ""region"": ""USA"", ""universe"": ""TOP3000"", ""delay"": 1, ""decay"": 4, ""neutralization"": ""MARKET"", ""truncation"": 0.05, ""pasteurization"": ""ON"", ""unitHandling"": ""VERIFY"", ""nanHandling"": ""ON"", ""language"": ""FASTEXPR"", ""visualization"": false}",0,d262e12ab425c90464d40b7047592b7576bed449e2d3fbee9bf6e0543d26414b,"mul(div(ts_mean(volume,#),adv20),sub(group_rank(div(ts_delta(anl10_analyst_innovation_eps_innovate_decrease_fq2,#),cap),industry),#))","mul(div(ts_mean(FIELD,#),FIELD),sub(group_rank(div(ts_delta(FIELD,#),FIELD),industry),#))",2026-08-02T11:20:49.196920+00:00
arch_delta_liquid:primary,arch_delta_liquid,proven,8.5,"(group_rank(ts_delta(anl10_analyst_innovation_eps_innovate_increase_fq2,126)/cap,industry)-0.5)*rank(ts_mean(volume,63)/adv20)","{""instrumentType"": ""EQUITY"", ""region"": ""USA"", ""universe"": ""TOP3000"", ""delay"": 1, ""decay"": 4, ""neutralization"": ""MARKET"", ""truncation"": 0.05, ""pasteurization"": ""ON"", ""unitHandling"": ""VERIFY"", ""nanHandling"": ""ON"", ""language"": ""FASTEXPR"", ""visualization"": false}",0,9c9e5c47178443753488c16b4cd33f0fe3a8e537a13b22bc4b2d4c5ca0731d83,"mul(div(ts_mean(volume,#),adv20),sub(group_rank(div(ts_delta(anl10_analyst_innovation_eps_innovate_increase_fq2,#),cap),industry),#))","mul(div(ts_mean(FIELD,#),FIELD),sub(group_rank(div(ts_delta(FIELD,#),FIELD),industry),#))",2026-08-02T11:20:49.196920+00:00
arch_delta_liquid:primary,arch_delta_liquid,proven,8.5,"(group_rank(ts_delta(anl10_analyst_innovation_eps_revise_ratio_to_close_fy1,126)/cap,industry)-0.5)*rank(ts_mean(volume,63)/adv20)","{""instrumentType"": ""EQUITY"", ""region"": ""USA"", ""universe"": ""TOP3000"", ""delay"": 1, ""decay"": 4, ""neutralization"": ""MARKET"", ""truncation"": 0.05, ""pasteurization"": ""ON"", ""unitHandling"": ""VERIFY"", ""nanHandling"": ""ON"", ""language"": ""FASTEXPR"", ""visualization"": false}",0,cdaa05f10dfe4ab7f53795a433755ebde2e66c2f93fdc960a654e6845ef3df0c,"mul(div(ts_mean(volume,#),adv20),sub(group_rank(div(ts_delta(anl10_analyst_innovation_eps_revise_ratio_to_close_fy1,#),cap),industry),#))","mul(div(ts_mean(FIELD,#),FIELD),sub(group_rank(div(ts_delta(FIELD,#),FIELD),industry),#))",2026-08-02T11:20:49.196920+00:00
arch_delta_liquid:primary,arch_delta_liquid,proven,8.5,"(group_rank(ts_delta(anl10_analyst_innovation_eps_revise_ratio_to_close_fy2,126)/cap,industry)-0.5)*rank(ts_mean(volume,63)/adv20)","{""instrumentType"": ""EQUITY"", ""region"": ""USA"", ""universe"": ""TOP3000"", ""delay"": 1, ""decay"": 4, ""neutralization"": ""MARKET"", ""truncation"": 0.05, ""pasteurization"": ""ON"", ""unitHandling"": ""VERIFY"", ""nanHandling"": ""ON"", ""language"": ""FASTEXPR"", ""visualization"": false}",0,ae8b1d1a2c8eca4e6cc071659a11dbb28b115cff0c4b55c06118aa5b62c15ff6,"mul(div(ts_mean(volume,#),adv20),sub(group_rank(div(ts_delta(anl10_analyst_innovation_eps_revise_ratio_to_close_fy2,#),cap),industry),#))","mul(div(ts_mean(FIELD,#),FIELD),sub(group_rank(div(ts_delta(FIELD,#),FIELD),industry),#))",2026-08-02T11:20:49.196920+00:00
arch_delta_liquid:primary,arch_delta_liquid,proven,8.5,"(group_rank(ts_delta(anl10_analyst_innovation_eps_revise_ratio_to_close_fq1,126)/cap,industry)-0.5)*rank(ts_mean(volume,63)/adv20)","{""instrumentType"": ""EQUITY"", ""region"": ""USA"", ""universe"": ""TOP3000"", ""delay"": 1, ""decay"": 4, ""neutralization"": ""MARKET"", ""truncation"": 0.05, ""pasteurization"": ""ON"", ""unitHandling"": ""VERIFY"", ""nanHandling"": ""ON"", ""language"": ""FASTEXPR"", ""visualization"": false}",0,b26cdd7bc2ef47a2d158ef482835c3d0d5c2e5166855b915e888c5e9f58ac1ca,"mul(div(ts_mean(volume,#),adv20),sub(group_rank(div(ts_delta(anl10_analyst_innovation_eps_revise_ratio_to_close_fq1,#),cap),industry),#))","mul(div(ts_mean(FIELD,#),FIELD),sub(group_rank(div(ts_delta(FIELD,#),FIELD),industry),#))",2026-08-02T11:20:49.196920+00:00
arch_delta_liquid:primary,arch_delta_liquid,proven,8.5,"(group_rank(ts_delta(anl10_analyst_innovation_eps_revise_ratio_to_close_fq2,126)/cap,industry)-0.5)*rank(ts_mean(volume,63)/adv20)","{""instrumentType"": ""EQUITY"", ""region"": ""USA"", ""universe"": ""TOP3000"", ""delay"": 1, ""decay"": 4, ""neutralization"": ""MARKET"", ""truncation"": 0.05, ""pasteurization"": ""ON"", ""unitHandling"": ""VERIFY"", ""nanHandling"": ""ON"", ""language"": ""FASTEXPR"", ""visualization"": false}",0,e969c4cd5c71bb6a153b2772d4de86061fc0c56775a223e5c1d5841a4bcd48bc,"mul(div(ts_mean(volume,#),adv20),sub(group_rank(div(ts_delta(anl10_analyst_innovation_eps_revise_ratio_to_close_fq2,#),cap),industry),#))","mul(div(ts_mean(FIELD,#),FIELD),sub(group_rank(div(ts_delta(FIELD,#),FIELD),industry),#))",2026-08-02T11:20:49.196920+00:00
arch_delta_liquid:primary,arch_delta_liquid,proven,8.5,"(group_rank(ts_delta(anl10_analyst_innovation_eps_revise_ratio_to_consensus_fy1,126)/cap,industry)-0.5)*rank(ts_mean(volume,63)/adv20)","{""instrumentType"": ""EQUITY"", ""region"": ""USA"", ""universe"": ""TOP3000"", ""delay"": 1, ""decay"": 4, ""neutralization"": ""MARKET"", ""truncation"": 0.05, ""pasteurization"": ""ON"", ""unitHandling"": ""VERIFY"", ""nanHandling"": ""ON"", ""language"": ""FASTEXPR"", ""visualization"": false}",0,23ea2837b1c25429740057c62d2a27ca0c982f72ae34400459deb8d54a5d00f5,"mul(div(ts_mean(volume,#),adv20),sub(group_rank(div(ts_delta(anl10_analyst_innovation_eps_revise_ratio_to_consensus_fy1,#),cap),industry),#))","mul(div(ts_mean(FIELD,#),FIELD),sub(group_rank(div(ts_delta(FIELD,#),FIELD),industry),#))",2026-08-02T11:20:49.196920+00:00
arch_delta_liquid:primary,arch_delta_liquid,proven,8.5,"(group_rank(ts_delta(anl10_analyst_innovation_eps_revise_ratio_to_consensus_fy2,126)/cap,industry)-0.5)*rank(ts_mean(volume,63)/adv20)","{""instrumentType"": ""EQUITY"", ""region"": ""USA"", ""universe"": ""TOP3000"", ""delay"": 1, ""decay"": 4, ""neutralization"": ""MARKET"", ""truncation"": 0.05, ""pasteurization"": ""ON"", ""unitHandling"": ""VERIFY"", ""nanHandling"": ""ON"", ""language"": ""FASTEXPR"", ""visualization"": false}",0,cf34d34faeb201a2975052147afd91d8e3df95ef9a433a277a4b803060a00f9c,"mul(div(ts_mean(volume,#),adv20),sub(group_rank(div(ts_delta(anl10_analyst_innovation_eps_revise_ratio_to_consensus_fy2,#),cap),industry),#))","mul(div(ts_mean(FIELD,#),FIELD),sub(group_rank(div(ts_delta(FIELD,#),FIELD),industry),#))",2026-08-02T11:20:49.196920+00:00
arch_delta_liquid:primary,arch_delta_liquid,proven,8.5,"(group_rank(ts_delta(anl10_analyst_innovation_eps_revise_ratio_to_consensus_fq1,126)/cap,industry)-0.5)*rank(ts_mean(volume,63)/adv20)","{""instrumentType"": ""EQUITY"", ""region"": ""USA"", ""universe"": ""TOP3000"", ""delay"": 1, ""decay"": 4, ""neutralization"": ""MARKET"", ""truncation"": 0.05, ""pasteurization"": ""ON"", ""unitHandling"": ""VERIFY"", ""nanHandling"": ""ON"", ""language"": ""FASTEXPR"", ""visualization"": false}",0,46375845912cff678758c6f9924110e5d614cbec0b08da0f17eacff5958b7704,"mul(div(ts_mean(volume,#),adv20),sub(group_rank(div(ts_delta(anl10_analyst_innovation_eps_revise_ratio_to_consensus_fq1,#),cap),industry),#))","mul(div(ts_mean(FIELD,#),FIELD),sub(group_rank(div(ts_delta(FIELD,#),FIELD),industry),#))",2026-08-02T11:20:49.196920+00:00
arch_delta_liquid:primary,arch_delta_liquid,proven,8.5,"(group_rank(ts_delta(anl10_analyst_innovation_eps_revise_ratio_to_consensus_fq2,126)/cap,industry)-0.5)*rank(ts_mean(volume,63)/adv20)","{""instrumentType"": ""EQUITY"", ""region"": ""USA"", ""universe"": ""TOP3000"", ""delay"": 1, ""decay"": 4, ""neutralization"": ""MARKET"", ""truncation"": 0.05, ""pasteurization"": ""ON"", ""unitHandling"": ""VERIFY"", ""nanHandling"": ""ON"", ""language"": ""FASTEXPR"", ""visualization"": false}",0,59dd600d8b832ab010943adfa36c8b62cccddf3935c9efa26a830b04ecc3be50,"mul(div(ts_mean(volume,#),adv20),sub(group_rank(div(ts_delta(anl10_analyst_innovation_eps_revise_ratio_to_consensus_fq2,#),cap),industry),#))","mul(div(ts_mean(FIELD,#),FIELD),sub(group_rank(div(ts_delta(FIELD,#),FIELD),industry),#))",2026-08-02T11:20:49.196920+00:00
arch_vol_price_div:primary,arch_vol_price_div,proven,8.399999999999999,"group_neutralize(ts_rank(ts_mean(volume,63)/adv20,126)*-rank(ts_delta(close,126)),market)","{""instrumentType"": ""EQUITY"", ""region"": ""USA"", ""universe"": ""TOP3000"", ""delay"": 1, ""decay"": 4, ""neutralization"": ""MARKET"", ""truncation"": 0.06, ""pasteurization"": ""ON"", ""unitHandling"": ""VERIFY"", ""nanHandling"": ""ON"", ""language"": ""FASTEXPR"", ""visualization"": false}",0,b7b3c209ba384e2b33058b9e9bc266fee8e6c7caf70418c74e6a05856b7d1d14,"group_neutralize(mul(neg(ts_delta(close,#)),ts_rank(div(ts_mean(volume,#),adv20),#)),market)","group_neutralize(mul(neg(ts_delta(FIELD,#)),ts_rank(div(ts_mean(FIELD,#),FIELD),#)),market)",2026-08-02T11:20:49.196920+00:00
arch_vol_price_div:primary,arch_vol_price_div,proven,8.399999999999999,"group_neutralize(ts_rank(ts_mean(volume,63)/adv20,126)*-rank(ts_delta(close,126)),sector)","{""instrumentType"": ""EQUITY"", ""region"": ""USA"", ""universe"": ""TOP3000"", ""delay"": 1, ""decay"": 4, ""neutralization"": ""MARKET"", ""truncation"": 0.06, ""pasteurization"": ""ON"", ""unitHandling"": ""VERIFY"", ""nanHandling"": ""ON"", ""language"": ""FASTEXPR"", ""visualization"": false}",0,3cf42f0572b17a7ade60d43e6ea575fbad6a01b9d62247c0dac7aa809080e5df,"group_neutralize(mul(neg(ts_delta(close,#)),ts_rank(div(ts_mean(volume,#),adv20),#)),sector)","group_neutralize(mul(neg(ts_delta(FIELD,#)),ts_rank(div(ts_mean(FIELD,#),FIELD),#)),sector)",2026-08-02T11:20:49.196920+00:00
arch_vol_price_div:primary,arch_vol_price_div,proven,8.35,"group_neutralize(ts_rank(ts_mean(volume,126)/adv20,126)*-rank(ts_delta(close,126)),industry)","{""instrumentType"": ""EQUITY"", ""region"": ""USA"", ""universe"": ""TOP3000"", ""delay"": 1, ""decay"": 4, ""neutralization"": ""MARKET"", ""truncation"": 0.06, ""pasteurization"": ""ON"", ""unitHandling"": ""VERIFY"", ""nanHandling"": ""ON"", ""language"": ""FASTEXPR"", ""visualization"": false}",0,7d347f966dcfb855cde66fb46871b0e4c2bfbbb984dd5de7cb94463842be90d2,"group_neutralize(mul(neg(ts_delta(close,#)),ts_rank(div(ts_mean(volume,#),adv20),#)),industry)","group_neutralize(mul(neg(ts_delta(FIELD,#)),ts_rank(div(ts_mean(FIELD,#),FIELD),#)),industry)",2026-08-02T11:20:49.196920+00:00
arch_vol_price_div:primary,arch_vol_price_div,proven,8.3,"group_neutralize(ts_rank(ts_mean(volume,42)/adv20,126)*-rank(ts_delta(close,126)),market)","{""instrumentType"": ""EQUITY"", ""region"": ""USA"", ""universe"": ""TOP3000"", ""delay"": 1, ""decay"": 4, ""neutralization"": ""MARKET"", ""truncation"": 0.06, ""pasteurization"": ""ON"", ""unitHandling"": ""VERIFY"", ""nanHandling"": ""ON"", ""language"": ""FASTEXPR"", ""visualization"": false}",0,9dced409fcf1c75a884cd36a95f4b0022a5dac99a082a70160b6330330209f62,"group_neutralize(mul(neg(ts_delta(close,#)),ts_rank(div(ts_mean(volume,#),adv20),#)),market)","group_neutralize(mul(neg(ts_delta(FIELD,#)),ts_rank(div(ts_mean(FIELD,#),FIELD),#)),market)",2026-08-02T11:20:49.196920+00:00
arch_vol_price_div:primary,arch_vol_price_div,proven,8.3,"group_neutralize(ts_rank(ts_mean(volume,42)/adv20,126)*-rank(ts_delta(close,126)),sector)","{""instrumentType"": ""EQUITY"", ""region"": ""USA"", ""universe"": ""TOP3000"", ""delay"": 1, ""decay"": 4, ""neutralization"": ""MARKET"", ""truncation"": 0.06, ""pasteurization"": ""ON"", ""unitHandling"": ""VERIFY"", ""nanHandling"": ""ON"", ""language"": ""FASTEXPR"", ""visualization"": false}",0,ae1ed6dbb2f1d605adebb036d72c993a2b7738bc633dff95fd176d313b6c4510,"group_neutralize(mul(neg(ts_delta(close,#)),ts_rank(div(ts_mean(volume,#),adv20),#)),sector)","group_neutralize(mul(neg(ts_delta(FIELD,#)),ts_rank(div(ts_mean(FIELD,#),FIELD),#)),sector)",2026-08-02T11:20:49.196920+00:00
arch_vol_price_div:primary,arch_vol_price_div,proven,8.25,"group_neutralize(ts_rank(ts_mean(volume,126)/adv20,63)*-rank(ts_delta(close,63)),market)","{""instrumentType"": ""EQUITY"", ""region"": ""USA"", ""universe"": ""TOP3000"", ""delay"": 1, ""decay"": 4, ""neutralization"": ""MARKET"", ""truncation"": 0.06, ""pasteurization"": ""ON"", ""unitHandling"": ""VERIFY"", ""nanHandling"": ""ON"", ""language"": ""FASTEXPR"", ""visualization"": false}",0,62b2a8684d00997117aca0949de17dffc291abf7e20c5025cc3f76a4e11a56d8,"group_neutralize(mul(neg(ts_delta(close,#)),ts_rank(div(ts_mean(volume,#),adv20),#)),market)","group_neutralize(mul(neg(ts_delta(FIELD,#)),ts_rank(div(ts_mean(FIELD,#),FIELD),#)),market)",2026-08-02T11:20:49.196920+00:00
arch_vol_price_div:primary,arch_vol_price_div,proven,8.25,"group_neutralize(ts_rank(ts_mean(volume,126)/adv20,63)*-rank(ts_delta(close,63)),sector)","{""instrumentType"": ""EQUITY"", ""region"": ""USA"", ""universe"": ""TOP3000"", ""delay"": 1, ""decay"": 4, ""neutralization"": ""MARKET"", ""truncation"": 0.06, ""pasteurization"": ""ON"", ""unitHandling"": ""VERIFY"", ""nanHandling"": ""ON"", ""language"": ""FASTEXPR"", ""visualization"": false}",0,05fb3639573ee0399ca132c8d087e1294517d9cd15b59e98364f8cef2a151f06,"group_neutralize(mul(neg(ts_delta(close,#)),ts_rank(div(ts_mean(volume,#),adv20),#)),sector)","group_neutralize(mul(neg(ts_delta(FIELD,#)),ts_rank(div(ts_mean(FIELD,#),FIELD),#)),sector)",2026-08-02T11:20:49.196920+00:00
arch_hybrid_level_liq:primary,arch_hybrid_level_liq,proven,8.25,"(group_rank(anl10_analyst_innovation_eps_revise_value_fy2/cap,sector)-0.5)*rank(ts_mean(volume,63)/adv20)","{""instrumentType"": ""EQUITY"", ""region"": ""USA"", ""universe"": ""TOP3000"", ""delay"": 1, ""decay"": 4, ""neutralization"": ""MARKET"", ""truncation"": 0.05, ""pasteurization"": ""ON"", ""unitHandling"": ""VERIFY"", ""nanHandling"": ""ON"", ""language"": ""FASTEXPR"", ""visualization"": false}",0,53bd6454ecf4c24a2785eee313af2fdb6825de26b07da8f6a31ad7d58284ad3e,"mul(div(ts_mean(volume,#),adv20),sub(group_rank(div(anl10_analyst_innovation_eps_revise_value_fy2,cap),sector),#))","mul(div(ts_mean(FIELD,#),FIELD),sub(group_rank(div(FIELD,FIELD),sector),#))",2026-08-02T11:20:49.196920+00:00
arch_hybrid_level_liq:primary,arch_hybrid_level_liq,proven,8.25,"(group_rank(anl10_analyst_innovation_eps_revise_value_fq1/cap,market)-0.5)*rank(ts_mean(volume,63)/adv20)","{""instrumentType"": ""EQUITY"", ""region"": ""USA"", ""universe"": ""TOP3000"", ""delay"": 1, ""decay"": 4, ""neutralization"": ""MARKET"", ""truncation"": 0.05, ""pasteurization"": ""ON"", ""unitHandling"": ""VERIFY"", ""nanHandling"": ""ON"", ""language"": ""FASTEXPR"", ""visualization"": false}",0,54863e897e3daad7c2482ad1fd179249912c28f89c2f74a868215fccba2a4cd5,"mul(div(ts_mean(volume,#),adv20),sub(group_rank(div(anl10_analyst_innovation_eps_revise_value_fq1,cap),market),#))","mul(div(ts_mean(FIELD,#),FIELD),sub(group_rank(div(FIELD,FIELD),market),#))",2026-08-02T11:20:49.196920+00:00
arch_hybrid_level_liq:primary,arch_hybrid_level_liq,proven,8.25,"(group_rank(anl10_analyst_innovation_eps_revise_value_fq2/cap,market)-0.5)*rank(ts_mean(volume,63)/adv20)","{""instrumentType"": ""EQUITY"", ""region"": ""USA"", ""universe"": ""TOP3000"", ""delay"": 1, ""decay"": 4, ""neutralization"": ""MARKET"", ""truncation"": 0.05, ""pasteurization"": ""ON"", ""unitHandling"": ""VERIFY"", ""nanHandling"": ""ON"", ""language"": ""FASTEXPR"", ""visualization"": false}",0,b0ecd88f8092866e084193d030c6ae4d36ffe83d075aed5d67d05f484a56a66c,"mul(div(ts_mean(volume,#),adv20),sub(group_rank(div(anl10_analyst_innovation_eps_revise_value_fq2,cap),market),#))","mul(div(ts_mean(FIELD,#),FIELD),sub(group_rank(div(FIELD,FIELD),market),#))",2026-08-02T11:20:49.196920+00:00
arch_hybrid_level_liq:primary,arch_hybrid_level_liq,proven,8.25,"(group_rank(anl10_analyst_innovation_eps_normal_decrease_fy1/cap,market)-0.5)*rank(ts_mean(volume,63)/adv20)","{""instrumentType"": ""EQUITY"", ""region"": ""USA"", ""universe"": ""TOP3000"", ""delay"": 1, ""decay"": 4, ""neutralization"": ""MARKET"", ""truncation"": 0.05, ""pasteurization"": ""ON"", ""unitHandling"": ""VERIFY"", ""nanHandling"": ""ON"", ""language"": ""FASTEXPR"", ""visualization"": false}",0,bcfbb9c69f5be494f8cc99b37cd5fd243213a816b6a7dffa52cfa8280fbdf4fc,"mul(div(ts_mean(volume,#),adv20),sub(group_rank(div(anl10_analyst_innovation_eps_normal_decrease_fy1,cap),market),#))","mul(div(ts_mean(FIELD,#),FIELD),sub(group_rank(div(FIELD,FIELD),market),#))",2026-08-02T11:20:49.196920+00:00
arch_hybrid_level_liq:primary,arch_hybrid_level_liq,proven,8.25,"(group_rank(anl10_analyst_innovation_eps_normal_increase_fy2/cap,market)-0.5)*rank(ts_mean(volume,63)/adv20)","{""instrumentType"": ""EQUITY"", ""region"": ""USA"", ""universe"": ""TOP3000"", ""delay"": 1, ""decay"": 4, ""neutralization"": ""MARKET"", ""truncation"": 0.05, ""pasteurization"": ""ON"", ""unitHandling"": ""VERIFY"", ""nanHandling"": ""ON"", ""language"": ""FASTEXPR"", ""visualization"": false}",0,3859b760765e707e9a2ef561674952a8e422a7dc5edc9b13df12a57b61f02237,"mul(div(ts_mean(volume,#),adv20),sub(group_rank(div(anl10_analyst_innovation_eps_normal_increase_fy2,cap),market),#))","mul(div(ts_mean(FIELD,#),FIELD),sub(group_rank(div(FIELD,FIELD),market),#))",2026-08-02T11:20:49.196920+00:00
arch_hybrid_level_liq:primary,arch_hybrid_level_liq,proven,8.25,"(group_rank(anl10_analyst_innovation_eps_normal_decrease_fy2/cap,market)-0.5)*rank(ts_mean(volume,63)/adv20)","{""instrumentType"": ""EQUITY"", ""region"": ""USA"", ""universe"": ""TOP3000"", ""delay"": 1, ""decay"": 4, ""neutralization"": ""MARKET"", ""truncation"": 0.05, ""pasteurization"": ""ON"", ""unitHandling"": ""VERIFY"", ""nanHandling"": ""ON"", ""language"": ""FASTEXPR"", ""visualization"": false}",0,97ebca8addaedd7b05a727cb37fac6337e770b7160ed166a787306509e3098d0,"mul(div(ts_mean(volume,#),adv20),sub(group_rank(div(anl10_analyst_innovation_eps_normal_decrease_fy2,cap),market),#))","mul(div(ts_mean(FIELD,#),FIELD),sub(group_rank(div(FIELD,FIELD),market),#))",2026-08-02T11:20:49.196920+00:00
arch_hybrid_level_liq:primary,arch_hybrid_level_liq,proven,8.25,"(group_rank(anl10_analyst_innovation_eps_normal_increase_fq1/cap,market)-0.5)*rank(ts_mean(volume,63)/adv20)","{""instrumentType"": ""EQUITY"", ""region"": ""USA"", ""universe"": ""TOP3000"", ""delay"": 1, ""decay"": 4, ""neutralization"": ""MARKET"", ""truncation"": 0.05, ""pasteurization"": ""ON"", ""unitHandling"": ""VERIFY"", ""nanHandling"": ""ON"", ""language"": ""FASTEXPR"", ""visualization"": false}",0,e41d7c48f5c245dd21a4dafd579f11301621f1dfd909f2a1c899b734166f2206,"mul(div(ts_mean(volume,#),adv20),sub(group_rank(div(anl10_analyst_innovation_eps_normal_increase_fq1,cap),market),#))","mul(div(ts_mean(FIELD,#),FIELD),sub(group_rank(div(FIELD,FIELD),market),#))",2026-08-02T11:20:49.196920+00:00
arch_hybrid_level_liq:primary,arch_hybrid_level_liq,proven,8.25,"(group_rank(anl10_analyst_innovation_eps_normal_decrease_fq1/cap,sector)-0.5)*rank(ts_mean(volume,63)/adv20)","{""instrumentType"": ""EQUITY"", ""region"": ""USA"", ""universe"": ""TOP3000"", ""delay"": 1, ""decay"": 4, ""neutralization"": ""MARKET"", ""truncation"": 0.05, ""pasteurization"": ""ON"", ""unitHandling"": ""VERIFY"", ""nanHandling"": ""ON"", ""language"": ""FASTEXPR"", ""visualization"": false}",0,6c5561c26f9c570bfc3bf84deeeba662c0d514457597a063fd531efcf6e1e7c4,"mul(div(ts_mean(volume,#),adv20),sub(group_rank(div(anl10_analyst_innovation_eps_normal_decrease_fq1,cap),sector),#))","mul(div(ts_mean(FIELD,#),FIELD),sub(group_rank(div(FIELD,FIELD),sector),#))",2026-08-02T11:20:49.196920+00:00
arch_hybrid_level_liq:primary,arch_hybrid_level_liq,proven,8.25,"(group_rank(anl10_analyst_innovation_eps_normal_decrease_fq2/cap,market)-0.5)*rank(ts_mean(volume,63)/adv20)","{""instrumentType"": ""EQUITY"", ""region"": ""USA"", ""universe"": ""TOP3000"", ""delay"": 1, ""decay"": 4, ""neutralization"": ""MARKET"", ""truncation"": 0.05, ""pasteurization"": ""ON"", ""unitHandling"": ""VERIFY"", ""nanHandling"": ""ON"", ""language"": ""FASTEXPR"", ""visualization"": false}",0,1da98772973bae1ccaff6063ae6c3af235d3d9076a897fcdd596ca3f01158287,"mul(div(ts_mean(volume,#),adv20),sub(group_rank(div(anl10_analyst_innovation_eps_normal_decrease_fq2,cap),market),#))","mul(div(ts_mean(FIELD,#),FIELD),sub(group_rank(div(FIELD,FIELD),market),#))",2026-08-02T11:20:49.196920+00:00
arch_hybrid_level_liq:primary,arch_hybrid_level_liq,proven,8.25,"(group_rank(anl10_analyst_innovation_eps_innovation_score_fy1/cap,sector)-0.5)*rank(ts_mean(volume,63)/adv20)","{""instrumentType"": ""EQUITY"", ""region"": ""USA"", ""universe"": ""TOP3000"", ""delay"": 1, ""decay"": 4, ""neutralization"": ""MARKET"", ""truncation"": 0.05, ""pasteurization"": ""ON"", ""unitHandling"": ""VERIFY"", ""nanHandling"": ""ON"", ""language"": ""FASTEXPR"", ""visualization"": false}",0,e34b5aa96798cacc1248a9304b98084c43ec278e828a66e46f3c8b7b92165dff,"mul(div(ts_mean(volume,#),adv20),sub(group_rank(div(anl10_analyst_innovation_eps_innovation_score_fy1,cap),sector),#))","mul(div(ts_mean(FIELD,#),FIELD),sub(group_rank(div(FIELD,FIELD),sector),#))",2026-08-02T11:20:49.196920+00:00
arch_hybrid_level_liq:primary,arch_hybrid_level_liq,proven,8.25,"(group_rank(anl10_analyst_innovation_eps_innovation_score_fy2/cap,sector)-0.5)*rank(ts_mean(volume,63)/adv20)","{""instrumentType"": ""EQUITY"", ""region"": ""USA"", ""universe"": ""TOP3000"", ""delay"": 1, ""decay"": 4, ""neutralization"": ""MARKET"", ""truncation"": 0.05, ""pasteurization"": ""ON"", ""unitHandling"": ""VERIFY"", ""nanHandling"": ""ON"", ""language"": ""FASTEXPR"", ""visualization"": false}",0,cff0f22ad2b9eae9f9005ca2bee20874aca51696e31193e7b64562f654db4a95,"mul(div(ts_mean(volume,#),adv20),sub(group_rank(div(anl10_analyst_innovation_eps_innovation_score_fy2,cap),sector),#))","mul(div(ts_mean(FIELD,#),FIELD),sub(group_rank(div(FIELD,FIELD),sector),#))",2026-08-02T11:20:49.196920+00:00
arch_hybrid_level_liq:primary,arch_hybrid_level_liq,proven,8.25,"(group_rank(anl10_analyst_innovation_eps_innovation_score_fq1/cap,sector)-0.5)*rank(ts_mean(volume,63)/adv20)","{""instrumentType"": ""EQUITY"", ""region"": ""USA"", ""universe"": ""TOP3000"", ""delay"": 1, ""decay"": 4, ""neutralization"": ""MARKET"", ""truncation"": 0.05, ""pasteurization"": ""ON"", ""unitHandling"": ""VERIFY"", ""nanHandling"": ""ON"", ""language"": ""FASTEXPR"", ""visualization"": false}",0,f165f9a86d93dc2a96646ac754a114157e2f54d318baa59db1ddb4aafd95f5c5,"mul(div(ts_mean(volume,#),adv20),sub(group_rank(div(anl10_analyst_innovation_eps_innovation_score_fq1,cap),sector),#))","mul(div(ts_mean(FIELD,#),FIELD),sub(group_rank(div(FIELD,FIELD),sector),#))",2026-08-02T11:20:49.196920+00:00
arch_hybrid_level_liq:primary,arch_hybrid_level_liq,proven,8.25,"(group_rank(anl10_analyst_innovation_eps_innovation_score_fq2/cap,market)-0.5)*rank(ts_mean(volume,63)/adv20)","{""instrumentType"": ""EQUITY"", ""region"": ""USA"", ""universe"": ""TOP3000"", ""delay"": 1, ""decay"": 4, ""neutralization"": ""MARKET"", ""truncation"": 0.05, ""pasteurization"": ""ON"", ""unitHandling"": ""VERIFY"", ""nanHandling"": ""ON"", ""language"": ""FASTEXPR"", ""visualization"": false}",0,b5bb4dd0634a2c514cf538d1bc0c3e740ca8a8e5a8ab89276f87e54598f7bd77,"mul(div(ts_mean(volume,#),adv20),sub(group_rank(div(anl10_analyst_innovation_eps_innovation_score_fq2,cap),market),#))","mul(div(ts_mean(FIELD,#),FIELD),sub(group_rank(div(FIELD,FIELD),market),#))",2026-08-02T11:20:49.196920+00:00
arch_hybrid_level_liq:primary,arch_hybrid_level_liq,proven,8.25,"(group_rank(anl10_analyst_innovation_eps_innovate_decrease_fy1/cap,sector)-0.5)*rank(ts_mean(volume,63)/adv20)","{""instrumentType"": ""EQUITY"", ""region"": ""USA"", ""universe"": ""TOP3000"", ""delay"": 1, ""decay"": 4, ""neutralization"": ""MARKET"", ""truncation"": 0.05, ""pasteurization"": ""ON"", ""unitHandling"": ""VERIFY"", ""nanHandling"": ""ON"", ""language"": ""FASTEXPR"", ""visualization"": false}",0,18f430b3a899941cb3dd87c698256cc8d0439dbde6e101e33565ff04821f3151,"mul(div(ts_mean(volume,#),adv20),sub(group_rank(div(anl10_analyst_innovation_eps_innovate_decrease_fy1,cap),sector),#))","mul(div(ts_mean(FIELD,#),FIELD),sub(group_rank(div(FIELD,FIELD),sector),#))",2026-08-02T11:20:49.196920+00:00
arch_hybrid_level_liq:primary,arch_hybrid_level_liq,proven,8.25,"(group_rank(anl10_analyst_innovation_eps_innovate_increase_fy1/cap,market)-0.5)*rank(ts_mean(volume,63)/adv20)","{""instrumentType"": ""EQUITY"", ""region"": ""USA"", ""universe"": ""TOP3000"", ""delay"": 1, ""decay"": 4, ""neutralization"": ""MARKET"", ""truncation"": 0.05, ""pasteurization"": ""ON"", ""unitHandling"": ""VERIFY"", ""nanHandling"": ""ON"", ""language"": ""FASTEXPR"", ""visualization"": false}",0,9e2f36aeab38e8de7ecb388f75ab35bf049ed0c1ffc3c3c0fbfd9a914051bc85,"mul(div(ts_mean(volume,#),adv20),sub(group_rank(div(anl10_analyst_innovation_eps_innovate_increase_fy1,cap),market),#))","mul(div(ts_mean(FIELD,#),FIELD),sub(group_rank(div(FIELD,FIELD),market),#))",2026-08-02T11:20:49.196920+00:00
arch_hybrid_level_liq:primary,arch_hybrid_level_liq,proven,8.25,"(group_rank(anl10_analyst_innovation_eps_innovate_increase_fy2/cap,sector)-0.5)*rank(ts_mean(volume,63)/adv20)","{""instrumentType"": ""EQUITY"", ""region"": ""USA"", ""universe"": ""TOP3000"", ""delay"": 1, ""decay"": 4, ""neutralization"": ""MARKET"", ""truncation"": 0.05, ""pasteurization"": ""ON"", ""unitHandling"": ""VERIFY"", ""nanHandling"": ""ON"", ""language"": ""FASTEXPR"", ""visualization"": false}",0,efab004731644f9e1f6d81977bcc314f87628b702ecbbcaa99186a3fd13cfad2,"mul(div(ts_mean(volume,#),adv20),sub(group_rank(div(anl10_analyst_innovation_eps_innovate_increase_fy2,cap),sector),#))","mul(div(ts_mean(FIELD,#),FIELD),sub(group_rank(div(FIELD,FIELD),sector),#))",2026-08-02T11:20:49.196920+00:00
arch_hybrid_level_liq:primary,arch_hybrid_level_liq,proven,8.25,"(group_rank(anl10_analyst_innovation_eps_innovate_decrease_fy2/cap,market)-0.5)*rank(ts_mean(volume,63)/adv20)","{""instrumentType"": ""EQUITY"", ""region"": ""USA"", ""universe"": ""TOP3000"", ""delay"": 1, ""decay"": 4, ""neutralization"": ""MARKET"", ""truncation"": 0.05, ""pasteurization"": ""ON"", ""unitHandling"": ""VERIFY"", ""nanHandling"": ""ON"", ""language"": ""FASTEXPR"", ""visualization"": false}",0,b196d1e24358e7ddc14617fe46489a3272e1e444355ea6f7ec62e9bf7ae502a2,"mul(div(ts_mean(volume,#),adv20),sub(group_rank(div(anl10_analyst_innovation_eps_innovate_decrease_fy2,cap),market),#))","mul(div(ts_mean(FIELD,#),FIELD),sub(group_rank(div(FIELD,FIELD),market),#))",2026-08-02T11:20:49.196920+00:00
arch_hybrid_level_liq:primary,arch_hybrid_level_liq,proven,8.25,"(group_rank(anl10_analyst_innovation_eps_innovate_decrease_fq1/cap,market)-0.5)*rank(ts_mean(volume,63)/adv20)","{""instrumentType"": ""EQUITY"", ""region"": ""USA"", ""universe"": ""TOP3000"", ""delay"": 1, ""decay"": 4, ""neutralization"": ""MARKET"", ""truncation"": 0.05, ""pasteurization"": ""ON"", ""unitHandling"": ""VERIFY"", ""nanHandling"": ""ON"", ""language"": ""FASTEXPR"", ""visualization"": false}",0,2f2c34372cf92f4bb9773249cf87407492c716be1dd5ccf930f6b24fa6f92aca,"mul(div(ts_mean(volume,#),adv20),sub(group_rank(div(anl10_analyst_innovation_eps_innovate_decrease_fq1,cap),market),#))","mul(div(ts_mean(FIELD,#),FIELD),sub(group_rank(div(FIELD,FIELD),market),#))",2026-08-02T11:20:49.196920+00:00
arch_hybrid_level_liq:primary,arch_hybrid_level_liq,proven,8.25,"(group_rank(anl10_analyst_innovation_eps_innovate_decrease_fq2/cap,market)-0.5)*rank(ts_mean(volume,63)/adv20)","{""instrumentType"": ""EQUITY"", ""region"": ""USA"", ""universe"": ""TOP3000"", ""delay"": 1, ""decay"": 4, ""neutralization"": ""MARKET"", ""truncation"": 0.05, ""pasteurization"": ""ON"", ""unitHandling"": ""VERIFY"", ""nanHandling"": ""ON"", ""language"": ""FASTEXPR"", ""visualization"": false}",0,0c87f2ff0130a67fddeedbcb541ce8b693ab934e8f279b04ac081cd95ff5c5a5,"mul(div(ts_mean(volume,#),adv20),sub(group_rank(div(anl10_analyst_innovation_eps_innovate_decrease_fq2,cap),market),#))","mul(div(ts_mean(FIELD,#),FIELD),sub(group_rank(div(FIELD,FIELD),market),#))",2026-08-02T11:20:49.196920+00:00
arch_hybrid_level_liq:primary,arch_hybrid_level_liq,proven,8.25,"(group_rank(anl10_analyst_innovation_eps_normal_increase_fq2/cap,industry)-0.5)*rank(ts_mean(volume,63)/adv20)","{""instrumentType"": ""EQUITY"", ""region"": ""USA"", ""universe"": ""TOP3000"", ""delay"": 1, ""decay"": 4, ""neutralization"": ""MARKET"", ""truncation"": 0.05, ""pasteurization"": ""ON"", ""unitHandling"": ""VERIFY"", ""nanHandling"": ""ON"", ""language"": ""FASTEXPR"", ""visualization"": false}",0,a73c3b0cbec25ed6682e5a64fc0f5d5baad95f906f2d3f00074ff6641424ded5,"mul(div(ts_mean(volume,#),adv20),sub(group_rank(div(anl10_analyst_innovation_eps_normal_increase_fq2,cap),industry),#))","mul(div(ts_mean(FIELD,#),FIELD),sub(group_rank(div(FIELD,FIELD),industry),#))",2026-08-02T11:20:49.196920+00:00
arch_hybrid_level_liq:primary,arch_hybrid_level_liq,proven,8.25,"(group_rank(anl10_analyst_innovation_eps_innovate_increase_fq2/cap,sector)-0.5)*rank(ts_mean(volume,63)/adv20)","{""instrumentType"": ""EQUITY"", ""region"": ""USA"", ""universe"": ""TOP3000"", ""delay"": 1, ""decay"": 4, ""neutralization"": ""MARKET"", ""truncation"": 0.05, ""pasteurization"": ""ON"", ""unitHandling"": ""VERIFY"", ""nanHandling"": ""ON"", ""language"": ""FASTEXPR"", ""visualization"": false}",0,ca9ac8ae8e297f8bc50395939bebac0bb0acdbd54a15311ac5bb0483cb8ccf4b,"mul(div(ts_mean(volume,#),adv20),sub(group_rank(div(anl10_analyst_innovation_eps_innovate_increase_fq2,cap),sector),#))","mul(div(ts_mean(FIELD,#),FIELD),sub(group_rank(div(FIELD,FIELD),sector),#))",2026-08-02T11:20:49.196920+00:00
arch_hybrid_level_liq:primary,arch_hybrid_level_liq,proven,8.25,"(group_rank(anl10_analyst_innovation_eps_innovate_increase_fq1/cap,industry)-0.5)*rank(ts_mean(volume,63)/adv20)","{""instrumentType"": ""EQUITY"", ""region"": ""USA"", ""universe"": ""TOP3000"", ""delay"": 1, ""decay"": 4, ""neutralization"": ""MARKET"", ""truncation"": 0.05, ""pasteurization"": ""ON"", ""unitHandling"": ""VERIFY"", ""nanHandling"": ""ON"", ""language"": ""FASTEXPR"", ""visualization"": false}",0,b749ba1df106d7c3125e3da9da4b16d6a7b466f5b1423db9105683caa379a965,"mul(div(ts_mean(volume,#),adv20),sub(group_rank(div(anl10_analyst_innovation_eps_innovate_increase_fq1,cap),industry),#))","mul(div(ts_mean(FIELD,#),FIELD),sub(group_rank(div(FIELD,FIELD),industry),#))",2026-08-02T11:20:49.196920+00:00
arch_hybrid_level_liq:primary,arch_hybrid_level_liq,proven,8.25,"(group_rank(anl10_analyst_innovation_eps_revise_ratio_to_close_fy1/cap,market)-0.5)*rank(ts_mean(volume,63)/adv20)","{""instrumentType"": ""EQUITY"", ""region"": ""USA"", ""universe"": ""TOP3000"", ""delay"": 1, ""decay"": 4, ""neutralization"": ""MARKET"", ""truncation"": 0.05, ""pasteurization"": ""ON"", ""unitHandling"": ""VERIFY"", ""nanHandling"": ""ON"", ""language"": ""FASTEXPR"", ""visualization"": false}",0,718141cf160588a61271ab596a050557162bbacdcc4fdc5fb5d1e3ae46620511,"mul(div(ts_mean(volume,#),adv20),sub(group_rank(div(anl10_analyst_innovation_eps_revise_ratio_to_close_fy1,cap),market),#))","mul(div(ts_mean(FIELD,#),FIELD),sub(group_rank(div(FIELD,FIELD),market),#))",2026-08-02T11:20:49.196920+00:00
arch_hybrid_level_liq:primary,arch_hybrid_level_liq,proven,8.25,"(group_rank(anl10_analyst_innovation_eps_revise_ratio_to_close_fy2/cap,market)-0.5)*rank(ts_mean(volume,63)/adv20)","{""instrumentType"": ""EQUITY"", ""region"": ""USA"", ""universe"": ""TOP3000"", ""delay"": 1, ""decay"": 4, ""neutralization"": ""MARKET"", ""truncation"": 0.05, ""pasteurization"": ""ON"", ""unitHandling"": ""VERIFY"", ""nanHandling"": ""ON"", ""language"": ""FASTEXPR"", ""visualization"": false}",0,256dc42a049a544ec968692c7ab731b0581a989b1860b9a23d35cecf3af30c00,"mul(div(ts_mean(volume,#),adv20),sub(group_rank(div(anl10_analyst_innovation_eps_revise_ratio_to_close_fy2,cap),market),#))","mul(div(ts_mean(FIELD,#),FIELD),sub(group_rank(div(FIELD,FIELD),market),#))",2026-08-02T11:20:49.196920+00:00
arch_hybrid_level_liq:primary,arch_hybrid_level_liq,proven,8.25,"(group_rank(anl10_analyst_innovation_eps_revise_ratio_to_close_fq1/cap,market)-0.5)*rank(ts_mean(volume,63)/adv20)","{""instrumentType"": ""EQUITY"", ""region"": ""USA"", ""universe"": ""TOP3000"", ""delay"": 1, ""decay"": 4, ""neutralization"": ""MARKET"", ""truncation"": 0.05, ""pasteurization"": ""ON"", ""unitHandling"": ""VERIFY"", ""nanHandling"": ""ON"", ""language"": ""FASTEXPR"", ""visualization"": false}",0,47be167e25294425b84becc23894155a0614ca28771c71cdc1424c2d215c0076,"mul(div(ts_mean(volume,#),adv20),sub(group_rank(div(anl10_analyst_innovation_eps_revise_ratio_to_close_fq1,cap),market),#))","mul(div(ts_mean(FIELD,#),FIELD),sub(group_rank(div(FIELD,FIELD),market),#))",2026-08-02T11:20:49.196920+00:00
arch_hybrid_level_liq:primary,arch_hybrid_level_liq,proven,8.25,"(group_rank(anl10_analyst_innovation_eps_revise_ratio_to_close_fq2/cap,sector)-0.5)*rank(ts_mean(volume,63)/adv20)","{""instrumentType"": ""EQUITY"", ""region"": ""USA"", ""universe"": ""TOP3000"", ""delay"": 1, ""decay"": 4, ""neutralization"": ""MARKET"", ""truncation"": 0.05, ""pasteurization"": ""ON"", ""unitHandling"": ""VERIFY"", ""nanHandling"": ""ON"", ""language"": ""FASTEXPR"", ""visualization"": false}",0,eeea2e0de38b74ded02ebc62ae357045e1e1ea6f87384135a242c3feca11bec1,"mul(div(ts_mean(volume,#),adv20),sub(group_rank(div(anl10_analyst_innovation_eps_revise_ratio_to_close_fq2,cap),sector),#))","mul(div(ts_mean(FIELD,#),FIELD),sub(group_rank(div(FIELD,FIELD),sector),#))",2026-08-02T11:20:49.196920+00:00
arch_hybrid_level_liq:primary,arch_hybrid_level_liq,proven,8.25,"(group_rank(anl10_analyst_innovation_eps_revise_ratio_to_consensus_fq1/cap,sector)-0.5)*rank(ts_mean(volume,63)/adv20)","{""instrumentType"": ""EQUITY"", ""region"": ""USA"", ""universe"": ""TOP3000"", ""delay"": 1, ""decay"": 4, ""neutralization"": ""MARKET"", ""truncation"": 0.05, ""pasteurization"": ""ON"", ""unitHandling"": ""VERIFY"", ""nanHandling"": ""ON"", ""language"": ""FASTEXPR"", ""visualization"": false}",0,a022ae395a7129b7e024956df2f6ba6a76206f5f327da81b5e43a7f9c5ea6eef,"mul(div(ts_mean(volume,#),adv20),sub(group_rank(div(anl10_analyst_innovation_eps_revise_ratio_to_consensus_fq1,cap),sector),#))","mul(div(ts_mean(FIELD,#),FIELD),sub(group_rank(div(FIELD,FIELD),sector),#))",2026-08-02T11:20:49.196920+00:00
arch_hybrid_level_liq:primary,arch_hybrid_level_liq,proven,8.25,"(group_rank(anl10_analyst_innovation_eps_revise_ratio_to_consensus_fq2/cap,sector)-0.5)*rank(ts_mean(volume,63)/adv20)","{""instrumentType"": ""EQUITY"", ""region"": ""USA"", ""universe"": ""TOP3000"", ""delay"": 1, ""decay"": 4, ""neutralization"": ""MARKET"", ""truncation"": 0.05, ""pasteurization"": ""ON"", ""unitHandling"": ""VERIFY"", ""nanHandling"": ""ON"", ""language"": ""FASTEXPR"", ""visualization"": false}",0,7f1475e36fd35b964443d204ed210cc6e93df8cff8f81b5aeb3a7b635ef81847,"mul(div(ts_mean(volume,#),adv20),sub(group_rank(div(anl10_analyst_innovation_eps_revise_ratio_to_consensus_fq2,cap),sector),#))","mul(div(ts_mean(FIELD,#),FIELD),sub(group_rank(div(FIELD,FIELD),sector),#))",2026-08-02T11:20:49.196920+00:00
arch_hybrid_level_liq:primary,arch_hybrid_level_liq,proven,8.25,"(group_rank(anl10_analyst_innovation_eps_revise_ratio_to_consensus_fy1/cap,industry)-0.5)*rank(ts_mean(volume,63)/adv20)","{""instrumentType"": ""EQUITY"", ""region"": ""USA"", ""universe"": ""TOP3000"", ""delay"": 1, ""decay"": 4, ""neutralization"": ""MARKET"", ""truncation"": 0.05, ""pasteurization"": ""ON"", ""unitHandling"": ""VERIFY"", ""nanHandling"": ""ON"", ""language"": ""FASTEXPR"", ""visualization"": false}",0,bd82039bd8daf680723dcb98417a333f2fab0394a2c6eaa0aa9549e63cdd3975,"mul(div(ts_mean(volume,#),adv20),sub(group_rank(div(anl10_analyst_innovation_eps_revise_ratio_to_consensus_fy1,cap),industry),#))","mul(div(ts_mean(FIELD,#),FIELD),sub(group_rank(div(FIELD,FIELD),industry),#))",2026-08-02T11:20:49.196920+00:00
arch_hybrid_level_liq:primary,arch_hybrid_level_liq,proven,8.25,"(group_rank(anl10_analyst_innovation_eps_revise_ratio_to_consensus_fy2/cap,industry)-0.5)*rank(ts_mean(volume,63)/adv20)","{""instrumentType"": ""EQUITY"", ""region"": ""USA"", ""universe"": ""TOP3000"", ""delay"": 1, ""decay"": 4, ""neutralization"": ""MARKET"", ""truncation"": 0.05, ""pasteurization"": ""ON"", ""unitHandling"": ""VERIFY"", ""nanHandling"": ""ON"", ""language"": ""FASTEXPR"", ""visualization"": false}",0,7815575400c1bc7996cfeacff7fea1bba5f46a2db1682d0b4f740bfcc17ec796,"mul(div(ts_mean(volume,#),adv20),sub(group_rank(div(anl10_analyst_innovation_eps_revise_ratio_to_consensus_fy2,cap),industry),#))","mul(div(ts_mean(FIELD,#),FIELD),sub(group_rank(div(FIELD,FIELD),industry),#))",2026-08-02T11:20:49.196920+00:00
arch_vol_price_div:primary,arch_vol_price_div,proven,8.2,"group_neutralize(ts_rank(ts_mean(volume,63)/adv20,126)*-rank(ts_delta(close,126)),industry)","{""instrumentType"": ""EQUITY"", ""region"": ""USA"", ""universe"": ""TOP3000"", ""delay"": 1, ""decay"": 4, ""neutralization"": ""MARKET"", ""truncation"": 0.06, ""pasteurization"": ""ON"", ""unitHandling"": ""VERIFY"", ""nanHandling"": ""ON"", ""language"": ""FASTEXPR"", ""visualization"": false}",0,07d19fd25ccb60708c85bf7aafe8b7063cd9315b768843b339eafdec87ac2da1,"group_neutralize(mul(neg(ts_delta(close,#)),ts_rank(div(ts_mean(volume,#),adv20),#)),industry)","group_neutralize(mul(neg(ts_delta(FIELD,#)),ts_rank(div(ts_mean(FIELD,#),FIELD),#)),industry)",2026-08-02T11:20:49.196920+00:00
arch_vol_price_div:primary,arch_vol_price_div,proven,8.100000000000001,"group_neutralize(ts_rank(ts_mean(volume,63)/adv20,63)*-rank(ts_delta(close,63)),market)","{""instrumentType"": ""EQUITY"", ""region"": ""USA"", ""universe"": ""TOP3000"", ""delay"": 1, ""decay"": 4, ""neutralization"": ""MARKET"", ""truncation"": 0.06, ""pasteurization"": ""ON"", ""unitHandling"": ""VERIFY"", ""nanHandling"": ""ON"", ""language"": ""FASTEXPR"", ""visualization"": false}",0,13b3706adcb1c5b68fc78bbab93dd901ac68516f5b64c0fb69af6f5dc8d41f1e,"group_neutralize(mul(neg(ts_delta(close,#)),ts_rank(div(ts_mean(volume,#),adv20),#)),market)","group_neutralize(mul(neg(ts_delta(FIELD,#)),ts_rank(div(ts_mean(FIELD,#),FIELD),#)),market)",2026-08-02T11:20:49.196920+00:00
arch_vol_price_div:primary,arch_vol_price_div,proven,8.100000000000001,"group_neutralize(ts_rank(ts_mean(volume,63)/adv20,63)*-rank(ts_delta(close,63)),sector)","{""instrumentType"": ""EQUITY"", ""region"": ""USA"", ""universe"": ""TOP3000"", ""delay"": 1, ""decay"": 4, ""neutralization"": ""MARKET"", ""truncation"": 0.06, ""pasteurization"": ""ON"", ""unitHandling"": ""VERIFY"", ""nanHandling"": ""ON"", ""language"": ""FASTEXPR"", ""visualization"": false}",0,58bfda0c43d0da32827035e0b7bd379504fc4091f2732db95c6b12c0dbc8ddd8,"group_neutralize(mul(neg(ts_delta(close,#)),ts_rank(div(ts_mean(volume,#),adv20),#)),sector)","group_neutralize(mul(neg(ts_delta(FIELD,#)),ts_rank(div(ts_mean(FIELD,#),FIELD),#)),sector)",2026-08-02T11:20:49.196920+00:00
arch_vol_price_div:primary,arch_vol_price_div,proven,8.1,"group_neutralize(ts_rank(ts_mean(volume,42)/adv20,126)*-rank(ts_delta(close,126)),industry)","{""instrumentType"": ""EQUITY"", ""region"": ""USA"", ""universe"": ""TOP3000"", ""delay"": 1, ""decay"": 4, ""neutralization"": ""MARKET"", ""truncation"": 0.06, ""pasteurization"": ""ON"", ""unitHandling"": ""VERIFY"", ""nanHandling"": ""ON"", ""language"": ""FASTEXPR"", ""visualization"": false}",0,00040dba450cab3ea19bccf85c39239496d5b08dbfd6254085f6a8f2554abfec,"group_neutralize(mul(neg(ts_delta(close,#)),ts_rank(div(ts_mean(volume,#),adv20),#)),industry)","group_neutralize(mul(neg(ts_delta(FIELD,#)),ts_rank(div(ts_mean(FIELD,#),FIELD),#)),industry)",2026-08-02T11:20:49.196920+00:00
arch_spread:primary,arch_spread,proven,8.1,"group_neutralize(ts_zscore(anl14_mean_ebitda_fy5/cap,126)-ts_zscore(anl14_high_ndebt_fp3/cap,126),market)","{""instrumentType"": ""EQUITY"", ""region"": ""USA"", ""universe"": ""TOP3000"", ""delay"": 1, ""decay"": 6, ""neutralization"": ""MARKET"", ""truncation"": 0.05, ""pasteurization"": ""ON"", ""unitHandling"": ""VERIFY"", ""nanHandling"": ""ON"", ""language"": ""FASTEXPR"", ""visualization"": false}",0,87cff2d8dd94f6b6bbbea2810c0ba01891098e57cd07e255dd16de44193cb2c4,"group_neutralize(sub(ts_zscore(div(anl14_mean_ebitda_fy5,cap),#),ts_zscore(div(anl14_high_ndebt_fp3,cap),#)),market)","group_neutralize(sub(ts_zscore(div(FIELD,FIELD),#),ts_zscore(div(FIELD,FIELD),#)),market)",2026-08-02T11:20:49.196920+00:00
arch_spread:primary,arch_spread,proven,8.1,"group_neutralize(ts_zscore(anl14_low_ebitda_fy5/cap,126)-ts_zscore(anl14_stddev_capex_fy4/cap,126),market)","{""instrumentType"": ""EQUITY"", ""region"": ""USA"", ""universe"": ""TOP3000"", ""delay"": 1, ""decay"": 6, ""neutralization"": ""MARKET"", ""truncation"": 0.05, ""pasteurization"": ""ON"", ""unitHandling"": ""VERIFY"", ""nanHandling"": ""ON"", ""language"": ""FASTEXPR"", ""visualization"": false}",0,a01bbfca2a8fd809a6637414ff50c68bac2cdaec53151aa553e0ddcba9d97018,"group_neutralize(sub(ts_zscore(div(anl14_low_ebitda_fy5,cap),#),ts_zscore(div(anl14_stddev_capex_fy4,cap),#)),market)","group_neutralize(sub(ts_zscore(div(FIELD,FIELD),#),ts_zscore(div(FIELD,FIELD),#)),market)",2026-08-02T11:20:49.196920+00:00
arch_spread:primary,arch_spread,proven,8.1,"group_neutralize(ts_zscore(anl14_median_ebitda_fp5/cap,126)-ts_zscore(anl14_low_capex_fy5/cap,126),sector)","{""instrumentType"": ""EQUITY"", ""region"": ""USA"", ""universe"": ""TOP3000"", ""delay"": 1, ""decay"": 6, ""neutralization"": ""MARKET"", ""truncation"": 0.05, ""pasteurization"": ""ON"", ""unitHandling"": ""VERIFY"", ""nanHandling"": ""ON"", ""language"": ""FASTEXPR"", ""visualization"": false}",0,ca0232e08bfef3cdf3422f600c524358f918b6e1122d0db2ec65866922c404fa,"group_neutralize(sub(ts_zscore(div(anl14_median_ebitda_fp5,cap),#),ts_zscore(div(anl14_low_capex_fy5,cap),#)),sector)","group_neutralize(sub(ts_zscore(div(FIELD,FIELD),#),ts_zscore(div(FIELD,FIELD),#)),sector)",2026-08-02T11:20:49.196920+00:00
arch_spread:primary,arch_spread,proven,8.1,"group_neutralize(ts_zscore(anl14_low_ebitda_fp5/cap,126)-ts_zscore(anl14_mean_capex_fy4/cap,126),industry)","{""instrumentType"": ""EQUITY"", ""region"": ""USA"", ""universe"": ""TOP3000"", ""delay"": 1, ""decay"": 6, ""neutralization"": ""MARKET"", ""truncation"": 0.05, ""pasteurization"": ""ON"", ""unitHandling"": ""VERIFY"", ""nanHandling"": ""ON"", ""language"": ""FASTEXPR"", ""visualization"": false}",0,9beca50e88ce7360d8ea48197273167e9785f496c57b88c56a14b0114a409edc,"group_neutralize(sub(ts_zscore(div(anl14_low_ebitda_fp5,cap),#),ts_zscore(div(anl14_mean_capex_fy4,cap),#)),industry)","group_neutralize(sub(ts_zscore(div(FIELD,FIELD),#),ts_zscore(div(FIELD,FIELD),#)),industry)",2026-08-02T11:20:49.196920+00:00
arch_spread:primary,arch_spread,proven,8.1,"group_neutralize(ts_zscore(anl14_median_ebitda_fy4/cap,126)-ts_zscore(anl14_mean_capex_fy5/cap,126),sector)","{""instrumentType"": ""EQUITY"", ""region"": ""USA"", ""universe"": ""TOP3000"", ""delay"": 1, ""decay"": 6, ""neutralization"": ""MARKET"", ""truncation"": 0.05, ""pasteurization"": ""ON"", ""unitHandling"": ""VERIFY"", ""nanHandling"": ""ON"", ""language"": ""FASTEXPR"", ""visualization"": false}",0,ba7ee008c67421514ddf6fd6b68b4a1d020d0a5c1abe1794c0c6c175004313bf,"group_neutralize(sub(ts_zscore(div(anl14_median_ebitda_fy4,cap),#),ts_zscore(div(anl14_mean_capex_fy5,cap),#)),sector)","group_neutralize(sub(ts_zscore(div(FIELD,FIELD),#),ts_zscore(div(FIELD,FIELD),#)),sector)",2026-08-02T11:20:49.196920+00:00
arch_spread:primary,arch_spread,proven,8.1,"group_neutralize(ts_zscore(anl14_mean_ebitda_fy4/cap,126)-ts_zscore(anl14_stddev_capex_fp5/cap,126),market)","{""instrumentType"": ""EQUITY"", ""region"": ""USA"", ""universe"": ""TOP3000"", ""delay"": 1, ""decay"": 6, ""neutralization"": ""MARKET"", ""truncation"": 0.05, ""pasteurization"": ""ON"", ""unitHandling"": ""VERIFY"", ""nanHandling"": ""ON"", ""language"": ""FASTEXPR"", ""visualization"": false}",0,5b710214446c5f10ec5b4d572ca4ca947dd94fbf704179d1ab58ad9c5020b5c6,"group_neutralize(sub(ts_zscore(div(anl14_mean_ebitda_fy4,cap),#),ts_zscore(div(anl14_stddev_capex_fp5,cap),#)),market)","group_neutralize(sub(ts_zscore(div(FIELD,FIELD),#),ts_zscore(div(FIELD,FIELD),#)),market)",2026-08-02T11:20:49.196920+00:00
arch_spread:primary,arch_spread,proven,8.1,"group_neutralize(ts_zscore(anl14_high_ebitda_fy4/cap,126)-ts_zscore(anl14_median_capex_fy4/cap,126),sector)","{""instrumentType"": ""EQUITY"", ""region"": ""USA"", ""universe"": ""TOP3000"", ""delay"": 1, ""decay"": 6, ""neutralization"": ""MARKET"", ""truncation"": 0.05, ""pasteurization"": ""ON"", ""unitHandling"": ""VERIFY"", ""nanHandling"": ""ON"", ""language"": ""FASTEXPR"", ""visualization"": false}",0,e104f36e0694d0cceab13aec35c87e214c2c3e98962e059b9b9f5811937e9471,"group_neutralize(sub(ts_zscore(div(anl14_high_ebitda_fy4,cap),#),ts_zscore(div(anl14_median_capex_fy4,cap),#)),sector)","group_neutralize(sub(ts_zscore(div(FIELD,FIELD),#),ts_zscore(div(FIELD,FIELD),#)),sector)",2026-08-02T11:20:49.196920+00:00
arch_spread:primary,arch_spread,proven,8.1,"group_neutralize(ts_zscore(anl14_stddev_ebitda_fp4/cap,126)-ts_zscore(anl14_mean_ndebt_fp4/cap,126),sector)","{""instrumentType"": ""EQUITY"", ""region"": ""USA"", ""universe"": ""TOP3000"", ""delay"": 1, ""decay"": 6, ""neutralization"": ""MARKET"", ""truncation"": 0.05, ""pasteurization"": ""ON"", ""unitHandling"": ""VERIFY"", ""nanHandling"": ""ON"", ""language"": ""FASTEXPR"", ""visualization"": false}",0,44b32c75345fd3592119787a87fa6d816e3964e04ea83106bf9add3dc9d3c944,"group_neutralize(sub(ts_zscore(div(anl14_stddev_ebitda_fp4,cap),#),ts_zscore(div(anl14_mean_ndebt_fp4,cap),#)),sector)","group_neutralize(sub(ts_zscore(div(FIELD,FIELD),#),ts_zscore(div(FIELD,FIELD),#)),sector)",2026-08-02T11:20:49.196920+00:00
arch_spread:primary,arch_spread,proven,8.1,"group_neutralize(ts_zscore(anl14_high_ebitda_fy5/cap,126)-ts_zscore(anl14_stddev_ndebt_fp5/cap,126),market)","{""instrumentType"": ""EQUITY"", ""region"": ""USA"", ""universe"": ""TOP3000"", ""delay"": 1, ""decay"": 6, ""neutralization"": ""MARKET"", ""truncation"": 0.05, ""pasteurization"": ""ON"", ""unitHandling"": ""VERIFY"", ""nanHandling"": ""ON"", ""language"": ""FASTEXPR"", ""visualization"": false}",0,a60ba280f553b486c9a0a44910d189063a0e6d7597b567924b910b2ee3845a44,"group_neutralize(sub(ts_zscore(div(anl14_high_ebitda_fy5,cap),#),ts_zscore(div(anl14_stddev_ndebt_fp5,cap),#)),market)","group_neutralize(sub(ts_zscore(div(FIELD,FIELD),#),ts_zscore(div(FIELD,FIELD),#)),market)",2026-08-02T11:20:49.196920+00:00
arch_spread:primary,arch_spread,proven,8.1,"group_neutralize(ts_zscore(anl14_stddev_ebitda_fy1/cap,126)-ts_zscore(anl14_mean_ndebt_fp5/cap,126),market)","{""instrumentType"": ""EQUITY"", ""region"": ""USA"", ""universe"": ""TOP3000"", ""delay"": 1, ""decay"": 6, ""neutralization"": ""MARKET"", ""truncation"": 0.05, ""pasteurization"": ""ON"", ""unitHandling"": ""VERIFY"", ""nanHandling"": ""ON"", ""language"": ""FASTEXPR"", ""visualization"": false}",0,9cbb8f1e0b6815c9afd51db23ec8f86deb3eaf75f90461000343a17c1998f880,"group_neutralize(sub(ts_zscore(div(anl14_stddev_ebitda_fy1,cap),#),ts_zscore(div(anl14_mean_ndebt_fp5,cap),#)),market)","group_neutralize(sub(ts_zscore(div(FIELD,FIELD),#),ts_zscore(div(FIELD,FIELD),#)),market)",2026-08-02T11:20:49.196920+00:00
arch_spread:primary,arch_spread,proven,8.1,"group_neutralize(ts_zscore(anl14_high_ebitda_fp5/cap,126)-ts_zscore(anl14_stddev_ndebt_fp3/cap,126),market)","{""instrumentType"": ""EQUITY"", ""region"": ""USA"", ""universe"": ""TOP3000"", ""delay"": 1, ""decay"": 6, ""neutralization"": ""MARKET"", ""truncation"": 0.05, ""pasteurization"": ""ON"", ""unitHandling"": ""VERIFY"", ""nanHandling"": ""ON"", ""language"": ""FASTEXPR"", ""visualization"": false}",0,4364cc54be49799b00d3b4da052a8a27eafc97fcc178a177fe910a698228fa2f,"group_neutralize(sub(ts_zscore(div(anl14_high_ebitda_fp5,cap),#),ts_zscore(div(anl14_stddev_ndebt_fp3,cap),#)),market)","group_neutralize(sub(ts_zscore(div(FIELD,FIELD),#),ts_zscore(div(FIELD,FIELD),#)),market)",2026-08-02T11:20:49.196920+00:00
arch_spread:primary,arch_spread,proven,8.1,"group_neutralize(ts_zscore(anl14_stddev_ebitda_fp2/cap,126)-ts_zscore(anl14_mean_ndebt_fp3/cap,126),sector)","{""instrumentType"": ""EQUITY"", ""region"": ""USA"", ""universe"": ""TOP3000"", ""delay"": 1, ""decay"": 6, ""neutralization"": ""MARKET"", ""truncation"": 0.05, ""pasteurization"": ""ON"", ""unitHandling"": ""VERIFY"", ""nanHandling"": ""ON"", ""language"": ""FASTEXPR"", ""visualization"": false}",0,b550f18868f73d23b1e8db2969419d1ba47314536724faaa724441df06e8eb47,"group_neutralize(sub(ts_zscore(div(anl14_stddev_ebitda_fp2,cap),#),ts_zscore(div(anl14_mean_ndebt_fp3,cap),#)),sector)","group_neutralize(sub(ts_zscore(div(FIELD,FIELD),#),ts_zscore(div(FIELD,FIELD),#)),sector)",2026-08-02T11:20:49.196920+00:00
arch_spread:primary,arch_spread,proven,8.1,"group_neutralize(ts_zscore(anl14_low_ebitda_fy4/cap,126)-ts_zscore(anl14_median_capex_fy5/cap,126),industry)","{""instrumentType"": ""EQUITY"", ""region"": ""USA"", ""universe"": ""TOP3000"", ""delay"": 1, ""decay"": 6, ""neutralization"": ""MARKET"", ""truncation"": 0.05, ""pasteurization"": ""ON"", ""unitHandling"": ""VERIFY"", ""nanHandling"": ""ON"", ""language"": ""FASTEXPR"", ""visualization"": false}",0,c28413e0f575818929b0bb60d090aa42205f19e7f5948c1f1a0ce228fc68daef,"group_neutralize(sub(ts_zscore(div(anl14_low_ebitda_fy4,cap),#),ts_zscore(div(anl14_median_capex_fy5,cap),#)),industry)","group_neutralize(sub(ts_zscore(div(FIELD,FIELD),#),ts_zscore(div(FIELD,FIELD),#)),industry)",2026-08-02T11:20:49.196920+00:00
arch_spread:primary,arch_spread,proven,8.1,"group_neutralize(ts_zscore(anl14_stddev_ebitda_fy4/cap,126)-ts_zscore(anl14_stddev_ndebt_fp4/cap,126),sector)","{""instrumentType"": ""EQUITY"", ""region"": ""USA"", ""universe"": ""TOP3000"", ""delay"": 1, ""decay"": 6, ""neutralization"": ""MARKET"", ""truncation"": 0.05, ""pasteurization"": ""ON"", ""unitHandling"": ""VERIFY"", ""nanHandling"": ""ON"", ""language"": ""FASTEXPR"", ""visualization"": false}",0,0fed0dcd4dd1a0f2c459fe400a83b7e3cb58503ece80451d1c6db9b0cdf8211e,"group_neutralize(sub(ts_zscore(div(anl14_stddev_ebitda_fy4,cap),#),ts_zscore(div(anl14_stddev_ndebt_fp4,cap),#)),sector)","group_neutralize(sub(ts_zscore(div(FIELD,FIELD),#),ts_zscore(div(FIELD,FIELD),#)),sector)",2026-08-02T11:20:49.196920+00:00
arch_spread:primary,arch_spread,proven,8.1,"group_neutralize(ts_zscore(anl14_median_ebitda_fy5/cap,126)-ts_zscore(anl14_stddev_capex_fp2/cap,126),market)","{""instrumentType"": ""EQUITY"", ""region"": ""USA"", ""universe"": ""TOP3000"", ""delay"": 1, ""decay"": 6, ""neutralization"": ""MARKET"", ""truncation"": 0.05, ""pasteurization"": ""ON"", ""unitHandling"": ""VERIFY"", ""nanHandling"": ""ON"", ""language"": ""FASTEXPR"", ""visualization"": false}",0,759e2e51c3158bd2d03c7f84640e74b992a0e60852e0a9463925ec633676a9fc,"group_neutralize(sub(ts_zscore(div(anl14_median_ebitda_fy5,cap),#),ts_zscore(div(anl14_stddev_capex_fp2,cap),#)),market)","group_neutralize(sub(ts_zscore(div(FIELD,FIELD),#),ts_zscore(div(FIELD,FIELD),#)),market)",2026-08-02T11:20:49.196920+00:00
arch_spread:primary,arch_spread,proven,8.1,"group_neutralize(ts_zscore(anl14_stddev_ebitda_fy3/cap,126)-ts_zscore(anl14_stddev_capex_fy5/cap,126),market)","{""instrumentType"": ""EQUITY"", ""region"": ""USA"", ""universe"": ""TOP3000"", ""delay"": 1, ""decay"": 6, ""neutralization"": ""MARKET"", ""truncation"": 0.05, ""pasteurization"": ""ON"", ""unitHandling"": ""VERIFY"", ""nanHandling"": ""ON"", ""language"": ""FASTEXPR"", ""visualization"": false}",0,3955cc244750d128b65aff9b7ce82b6c226431d56f3ffc60bbdcc220acf89227,"group_neutralize(sub(ts_zscore(div(anl14_stddev_ebitda_fy3,cap),#),ts_zscore(div(anl14_stddev_capex_fy5,cap),#)),market)","group_neutralize(sub(ts_zscore(div(FIELD,FIELD),#),ts_zscore(div(FIELD,FIELD),#)),market)",2026-08-02T11:20:49.196920+00:00
arch_spread:primary,arch_spread,proven,8.1,"group_neutralize(ts_zscore(anl14_low_ebitda_fy1/cap,126)-ts_zscore(anl14_numofests_ndebt_fp1/cap,126),market)","{""instrumentType"": ""EQUITY"", ""region"": ""USA"", ""universe"": ""TOP3000"", ""delay"": 1, ""decay"": 6, ""neutralization"": ""MARKET"", ""truncation"": 0.05, ""pasteurization"": ""ON"", ""unitHandling"": ""VERIFY"", ""nanHandling"": ""ON"", ""language"": ""FASTEXPR"", ""visualization"": false}",0,40e8117089cdded110a776db6b3bf7aaf27c9c96803a418aef1792fede032b80,"group_neutralize(sub(ts_zscore(div(anl14_low_ebitda_fy1,cap),#),ts_zscore(div(anl14_numofests_ndebt_fp1,cap),#)),market)","group_neutralize(sub(ts_zscore(div(FIELD,FIELD),#),ts_zscore(div(FIELD,FIELD),#)),market)",2026-08-02T11:20:49.196920+00:00
arch_spread:primary,arch_spread,proven,8.1,"group_neutralize(ts_zscore(anl14_mean_ebitda_fp5/cap,126)-ts_zscore(anl14_stddev_revenue_fy4/cap,126),sector)","{""instrumentType"": ""EQUITY"", ""region"": ""USA"", ""universe"": ""TOP3000"", ""delay"": 1, ""decay"": 6, ""neutralization"": ""MARKET"", ""truncation"": 0.05, ""pasteurization"": ""ON"", ""unitHandling"": ""VERIFY"", ""nanHandling"": ""ON"", ""language"": ""FASTEXPR"", ""visualization"": false}",0,4c0dd1f15e52af72d79cfb3d04ebfa8fe836c48f0f413faf7f4f1d0f20fcda04,"group_neutralize(sub(ts_zscore(div(anl14_mean_ebitda_fp5,cap),#),ts_zscore(div(anl14_stddev_revenue_fy4,cap),#)),sector)","group_neutralize(sub(ts_zscore(div(FIELD,FIELD),#),ts_zscore(div(FIELD,FIELD),#)),sector)",2026-08-02T11:20:49.196920+00:00
arch_spread:primary,arch_spread,proven,8.1,"group_neutralize(ts_zscore(anl14_stddev_ebitda_fy2/cap,126)-ts_zscore(anl14_mean_revenue_fy5/cap,126),market)","{""instrumentType"": ""EQUITY"", ""region"": ""USA"", ""universe"": ""TOP3000"", ""delay"": 1, ""decay"": 6, ""neutralization"": ""MARKET"", ""truncation"": 0.05, ""pasteurization"": ""ON"", ""unitHandling"": ""VERIFY"", ""nanHandling"": ""ON"", ""language"": ""FASTEXPR"", ""visualization"": false}",0,bc5c20359793481dc11b347dfa952bb77d533afa2d9069caebab4b9c000f8b5f,"group_neutralize(sub(ts_zscore(div(anl14_stddev_ebitda_fy2,cap),#),ts_zscore(div(anl14_mean_revenue_fy5,cap),#)),market)","group_neutralize(sub(ts_zscore(div(FIELD,FIELD),#),ts_zscore(div(FIELD,FIELD),#)),market)",2026-08-02T11:20:49.196920+00:00
arch_spread:primary,arch_spread,proven,8.1,"group_neutralize(ts_zscore(anl14_mean_ebitda_fp4/cap,126)-ts_zscore(anl14_stddev_capex_fp3/cap,126),industry)","{""instrumentType"": ""EQUITY"", ""region"": ""USA"", ""universe"": ""TOP3000"", ""delay"": 1, ""decay"": 6, ""neutralization"": ""MARKET"", ""truncation"": 0.05, ""pasteurization"": ""ON"", ""unitHandling"": ""VERIFY"", ""nanHandling"": ""ON"", ""language"": ""FASTEXPR"", ""visualization"": false}",0,cf39e0ad20538bc8cabc2d0b2967c84ed78086b7703cf642071488062c2aef77,"group_neutralize(sub(ts_zscore(div(anl14_mean_ebitda_fp4,cap),#),ts_zscore(div(anl14_stddev_capex_fp3,cap),#)),industry)","group_neutralize(sub(ts_zscore(div(FIELD,FIELD),#),ts_zscore(div(FIELD,FIELD),#)),industry)",2026-08-02T11:20:49.196920+00:00
arch_spread:primary,arch_spread,proven,8.1,"group_neutralize(ts_zscore(anl14_stddev_ebitda_fp3/cap,126)-ts_zscore(anl14_numofests_capex_fp5/cap,126),market)","{""instrumentType"": ""EQUITY"", ""region"": ""USA"", ""universe"": ""TOP3000"", ""delay"": 1, ""decay"": 6, ""neutralization"": ""MARKET"", ""truncation"": 0.05, ""pasteurization"": ""ON"", ""unitHandling"": ""VERIFY"", ""nanHandling"": ""ON"", ""language"": ""FASTEXPR"", ""visualization"": false}",0,ea727b15bfe27a8e966627d913a0d51f564f36d3f846c3d02353bc8c68a1008d,"group_neutralize(sub(ts_zscore(div(anl14_stddev_ebitda_fp3,cap),#),ts_zscore(div(anl14_numofests_capex_fp5,cap),#)),market)","group_neutralize(sub(ts_zscore(div(FIELD,FIELD),#),ts_zscore(div(FIELD,FIELD),#)),market)",2026-08-02T11:20:49.196920+00:00
arch_spread:primary,arch_spread,proven,8.1,"group_neutralize(ts_zscore(anl14_numofests_ebitda_fp4/cap,126)-ts_zscore(anl14_median_ndebt_fp4/cap,126),market)","{""instrumentType"": ""EQUITY"", ""region"": ""USA"", ""universe"": ""TOP3000"", ""delay"": 1, ""decay"": 6, ""neutralization"": ""MARKET"", ""truncation"": 0.05, ""pasteurization"": ""ON"", ""unitHandling"": ""VERIFY"", ""nanHandling"": ""ON"", ""language"": ""FASTEXPR"", ""visualization"": false}",0,d33af77a01d0d5dbe565c7805d81167818d8b25785ab58e46a9acdb741fdc62c,"group_neutralize(sub(ts_zscore(div(anl14_numofests_ebitda_fp4,cap),#),ts_zscore(div(anl14_median_ndebt_fp4,cap),#)),market)","group_neutralize(sub(ts_zscore(div(FIELD,FIELD),#),ts_zscore(div(FIELD,FIELD),#)),market)",2026-08-02T11:20:49.196920+00:00
arch_spread:primary,arch_spread,proven,8.1,"group_neutralize(ts_zscore(anl14_stddev_ebitda_fy5/cap,126)-ts_zscore(anl14_numofests_ndebt_fp2/cap,126),industry)","{""instrumentType"": ""EQUITY"", ""region"": ""USA"", ""universe"": ""TOP3000"", ""delay"": 1, ""decay"": 6, ""neutralization"": ""MARKET"", ""truncation"": 0.05, ""pasteurization"": ""ON"", ""unitHandling"": ""VERIFY"", ""nanHandling"": ""ON"", ""language"": ""FASTEXPR"", ""visualization"": false}",0,b5593c799388a0f28b2a4103c698994ab56e929443d381a14f7f9edc281d407b,"group_neutralize(sub(ts_zscore(div(anl14_stddev_ebitda_fy5,cap),#),ts_zscore(div(anl14_numofests_ndebt_fp2,cap),#)),industry)","group_neutralize(sub(ts_zscore(div(FIELD,FIELD),#),ts_zscore(div(FIELD,FIELD),#)),industry)",2026-08-02T11:20:49.196920+00:00
arch_spread:primary,arch_spread,proven,8.1,"group_neutralize(ts_zscore(anl14_stddev_ebitda_fp5/cap,126)-ts_zscore(anl14_numofests_revenue_fy5/cap,126),market)","{""instrumentType"": ""EQUITY"", ""region"": ""USA"", ""universe"": ""TOP3000"", ""delay"": 1, ""decay"": 6, ""neutralization"": ""MARKET"", ""truncation"": 0.05, ""pasteurization"": ""ON"", ""unitHandling"": ""VERIFY"", ""nanHandling"": ""ON"", ""language"": ""FASTEXPR"", ""visualization"": false}",0,0baff7f6520c22baf7b6f6500a4fd4145b88d67dd43c33c5e11d60eba2e5e08d,"group_neutralize(sub(ts_zscore(div(anl14_stddev_ebitda_fp5,cap),#),ts_zscore(div(anl14_numofests_revenue_fy5,cap),#)),market)","group_neutralize(sub(ts_zscore(div(FIELD,FIELD),#),ts_zscore(div(FIELD,FIELD),#)),market)",2026-08-02T11:20:49.196920+00:00
arch_spread:primary,arch_spread,proven,8.1,"group_neutralize(ts_zscore(anl14_numofests_ebitda_fp5/cap,126)-ts_zscore(anl14_stddev_revenue_fy5/cap,126),sector)","{""instrumentType"": ""EQUITY"", ""region"": ""USA"", ""universe"": ""TOP3000"", ""delay"": 1, ""decay"": 6, ""neutralization"": ""MARKET"", ""truncation"": 0.05, ""pasteurization"": ""ON"", ""unitHandling"": ""VERIFY"", ""nanHandling"": ""ON"", ""language"": ""FASTEXPR"", ""visualization"": false}",0,8a28abde901cdcc3f4644917fd9f4c0acacdbad545c7afdba5f32eb4a7df0651,"group_neutralize(sub(ts_zscore(div(anl14_numofests_ebitda_fp5,cap),#),ts_zscore(div(anl14_stddev_revenue_fy5,cap),#)),sector)","group_neutralize(sub(ts_zscore(div(FIELD,FIELD),#),ts_zscore(div(FIELD,FIELD),#)),sector)",2026-08-02T11:20:49.196920+00:00
arch_spread:primary,arch_spread,proven,8.1,"group_neutralize(ts_zscore(anl14_numofests_ebitda_fp2/cap,126)-ts_zscore(anl14_median_revenue_fy5/cap,126),sector)","{""instrumentType"": ""EQUITY"", ""region"": ""USA"", ""universe"": ""TOP3000"", ""delay"": 1, ""decay"": 6, ""neutralization"": ""MARKET"", ""truncation"": 0.05, ""pasteurization"": ""ON"", ""unitHandling"": ""VERIFY"", ""nanHandling"": ""ON"", ""language"": ""FASTEXPR"", ""visualization"": false}",0,d90c3b03b50e069dadec7bd4db9c9253f219c05f8b48d4f95906c98b3bea9687,"group_neutralize(sub(ts_zscore(div(anl14_numofests_ebitda_fp2,cap),#),ts_zscore(div(anl14_median_revenue_fy5,cap),#)),sector)","group_neutralize(sub(ts_zscore(div(FIELD,FIELD),#),ts_zscore(div(FIELD,FIELD),#)),sector)",2026-08-02T11:20:49.196920+00:00
arch_spread:primary,arch_spread,proven,8.1,"group_neutralize(ts_zscore(anl14_numofests_ebitda_fy3/cap,126)-ts_zscore(anl14_median_ndebt_fp3/cap,126),industry)","{""instrumentType"": ""EQUITY"", ""region"": ""USA"", ""universe"": ""TOP3000"", ""delay"": 1, ""decay"": 6, ""neutralization"": ""MARKET"", ""truncation"": 0.05, ""pasteurization"": ""ON"", ""unitHandling"": ""VERIFY"", ""nanHandling"": ""ON"", ""language"": ""FASTEXPR"", ""visualization"": false}",0,ae531a0ba8556bc8fdfb9aac0b1a7d00046088ce8b3af903e39fc3a241ee472b,"group_neutralize(sub(ts_zscore(div(anl14_numofests_ebitda_fy3,cap),#),ts_zscore(div(anl14_median_ndebt_fp3,cap),#)),industry)","group_neutralize(sub(ts_zscore(div(FIELD,FIELD),#),ts_zscore(div(FIELD,FIELD),#)),industry)",2026-08-02T11:20:49.196920+00:00
arch_spread:primary,arch_spread,proven,8.1,"group_neutralize(ts_zscore(anl14_median_ebitda_fy3/cap,126)-ts_zscore(anl14_numofests_revenue_fy4/cap,126),sector)","{""instrumentType"": ""EQUITY"", ""region"": ""USA"", ""universe"": ""TOP3000"", ""delay"": 1, ""decay"": 6, ""neutralization"": ""MARKET"", ""truncation"": 0.05, ""pasteurization"": ""ON"", ""unitHandling"": ""VERIFY"", ""nanHandling"": ""ON"", ""language"": ""FASTEXPR"", ""visualization"": false}",0,bcb5e730a805dd0c8aab668aef5bf97a85d4e09eacad6bcc807b0d9fb611a050,"group_neutralize(sub(ts_zscore(div(anl14_median_ebitda_fy3,cap),#),ts_zscore(div(anl14_numofests_revenue_fy4,cap),#)),sector)","group_neutralize(sub(ts_zscore(div(FIELD,FIELD),#),ts_zscore(div(FIELD,FIELD),#)),sector)",2026-08-02T11:20:49.196920+00:00
arch_spread:primary,arch_spread,proven,8.1,"group_neutralize(ts_zscore(anl14_numofests_ebitda_fy5/cap,126)-ts_zscore(anl14_numofests_capex_fy4/cap,126),market)","{""instrumentType"": ""EQUITY"", ""region"": ""USA"", ""universe"": ""TOP3000"", ""delay"": 1, ""decay"": 6, ""neutralization"": ""MARKET"", ""truncation"": 0.05, ""pasteurization"": ""ON"", ""unitHandling"": ""VERIFY"", ""nanHandling"": ""ON"", ""language"": ""FASTEXPR"", ""visualization"": false}",0,baf7f8b197a2dc8dbc5e4000c9139862d9d4995d02c63d5e26338a2936d46ec8,"group_neutralize(sub(ts_zscore(div(anl14_numofests_ebitda_fy5,cap),#),ts_zscore(div(anl14_numofests_capex_fy4,cap),#)),market)","group_neutralize(sub(ts_zscore(div(FIELD,FIELD),#),ts_zscore(div(FIELD,FIELD),#)),market)",2026-08-02T11:20:49.196920+00:00
arch_spread:primary,arch_spread,proven,8.1,"group_neutralize(ts_zscore(anl14_numofests_ebitda_fy4/cap,126)-ts_zscore(anl14_numofests_ndebt_fp3/cap,126),market)","{""instrumentType"": ""EQUITY"", ""region"": ""USA"", ""universe"": ""TOP3000"", ""delay"": 1, ""decay"": 6, ""neutralization"": ""MARKET"", ""truncation"": 0.05, ""pasteurization"": ""ON"", ""unitHandling"": ""VERIFY"", ""nanHandling"": ""ON"", ""language"": ""FASTEXPR"", ""visualization"": false}",0,eefc36f9ad15d78ee3dc85ce2faded453da24526c91f8d03ce2c6a34e0ff0813,"group_neutralize(sub(ts_zscore(div(anl14_numofests_ebitda_fy4,cap),#),ts_zscore(div(anl14_numofests_ndebt_fp3,cap),#)),market)","group_neutralize(sub(ts_zscore(div(FIELD,FIELD),#),ts_zscore(div(FIELD,FIELD),#)),market)",2026-08-02T11:20:49.196920+00:00
arch_vol_price_div:primary,arch_vol_price_div,proven,8.05,"group_neutralize(ts_rank(ts_mean(volume,126)/adv20,63)*-rank(ts_delta(close,63)),industry)","{""instrumentType"": ""EQUITY"", ""region"": ""USA"", ""universe"": ""TOP3000"", ""delay"": 1, ""decay"": 4, ""neutralization"": ""MARKET"", ""truncation"": 0.06, ""pasteurization"": ""ON"", ""unitHandling"": ""VERIFY"", ""nanHandling"": ""ON"", ""language"": ""FASTEXPR"", ""visualization"": false}",0,9a7a1aa08fc5bfee9677b0796fdecff5135acc24be58e05bd012cc997ec97932,"group_neutralize(mul(neg(ts_delta(close,#)),ts_rank(div(ts_mean(volume,#),adv20),#)),industry)","group_neutralize(mul(neg(ts_delta(FIELD,#)),ts_rank(div(ts_mean(FIELD,#),FIELD),#)),industry)",2026-08-02T11:20:49.196920+00:00
arch_regime_shift:primary,arch_regime_shift,proven,8.05,"group_neutralize(ts_zscore(anl10_analyst_innovation_eps_revise_ratio_to_close_fy1/cap,126)-ts_zscore(anl10_analyst_innovation_eps_revise_ratio_to_close_fy1/cap,252),sector)","{""instrumentType"": ""EQUITY"", ""region"": ""USA"", ""universe"": ""TOP3000"", ""delay"": 1, ""decay"": 6, ""neutralization"": ""MARKET"", ""truncation"": 0.05, ""pasteurization"": ""ON"", ""unitHandling"": ""VERIFY"", ""nanHandling"": ""ON"", ""language"": ""FASTEXPR"", ""visualization"": false}",0,5ade6d630438e205e1c2c1e737f42114bec2f735e48147aa3b086d1e97a68dea,"group_neutralize(sub(ts_zscore(div(anl10_analyst_innovation_eps_revise_ratio_to_close_fy1,cap),#),ts_zscore(div(anl10_analyst_innovation_eps_revise_ratio_to_close_fy1,cap),#)),sector)","group_neutralize(sub(ts_zscore(div(FIELD,FIELD),#),ts_zscore(div(FIELD,FIELD),#)),sector)",2026-08-02T11:20:49.196920+00:00
arch_regime_shift:primary,arch_regime_shift,proven,8.05,"group_neutralize(ts_zscore(anl10_analyst_innovation_eps_revise_ratio_to_close_fq2/cap,126)-ts_zscore(anl10_analyst_innovation_eps_revise_ratio_to_close_fq2/cap,252),sector)","{""instrumentType"": ""EQUITY"", ""region"": ""USA"", ""universe"": ""TOP3000"", ""delay"": 1, ""decay"": 6, ""neutralization"": ""MARKET"", ""truncation"": 0.05, ""pasteurization"": ""ON"", ""unitHandling"": ""VERIFY"", ""nanHandling"": ""ON"", ""language"": ""FASTEXPR"", ""visualization"": false}",0,63090589ce4616b965b94243b63a4636b56b4785bcd62da6ce01caf9a2fa9a0d,"group_neutralize(sub(ts_zscore(div(anl10_analyst_innovation_eps_revise_ratio_to_close_fq2,cap),#),ts_zscore(div(anl10_analyst_innovation_eps_revise_ratio_to_close_fq2,cap),#)),sector)","group_neutralize(sub(ts_zscore(div(FIELD,FIELD),#),ts_zscore(div(FIELD,FIELD),#)),sector)",2026-08-02T11:20:49.196920+00:00
arch_regime_shift:primary,arch_regime_shift,proven,8.05,"group_neutralize(ts_zscore(anl10_analyst_innovation_eps_revise_ratio_to_close_fy2/cap,126)-ts_zscore(anl10_analyst_innovation_eps_revise_ratio_to_close_fy2/cap,252),industry)","{""instrumentType"": ""EQUITY"", ""region"": ""USA"", ""universe"": ""TOP3000"", ""delay"": 1, ""decay"": 6, ""neutralization"": ""MARKET"", ""truncation"": 0.05, ""pasteurization"": ""ON"", ""unitHandling"": ""VERIFY"", ""nanHandling"": ""ON"", ""language"": ""FASTEXPR"", ""visualization"": false}",0,8325ce660a74643ba15da8d0283160a4907ee86699223ee202cd31f84f2b94b7,"group_neutralize(sub(ts_zscore(div(anl10_analyst_innovation_eps_revise_ratio_to_close_fy2,cap),#),ts_zscore(div(anl10_analyst_innovation_eps_revise_ratio_to_close_fy2,cap),#)),industry)","group_neutralize(sub(ts_zscore(div(FIELD,FIELD),#),ts_zscore(div(FIELD,FIELD),#)),industry)",2026-08-02T11:20:49.196920+00:00
arch_regime_shift:primary,arch_regime_shift,proven,8.05,"group_neutralize(ts_zscore(anl10_analyst_innovation_eps_revise_ratio_to_close_fq1/cap,126)-ts_zscore(anl10_analyst_innovation_eps_revise_ratio_to_close_fq1/cap,252),industry)","{""instrumentType"": ""EQUITY"", ""region"": ""USA"", ""universe"": ""TOP3000"", ""delay"": 1, ""decay"": 6, ""neutralization"": ""MARKET"", ""truncation"": 0.05, ""pasteurization"": ""ON"", ""unitHandling"": ""VERIFY"", ""nanHandling"": ""ON"", ""language"": ""FASTEXPR"", ""visualization"": false}",0,e71dc1ff5f692ea95e7db542d5d296438a325c3684963e81e2e554fb13c4ed0c,"group_neutralize(sub(ts_zscore(div(anl10_analyst_innovation_eps_revise_ratio_to_close_fq1,cap),#),ts_zscore(div(anl10_analyst_innovation_eps_revise_ratio_to_close_fq1,cap),#)),industry)","group_neutralize(sub(ts_zscore(div(FIELD,FIELD),#),ts_zscore(div(FIELD,FIELD),#)),industry)",2026-08-02T11:20:49.196920+00:00
arch_regime_shift:primary,arch_regime_shift,proven,8.05,"group_neutralize(ts_zscore(anl10_analyst_innovation_eps_revise_ratio_to_consensus_fy1/cap,126)-ts_zscore(anl10_analyst_innovation_eps_revise_ratio_to_consensus_fy1/cap,252),market)","{""instrumentType"": ""EQUITY"", ""region"": ""USA"", ""universe"": ""TOP3000"", ""delay"": 1, ""decay"": 6, ""neutralization"": ""MARKET"", ""truncation"": 0.05, ""pasteurization"": ""ON"", ""unitHandling"": ""VERIFY"", ""nanHandling"": ""ON"", ""language"": ""FASTEXPR"", ""visualization"": false}",0,2063677db04b47f7569531b2ddf321b79c77637018ddab3ca21c238601415e19,"group_neutralize(sub(ts_zscore(div(anl10_analyst_innovation_eps_revise_ratio_to_consensus_fy1,cap),#),ts_zscore(div(anl10_analyst_innovation_eps_revise_ratio_to_consensus_fy1,cap),#)),market)","group_neutralize(sub(ts_zscore(div(FIELD,FIELD),#),ts_zscore(div(FIELD,FIELD),#)),market)",2026-08-02T11:20:49.196920+00:00
arch_regime_shift:primary,arch_regime_shift,proven,8.05,"group_neutralize(ts_zscore(anl10_analyst_innovation_eps_revise_ratio_to_consensus_fy2/cap,126)-ts_zscore(anl10_analyst_innovation_eps_revise_ratio_to_consensus_fy2/cap,252),market)","{""instrumentType"": ""EQUITY"", ""region"": ""USA"", ""universe"": ""TOP3000"", ""delay"": 1, ""decay"": 6, ""neutralization"": ""MARKET"", ""truncation"": 0.05, ""pasteurization"": ""ON"", ""unitHandling"": ""VERIFY"", ""nanHandling"": ""ON"", ""language"": ""FASTEXPR"", ""visualization"": false}",0,2f7b68adacd3bac4712b19eb3397dc3cc125e8b55d556ce0b21a080bd56d839d,"group_neutralize(sub(ts_zscore(div(anl10_analyst_innovation_eps_revise_ratio_to_consensus_fy2,cap),#),ts_zscore(div(anl10_analyst_innovation_eps_revise_ratio_to_consensus_fy2,cap),#)),market)","group_neutralize(sub(ts_zscore(div(FIELD,FIELD),#),ts_zscore(div(FIELD,FIELD),#)),market)",2026-08-02T11:20:49.196920+00:00
arch_regime_shift:primary,arch_regime_shift,proven,8.05,"group_neutralize(ts_zscore(anl10_analyst_innovation_eps_revise_ratio_to_consensus_fq1/cap,126)-ts_zscore(anl10_analyst_innovation_eps_revise_ratio_to_consensus_fq1/cap,252),market)","{""instrumentType"": ""EQUITY"", ""region"": ""USA"", ""universe"": ""TOP3000"", ""delay"": 1, ""decay"": 6, ""neutralization"": ""MARKET"", ""truncation"": 0.05, ""pasteurization"": ""ON"", ""unitHandling"": ""VERIFY"", ""nanHandling"": ""ON"", ""language"": ""FASTEXPR"", ""visualization"": false}",0,bee98da640b4d9e541e5594c7700915ec7a1d9a1b7097a032861b67df7e0432b,"group_neutralize(sub(ts_zscore(div(anl10_analyst_innovation_eps_revise_ratio_to_consensus_fq1,cap),#),ts_zscore(div(anl10_analyst_innovation_eps_revise_ratio_to_consensus_fq1,cap),#)),market)","group_neutralize(sub(ts_zscore(div(FIELD,FIELD),#),ts_zscore(div(FIELD,FIELD),#)),market)",2026-08-02T11:20:49.196920+00:00
arch_regime_shift:primary,arch_regime_shift,proven,8.05,"group_neutralize(ts_zscore(anl10_analyst_innovation_eps_revise_ratio_to_consensus_fq2/cap,126)-ts_zscore(anl10_analyst_innovation_eps_revise_ratio_to_consensus_fq2/cap,252),market)","{""instrumentType"": ""EQUITY"", ""region"": ""USA"", ""universe"": ""TOP3000"", ""delay"": 1, ""decay"": 6, ""neutralization"": ""MARKET"", ""truncation"": 0.05, ""pasteurization"": ""ON"", ""unitHandling"": ""VERIFY"", ""nanHandling"": ""ON"", ""language"": ""FASTEXPR"", ""visualization"": false}",0,f2367973dc64c5023116ecce5ad34367c20c8577d755b72bd976e81e28f9444a,"group_neutralize(sub(ts_zscore(div(anl10_analyst_innovation_eps_revise_ratio_to_consensus_fq2,cap),#),ts_zscore(div(anl10_analyst_innovation_eps_revise_ratio_to_consensus_fq2,cap),#)),market)","group_neutralize(sub(ts_zscore(div(FIELD,FIELD),#),ts_zscore(div(FIELD,FIELD),#)),market)",2026-08-02T11:20:49.196920+00:00
arch_vol_price_div:primary,arch_vol_price_div,proven,8.0,"group_neutralize(ts_rank(ts_mean(volume,42)/adv20,63)*-rank(ts_delta(close,63)),market)","{""instrumentType"": ""EQUITY"", ""region"": ""USA"", ""universe"": ""TOP3000"", ""delay"": 1, ""decay"": 4, ""neutralization"": ""MARKET"", ""truncation"": 0.06, ""pasteurization"": ""ON"", ""unitHandling"": ""VERIFY"", ""nanHandling"": ""ON"", ""language"": ""FASTEXPR"", ""visualization"": false}",0,f5e90d488f5f0961730cafac209fa40d4cf0dca70750879f8997f49bdd47c50e,"group_neutralize(mul(neg(ts_delta(close,#)),ts_rank(div(ts_mean(volume,#),adv20),#)),market)","group_neutralize(mul(neg(ts_delta(FIELD,#)),ts_rank(div(ts_mean(FIELD,#),FIELD),#)),market)",2026-08-02T11:20:49.196920+00:00
