候选ID,策略家族,来源,分数,表达式,模拟设置JSON,变体序号,精确哈希,参数骨架,字段骨架,生成时间
near_pass_variant:primary,near_pass_variant,near_pass,3.75,"(group_rank(ts_delta(anl4_ebitda_value, 126)/cap,industry)-0.5)*0.7+(ts_rank(vwap/close, 252)-0.5)*0.3","{""instrumentType"": ""EQUITY"", ""region"": ""USA"", ""universe"": ""TOP3000"", ""delay"": 1, ""decay"": 4, ""neutralization"": ""MARKET"", ""truncation"": 0.05, ""pasteurization"": ""ON"", ""unitHandling"": ""VERIFY"", ""nanHandling"": ""ON"", ""language"": ""FASTEXPR"", ""visualization"": false}",0,4d1c2ba4d9ecf31c0f17138d4d5086868b62fbea31eff60a45050a81cc1dd94c,"add(mul(#,sub(group_rank(div(ts_delta(anl4_ebitda_value,#),cap),industry),#)),mul(#,sub(ts_rank(div(vwap,close),#),#)))","add(mul(#,sub(group_rank(div(ts_delta(FIELD,#),FIELD),industry),#)),mul(#,sub(ts_rank(div(FIELD,FIELD),#),#)))",2026-08-02T09:17:27.766734+00:00
near_pass_variant:primary,near_pass_variant,near_pass,3.7399999999999998,"trade_when(rank(ts_mean(volume,63)/adv20),((group_rank(ts_delta(anl4_ebitda_value, 126)/cap,industry)-0.5)*0.7+(ts_rank(vwap/close,126)-0.5)*0.3),-1)","{""instrumentType"": ""EQUITY"", ""region"": ""USA"", ""universe"": ""TOP3000"", ""delay"": 1, ""decay"": 4, ""neutralization"": ""MARKET"", ""truncation"": 0.05, ""pasteurization"": ""ON"", ""unitHandling"": ""VERIFY"", ""nanHandling"": ""ON"", ""language"": ""FASTEXPR"", ""visualization"": false}",0,578e51cd0b072663024124d5b4bb62f3c93a8594ac4987d16c33c28e0c4636dc,"trade_when(div(ts_mean(volume,#),adv20),add(mul(#,sub(group_rank(div(ts_delta(anl4_ebitda_value,#),cap),industry),#)),mul(#,sub(ts_rank(div(vwap,close),#),#))),neg(#))","trade_when(div(ts_mean(FIELD,#),FIELD),add(mul(#,sub(group_rank(div(ts_delta(FIELD,#),FIELD),industry),#)),mul(#,sub(ts_rank(div(FIELD,FIELD),#),#))),neg(#))",2026-08-02T09:17:27.766734+00:00
near_pass_variant:primary,near_pass_variant,near_pass,3.77,"((group_rank(ts_delta(assets, 252)/cap,sector)-0.5)*0.7+(ts_rank(vwap/close, 126)-0.5)*0.3)*rank(ts_mean(volume, 126)/adv20)","{""instrumentType"": ""EQUITY"", ""region"": ""USA"", ""universe"": ""TOP3000"", ""delay"": 1, ""decay"": 4, ""neutralization"": ""MARKET"", ""truncation"": 0.05, ""pasteurization"": ""ON"", ""unitHandling"": ""VERIFY"", ""nanHandling"": ""ON"", ""language"": ""FASTEXPR"", ""visualization"": false}",0,a1fcaab498235d3611c5404474ddf8e618934575694d73579be4634a757135f1,"mul(add(mul(#,sub(group_rank(div(ts_delta(assets,#),cap),sector),#)),mul(#,sub(ts_rank(div(vwap,close),#),#))),div(ts_mean(volume,#),adv20))","mul(add(mul(#,sub(group_rank(div(ts_delta(FIELD,#),FIELD),sector),#)),mul(#,sub(ts_rank(div(FIELD,FIELD),#),#))),div(ts_mean(FIELD,#),FIELD))",2026-08-02T09:17:27.766734+00:00
near_pass_variant:primary,near_pass_variant,near_pass,3.69,"((group_rank(ts_delta(anl4_ebitda_value, 126)/cap,industry)-0.5)*0.7+(ts_rank(vwap/close,126)-0.5)*0.3)*rank(ts_mean(volume, 63)/adv20)","{""instrumentType"": ""EQUITY"", ""region"": ""USA"", ""universe"": ""TOP3000"", ""delay"": 1, ""decay"": 4, ""neutralization"": ""MARKET"", ""truncation"": 0.05, ""pasteurization"": ""ON"", ""unitHandling"": ""VERIFY"", ""nanHandling"": ""ON"", ""language"": ""FASTEXPR"", ""visualization"": false}",0,d98066212c40a6969a77fe4c629213682acd8ca62d36c6a712ad63d556904760,"mul(add(mul(#,sub(group_rank(div(ts_delta(anl4_ebitda_value,#),cap),industry),#)),mul(#,sub(ts_rank(div(vwap,close),#),#))),div(ts_mean(volume,#),adv20))","mul(add(mul(#,sub(group_rank(div(ts_delta(FIELD,#),FIELD),industry),#)),mul(#,sub(ts_rank(div(FIELD,FIELD),#),#))),div(ts_mean(FIELD,#),FIELD))",2026-08-02T09:17:27.766734+00:00
near_pass_variant:primary,near_pass_variant,near_pass,3.6799999999999997,"(group_rank(ts_delta(assets, 252)/cap,sector)-0.5)*0.7+(ts_rank(vwap/close,126)-0.5)*0.3","{""instrumentType"": ""EQUITY"", ""region"": ""USA"", ""universe"": ""TOP3000"", ""delay"": 1, ""decay"": 4, ""neutralization"": ""MARKET"", ""truncation"": 0.05, ""pasteurization"": ""ON"", ""unitHandling"": ""VERIFY"", ""nanHandling"": ""ON"", ""language"": ""FASTEXPR"", ""visualization"": false}",0,1247c731ac6bf1de0dc92a814792eccb3e73c6c25f205d0cd52e50ed1081bd57,"add(mul(#,sub(group_rank(div(ts_delta(assets,#),cap),sector),#)),mul(#,sub(ts_rank(div(vwap,close),#),#)))","add(mul(#,sub(group_rank(div(ts_delta(FIELD,#),FIELD),sector),#)),mul(#,sub(ts_rank(div(FIELD,FIELD),#),#)))",2026-08-02T09:17:27.766734+00:00
near_pass_variant:primary,near_pass_variant,near_pass,3.53,"trade_when(rank(ts_mean(volume,63)/adv20),((group_rank(ts_delta(assets, 252)/cap,sector)-0.5)*0.7+(ts_rank(vwap/close,126)-0.5)*0.3),-1)","{""instrumentType"": ""EQUITY"", ""region"": ""USA"", ""universe"": ""TOP3000"", ""delay"": 1, ""decay"": 4, ""neutralization"": ""MARKET"", ""truncation"": 0.05, ""pasteurization"": ""ON"", ""unitHandling"": ""VERIFY"", ""nanHandling"": ""ON"", ""language"": ""FASTEXPR"", ""visualization"": false}",0,ec21a48ce0303effff5b09aa19634f83ecc672c7e956922606851af265c307d2,"trade_when(div(ts_mean(volume,#),adv20),add(mul(#,sub(group_rank(div(ts_delta(assets,#),cap),sector),#)),mul(#,sub(ts_rank(div(vwap,close),#),#))),neg(#))","trade_when(div(ts_mean(FIELD,#),FIELD),add(mul(#,sub(group_rank(div(ts_delta(FIELD,#),FIELD),sector),#)),mul(#,sub(ts_rank(div(FIELD,FIELD),#),#))),neg(#))",2026-08-02T09:17:27.766734+00:00
near_pass_variant:primary,near_pass_variant,near_pass,3.67,"trade_when(rank(ts_mean(volume,63)/adv20),((group_rank(ts_delta(assets,252)/cap,sector)-0.5)*0.7+(ts_rank(vwap/close,126)-0.5)*0.3),-1)","{""instrumentType"": ""EQUITY"", ""region"": ""USA"", ""universe"": ""TOP3000"", ""delay"": 1, ""decay"": 4, ""neutralization"": ""MARKET"", ""truncation"": 0.05, ""pasteurization"": ""ON"", ""unitHandling"": ""VERIFY"", ""nanHandling"": ""ON"", ""language"": ""FASTEXPR"", ""visualization"": false}",0,503f9a97638b9e790bcde8f9756cdbebd08dbc0269dcc73ee869e264ebb86f33,"trade_when(div(ts_mean(volume,#),adv20),add(mul(#,sub(group_rank(div(ts_delta(assets,#),cap),sector),#)),mul(#,sub(ts_rank(div(vwap,close),#),#))),neg(#))","trade_when(div(ts_mean(FIELD,#),FIELD),add(mul(#,sub(group_rank(div(ts_delta(FIELD,#),FIELD),sector),#)),mul(#,sub(ts_rank(div(FIELD,FIELD),#),#))),neg(#))",2026-08-02T09:17:27.766734+00:00
arch_delta_liquid:primary,arch_delta_liquid,proven,10.7,"group_neutralize(ts_zscore(ts_delta(anl10_analyst_innovation_eps_revise_ratio_to_close_fy1,126)/cap,126)*rank(ts_mean(volume,63)/adv20),sector)","{""instrumentType"": ""EQUITY"", ""region"": ""USA"", ""universe"": ""TOP3000"", ""delay"": 1, ""decay"": 4, ""neutralization"": ""MARKET"", ""truncation"": 0.05, ""pasteurization"": ""ON"", ""unitHandling"": ""VERIFY"", ""nanHandling"": ""ON"", ""language"": ""FASTEXPR"", ""visualization"": false}",0,0d45f3475985221f2b1c4ec5071172cbd3502c6e955d6f051c2f98323e06cacb,"group_neutralize(mul(div(ts_mean(volume,#),adv20),ts_zscore(div(ts_delta(anl10_analyst_innovation_eps_revise_ratio_to_close_fy1,#),cap),#)),sector)","group_neutralize(mul(div(ts_mean(FIELD,#),FIELD),ts_zscore(div(ts_delta(FIELD,#),FIELD),#)),sector)",2026-08-02T09:17:27.766734+00:00
arch_delta_liquid:primary,arch_delta_liquid,proven,10.7,"group_neutralize(ts_zscore(ts_delta(anl10_analyst_innovation_eps_revise_ratio_to_close_fy2,126)/cap,126)*rank(ts_mean(volume,63)/adv20),sector)","{""instrumentType"": ""EQUITY"", ""region"": ""USA"", ""universe"": ""TOP3000"", ""delay"": 1, ""decay"": 4, ""neutralization"": ""MARKET"", ""truncation"": 0.05, ""pasteurization"": ""ON"", ""unitHandling"": ""VERIFY"", ""nanHandling"": ""ON"", ""language"": ""FASTEXPR"", ""visualization"": false}",0,cbb5dc855e318775ad13446774f0aa92e2caefc3e95c348acce5b246ce0542d4,"group_neutralize(mul(div(ts_mean(volume,#),adv20),ts_zscore(div(ts_delta(anl10_analyst_innovation_eps_revise_ratio_to_close_fy2,#),cap),#)),sector)","group_neutralize(mul(div(ts_mean(FIELD,#),FIELD),ts_zscore(div(ts_delta(FIELD,#),FIELD),#)),sector)",2026-08-02T09:17:27.766734+00:00
arch_delta_liquid:primary,arch_delta_liquid,proven,10.7,"group_neutralize(ts_zscore(ts_delta(anl10_analyst_innovation_eps_revise_ratio_to_close_fq1,126)/cap,126)*rank(ts_mean(volume,63)/adv20),sector)","{""instrumentType"": ""EQUITY"", ""region"": ""USA"", ""universe"": ""TOP3000"", ""delay"": 1, ""decay"": 4, ""neutralization"": ""MARKET"", ""truncation"": 0.05, ""pasteurization"": ""ON"", ""unitHandling"": ""VERIFY"", ""nanHandling"": ""ON"", ""language"": ""FASTEXPR"", ""visualization"": false}",0,20aec875d765909b5575efe470e08dff69a04f15a0be9c25c4504c290146f832,"group_neutralize(mul(div(ts_mean(volume,#),adv20),ts_zscore(div(ts_delta(anl10_analyst_innovation_eps_revise_ratio_to_close_fq1,#),cap),#)),sector)","group_neutralize(mul(div(ts_mean(FIELD,#),FIELD),ts_zscore(div(ts_delta(FIELD,#),FIELD),#)),sector)",2026-08-02T09:17:27.766734+00:00
arch_delta_liquid:primary,arch_delta_liquid,proven,10.7,"group_neutralize(ts_zscore(ts_delta(anl10_analyst_innovation_eps_revise_ratio_to_close_fq2,126)/cap,126)*rank(ts_mean(volume,63)/adv20),sector)","{""instrumentType"": ""EQUITY"", ""region"": ""USA"", ""universe"": ""TOP3000"", ""delay"": 1, ""decay"": 4, ""neutralization"": ""MARKET"", ""truncation"": 0.05, ""pasteurization"": ""ON"", ""unitHandling"": ""VERIFY"", ""nanHandling"": ""ON"", ""language"": ""FASTEXPR"", ""visualization"": false}",0,c51eeb3cbae4b95f024aac3d214d8c2480f0e3e01eaca1e6dc81da96f3dcb85d,"group_neutralize(mul(div(ts_mean(volume,#),adv20),ts_zscore(div(ts_delta(anl10_analyst_innovation_eps_revise_ratio_to_close_fq2,#),cap),#)),sector)","group_neutralize(mul(div(ts_mean(FIELD,#),FIELD),ts_zscore(div(ts_delta(FIELD,#),FIELD),#)),sector)",2026-08-02T09:17:27.766734+00:00
arch_delta_liquid:primary,arch_delta_liquid,proven,10.7,"group_neutralize(ts_zscore(ts_delta(anl10_analyst_innovation_eps_revise_ratio_to_consensus_fy1,126)/cap,126)*rank(ts_mean(volume,63)/adv20),sector)","{""instrumentType"": ""EQUITY"", ""region"": ""USA"", ""universe"": ""TOP3000"", ""delay"": 1, ""decay"": 4, ""neutralization"": ""MARKET"", ""truncation"": 0.05, ""pasteurization"": ""ON"", ""unitHandling"": ""VERIFY"", ""nanHandling"": ""ON"", ""language"": ""FASTEXPR"", ""visualization"": false}",0,070696ebc3bfad00c4fdc7f49d6ff3585f1d291c94b27a9f042141982f532065,"group_neutralize(mul(div(ts_mean(volume,#),adv20),ts_zscore(div(ts_delta(anl10_analyst_innovation_eps_revise_ratio_to_consensus_fy1,#),cap),#)),sector)","group_neutralize(mul(div(ts_mean(FIELD,#),FIELD),ts_zscore(div(ts_delta(FIELD,#),FIELD),#)),sector)",2026-08-02T09:17:27.766734+00:00
arch_delta_liquid:primary,arch_delta_liquid,proven,10.7,"group_neutralize(ts_zscore(ts_delta(anl10_analyst_innovation_eps_revise_ratio_to_consensus_fy2,126)/cap,126)*rank(ts_mean(volume,63)/adv20),sector)","{""instrumentType"": ""EQUITY"", ""region"": ""USA"", ""universe"": ""TOP3000"", ""delay"": 1, ""decay"": 4, ""neutralization"": ""MARKET"", ""truncation"": 0.05, ""pasteurization"": ""ON"", ""unitHandling"": ""VERIFY"", ""nanHandling"": ""ON"", ""language"": ""FASTEXPR"", ""visualization"": false}",0,a48ce5210baeb15af66220e9359df02c955f6f3fe0ff48b2e1fb7e1d83fc4a46,"group_neutralize(mul(div(ts_mean(volume,#),adv20),ts_zscore(div(ts_delta(anl10_analyst_innovation_eps_revise_ratio_to_consensus_fy2,#),cap),#)),sector)","group_neutralize(mul(div(ts_mean(FIELD,#),FIELD),ts_zscore(div(ts_delta(FIELD,#),FIELD),#)),sector)",2026-08-02T09:17:27.766734+00:00
arch_delta_liquid:primary,arch_delta_liquid,proven,10.7,"group_neutralize(ts_zscore(ts_delta(anl10_analyst_innovation_eps_revise_ratio_to_consensus_fq1,126)/cap,126)*rank(ts_mean(volume,63)/adv20),sector)","{""instrumentType"": ""EQUITY"", ""region"": ""USA"", ""universe"": ""TOP3000"", ""delay"": 1, ""decay"": 4, ""neutralization"": ""MARKET"", ""truncation"": 0.05, ""pasteurization"": ""ON"", ""unitHandling"": ""VERIFY"", ""nanHandling"": ""ON"", ""language"": ""FASTEXPR"", ""visualization"": false}",0,1b15a70625aa664bde280626b1442e2f0c74f39f5c565fad4992d79868ce6dcb,"group_neutralize(mul(div(ts_mean(volume,#),adv20),ts_zscore(div(ts_delta(anl10_analyst_innovation_eps_revise_ratio_to_consensus_fq1,#),cap),#)),sector)","group_neutralize(mul(div(ts_mean(FIELD,#),FIELD),ts_zscore(div(ts_delta(FIELD,#),FIELD),#)),sector)",2026-08-02T09:17:27.766734+00:00
arch_delta_liquid:primary,arch_delta_liquid,proven,10.7,"group_neutralize(ts_zscore(ts_delta(anl10_analyst_innovation_eps_revise_ratio_to_consensus_fq2,126)/cap,126)*rank(ts_mean(volume,63)/adv20),sector)","{""instrumentType"": ""EQUITY"", ""region"": ""USA"", ""universe"": ""TOP3000"", ""delay"": 1, ""decay"": 4, ""neutralization"": ""MARKET"", ""truncation"": 0.05, ""pasteurization"": ""ON"", ""unitHandling"": ""VERIFY"", ""nanHandling"": ""ON"", ""language"": ""FASTEXPR"", ""visualization"": false}",0,6da2e1d2923147a68d7ff0683bc7bd104745cd41bd3ecfbf659b77f84bba26f0,"group_neutralize(mul(div(ts_mean(volume,#),adv20),ts_zscore(div(ts_delta(anl10_analyst_innovation_eps_revise_ratio_to_consensus_fq2,#),cap),#)),sector)","group_neutralize(mul(div(ts_mean(FIELD,#),FIELD),ts_zscore(div(ts_delta(FIELD,#),FIELD),#)),sector)",2026-08-02T09:17:27.766734+00:00
arch_hybrid_lowvol:primary,arch_hybrid_lowvol,proven,9.95,"group_neutralize(ts_zscore(anl14_stddev_ebitda_fy5/cap,126)*-rank(ts_std_dev(returns,126)),industry)","{""instrumentType"": ""EQUITY"", ""region"": ""USA"", ""universe"": ""TOP3000"", ""delay"": 1, ""decay"": 4, ""neutralization"": ""MARKET"", ""truncation"": 0.05, ""pasteurization"": ""ON"", ""unitHandling"": ""VERIFY"", ""nanHandling"": ""ON"", ""language"": ""FASTEXPR"", ""visualization"": false}",0,16df37046861603b1816efa1e47e7f90de414b543bbad6091373da6b49e8b4ad,"group_neutralize(mul(neg(ts_std_dev(returns,#)),ts_zscore(div(anl14_stddev_ebitda_fy5,cap),#)),industry)","group_neutralize(mul(neg(ts_std_dev(FIELD,#)),ts_zscore(div(FIELD,FIELD),#)),industry)",2026-08-02T09:17:27.766734+00:00
arch_hybrid_lowvol:primary,arch_hybrid_lowvol,proven,9.95,"group_neutralize(ts_zscore(anl14_numofests_ebitda_fy5/cap,126)*-rank(ts_std_dev(returns,126)),market)","{""instrumentType"": ""EQUITY"", ""region"": ""USA"", ""universe"": ""TOP3000"", ""delay"": 1, ""decay"": 4, ""neutralization"": ""MARKET"", ""truncation"": 0.05, ""pasteurization"": ""ON"", ""unitHandling"": ""VERIFY"", ""nanHandling"": ""ON"", ""language"": ""FASTEXPR"", ""visualization"": false}",0,2fab6966e972919020c958f01998d3dec9ffed2cc00cec9d1f3ac3cfd042d5d9,"group_neutralize(mul(neg(ts_std_dev(returns,#)),ts_zscore(div(anl14_numofests_ebitda_fy5,cap),#)),market)","group_neutralize(mul(neg(ts_std_dev(FIELD,#)),ts_zscore(div(FIELD,FIELD),#)),market)",2026-08-02T09:17:27.766734+00:00
arch_hybrid_lowvol:primary,arch_hybrid_lowvol,proven,9.95,"group_neutralize(ts_zscore(anl14_numofests_ebitda_fy4/cap,126)*-rank(ts_std_dev(returns,126)),market)","{""instrumentType"": ""EQUITY"", ""region"": ""USA"", ""universe"": ""TOP3000"", ""delay"": 1, ""decay"": 4, ""neutralization"": ""MARKET"", ""truncation"": 0.05, ""pasteurization"": ""ON"", ""unitHandling"": ""VERIFY"", ""nanHandling"": ""ON"", ""language"": ""FASTEXPR"", ""visualization"": false}",0,a1cfe7613bd11ee131487efb2a373f23209a63d3aaef8b7c026fdfbc22a4a781,"group_neutralize(mul(neg(ts_std_dev(returns,#)),ts_zscore(div(anl14_numofests_ebitda_fy4,cap),#)),market)","group_neutralize(mul(neg(ts_std_dev(FIELD,#)),ts_zscore(div(FIELD,FIELD),#)),market)",2026-08-02T09:17:27.766734+00:00
arch_hybrid_lowvol:primary,arch_hybrid_lowvol,proven,9.95,"group_neutralize(ts_zscore(anl14_numofests_ebitda_fp5/cap,126)*-rank(ts_std_dev(returns,126)),sector)","{""instrumentType"": ""EQUITY"", ""region"": ""USA"", ""universe"": ""TOP3000"", ""delay"": 1, ""decay"": 4, ""neutralization"": ""MARKET"", ""truncation"": 0.05, ""pasteurization"": ""ON"", ""unitHandling"": ""VERIFY"", ""nanHandling"": ""ON"", ""language"": ""FASTEXPR"", ""visualization"": false}",0,f7e94c9e4c20b6e55e868fe81a3a1d15f1dae9462e50e40ea03f4d8f0897a258,"group_neutralize(mul(neg(ts_std_dev(returns,#)),ts_zscore(div(anl14_numofests_ebitda_fp5,cap),#)),sector)","group_neutralize(mul(neg(ts_std_dev(FIELD,#)),ts_zscore(div(FIELD,FIELD),#)),sector)",2026-08-02T09:17:27.766734+00:00
arch_hybrid_lowvol:primary,arch_hybrid_lowvol,proven,9.95,"group_neutralize(ts_zscore(anl14_numofests_ebitda_fp2/cap,126)*-rank(ts_std_dev(returns,126)),sector)","{""instrumentType"": ""EQUITY"", ""region"": ""USA"", ""universe"": ""TOP3000"", ""delay"": 1, ""decay"": 4, ""neutralization"": ""MARKET"", ""truncation"": 0.05, ""pasteurization"": ""ON"", ""unitHandling"": ""VERIFY"", ""nanHandling"": ""ON"", ""language"": ""FASTEXPR"", ""visualization"": false}",0,a6334ce1ea198d713a3b0b4105d30ea7e26734a458ebfa3c5f0f0d2fa3e8f39e,"group_neutralize(mul(neg(ts_std_dev(returns,#)),ts_zscore(div(anl14_numofests_ebitda_fp2,cap),#)),sector)","group_neutralize(mul(neg(ts_std_dev(FIELD,#)),ts_zscore(div(FIELD,FIELD),#)),sector)",2026-08-02T09:17:27.766734+00:00
arch_hybrid_lowvol:primary,arch_hybrid_lowvol,proven,9.95,"group_neutralize(ts_zscore(anl14_numofests_ebitda_fp4/cap,126)*-rank(ts_std_dev(returns,126)),market)","{""instrumentType"": ""EQUITY"", ""region"": ""USA"", ""universe"": ""TOP3000"", ""delay"": 1, ""decay"": 4, ""neutralization"": ""MARKET"", ""truncation"": 0.05, ""pasteurization"": ""ON"", ""unitHandling"": ""VERIFY"", ""nanHandling"": ""ON"", ""language"": ""FASTEXPR"", ""visualization"": false}",0,9c6f499c310a0458954ab6423b79d16643ffee99c56e819dd698944720951def,"group_neutralize(mul(neg(ts_std_dev(returns,#)),ts_zscore(div(anl14_numofests_ebitda_fp4,cap),#)),market)","group_neutralize(mul(neg(ts_std_dev(FIELD,#)),ts_zscore(div(FIELD,FIELD),#)),market)",2026-08-02T09:17:27.766734+00:00
arch_hybrid_lowvol:primary,arch_hybrid_lowvol,proven,9.95,"group_neutralize(ts_zscore(anl14_numofests_ebitda_fy1/cap,126)*-rank(ts_std_dev(returns,126)),sector)","{""instrumentType"": ""EQUITY"", ""region"": ""USA"", ""universe"": ""TOP3000"", ""delay"": 1, ""decay"": 4, ""neutralization"": ""MARKET"", ""truncation"": 0.05, ""pasteurization"": ""ON"", ""unitHandling"": ""VERIFY"", ""nanHandling"": ""ON"", ""language"": ""FASTEXPR"", ""visualization"": false}",0,6b50e058057657d022d376a46757d873f9b34fd78a9b850cde10be76f87a9eb9,"group_neutralize(mul(neg(ts_std_dev(returns,#)),ts_zscore(div(anl14_numofests_ebitda_fy1,cap),#)),sector)","group_neutralize(mul(neg(ts_std_dev(FIELD,#)),ts_zscore(div(FIELD,FIELD),#)),sector)",2026-08-02T09:17:27.766734+00:00
arch_hybrid_lowvol:primary,arch_hybrid_lowvol,proven,9.95,"group_neutralize(ts_zscore(anl14_numofests_ebitda_fy3/cap,126)*-rank(ts_std_dev(returns,126)),industry)","{""instrumentType"": ""EQUITY"", ""region"": ""USA"", ""universe"": ""TOP3000"", ""delay"": 1, ""decay"": 4, ""neutralization"": ""MARKET"", ""truncation"": 0.05, ""pasteurization"": ""ON"", ""unitHandling"": ""VERIFY"", ""nanHandling"": ""ON"", ""language"": ""FASTEXPR"", ""visualization"": false}",0,6dd87d7371ef9ac520a1dcb6d1485a882ffc1a27d7bcda08d3ad1ce134c0e6dd,"group_neutralize(mul(neg(ts_std_dev(returns,#)),ts_zscore(div(anl14_numofests_ebitda_fy3,cap),#)),industry)","group_neutralize(mul(neg(ts_std_dev(FIELD,#)),ts_zscore(div(FIELD,FIELD),#)),industry)",2026-08-02T09:17:27.766734+00:00
arch_regime_shift:primary,arch_regime_shift,proven,9.3,"group_neutralize((ts_zscore(anl10_roeff_2323/cap,126)-ts_zscore(anl10_roeff_2323/cap,252))*rank(ts_mean(volume,63)/adv20),industry)","{""instrumentType"": ""EQUITY"", ""region"": ""USA"", ""universe"": ""TOP3000"", ""delay"": 1, ""decay"": 6, ""neutralization"": ""MARKET"", ""truncation"": 0.05, ""pasteurization"": ""ON"", ""unitHandling"": ""VERIFY"", ""nanHandling"": ""ON"", ""language"": ""FASTEXPR"", ""visualization"": false}",0,ca153994339996a7e4c46fc67d09431e4956e04e830e0f30575c8529fbeb80a6,"group_neutralize(mul(div(ts_mean(volume,#),adv20),sub(ts_zscore(div(anl10_roeff_2323,cap),#),ts_zscore(div(anl10_roeff_2323,cap),#))),industry)","group_neutralize(mul(div(ts_mean(FIELD,#),FIELD),sub(ts_zscore(div(FIELD,FIELD),#),ts_zscore(div(FIELD,FIELD),#))),industry)",2026-08-02T09:17:27.766734+00:00
arch_regime_shift:primary,arch_regime_shift,proven,9.3,"group_neutralize((ts_zscore(anl10_smartest_roe_ff/cap,126)-ts_zscore(anl10_smartest_roe_ff/cap,252))*rank(ts_mean(volume,63)/adv20),market)","{""instrumentType"": ""EQUITY"", ""region"": ""USA"", ""universe"": ""TOP3000"", ""delay"": 1, ""decay"": 6, ""neutralization"": ""MARKET"", ""truncation"": 0.05, ""pasteurization"": ""ON"", ""unitHandling"": ""VERIFY"", ""nanHandling"": ""ON"", ""language"": ""FASTEXPR"", ""visualization"": false}",0,5a74238047202c1be5574d3d677bce17d4e671cfada1ea076e5fe85965e0e1b0,"group_neutralize(mul(div(ts_mean(volume,#),adv20),sub(ts_zscore(div(anl10_smartest_roe_ff,cap),#),ts_zscore(div(anl10_smartest_roe_ff,cap),#))),market)","group_neutralize(mul(div(ts_mean(FIELD,#),FIELD),sub(ts_zscore(div(FIELD,FIELD),#),ts_zscore(div(FIELD,FIELD),#))),market)",2026-08-02T09:17:27.766734+00:00
arch_regime_shift:primary,arch_regime_shift,proven,9.3,"group_neutralize((ts_zscore(anl10_smartest_roa_ff/cap,126)-ts_zscore(anl10_smartest_roa_ff/cap,252))*rank(ts_mean(volume,63)/adv20),sector)","{""instrumentType"": ""EQUITY"", ""region"": ""USA"", ""universe"": ""TOP3000"", ""delay"": 1, ""decay"": 6, ""neutralization"": ""MARKET"", ""truncation"": 0.05, ""pasteurization"": ""ON"", ""unitHandling"": ""VERIFY"", ""nanHandling"": ""ON"", ""language"": ""FASTEXPR"", ""visualization"": false}",0,0c53fd7f1d28d4261500e3818ff08aa0fab7b2f99bf3fea34cad29580ddadb3f,"group_neutralize(mul(div(ts_mean(volume,#),adv20),sub(ts_zscore(div(anl10_smartest_roa_ff,cap),#),ts_zscore(div(anl10_smartest_roa_ff,cap),#))),sector)","group_neutralize(mul(div(ts_mean(FIELD,#),FIELD),sub(ts_zscore(div(FIELD,FIELD),#),ts_zscore(div(FIELD,FIELD),#))),sector)",2026-08-02T09:17:27.766734+00:00
arch_regime_shift:primary,arch_regime_shift,proven,9.15,"group_neutralize((ts_zscore(anl10_roeff_2323/cap,63)-ts_zscore(anl10_roeff_2323/cap,252))*rank(ts_mean(volume,63)/adv20),industry)","{""instrumentType"": ""EQUITY"", ""region"": ""USA"", ""universe"": ""TOP3000"", ""delay"": 1, ""decay"": 6, ""neutralization"": ""MARKET"", ""truncation"": 0.05, ""pasteurization"": ""ON"", ""unitHandling"": ""VERIFY"", ""nanHandling"": ""ON"", ""language"": ""FASTEXPR"", ""visualization"": false}",0,6fd947992d1efeab27bd248c28d44d6f3552cadfa30c5835db3c9bf1ef1a5315,"group_neutralize(mul(div(ts_mean(volume,#),adv20),sub(ts_zscore(div(anl10_roeff_2323,cap),#),ts_zscore(div(anl10_roeff_2323,cap),#))),industry)","group_neutralize(mul(div(ts_mean(FIELD,#),FIELD),sub(ts_zscore(div(FIELD,FIELD),#),ts_zscore(div(FIELD,FIELD),#))),industry)",2026-08-02T09:17:27.766734+00:00
arch_regime_shift:primary,arch_regime_shift,proven,9.15,"group_neutralize((ts_zscore(anl10_smartest_roe_ff/cap,63)-ts_zscore(anl10_smartest_roe_ff/cap,252))*rank(ts_mean(volume,63)/adv20),market)","{""instrumentType"": ""EQUITY"", ""region"": ""USA"", ""universe"": ""TOP3000"", ""delay"": 1, ""decay"": 6, ""neutralization"": ""MARKET"", ""truncation"": 0.05, ""pasteurization"": ""ON"", ""unitHandling"": ""VERIFY"", ""nanHandling"": ""ON"", ""language"": ""FASTEXPR"", ""visualization"": false}",0,616108883640413cf4a6d4e170d4048183a4b7f12077170d035e64f0aaa5c860,"group_neutralize(mul(div(ts_mean(volume,#),adv20),sub(ts_zscore(div(anl10_smartest_roe_ff,cap),#),ts_zscore(div(anl10_smartest_roe_ff,cap),#))),market)","group_neutralize(mul(div(ts_mean(FIELD,#),FIELD),sub(ts_zscore(div(FIELD,FIELD),#),ts_zscore(div(FIELD,FIELD),#))),market)",2026-08-02T09:17:27.766734+00:00
arch_regime_shift:primary,arch_regime_shift,proven,9.15,"group_neutralize((ts_zscore(anl10_smartest_roa_ff/cap,63)-ts_zscore(anl10_smartest_roa_ff/cap,252))*rank(ts_mean(volume,63)/adv20),sector)","{""instrumentType"": ""EQUITY"", ""region"": ""USA"", ""universe"": ""TOP3000"", ""delay"": 1, ""decay"": 6, ""neutralization"": ""MARKET"", ""truncation"": 0.05, ""pasteurization"": ""ON"", ""unitHandling"": ""VERIFY"", ""nanHandling"": ""ON"", ""language"": ""FASTEXPR"", ""visualization"": false}",0,abe4db0c4c36e1453a264fdcbfec5a788c3f5533db888509b57f53f5f81cc346,"group_neutralize(mul(div(ts_mean(volume,#),adv20),sub(ts_zscore(div(anl10_smartest_roa_ff,cap),#),ts_zscore(div(anl10_smartest_roa_ff,cap),#))),sector)","group_neutralize(mul(div(ts_mean(FIELD,#),FIELD),sub(ts_zscore(div(FIELD,FIELD),#),ts_zscore(div(FIELD,FIELD),#))),sector)",2026-08-02T09:17:27.766734+00:00
arch_regime_shift:primary,arch_regime_shift,proven,9.0,"group_neutralize((ts_zscore(anl10_smartest_roe_ff/cap,63)-ts_zscore(anl10_smartest_roe_ff/cap,126))*rank(ts_mean(volume,63)/adv20),market)","{""instrumentType"": ""EQUITY"", ""region"": ""USA"", ""universe"": ""TOP3000"", ""delay"": 1, ""decay"": 6, ""neutralization"": ""MARKET"", ""truncation"": 0.05, ""pasteurization"": ""ON"", ""unitHandling"": ""VERIFY"", ""nanHandling"": ""ON"", ""language"": ""FASTEXPR"", ""visualization"": false}",0,a949dea377eff188f9f7812388590c6426080ff156af44a93bc05f0b0989b2d5,"group_neutralize(mul(div(ts_mean(volume,#),adv20),sub(ts_zscore(div(anl10_smartest_roe_ff,cap),#),ts_zscore(div(anl10_smartest_roe_ff,cap),#))),market)","group_neutralize(mul(div(ts_mean(FIELD,#),FIELD),sub(ts_zscore(div(FIELD,FIELD),#),ts_zscore(div(FIELD,FIELD),#))),market)",2026-08-02T09:17:27.766734+00:00
arch_regime_shift:primary,arch_regime_shift,proven,9.0,"group_neutralize((ts_zscore(anl10_smartest_roa_ff/cap,63)-ts_zscore(anl10_smartest_roa_ff/cap,126))*rank(ts_mean(volume,63)/adv20),sector)","{""instrumentType"": ""EQUITY"", ""region"": ""USA"", ""universe"": ""TOP3000"", ""delay"": 1, ""decay"": 6, ""neutralization"": ""MARKET"", ""truncation"": 0.05, ""pasteurization"": ""ON"", ""unitHandling"": ""VERIFY"", ""nanHandling"": ""ON"", ""language"": ""FASTEXPR"", ""visualization"": false}",0,5e886197bea71a9732e49bdcf4146e564f3b4a3abb2180621ad9926fed405f9c,"group_neutralize(mul(div(ts_mean(volume,#),adv20),sub(ts_zscore(div(anl10_smartest_roa_ff,cap),#),ts_zscore(div(anl10_smartest_roa_ff,cap),#))),sector)","group_neutralize(mul(div(ts_mean(FIELD,#),FIELD),sub(ts_zscore(div(FIELD,FIELD),#),ts_zscore(div(FIELD,FIELD),#))),sector)",2026-08-02T09:17:27.766734+00:00
arch_analyst_liquid:primary,arch_analyst_liquid,proven,8.7,"group_neutralize(ts_zscore(industry_12mo_marketcap_percent,126)*rank(ts_mean(volume,63)/adv20),industry)","{""instrumentType"": ""EQUITY"", ""region"": ""USA"", ""universe"": ""TOP3000"", ""delay"": 1, ""decay"": 4, ""neutralization"": ""MARKET"", ""truncation"": 0.06, ""pasteurization"": ""ON"", ""unitHandling"": ""VERIFY"", ""nanHandling"": ""ON"", ""language"": ""FASTEXPR"", ""visualization"": false}",0,a5fa003dc38e057d7d0326eb67384ccdc8265896464b15923197ebf30d35ce71,"group_neutralize(mul(div(ts_mean(volume,#),adv20),ts_zscore(industry_12mo_marketcap_percent,#)),industry)","group_neutralize(mul(div(ts_mean(FIELD,#),FIELD),ts_zscore(FIELD,#)),industry)",2026-08-02T09:17:27.766734+00:00
arch_analyst_liquid:primary,arch_analyst_liquid,proven,8.7,"group_neutralize(ts_zscore(governance_pillar_composite_score,126)*rank(ts_mean(volume,63)/adv20),market)","{""instrumentType"": ""EQUITY"", ""region"": ""USA"", ""universe"": ""TOP3000"", ""delay"": 1, ""decay"": 4, ""neutralization"": ""MARKET"", ""truncation"": 0.06, ""pasteurization"": ""ON"", ""unitHandling"": ""VERIFY"", ""nanHandling"": ""ON"", ""language"": ""FASTEXPR"", ""visualization"": false}",0,681c3b003a19d29c8c48b7d6332bb11324aef39fbbb1d92ed7664e630f287d69,"group_neutralize(mul(div(ts_mean(volume,#),adv20),ts_zscore(governance_pillar_composite_score,#)),market)","group_neutralize(mul(div(ts_mean(FIELD,#),FIELD),ts_zscore(FIELD,#)),market)",2026-08-02T09:17:27.766734+00:00
arch_analyst_liquid:primary,arch_analyst_liquid,proven,8.7,"group_neutralize(ts_zscore(workplace_diversity_labor_rights_score,126)*rank(ts_mean(volume,63)/adv20),market)","{""instrumentType"": ""EQUITY"", ""region"": ""USA"", ""universe"": ""TOP3000"", ""delay"": 1, ""decay"": 4, ""neutralization"": ""MARKET"", ""truncation"": 0.06, ""pasteurization"": ""ON"", ""unitHandling"": ""VERIFY"", ""nanHandling"": ""ON"", ""language"": ""FASTEXPR"", ""visualization"": false}",0,c61294df8ed187d1bee3ed1d071e72353492dd77de813c752a078d4ce643d46f,"group_neutralize(mul(div(ts_mean(volume,#),adv20),ts_zscore(workplace_diversity_labor_rights_score,#)),market)","group_neutralize(mul(div(ts_mean(FIELD,#),FIELD),ts_zscore(FIELD,#)),market)",2026-08-02T09:17:27.766734+00:00
arch_analyst_liquid:primary,arch_analyst_liquid,proven,8.7,"group_neutralize(ts_zscore(group_longterm_growth_marketcap_percent,126)*rank(ts_mean(volume,63)/adv20),sector)","{""instrumentType"": ""EQUITY"", ""region"": ""USA"", ""universe"": ""TOP3000"", ""delay"": 1, ""decay"": 4, ""neutralization"": ""MARKET"", ""truncation"": 0.06, ""pasteurization"": ""ON"", ""unitHandling"": ""VERIFY"", ""nanHandling"": ""ON"", ""language"": ""FASTEXPR"", ""visualization"": false}",0,2531a8831436b610592f595691b7f3e13e5537fe8916d3d74fac9be2d682528e,"group_neutralize(mul(div(ts_mean(volume,#),adv20),ts_zscore(group_longterm_growth_marketcap_percent,#)),sector)","group_neutralize(mul(div(ts_mean(FIELD,#),FIELD),ts_zscore(FIELD,#)),sector)",2026-08-02T09:17:27.766734+00:00
arch_analyst_liquid:primary,arch_analyst_liquid,proven,8.7,"group_neutralize(ts_zscore(sector_longterm_growth_marketcap_percent,126)*rank(ts_mean(volume,63)/adv20),market)","{""instrumentType"": ""EQUITY"", ""region"": ""USA"", ""universe"": ""TOP3000"", ""delay"": 1, ""decay"": 4, ""neutralization"": ""MARKET"", ""truncation"": 0.06, ""pasteurization"": ""ON"", ""unitHandling"": ""VERIFY"", ""nanHandling"": ""ON"", ""language"": ""FASTEXPR"", ""visualization"": false}",0,d967edf79dc6f09dea78b488735162391258250e2316c9400b8abd2a2e5b80fa,"group_neutralize(mul(div(ts_mean(volume,#),adv20),ts_zscore(sector_longterm_growth_marketcap_percent,#)),market)","group_neutralize(mul(div(ts_mean(FIELD,#),FIELD),ts_zscore(FIELD,#)),market)",2026-08-02T09:17:27.766734+00:00
arch_vol_price_div:primary,arch_vol_price_div,proven,8.55,"group_neutralize(ts_rank(ts_mean(volume,126)/adv20,126)*-rank(ts_delta(close,126)),market)","{""instrumentType"": ""EQUITY"", ""region"": ""USA"", ""universe"": ""TOP3000"", ""delay"": 1, ""decay"": 4, ""neutralization"": ""MARKET"", ""truncation"": 0.06, ""pasteurization"": ""ON"", ""unitHandling"": ""VERIFY"", ""nanHandling"": ""ON"", ""language"": ""FASTEXPR"", ""visualization"": false}",0,fbe366ce0ec43cc70b74c9528ac2f49bac38a2e69e2b935c71a9b3b5c74afe31,"group_neutralize(mul(neg(ts_delta(close,#)),ts_rank(div(ts_mean(volume,#),adv20),#)),market)","group_neutralize(mul(neg(ts_delta(FIELD,#)),ts_rank(div(ts_mean(FIELD,#),FIELD),#)),market)",2026-08-02T09:17:27.766734+00:00
arch_vol_price_div:primary,arch_vol_price_div,proven,8.55,"group_neutralize(ts_rank(ts_mean(volume,126)/adv20,126)*-rank(ts_delta(close,126)),sector)","{""instrumentType"": ""EQUITY"", ""region"": ""USA"", ""universe"": ""TOP3000"", ""delay"": 1, ""decay"": 4, ""neutralization"": ""MARKET"", ""truncation"": 0.06, ""pasteurization"": ""ON"", ""unitHandling"": ""VERIFY"", ""nanHandling"": ""ON"", ""language"": ""FASTEXPR"", ""visualization"": false}",0,32b665372629344ba465a82768d4c283c47916bb3dc985f882f3b2ca028f08c5,"group_neutralize(mul(neg(ts_delta(close,#)),ts_rank(div(ts_mean(volume,#),adv20),#)),sector)","group_neutralize(mul(neg(ts_delta(FIELD,#)),ts_rank(div(ts_mean(FIELD,#),FIELD),#)),sector)",2026-08-02T09:17:27.766734+00:00
arch_analyst_liquid:primary,arch_analyst_liquid,proven,8.55,"group_neutralize(ts_zscore(workplace_diversity_labor_rights_score,63)*rank(ts_mean(volume,63)/adv20),market)","{""instrumentType"": ""EQUITY"", ""region"": ""USA"", ""universe"": ""TOP3000"", ""delay"": 1, ""decay"": 4, ""neutralization"": ""MARKET"", ""truncation"": 0.06, ""pasteurization"": ""ON"", ""unitHandling"": ""VERIFY"", ""nanHandling"": ""ON"", ""language"": ""FASTEXPR"", ""visualization"": false}",0,ba02e6f8169507474ea1834b2b9b3e161cdbd37e667969068fba2256114c6d39,"group_neutralize(mul(div(ts_mean(volume,#),adv20),ts_zscore(workplace_diversity_labor_rights_score,#)),market)","group_neutralize(mul(div(ts_mean(FIELD,#),FIELD),ts_zscore(FIELD,#)),market)",2026-08-02T09:17:27.766734+00:00
arch_analyst_liquid:primary,arch_analyst_liquid,proven,8.55,"group_neutralize(ts_zscore(group_longterm_growth_marketcap_percent,63)*rank(ts_mean(volume,63)/adv20),sector)","{""instrumentType"": ""EQUITY"", ""region"": ""USA"", ""universe"": ""TOP3000"", ""delay"": 1, ""decay"": 4, ""neutralization"": ""MARKET"", ""truncation"": 0.06, ""pasteurization"": ""ON"", ""unitHandling"": ""VERIFY"", ""nanHandling"": ""ON"", ""language"": ""FASTEXPR"", ""visualization"": false}",0,0f85d59f6c3a487be85f2b36910451efa6a3e09a81666754d130016aca167dfe,"group_neutralize(mul(div(ts_mean(volume,#),adv20),ts_zscore(group_longterm_growth_marketcap_percent,#)),sector)","group_neutralize(mul(div(ts_mean(FIELD,#),FIELD),ts_zscore(FIELD,#)),sector)",2026-08-02T09:17:27.766734+00:00
arch_analyst_liquid:primary,arch_analyst_liquid,proven,8.55,"group_neutralize(ts_zscore(sector_longterm_growth_marketcap_percent,63)*rank(ts_mean(volume,63)/adv20),market)","{""instrumentType"": ""EQUITY"", ""region"": ""USA"", ""universe"": ""TOP3000"", ""delay"": 1, ""decay"": 4, ""neutralization"": ""MARKET"", ""truncation"": 0.06, ""pasteurization"": ""ON"", ""unitHandling"": ""VERIFY"", ""nanHandling"": ""ON"", ""language"": ""FASTEXPR"", ""visualization"": false}",0,86f0e87e9f621178cc45526df07b4e0083e76f968ad98199598cc977df6ba009,"group_neutralize(mul(div(ts_mean(volume,#),adv20),ts_zscore(sector_longterm_growth_marketcap_percent,#)),market)","group_neutralize(mul(div(ts_mean(FIELD,#),FIELD),ts_zscore(FIELD,#)),market)",2026-08-02T09:17:27.766734+00:00
arch_delta_liquid:primary,arch_delta_liquid,proven,8.5,"(group_rank(ts_delta(anl10_analyst_innovation_eps_revise_ratio_to_close_fy1,126)/cap,industry)-0.5)*rank(ts_mean(volume,63)/adv20)","{""instrumentType"": ""EQUITY"", ""region"": ""USA"", ""universe"": ""TOP3000"", ""delay"": 1, ""decay"": 4, ""neutralization"": ""MARKET"", ""truncation"": 0.05, ""pasteurization"": ""ON"", ""unitHandling"": ""VERIFY"", ""nanHandling"": ""ON"", ""language"": ""FASTEXPR"", ""visualization"": false}",0,cdaa05f10dfe4ab7f53795a433755ebde2e66c2f93fdc960a654e6845ef3df0c,"mul(div(ts_mean(volume,#),adv20),sub(group_rank(div(ts_delta(anl10_analyst_innovation_eps_revise_ratio_to_close_fy1,#),cap),industry),#))","mul(div(ts_mean(FIELD,#),FIELD),sub(group_rank(div(ts_delta(FIELD,#),FIELD),industry),#))",2026-08-02T09:17:27.766734+00:00
arch_delta_liquid:primary,arch_delta_liquid,proven,8.5,"(group_rank(ts_delta(anl10_analyst_innovation_eps_revise_ratio_to_close_fy2,126)/cap,industry)-0.5)*rank(ts_mean(volume,63)/adv20)","{""instrumentType"": ""EQUITY"", ""region"": ""USA"", ""universe"": ""TOP3000"", ""delay"": 1, ""decay"": 4, ""neutralization"": ""MARKET"", ""truncation"": 0.05, ""pasteurization"": ""ON"", ""unitHandling"": ""VERIFY"", ""nanHandling"": ""ON"", ""language"": ""FASTEXPR"", ""visualization"": false}",0,ae8b1d1a2c8eca4e6cc071659a11dbb28b115cff0c4b55c06118aa5b62c15ff6,"mul(div(ts_mean(volume,#),adv20),sub(group_rank(div(ts_delta(anl10_analyst_innovation_eps_revise_ratio_to_close_fy2,#),cap),industry),#))","mul(div(ts_mean(FIELD,#),FIELD),sub(group_rank(div(ts_delta(FIELD,#),FIELD),industry),#))",2026-08-02T09:17:27.766734+00:00
arch_delta_liquid:primary,arch_delta_liquid,proven,8.5,"(group_rank(ts_delta(anl10_analyst_innovation_eps_revise_ratio_to_close_fq1,126)/cap,industry)-0.5)*rank(ts_mean(volume,63)/adv20)","{""instrumentType"": ""EQUITY"", ""region"": ""USA"", ""universe"": ""TOP3000"", ""delay"": 1, ""decay"": 4, ""neutralization"": ""MARKET"", ""truncation"": 0.05, ""pasteurization"": ""ON"", ""unitHandling"": ""VERIFY"", ""nanHandling"": ""ON"", ""language"": ""FASTEXPR"", ""visualization"": false}",0,b26cdd7bc2ef47a2d158ef482835c3d0d5c2e5166855b915e888c5e9f58ac1ca,"mul(div(ts_mean(volume,#),adv20),sub(group_rank(div(ts_delta(anl10_analyst_innovation_eps_revise_ratio_to_close_fq1,#),cap),industry),#))","mul(div(ts_mean(FIELD,#),FIELD),sub(group_rank(div(ts_delta(FIELD,#),FIELD),industry),#))",2026-08-02T09:17:27.766734+00:00
arch_delta_liquid:primary,arch_delta_liquid,proven,8.5,"(group_rank(ts_delta(anl10_analyst_innovation_eps_revise_ratio_to_close_fq2,126)/cap,industry)-0.5)*rank(ts_mean(volume,63)/adv20)","{""instrumentType"": ""EQUITY"", ""region"": ""USA"", ""universe"": ""TOP3000"", ""delay"": 1, ""decay"": 4, ""neutralization"": ""MARKET"", ""truncation"": 0.05, ""pasteurization"": ""ON"", ""unitHandling"": ""VERIFY"", ""nanHandling"": ""ON"", ""language"": ""FASTEXPR"", ""visualization"": false}",0,e969c4cd5c71bb6a153b2772d4de86061fc0c56775a223e5c1d5841a4bcd48bc,"mul(div(ts_mean(volume,#),adv20),sub(group_rank(div(ts_delta(anl10_analyst_innovation_eps_revise_ratio_to_close_fq2,#),cap),industry),#))","mul(div(ts_mean(FIELD,#),FIELD),sub(group_rank(div(ts_delta(FIELD,#),FIELD),industry),#))",2026-08-02T09:17:27.766734+00:00
arch_delta_liquid:primary,arch_delta_liquid,proven,8.5,"(group_rank(ts_delta(anl10_analyst_innovation_eps_revise_ratio_to_consensus_fy1,126)/cap,industry)-0.5)*rank(ts_mean(volume,63)/adv20)","{""instrumentType"": ""EQUITY"", ""region"": ""USA"", ""universe"": ""TOP3000"", ""delay"": 1, ""decay"": 4, ""neutralization"": ""MARKET"", ""truncation"": 0.05, ""pasteurization"": ""ON"", ""unitHandling"": ""VERIFY"", ""nanHandling"": ""ON"", ""language"": ""FASTEXPR"", ""visualization"": false}",0,23ea2837b1c25429740057c62d2a27ca0c982f72ae34400459deb8d54a5d00f5,"mul(div(ts_mean(volume,#),adv20),sub(group_rank(div(ts_delta(anl10_analyst_innovation_eps_revise_ratio_to_consensus_fy1,#),cap),industry),#))","mul(div(ts_mean(FIELD,#),FIELD),sub(group_rank(div(ts_delta(FIELD,#),FIELD),industry),#))",2026-08-02T09:17:27.766734+00:00
arch_delta_liquid:primary,arch_delta_liquid,proven,8.5,"(group_rank(ts_delta(anl10_analyst_innovation_eps_revise_ratio_to_consensus_fy2,126)/cap,industry)-0.5)*rank(ts_mean(volume,63)/adv20)","{""instrumentType"": ""EQUITY"", ""region"": ""USA"", ""universe"": ""TOP3000"", ""delay"": 1, ""decay"": 4, ""neutralization"": ""MARKET"", ""truncation"": 0.05, ""pasteurization"": ""ON"", ""unitHandling"": ""VERIFY"", ""nanHandling"": ""ON"", ""language"": ""FASTEXPR"", ""visualization"": false}",0,cf34d34faeb201a2975052147afd91d8e3df95ef9a433a277a4b803060a00f9c,"mul(div(ts_mean(volume,#),adv20),sub(group_rank(div(ts_delta(anl10_analyst_innovation_eps_revise_ratio_to_consensus_fy2,#),cap),industry),#))","mul(div(ts_mean(FIELD,#),FIELD),sub(group_rank(div(ts_delta(FIELD,#),FIELD),industry),#))",2026-08-02T09:17:27.766734+00:00
arch_delta_liquid:primary,arch_delta_liquid,proven,8.5,"(group_rank(ts_delta(anl10_analyst_innovation_eps_revise_ratio_to_consensus_fq1,126)/cap,industry)-0.5)*rank(ts_mean(volume,63)/adv20)","{""instrumentType"": ""EQUITY"", ""region"": ""USA"", ""universe"": ""TOP3000"", ""delay"": 1, ""decay"": 4, ""neutralization"": ""MARKET"", ""truncation"": 0.05, ""pasteurization"": ""ON"", ""unitHandling"": ""VERIFY"", ""nanHandling"": ""ON"", ""language"": ""FASTEXPR"", ""visualization"": false}",0,46375845912cff678758c6f9924110e5d614cbec0b08da0f17eacff5958b7704,"mul(div(ts_mean(volume,#),adv20),sub(group_rank(div(ts_delta(anl10_analyst_innovation_eps_revise_ratio_to_consensus_fq1,#),cap),industry),#))","mul(div(ts_mean(FIELD,#),FIELD),sub(group_rank(div(ts_delta(FIELD,#),FIELD),industry),#))",2026-08-02T09:17:27.766734+00:00
arch_delta_liquid:primary,arch_delta_liquid,proven,8.5,"(group_rank(ts_delta(anl10_analyst_innovation_eps_revise_ratio_to_consensus_fq2,126)/cap,industry)-0.5)*rank(ts_mean(volume,63)/adv20)","{""instrumentType"": ""EQUITY"", ""region"": ""USA"", ""universe"": ""TOP3000"", ""delay"": 1, ""decay"": 4, ""neutralization"": ""MARKET"", ""truncation"": 0.05, ""pasteurization"": ""ON"", ""unitHandling"": ""VERIFY"", ""nanHandling"": ""ON"", ""language"": ""FASTEXPR"", ""visualization"": false}",0,59dd600d8b832ab010943adfa36c8b62cccddf3935c9efa26a830b04ecc3be50,"mul(div(ts_mean(volume,#),adv20),sub(group_rank(div(ts_delta(anl10_analyst_innovation_eps_revise_ratio_to_consensus_fq2,#),cap),industry),#))","mul(div(ts_mean(FIELD,#),FIELD),sub(group_rank(div(ts_delta(FIELD,#),FIELD),industry),#))",2026-08-02T09:17:27.766734+00:00
arch_vol_price_div:primary,arch_vol_price_div,proven,8.35,"group_neutralize(ts_rank(ts_mean(volume,126)/adv20,126)*-rank(ts_delta(close,126)),industry)","{""instrumentType"": ""EQUITY"", ""region"": ""USA"", ""universe"": ""TOP3000"", ""delay"": 1, ""decay"": 4, ""neutralization"": ""MARKET"", ""truncation"": 0.06, ""pasteurization"": ""ON"", ""unitHandling"": ""VERIFY"", ""nanHandling"": ""ON"", ""language"": ""FASTEXPR"", ""visualization"": false}",0,7d347f966dcfb855cde66fb46871b0e4c2bfbbb984dd5de7cb94463842be90d2,"group_neutralize(mul(neg(ts_delta(close,#)),ts_rank(div(ts_mean(volume,#),adv20),#)),industry)","group_neutralize(mul(neg(ts_delta(FIELD,#)),ts_rank(div(ts_mean(FIELD,#),FIELD),#)),industry)",2026-08-02T09:17:27.766734+00:00
arch_hybrid_level_liq:primary,arch_hybrid_level_liq,proven,8.25,"(group_rank(anl10_analyst_innovation_eps_revise_ratio_to_close_fy1/cap,market)-0.5)*rank(ts_mean(volume,63)/adv20)","{""instrumentType"": ""EQUITY"", ""region"": ""USA"", ""universe"": ""TOP3000"", ""delay"": 1, ""decay"": 4, ""neutralization"": ""MARKET"", ""truncation"": 0.05, ""pasteurization"": ""ON"", ""unitHandling"": ""VERIFY"", ""nanHandling"": ""ON"", ""language"": ""FASTEXPR"", ""visualization"": false}",0,718141cf160588a61271ab596a050557162bbacdcc4fdc5fb5d1e3ae46620511,"mul(div(ts_mean(volume,#),adv20),sub(group_rank(div(anl10_analyst_innovation_eps_revise_ratio_to_close_fy1,cap),market),#))","mul(div(ts_mean(FIELD,#),FIELD),sub(group_rank(div(FIELD,FIELD),market),#))",2026-08-02T09:17:27.766734+00:00
arch_hybrid_level_liq:primary,arch_hybrid_level_liq,proven,8.25,"(group_rank(anl10_analyst_innovation_eps_revise_ratio_to_close_fy2/cap,market)-0.5)*rank(ts_mean(volume,63)/adv20)","{""instrumentType"": ""EQUITY"", ""region"": ""USA"", ""universe"": ""TOP3000"", ""delay"": 1, ""decay"": 4, ""neutralization"": ""MARKET"", ""truncation"": 0.05, ""pasteurization"": ""ON"", ""unitHandling"": ""VERIFY"", ""nanHandling"": ""ON"", ""language"": ""FASTEXPR"", ""visualization"": false}",0,256dc42a049a544ec968692c7ab731b0581a989b1860b9a23d35cecf3af30c00,"mul(div(ts_mean(volume,#),adv20),sub(group_rank(div(anl10_analyst_innovation_eps_revise_ratio_to_close_fy2,cap),market),#))","mul(div(ts_mean(FIELD,#),FIELD),sub(group_rank(div(FIELD,FIELD),market),#))",2026-08-02T09:17:27.766734+00:00
arch_hybrid_level_liq:primary,arch_hybrid_level_liq,proven,8.25,"(group_rank(anl10_analyst_innovation_eps_revise_ratio_to_close_fq1/cap,market)-0.5)*rank(ts_mean(volume,63)/adv20)","{""instrumentType"": ""EQUITY"", ""region"": ""USA"", ""universe"": ""TOP3000"", ""delay"": 1, ""decay"": 4, ""neutralization"": ""MARKET"", ""truncation"": 0.05, ""pasteurization"": ""ON"", ""unitHandling"": ""VERIFY"", ""nanHandling"": ""ON"", ""language"": ""FASTEXPR"", ""visualization"": false}",0,47be167e25294425b84becc23894155a0614ca28771c71cdc1424c2d215c0076,"mul(div(ts_mean(volume,#),adv20),sub(group_rank(div(anl10_analyst_innovation_eps_revise_ratio_to_close_fq1,cap),market),#))","mul(div(ts_mean(FIELD,#),FIELD),sub(group_rank(div(FIELD,FIELD),market),#))",2026-08-02T09:17:27.766734+00:00
arch_hybrid_level_liq:primary,arch_hybrid_level_liq,proven,8.25,"(group_rank(anl10_analyst_innovation_eps_revise_ratio_to_close_fq2/cap,sector)-0.5)*rank(ts_mean(volume,63)/adv20)","{""instrumentType"": ""EQUITY"", ""region"": ""USA"", ""universe"": ""TOP3000"", ""delay"": 1, ""decay"": 4, ""neutralization"": ""MARKET"", ""truncation"": 0.05, ""pasteurization"": ""ON"", ""unitHandling"": ""VERIFY"", ""nanHandling"": ""ON"", ""language"": ""FASTEXPR"", ""visualization"": false}",0,eeea2e0de38b74ded02ebc62ae357045e1e1ea6f87384135a242c3feca11bec1,"mul(div(ts_mean(volume,#),adv20),sub(group_rank(div(anl10_analyst_innovation_eps_revise_ratio_to_close_fq2,cap),sector),#))","mul(div(ts_mean(FIELD,#),FIELD),sub(group_rank(div(FIELD,FIELD),sector),#))",2026-08-02T09:17:27.766734+00:00
arch_hybrid_level_liq:primary,arch_hybrid_level_liq,proven,8.25,"(group_rank(anl10_analyst_innovation_eps_revise_ratio_to_consensus_fq1/cap,sector)-0.5)*rank(ts_mean(volume,63)/adv20)","{""instrumentType"": ""EQUITY"", ""region"": ""USA"", ""universe"": ""TOP3000"", ""delay"": 1, ""decay"": 4, ""neutralization"": ""MARKET"", ""truncation"": 0.05, ""pasteurization"": ""ON"", ""unitHandling"": ""VERIFY"", ""nanHandling"": ""ON"", ""language"": ""FASTEXPR"", ""visualization"": false}",0,a022ae395a7129b7e024956df2f6ba6a76206f5f327da81b5e43a7f9c5ea6eef,"mul(div(ts_mean(volume,#),adv20),sub(group_rank(div(anl10_analyst_innovation_eps_revise_ratio_to_consensus_fq1,cap),sector),#))","mul(div(ts_mean(FIELD,#),FIELD),sub(group_rank(div(FIELD,FIELD),sector),#))",2026-08-02T09:17:27.766734+00:00
arch_hybrid_level_liq:primary,arch_hybrid_level_liq,proven,8.25,"(group_rank(anl10_analyst_innovation_eps_revise_ratio_to_consensus_fq2/cap,sector)-0.5)*rank(ts_mean(volume,63)/adv20)","{""instrumentType"": ""EQUITY"", ""region"": ""USA"", ""universe"": ""TOP3000"", ""delay"": 1, ""decay"": 4, ""neutralization"": ""MARKET"", ""truncation"": 0.05, ""pasteurization"": ""ON"", ""unitHandling"": ""VERIFY"", ""nanHandling"": ""ON"", ""language"": ""FASTEXPR"", ""visualization"": false}",0,7f1475e36fd35b964443d204ed210cc6e93df8cff8f81b5aeb3a7b635ef81847,"mul(div(ts_mean(volume,#),adv20),sub(group_rank(div(anl10_analyst_innovation_eps_revise_ratio_to_consensus_fq2,cap),sector),#))","mul(div(ts_mean(FIELD,#),FIELD),sub(group_rank(div(FIELD,FIELD),sector),#))",2026-08-02T09:17:27.766734+00:00
arch_hybrid_level_liq:primary,arch_hybrid_level_liq,proven,8.25,"(group_rank(anl10_analyst_innovation_eps_revise_ratio_to_consensus_fy1/cap,industry)-0.5)*rank(ts_mean(volume,63)/adv20)","{""instrumentType"": ""EQUITY"", ""region"": ""USA"", ""universe"": ""TOP3000"", ""delay"": 1, ""decay"": 4, ""neutralization"": ""MARKET"", ""truncation"": 0.05, ""pasteurization"": ""ON"", ""unitHandling"": ""VERIFY"", ""nanHandling"": ""ON"", ""language"": ""FASTEXPR"", ""visualization"": false}",0,bd82039bd8daf680723dcb98417a333f2fab0394a2c6eaa0aa9549e63cdd3975,"mul(div(ts_mean(volume,#),adv20),sub(group_rank(div(anl10_analyst_innovation_eps_revise_ratio_to_consensus_fy1,cap),industry),#))","mul(div(ts_mean(FIELD,#),FIELD),sub(group_rank(div(FIELD,FIELD),industry),#))",2026-08-02T09:17:27.766734+00:00
arch_hybrid_level_liq:primary,arch_hybrid_level_liq,proven,8.25,"(group_rank(anl10_analyst_innovation_eps_revise_ratio_to_consensus_fy2/cap,industry)-0.5)*rank(ts_mean(volume,63)/adv20)","{""instrumentType"": ""EQUITY"", ""region"": ""USA"", ""universe"": ""TOP3000"", ""delay"": 1, ""decay"": 4, ""neutralization"": ""MARKET"", ""truncation"": 0.05, ""pasteurization"": ""ON"", ""unitHandling"": ""VERIFY"", ""nanHandling"": ""ON"", ""language"": ""FASTEXPR"", ""visualization"": false}",0,7815575400c1bc7996cfeacff7fea1bba5f46a2db1682d0b4f740bfcc17ec796,"mul(div(ts_mean(volume,#),adv20),sub(group_rank(div(anl10_analyst_innovation_eps_revise_ratio_to_consensus_fy2,cap),industry),#))","mul(div(ts_mean(FIELD,#),FIELD),sub(group_rank(div(FIELD,FIELD),industry),#))",2026-08-02T09:17:27.766734+00:00
arch_vol_price_div:primary,arch_vol_price_div,proven,8.2,"group_neutralize(ts_rank(ts_mean(volume,63)/adv20,126)*-rank(ts_delta(close,126)),industry)","{""instrumentType"": ""EQUITY"", ""region"": ""USA"", ""universe"": ""TOP3000"", ""delay"": 1, ""decay"": 4, ""neutralization"": ""MARKET"", ""truncation"": 0.06, ""pasteurization"": ""ON"", ""unitHandling"": ""VERIFY"", ""nanHandling"": ""ON"", ""language"": ""FASTEXPR"", ""visualization"": false}",0,07d19fd25ccb60708c85bf7aafe8b7063cd9315b768843b339eafdec87ac2da1,"group_neutralize(mul(neg(ts_delta(close,#)),ts_rank(div(ts_mean(volume,#),adv20),#)),industry)","group_neutralize(mul(neg(ts_delta(FIELD,#)),ts_rank(div(ts_mean(FIELD,#),FIELD),#)),industry)",2026-08-02T09:17:27.766734+00:00
arch_vol_price_div:primary,arch_vol_price_div,proven,8.1,"group_neutralize(ts_rank(ts_mean(volume,42)/adv20,126)*-rank(ts_delta(close,126)),industry)","{""instrumentType"": ""EQUITY"", ""region"": ""USA"", ""universe"": ""TOP3000"", ""delay"": 1, ""decay"": 4, ""neutralization"": ""MARKET"", ""truncation"": 0.06, ""pasteurization"": ""ON"", ""unitHandling"": ""VERIFY"", ""nanHandling"": ""ON"", ""language"": ""FASTEXPR"", ""visualization"": false}",0,00040dba450cab3ea19bccf85c39239496d5b08dbfd6254085f6a8f2554abfec,"group_neutralize(mul(neg(ts_delta(close,#)),ts_rank(div(ts_mean(volume,#),adv20),#)),industry)","group_neutralize(mul(neg(ts_delta(FIELD,#)),ts_rank(div(ts_mean(FIELD,#),FIELD),#)),industry)",2026-08-02T09:17:27.766734+00:00
arch_spread:primary,arch_spread,proven,8.1,"group_neutralize(ts_zscore(anl14_stddev_ebitda_fy5/cap,126)-ts_zscore(anl14_numofests_ndebt_fp2/cap,126),industry)","{""instrumentType"": ""EQUITY"", ""region"": ""USA"", ""universe"": ""TOP3000"", ""delay"": 1, ""decay"": 6, ""neutralization"": ""MARKET"", ""truncation"": 0.05, ""pasteurization"": ""ON"", ""unitHandling"": ""VERIFY"", ""nanHandling"": ""ON"", ""language"": ""FASTEXPR"", ""visualization"": false}",0,b5593c799388a0f28b2a4103c698994ab56e929443d381a14f7f9edc281d407b,"group_neutralize(sub(ts_zscore(div(anl14_stddev_ebitda_fy5,cap),#),ts_zscore(div(anl14_numofests_ndebt_fp2,cap),#)),industry)","group_neutralize(sub(ts_zscore(div(FIELD,FIELD),#),ts_zscore(div(FIELD,FIELD),#)),industry)",2026-08-02T09:17:27.766734+00:00
arch_spread:primary,arch_spread,proven,8.1,"group_neutralize(ts_zscore(anl14_stddev_ebitda_fp5/cap,126)-ts_zscore(anl14_numofests_revenue_fy5/cap,126),market)","{""instrumentType"": ""EQUITY"", ""region"": ""USA"", ""universe"": ""TOP3000"", ""delay"": 1, ""decay"": 6, ""neutralization"": ""MARKET"", ""truncation"": 0.05, ""pasteurization"": ""ON"", ""unitHandling"": ""VERIFY"", ""nanHandling"": ""ON"", ""language"": ""FASTEXPR"", ""visualization"": false}",0,0baff7f6520c22baf7b6f6500a4fd4145b88d67dd43c33c5e11d60eba2e5e08d,"group_neutralize(sub(ts_zscore(div(anl14_stddev_ebitda_fp5,cap),#),ts_zscore(div(anl14_numofests_revenue_fy5,cap),#)),market)","group_neutralize(sub(ts_zscore(div(FIELD,FIELD),#),ts_zscore(div(FIELD,FIELD),#)),market)",2026-08-02T09:17:27.766734+00:00
arch_spread:primary,arch_spread,proven,8.1,"group_neutralize(ts_zscore(anl14_numofests_ebitda_fp5/cap,126)-ts_zscore(anl14_stddev_revenue_fy5/cap,126),sector)","{""instrumentType"": ""EQUITY"", ""region"": ""USA"", ""universe"": ""TOP3000"", ""delay"": 1, ""decay"": 6, ""neutralization"": ""MARKET"", ""truncation"": 0.05, ""pasteurization"": ""ON"", ""unitHandling"": ""VERIFY"", ""nanHandling"": ""ON"", ""language"": ""FASTEXPR"", ""visualization"": false}",0,8a28abde901cdcc3f4644917fd9f4c0acacdbad545c7afdba5f32eb4a7df0651,"group_neutralize(sub(ts_zscore(div(anl14_numofests_ebitda_fp5,cap),#),ts_zscore(div(anl14_stddev_revenue_fy5,cap),#)),sector)","group_neutralize(sub(ts_zscore(div(FIELD,FIELD),#),ts_zscore(div(FIELD,FIELD),#)),sector)",2026-08-02T09:17:27.766734+00:00
arch_spread:primary,arch_spread,proven,8.1,"group_neutralize(ts_zscore(anl14_numofests_ebitda_fp2/cap,126)-ts_zscore(anl14_median_revenue_fy5/cap,126),sector)","{""instrumentType"": ""EQUITY"", ""region"": ""USA"", ""universe"": ""TOP3000"", ""delay"": 1, ""decay"": 6, ""neutralization"": ""MARKET"", ""truncation"": 0.05, ""pasteurization"": ""ON"", ""unitHandling"": ""VERIFY"", ""nanHandling"": ""ON"", ""language"": ""FASTEXPR"", ""visualization"": false}",0,d90c3b03b50e069dadec7bd4db9c9253f219c05f8b48d4f95906c98b3bea9687,"group_neutralize(sub(ts_zscore(div(anl14_numofests_ebitda_fp2,cap),#),ts_zscore(div(anl14_median_revenue_fy5,cap),#)),sector)","group_neutralize(sub(ts_zscore(div(FIELD,FIELD),#),ts_zscore(div(FIELD,FIELD),#)),sector)",2026-08-02T09:17:27.766734+00:00
arch_spread:primary,arch_spread,proven,8.1,"group_neutralize(ts_zscore(anl14_numofests_ebitda_fy3/cap,126)-ts_zscore(anl14_median_ndebt_fp3/cap,126),industry)","{""instrumentType"": ""EQUITY"", ""region"": ""USA"", ""universe"": ""TOP3000"", ""delay"": 1, ""decay"": 6, ""neutralization"": ""MARKET"", ""truncation"": 0.05, ""pasteurization"": ""ON"", ""unitHandling"": ""VERIFY"", ""nanHandling"": ""ON"", ""language"": ""FASTEXPR"", ""visualization"": false}",0,ae531a0ba8556bc8fdfb9aac0b1a7d00046088ce8b3af903e39fc3a241ee472b,"group_neutralize(sub(ts_zscore(div(anl14_numofests_ebitda_fy3,cap),#),ts_zscore(div(anl14_median_ndebt_fp3,cap),#)),industry)","group_neutralize(sub(ts_zscore(div(FIELD,FIELD),#),ts_zscore(div(FIELD,FIELD),#)),industry)",2026-08-02T09:17:27.766734+00:00
arch_spread:primary,arch_spread,proven,8.1,"group_neutralize(ts_zscore(anl14_median_ebitda_fy3/cap,126)-ts_zscore(anl14_numofests_revenue_fy4/cap,126),sector)","{""instrumentType"": ""EQUITY"", ""region"": ""USA"", ""universe"": ""TOP3000"", ""delay"": 1, ""decay"": 6, ""neutralization"": ""MARKET"", ""truncation"": 0.05, ""pasteurization"": ""ON"", ""unitHandling"": ""VERIFY"", ""nanHandling"": ""ON"", ""language"": ""FASTEXPR"", ""visualization"": false}",0,bcb5e730a805dd0c8aab668aef5bf97a85d4e09eacad6bcc807b0d9fb611a050,"group_neutralize(sub(ts_zscore(div(anl14_median_ebitda_fy3,cap),#),ts_zscore(div(anl14_numofests_revenue_fy4,cap),#)),sector)","group_neutralize(sub(ts_zscore(div(FIELD,FIELD),#),ts_zscore(div(FIELD,FIELD),#)),sector)",2026-08-02T09:17:27.766734+00:00
arch_spread:primary,arch_spread,proven,8.1,"group_neutralize(ts_zscore(anl14_numofests_ebitda_fy5/cap,126)-ts_zscore(anl14_numofests_capex_fy4/cap,126),market)","{""instrumentType"": ""EQUITY"", ""region"": ""USA"", ""universe"": ""TOP3000"", ""delay"": 1, ""decay"": 6, ""neutralization"": ""MARKET"", ""truncation"": 0.05, ""pasteurization"": ""ON"", ""unitHandling"": ""VERIFY"", ""nanHandling"": ""ON"", ""language"": ""FASTEXPR"", ""visualization"": false}",0,baf7f8b197a2dc8dbc5e4000c9139862d9d4995d02c63d5e26338a2936d46ec8,"group_neutralize(sub(ts_zscore(div(anl14_numofests_ebitda_fy5,cap),#),ts_zscore(div(anl14_numofests_capex_fy4,cap),#)),market)","group_neutralize(sub(ts_zscore(div(FIELD,FIELD),#),ts_zscore(div(FIELD,FIELD),#)),market)",2026-08-02T09:17:27.766734+00:00
arch_spread:primary,arch_spread,proven,8.1,"group_neutralize(ts_zscore(anl14_numofests_ebitda_fy4/cap,126)-ts_zscore(anl14_numofests_ndebt_fp3/cap,126),market)","{""instrumentType"": ""EQUITY"", ""region"": ""USA"", ""universe"": ""TOP3000"", ""delay"": 1, ""decay"": 6, ""neutralization"": ""MARKET"", ""truncation"": 0.05, ""pasteurization"": ""ON"", ""unitHandling"": ""VERIFY"", ""nanHandling"": ""ON"", ""language"": ""FASTEXPR"", ""visualization"": false}",0,eefc36f9ad15d78ee3dc85ce2faded453da24526c91f8d03ce2c6a34e0ff0813,"group_neutralize(sub(ts_zscore(div(anl14_numofests_ebitda_fy4,cap),#),ts_zscore(div(anl14_numofests_ndebt_fp3,cap),#)),market)","group_neutralize(sub(ts_zscore(div(FIELD,FIELD),#),ts_zscore(div(FIELD,FIELD),#)),market)",2026-08-02T09:17:27.766734+00:00
arch_vol_price_div:primary,arch_vol_price_div,proven,8.05,"group_neutralize(ts_rank(ts_mean(volume,126)/adv20,63)*-rank(ts_delta(close,63)),industry)","{""instrumentType"": ""EQUITY"", ""region"": ""USA"", ""universe"": ""TOP3000"", ""delay"": 1, ""decay"": 4, ""neutralization"": ""MARKET"", ""truncation"": 0.06, ""pasteurization"": ""ON"", ""unitHandling"": ""VERIFY"", ""nanHandling"": ""ON"", ""language"": ""FASTEXPR"", ""visualization"": false}",0,9a7a1aa08fc5bfee9677b0796fdecff5135acc24be58e05bd012cc997ec97932,"group_neutralize(mul(neg(ts_delta(close,#)),ts_rank(div(ts_mean(volume,#),adv20),#)),industry)","group_neutralize(mul(neg(ts_delta(FIELD,#)),ts_rank(div(ts_mean(FIELD,#),FIELD),#)),industry)",2026-08-02T09:17:27.766734+00:00
arch_vol_scaled:primary,arch_vol_scaled,proven,8.0,"group_neutralize(ts_zscore(anl10_analyst_innovation_eps_innovate_decrease_fy1/cap,126)*-rank(ts_std_dev(returns,126)),sector)","{""instrumentType"": ""EQUITY"", ""region"": ""USA"", ""universe"": ""TOP3000"", ""delay"": 1, ""decay"": 6, ""neutralization"": ""MARKET"", ""truncation"": 0.05, ""pasteurization"": ""ON"", ""unitHandling"": ""VERIFY"", ""nanHandling"": ""ON"", ""language"": ""FASTEXPR"", ""visualization"": false}",0,d4c4dcf2d4e5f03a909159c806d443136f18436e79521c28a4e2d26271084b71,"group_neutralize(mul(neg(ts_std_dev(returns,#)),ts_zscore(div(anl10_analyst_innovation_eps_innovate_decrease_fy1,cap),#)),sector)","group_neutralize(mul(neg(ts_std_dev(FIELD,#)),ts_zscore(div(FIELD,FIELD),#)),sector)",2026-08-02T09:17:27.766734+00:00
arch_vol_scaled:primary,arch_vol_scaled,proven,8.0,"group_neutralize(ts_zscore(anl10_analyst_innovation_eps_normal_decrease_fy1/cap,126)*-rank(ts_std_dev(returns,126)),industry)","{""instrumentType"": ""EQUITY"", ""region"": ""USA"", ""universe"": ""TOP3000"", ""delay"": 1, ""decay"": 6, ""neutralization"": ""MARKET"", ""truncation"": 0.05, ""pasteurization"": ""ON"", ""unitHandling"": ""VERIFY"", ""nanHandling"": ""ON"", ""language"": ""FASTEXPR"", ""visualization"": false}",0,a1be93f77853fa2488be759e3d9f497f13f93667da5e3ca6d61c46006e2a41c9,"group_neutralize(mul(neg(ts_std_dev(returns,#)),ts_zscore(div(anl10_analyst_innovation_eps_normal_decrease_fy1,cap),#)),industry)","group_neutralize(mul(neg(ts_std_dev(FIELD,#)),ts_zscore(div(FIELD,FIELD),#)),industry)",2026-08-02T09:17:27.766734+00:00
arch_vol_scaled:primary,arch_vol_scaled,proven,8.0,"group_neutralize(ts_zscore(anl10_analyst_innovation_eps_innovate_decrease_fy2/cap,126)*-rank(ts_std_dev(returns,126)),industry)","{""instrumentType"": ""EQUITY"", ""region"": ""USA"", ""universe"": ""TOP3000"", ""delay"": 1, ""decay"": 6, ""neutralization"": ""MARKET"", ""truncation"": 0.05, ""pasteurization"": ""ON"", ""unitHandling"": ""VERIFY"", ""nanHandling"": ""ON"", ""language"": ""FASTEXPR"", ""visualization"": false}",0,a3ffa57babf1be3019e470977df43a140ad4ce050b298f9919a66bad726d7d05,"group_neutralize(mul(neg(ts_std_dev(returns,#)),ts_zscore(div(anl10_analyst_innovation_eps_innovate_decrease_fy2,cap),#)),industry)","group_neutralize(mul(neg(ts_std_dev(FIELD,#)),ts_zscore(div(FIELD,FIELD),#)),industry)",2026-08-02T09:17:27.766734+00:00
arch_vol_scaled:primary,arch_vol_scaled,proven,8.0,"group_neutralize(ts_zscore(anl10_analyst_innovation_eps_revise_ratio_to_close_fy1/cap,126)*-rank(ts_std_dev(returns,126)),sector)","{""instrumentType"": ""EQUITY"", ""region"": ""USA"", ""universe"": ""TOP3000"", ""delay"": 1, ""decay"": 6, ""neutralization"": ""MARKET"", ""truncation"": 0.05, ""pasteurization"": ""ON"", ""unitHandling"": ""VERIFY"", ""nanHandling"": ""ON"", ""language"": ""FASTEXPR"", ""visualization"": false}",0,4e739def96d3b8205eb2b2979842a9fc35dd5c8c29d08741c913e386db41fe64,"group_neutralize(mul(neg(ts_std_dev(returns,#)),ts_zscore(div(anl10_analyst_innovation_eps_revise_ratio_to_close_fy1,cap),#)),sector)","group_neutralize(mul(neg(ts_std_dev(FIELD,#)),ts_zscore(div(FIELD,FIELD),#)),sector)",2026-08-02T09:17:27.766734+00:00
arch_vol_scaled:primary,arch_vol_scaled,proven,8.0,"group_neutralize(ts_zscore(anl10_analyst_innovation_eps_revise_ratio_to_close_fy2/cap,126)*-rank(ts_std_dev(returns,126)),industry)","{""instrumentType"": ""EQUITY"", ""region"": ""USA"", ""universe"": ""TOP3000"", ""delay"": 1, ""decay"": 6, ""neutralization"": ""MARKET"", ""truncation"": 0.05, ""pasteurization"": ""ON"", ""unitHandling"": ""VERIFY"", ""nanHandling"": ""ON"", ""language"": ""FASTEXPR"", ""visualization"": false}",0,37cb3ae59500f15ac79323949fbc80a5de5e4aebbf45135e9a6e652a194e4b1d,"group_neutralize(mul(neg(ts_std_dev(returns,#)),ts_zscore(div(anl10_analyst_innovation_eps_revise_ratio_to_close_fy2,cap),#)),industry)","group_neutralize(mul(neg(ts_std_dev(FIELD,#)),ts_zscore(div(FIELD,FIELD),#)),industry)",2026-08-02T09:17:27.766734+00:00
arch_vol_scaled:primary,arch_vol_scaled,proven,8.0,"group_neutralize(ts_zscore(anl10_analyst_innovation_eps_revise_ratio_to_close_fq1/cap,126)*-rank(ts_std_dev(returns,126)),industry)","{""instrumentType"": ""EQUITY"", ""region"": ""USA"", ""universe"": ""TOP3000"", ""delay"": 1, ""decay"": 6, ""neutralization"": ""MARKET"", ""truncation"": 0.05, ""pasteurization"": ""ON"", ""unitHandling"": ""VERIFY"", ""nanHandling"": ""ON"", ""language"": ""FASTEXPR"", ""visualization"": false}",0,f823a1b70ecb3786c1f084a2bf7598ac4117184fbe1dac7f3640e1a0bbe8a40b,"group_neutralize(mul(neg(ts_std_dev(returns,#)),ts_zscore(div(anl10_analyst_innovation_eps_revise_ratio_to_close_fq1,cap),#)),industry)","group_neutralize(mul(neg(ts_std_dev(FIELD,#)),ts_zscore(div(FIELD,FIELD),#)),industry)",2026-08-02T09:17:27.766734+00:00
arch_vol_scaled:primary,arch_vol_scaled,proven,8.0,"group_neutralize(ts_zscore(anl10_analyst_innovation_eps_revise_ratio_to_consensus_fy1/cap,126)*-rank(ts_std_dev(returns,126)),market)","{""instrumentType"": ""EQUITY"", ""region"": ""USA"", ""universe"": ""TOP3000"", ""delay"": 1, ""decay"": 6, ""neutralization"": ""MARKET"", ""truncation"": 0.05, ""pasteurization"": ""ON"", ""unitHandling"": ""VERIFY"", ""nanHandling"": ""ON"", ""language"": ""FASTEXPR"", ""visualization"": false}",0,5ae533fcecf7bf1b0a2deb5eead2f9f09290b84b0215ce9d83ca0a379792af18,"group_neutralize(mul(neg(ts_std_dev(returns,#)),ts_zscore(div(anl10_analyst_innovation_eps_revise_ratio_to_consensus_fy1,cap),#)),market)","group_neutralize(mul(neg(ts_std_dev(FIELD,#)),ts_zscore(div(FIELD,FIELD),#)),market)",2026-08-02T09:17:27.766734+00:00
arch_vol_scaled:primary,arch_vol_scaled,proven,8.0,"group_neutralize(ts_zscore(anl10_analyst_innovation_eps_revise_ratio_to_consensus_fy2/cap,126)*-rank(ts_std_dev(returns,126)),market)","{""instrumentType"": ""EQUITY"", ""region"": ""USA"", ""universe"": ""TOP3000"", ""delay"": 1, ""decay"": 6, ""neutralization"": ""MARKET"", ""truncation"": 0.05, ""pasteurization"": ""ON"", ""unitHandling"": ""VERIFY"", ""nanHandling"": ""ON"", ""language"": ""FASTEXPR"", ""visualization"": false}",0,37b8d6b8421621bb435f05a199ec714ade9321303a4ac561ffbbba768a2b3082,"group_neutralize(mul(neg(ts_std_dev(returns,#)),ts_zscore(div(anl10_analyst_innovation_eps_revise_ratio_to_consensus_fy2,cap),#)),market)","group_neutralize(mul(neg(ts_std_dev(FIELD,#)),ts_zscore(div(FIELD,FIELD),#)),market)",2026-08-02T09:17:27.766734+00:00
arch_vol_price_div:primary,arch_vol_price_div,proven,7.9,"group_neutralize(ts_rank(ts_mean(volume,63)/adv20,63)*-rank(ts_delta(close,63)),industry)","{""instrumentType"": ""EQUITY"", ""region"": ""USA"", ""universe"": ""TOP3000"", ""delay"": 1, ""decay"": 4, ""neutralization"": ""MARKET"", ""truncation"": 0.06, ""pasteurization"": ""ON"", ""unitHandling"": ""VERIFY"", ""nanHandling"": ""ON"", ""language"": ""FASTEXPR"", ""visualization"": false}",0,3592299efb35c95d672d9f37ec9046fc54ef8852eef37bf3ecc894eb9030b394,"group_neutralize(mul(neg(ts_delta(close,#)),ts_rank(div(ts_mean(volume,#),adv20),#)),industry)","group_neutralize(mul(neg(ts_delta(FIELD,#)),ts_rank(div(ts_mean(FIELD,#),FIELD),#)),industry)",2026-08-02T09:17:27.766734+00:00
arch_pv_vol:primary,arch_pv_vol,proven,7.800000000000001,"group_neutralize(rank(ts_mean(volume,126)/adv20)*-rank(ts_delta(close,126)),sector)","{""instrumentType"": ""EQUITY"", ""region"": ""USA"", ""universe"": ""TOP3000"", ""delay"": 1, ""decay"": 6, ""neutralization"": ""MARKET"", ""truncation"": 0.06, ""pasteurization"": ""ON"", ""unitHandling"": ""VERIFY"", ""nanHandling"": ""ON"", ""language"": ""FASTEXPR"", ""visualization"": false}",0,40cc01bceea0e9b1cec3504135cad112aa94ebd5b743534c2e7a65bd0338be27,"group_neutralize(mul(div(ts_mean(volume,#),adv20),neg(ts_delta(close,#))),sector)","group_neutralize(mul(div(ts_mean(FIELD,#),FIELD),neg(ts_delta(FIELD,#))),sector)",2026-08-02T09:17:27.766734+00:00
arch_vol_price_div:primary,arch_vol_price_div,proven,7.8,"group_neutralize(ts_rank(ts_mean(volume,42)/adv20,63)*-rank(ts_delta(close,63)),industry)","{""instrumentType"": ""EQUITY"", ""region"": ""USA"", ""universe"": ""TOP3000"", ""delay"": 1, ""decay"": 4, ""neutralization"": ""MARKET"", ""truncation"": 0.06, ""pasteurization"": ""ON"", ""unitHandling"": ""VERIFY"", ""nanHandling"": ""ON"", ""language"": ""FASTEXPR"", ""visualization"": false}",0,09ee8ac2f84c8b556f1e4e7ef99c86ce48f134d611791b3c0bb22c39c5526fab,"group_neutralize(mul(neg(ts_delta(close,#)),ts_rank(div(ts_mean(volume,#),adv20),#)),industry)","group_neutralize(mul(neg(ts_delta(FIELD,#)),ts_rank(div(ts_mean(FIELD,#),FIELD),#)),industry)",2026-08-02T09:17:27.766734+00:00
arch_spread:primary,arch_spread,proven,7.8,"group_neutralize(ts_rank(anl14_stddev_ebitda_fy5/cap,126)-ts_rank(anl14_numofests_ndebt_fp2/cap,126),industry)","{""instrumentType"": ""EQUITY"", ""region"": ""USA"", ""universe"": ""TOP3000"", ""delay"": 1, ""decay"": 6, ""neutralization"": ""MARKET"", ""truncation"": 0.05, ""pasteurization"": ""ON"", ""unitHandling"": ""VERIFY"", ""nanHandling"": ""ON"", ""language"": ""FASTEXPR"", ""visualization"": false}",0,a21205e12a2185d06385949f5103a7d1256c28463f1b207fed158e9eb9eb8d3c,"group_neutralize(sub(ts_rank(div(anl14_stddev_ebitda_fy5,cap),#),ts_rank(div(anl14_numofests_ndebt_fp2,cap),#)),industry)","group_neutralize(sub(ts_rank(div(FIELD,FIELD),#),ts_rank(div(FIELD,FIELD),#)),industry)",2026-08-02T09:17:27.766734+00:00
arch_spread:primary,arch_spread,proven,7.8,"group_neutralize(ts_rank(anl14_stddev_ebitda_fp5/cap,126)-ts_rank(anl14_numofests_revenue_fy5/cap,126),market)","{""instrumentType"": ""EQUITY"", ""region"": ""USA"", ""universe"": ""TOP3000"", ""delay"": 1, ""decay"": 6, ""neutralization"": ""MARKET"", ""truncation"": 0.05, ""pasteurization"": ""ON"", ""unitHandling"": ""VERIFY"", ""nanHandling"": ""ON"", ""language"": ""FASTEXPR"", ""visualization"": false}",0,33377d1a64d45d04bed20585ce8c96c8bd9035d7eaafb80869204dcfc41191e6,"group_neutralize(sub(ts_rank(div(anl14_stddev_ebitda_fp5,cap),#),ts_rank(div(anl14_numofests_revenue_fy5,cap),#)),market)","group_neutralize(sub(ts_rank(div(FIELD,FIELD),#),ts_rank(div(FIELD,FIELD),#)),market)",2026-08-02T09:17:27.766734+00:00
arch_spread:primary,arch_spread,proven,7.8,"group_neutralize(ts_rank(anl14_numofests_ebitda_fp5/cap,126)-ts_rank(anl14_stddev_revenue_fy5/cap,126),sector)","{""instrumentType"": ""EQUITY"", ""region"": ""USA"", ""universe"": ""TOP3000"", ""delay"": 1, ""decay"": 6, ""neutralization"": ""MARKET"", ""truncation"": 0.05, ""pasteurization"": ""ON"", ""unitHandling"": ""VERIFY"", ""nanHandling"": ""ON"", ""language"": ""FASTEXPR"", ""visualization"": false}",0,a451b5969e8bd0ca3c29dd190498620a87efb2945fdf972b82ff6d207c0cea73,"group_neutralize(sub(ts_rank(div(anl14_numofests_ebitda_fp5,cap),#),ts_rank(div(anl14_stddev_revenue_fy5,cap),#)),sector)","group_neutralize(sub(ts_rank(div(FIELD,FIELD),#),ts_rank(div(FIELD,FIELD),#)),sector)",2026-08-02T09:17:27.766734+00:00
arch_spread:primary,arch_spread,proven,7.8,"group_neutralize(ts_rank(anl14_numofests_ebitda_fp2/cap,126)-ts_rank(anl14_median_revenue_fy5/cap,126),sector)","{""instrumentType"": ""EQUITY"", ""region"": ""USA"", ""universe"": ""TOP3000"", ""delay"": 1, ""decay"": 6, ""neutralization"": ""MARKET"", ""truncation"": 0.05, ""pasteurization"": ""ON"", ""unitHandling"": ""VERIFY"", ""nanHandling"": ""ON"", ""language"": ""FASTEXPR"", ""visualization"": false}",0,c8a96a2a39c19b737ade6fc987a0438be6b0cf695295b48549da4b35cd08d39b,"group_neutralize(sub(ts_rank(div(anl14_numofests_ebitda_fp2,cap),#),ts_rank(div(anl14_median_revenue_fy5,cap),#)),sector)","group_neutralize(sub(ts_rank(div(FIELD,FIELD),#),ts_rank(div(FIELD,FIELD),#)),sector)",2026-08-02T09:17:27.766734+00:00
arch_spread:primary,arch_spread,proven,7.8,"group_neutralize(ts_rank(anl14_numofests_ebitda_fy3/cap,126)-ts_rank(anl14_median_ndebt_fp3/cap,126),industry)","{""instrumentType"": ""EQUITY"", ""region"": ""USA"", ""universe"": ""TOP3000"", ""delay"": 1, ""decay"": 6, ""neutralization"": ""MARKET"", ""truncation"": 0.05, ""pasteurization"": ""ON"", ""unitHandling"": ""VERIFY"", ""nanHandling"": ""ON"", ""language"": ""FASTEXPR"", ""visualization"": false}",0,aa008c091ba5b4c60b60b80783c19ab127f7c874d59820acd9efcdaa906f52f9,"group_neutralize(sub(ts_rank(div(anl14_numofests_ebitda_fy3,cap),#),ts_rank(div(anl14_median_ndebt_fp3,cap),#)),industry)","group_neutralize(sub(ts_rank(div(FIELD,FIELD),#),ts_rank(div(FIELD,FIELD),#)),industry)",2026-08-02T09:17:27.766734+00:00
arch_spread:primary,arch_spread,proven,7.8,"group_neutralize(ts_rank(anl14_median_ebitda_fy3/cap,126)-ts_rank(anl14_numofests_revenue_fy4/cap,126),sector)","{""instrumentType"": ""EQUITY"", ""region"": ""USA"", ""universe"": ""TOP3000"", ""delay"": 1, ""decay"": 6, ""neutralization"": ""MARKET"", ""truncation"": 0.05, ""pasteurization"": ""ON"", ""unitHandling"": ""VERIFY"", ""nanHandling"": ""ON"", ""language"": ""FASTEXPR"", ""visualization"": false}",0,7dbedd08fa35819042c82b5ed4915187fb72db58188f494ffc9b5fe9316e88e1,"group_neutralize(sub(ts_rank(div(anl14_median_ebitda_fy3,cap),#),ts_rank(div(anl14_numofests_revenue_fy4,cap),#)),sector)","group_neutralize(sub(ts_rank(div(FIELD,FIELD),#),ts_rank(div(FIELD,FIELD),#)),sector)",2026-08-02T09:17:27.766734+00:00
arch_spread:primary,arch_spread,proven,7.8,"group_neutralize(ts_rank(anl14_numofests_ebitda_fy5/cap,126)-ts_rank(anl14_numofests_capex_fy4/cap,126),market)","{""instrumentType"": ""EQUITY"", ""region"": ""USA"", ""universe"": ""TOP3000"", ""delay"": 1, ""decay"": 6, ""neutralization"": ""MARKET"", ""truncation"": 0.05, ""pasteurization"": ""ON"", ""unitHandling"": ""VERIFY"", ""nanHandling"": ""ON"", ""language"": ""FASTEXPR"", ""visualization"": false}",0,568bad488defb2ed2d0085f31cec717c964764a6b7c5ebc976b238e66e371641,"group_neutralize(sub(ts_rank(div(anl14_numofests_ebitda_fy5,cap),#),ts_rank(div(anl14_numofests_capex_fy4,cap),#)),market)","group_neutralize(sub(ts_rank(div(FIELD,FIELD),#),ts_rank(div(FIELD,FIELD),#)),market)",2026-08-02T09:17:27.766734+00:00
arch_spread:primary,arch_spread,proven,7.8,"group_neutralize(ts_rank(anl14_numofests_ebitda_fy4/cap,126)-ts_rank(anl14_numofests_ndebt_fp3/cap,126),market)","{""instrumentType"": ""EQUITY"", ""region"": ""USA"", ""universe"": ""TOP3000"", ""delay"": 1, ""decay"": 6, ""neutralization"": ""MARKET"", ""truncation"": 0.05, ""pasteurization"": ""ON"", ""unitHandling"": ""VERIFY"", ""nanHandling"": ""ON"", ""language"": ""FASTEXPR"", ""visualization"": false}",0,086ea8c1993cbf0009db3dfddb9fec03496ba32e1c00a1285bcbd5a4e1ffab6b,"group_neutralize(sub(ts_rank(div(anl14_numofests_ebitda_fy4,cap),#),ts_rank(div(anl14_numofests_ndebt_fp3,cap),#)),market)","group_neutralize(sub(ts_rank(div(FIELD,FIELD),#),ts_rank(div(FIELD,FIELD),#)),market)",2026-08-02T09:17:27.766734+00:00
arch_vol_liq:primary,arch_vol_liq,proven,7.700000000000001,"group_neutralize(-rank(ts_std_dev(returns,126))*rank(ts_mean(volume,63)/adv20),market)","{""instrumentType"": ""EQUITY"", ""region"": ""USA"", ""universe"": ""TOP3000"", ""delay"": 1, ""decay"": 4, ""neutralization"": ""MARKET"", ""truncation"": 0.06, ""pasteurization"": ""ON"", ""unitHandling"": ""VERIFY"", ""nanHandling"": ""ON"", ""language"": ""FASTEXPR"", ""visualization"": false}",0,3a9de6f956db52da97bb7116be1b6b10d4975db837e3aa5a74d5acb36b933665,"group_neutralize(neg(mul(div(ts_mean(volume,#),adv20),ts_std_dev(returns,#))),market)","group_neutralize(neg(mul(div(ts_mean(FIELD,#),FIELD),ts_std_dev(FIELD,#))),market)",2026-08-02T09:17:27.766734+00:00
arch_pv_vol:primary,arch_pv_vol,proven,7.7,"group_neutralize(rank(ts_mean(volume,126)/adv20)*-rank(ts_delta(close,126)),industry)","{""instrumentType"": ""EQUITY"", ""region"": ""USA"", ""universe"": ""TOP3000"", ""delay"": 1, ""decay"": 6, ""neutralization"": ""MARKET"", ""truncation"": 0.06, ""pasteurization"": ""ON"", ""unitHandling"": ""VERIFY"", ""nanHandling"": ""ON"", ""language"": ""FASTEXPR"", ""visualization"": false}",0,e9e30abcb52d4c24d1652b79ed41cbeca09ed7fe2d4f0766e1d14af40982cc0f,"group_neutralize(mul(div(ts_mean(volume,#),adv20),neg(ts_delta(close,#))),industry)","group_neutralize(mul(div(ts_mean(FIELD,#),FIELD),neg(ts_delta(FIELD,#))),industry)",2026-08-02T09:17:27.766734+00:00
arch_pv_vol:primary,arch_pv_vol,proven,7.550000000000001,"group_neutralize(rank(ts_mean(volume,42)/adv20)*-rank(ts_delta(close,126)),sector)","{""instrumentType"": ""EQUITY"", ""region"": ""USA"", ""universe"": ""TOP3000"", ""delay"": 1, ""decay"": 6, ""neutralization"": ""MARKET"", ""truncation"": 0.06, ""pasteurization"": ""ON"", ""unitHandling"": ""VERIFY"", ""nanHandling"": ""ON"", ""language"": ""FASTEXPR"", ""visualization"": false}",0,be18cada7bbc7e0c7256b0a06564fb6291d7c501068cb4658c84a152f02d19ac,"group_neutralize(mul(div(ts_mean(volume,#),adv20),neg(ts_delta(close,#))),sector)","group_neutralize(mul(div(ts_mean(FIELD,#),FIELD),neg(ts_delta(FIELD,#))),sector)",2026-08-02T09:17:27.766734+00:00
arch_pv_vol:primary,arch_pv_vol,proven,7.550000000000001,"group_neutralize(rank(ts_mean(volume,63)/adv20)*-rank(ts_delta(close,126)),industry)","{""instrumentType"": ""EQUITY"", ""region"": ""USA"", ""universe"": ""TOP3000"", ""delay"": 1, ""decay"": 6, ""neutralization"": ""MARKET"", ""truncation"": 0.06, ""pasteurization"": ""ON"", ""unitHandling"": ""VERIFY"", ""nanHandling"": ""ON"", ""language"": ""FASTEXPR"", ""visualization"": false}",0,3ea1e783a47021e99da963c0a7f3871bfd4e0a8acda1756601f4a3c970cd406e,"group_neutralize(mul(div(ts_mean(volume,#),adv20),neg(ts_delta(close,#))),industry)","group_neutralize(mul(div(ts_mean(FIELD,#),FIELD),neg(ts_delta(FIELD,#))),industry)",2026-08-02T09:17:27.766734+00:00
arch_pv_vol:primary,arch_pv_vol,proven,7.550000000000001,"group_neutralize(rank(ts_mean(volume,126)/adv20)*-rank(ts_delta(close,63)),industry)","{""instrumentType"": ""EQUITY"", ""region"": ""USA"", ""universe"": ""TOP3000"", ""delay"": 1, ""decay"": 6, ""neutralization"": ""MARKET"", ""truncation"": 0.06, ""pasteurization"": ""ON"", ""unitHandling"": ""VERIFY"", ""nanHandling"": ""ON"", ""language"": ""FASTEXPR"", ""visualization"": false}",0,6d5dd125b42951e9647eee9211b9bb20594fcee77fdff61f8788d25ff2dffca6,"group_neutralize(mul(div(ts_mean(volume,#),adv20),neg(ts_delta(close,#))),industry)","group_neutralize(mul(div(ts_mean(FIELD,#),FIELD),neg(ts_delta(FIELD,#))),industry)",2026-08-02T09:17:27.766734+00:00
arch_vol_liq:primary,arch_vol_liq,proven,7.5,"group_neutralize(-rank(ts_std_dev(returns,126))*rank(ts_mean(volume,63)/adv20),industry)","{""instrumentType"": ""EQUITY"", ""region"": ""USA"", ""universe"": ""TOP3000"", ""delay"": 1, ""decay"": 4, ""neutralization"": ""MARKET"", ""truncation"": 0.06, ""pasteurization"": ""ON"", ""unitHandling"": ""VERIFY"", ""nanHandling"": ""ON"", ""language"": ""FASTEXPR"", ""visualization"": false}",0,b506500f34a5249e2f316fe8514b9f35309dddbfe70dbf404e86f781ccaf9490,"group_neutralize(neg(mul(div(ts_mean(volume,#),adv20),ts_std_dev(returns,#))),industry)","group_neutralize(neg(mul(div(ts_mean(FIELD,#),FIELD),ts_std_dev(FIELD,#))),industry)",2026-08-02T09:17:27.766734+00:00
arch_delta_ts_rank:primary,arch_delta_ts_rank,proven,7.5,"group_neutralize(ts_rank(ts_delta(anl10_analyst_innovation_eps_revise_ratio_to_close_fy1,126)/cap,126)-0.5,sector)","{""instrumentType"": ""EQUITY"", ""region"": ""USA"", ""universe"": ""TOP3000"", ""delay"": 1, ""decay"": 6, ""neutralization"": ""MARKET"", ""truncation"": 0.05, ""pasteurization"": ""ON"", ""unitHandling"": ""VERIFY"", ""nanHandling"": ""ON"", ""language"": ""FASTEXPR"", ""visualization"": false}",0,d896785cad5bb43c5a468c734631fcc725b8680feafe8fa42781929050b65c37,"group_neutralize(sub(ts_rank(div(ts_delta(anl10_analyst_innovation_eps_revise_ratio_to_close_fy1,#),cap),#),#),sector)","group_neutralize(sub(ts_rank(div(ts_delta(FIELD,#),FIELD),#),#),sector)",2026-08-02T09:17:27.766734+00:00
arch_delta_ts_rank:primary,arch_delta_ts_rank,proven,7.5,"group_neutralize(ts_rank(ts_delta(anl10_analyst_innovation_eps_revise_ratio_to_close_fq2,126)/cap,126)-0.5,sector)","{""instrumentType"": ""EQUITY"", ""region"": ""USA"", ""universe"": ""TOP3000"", ""delay"": 1, ""decay"": 6, ""neutralization"": ""MARKET"", ""truncation"": 0.05, ""pasteurization"": ""ON"", ""unitHandling"": ""VERIFY"", ""nanHandling"": ""ON"", ""language"": ""FASTEXPR"", ""visualization"": false}",0,cb6bab61c0239af398f06eed1f1179a939cbe071bd660ad61def781265bec224,"group_neutralize(sub(ts_rank(div(ts_delta(anl10_analyst_innovation_eps_revise_ratio_to_close_fq2,#),cap),#),#),sector)","group_neutralize(sub(ts_rank(div(ts_delta(FIELD,#),FIELD),#),#),sector)",2026-08-02T09:17:27.766734+00:00
arch_delta_ts_rank:primary,arch_delta_ts_rank,proven,7.5,"group_neutralize(ts_rank(ts_delta(anl10_analyst_innovation_eps_revise_ratio_to_close_fy2,126)/cap,126)-0.5,industry)","{""instrumentType"": ""EQUITY"", ""region"": ""USA"", ""universe"": ""TOP3000"", ""delay"": 1, ""decay"": 6, ""neutralization"": ""MARKET"", ""truncation"": 0.05, ""pasteurization"": ""ON"", ""unitHandling"": ""VERIFY"", ""nanHandling"": ""ON"", ""language"": ""FASTEXPR"", ""visualization"": false}",0,345013588029f6f1efd26daead2f0a601ac95ad0c6792304dedc659d37d4b878,"group_neutralize(sub(ts_rank(div(ts_delta(anl10_analyst_innovation_eps_revise_ratio_to_close_fy2,#),cap),#),#),industry)","group_neutralize(sub(ts_rank(div(ts_delta(FIELD,#),FIELD),#),#),industry)",2026-08-02T09:17:27.766734+00:00
arch_delta_ts_rank:primary,arch_delta_ts_rank,proven,7.5,"group_neutralize(ts_rank(ts_delta(anl10_analyst_innovation_eps_revise_ratio_to_close_fq1,126)/cap,126)-0.5,industry)","{""instrumentType"": ""EQUITY"", ""region"": ""USA"", ""universe"": ""TOP3000"", ""delay"": 1, ""decay"": 6, ""neutralization"": ""MARKET"", ""truncation"": 0.05, ""pasteurization"": ""ON"", ""unitHandling"": ""VERIFY"", ""nanHandling"": ""ON"", ""language"": ""FASTEXPR"", ""visualization"": false}",0,cec72d88ebfc558af73d8d665ba0d36687fd0d2fac1d15b74b830cbfa7ffc15b,"group_neutralize(sub(ts_rank(div(ts_delta(anl10_analyst_innovation_eps_revise_ratio_to_close_fq1,#),cap),#),#),industry)","group_neutralize(sub(ts_rank(div(ts_delta(FIELD,#),FIELD),#),#),industry)",2026-08-02T09:17:27.766734+00:00
arch_delta_ts_rank:primary,arch_delta_ts_rank,proven,7.5,"group_neutralize(ts_rank(ts_delta(anl10_analyst_innovation_eps_revise_ratio_to_consensus_fy1,126)/cap,126)-0.5,market)","{""instrumentType"": ""EQUITY"", ""region"": ""USA"", ""universe"": ""TOP3000"", ""delay"": 1, ""decay"": 6, ""neutralization"": ""MARKET"", ""truncation"": 0.05, ""pasteurization"": ""ON"", ""unitHandling"": ""VERIFY"", ""nanHandling"": ""ON"", ""language"": ""FASTEXPR"", ""visualization"": false}",0,9b7287349a3bc289fe6069b87d3f39bd583a97d3d4c516cad8b2ee7f3d65512a,"group_neutralize(sub(ts_rank(div(ts_delta(anl10_analyst_innovation_eps_revise_ratio_to_consensus_fy1,#),cap),#),#),market)","group_neutralize(sub(ts_rank(div(ts_delta(FIELD,#),FIELD),#),#),market)",2026-08-02T09:17:27.766734+00:00
arch_delta_ts_rank:primary,arch_delta_ts_rank,proven,7.5,"group_neutralize(ts_rank(ts_delta(anl10_analyst_innovation_eps_revise_ratio_to_consensus_fy2,126)/cap,126)-0.5,market)","{""instrumentType"": ""EQUITY"", ""region"": ""USA"", ""universe"": ""TOP3000"", ""delay"": 1, ""decay"": 6, ""neutralization"": ""MARKET"", ""truncation"": 0.05, ""pasteurization"": ""ON"", ""unitHandling"": ""VERIFY"", ""nanHandling"": ""ON"", ""language"": ""FASTEXPR"", ""visualization"": false}",0,8eac88a1add63bf4bd44acfdf4e50506cb7059ba67345180de477ef9fa5bb302,"group_neutralize(sub(ts_rank(div(ts_delta(anl10_analyst_innovation_eps_revise_ratio_to_consensus_fy2,#),cap),#),#),market)","group_neutralize(sub(ts_rank(div(ts_delta(FIELD,#),FIELD),#),#),market)",2026-08-02T09:17:27.766734+00:00
arch_delta_ts_rank:primary,arch_delta_ts_rank,proven,7.5,"group_neutralize(ts_rank(ts_delta(anl10_analyst_innovation_eps_revise_ratio_to_consensus_fq1,126)/cap,126)-0.5,market)","{""instrumentType"": ""EQUITY"", ""region"": ""USA"", ""universe"": ""TOP3000"", ""delay"": 1, ""decay"": 6, ""neutralization"": ""MARKET"", ""truncation"": 0.05, ""pasteurization"": ""ON"", ""unitHandling"": ""VERIFY"", ""nanHandling"": ""ON"", ""language"": ""FASTEXPR"", ""visualization"": false}",0,554eda3ec5db6031b6ecfb48b0063fc23b57d8034341180a0ccb0921291d18d3,"group_neutralize(sub(ts_rank(div(ts_delta(anl10_analyst_innovation_eps_revise_ratio_to_consensus_fq1,#),cap),#),#),market)","group_neutralize(sub(ts_rank(div(ts_delta(FIELD,#),FIELD),#),#),market)",2026-08-02T09:17:27.766734+00:00
arch_delta_ts_rank:primary,arch_delta_ts_rank,proven,7.5,"group_neutralize(ts_rank(ts_delta(anl10_analyst_innovation_eps_revise_ratio_to_consensus_fq2,126)/cap,126)-0.5,market)","{""instrumentType"": ""EQUITY"", ""region"": ""USA"", ""universe"": ""TOP3000"", ""delay"": 1, ""decay"": 6, ""neutralization"": ""MARKET"", ""truncation"": 0.05, ""pasteurization"": ""ON"", ""unitHandling"": ""VERIFY"", ""nanHandling"": ""ON"", ""language"": ""FASTEXPR"", ""visualization"": false}",0,842724866bc3699a454cf12fc528c5519d811748409f1dbe415a92ecbb1a8892,"group_neutralize(sub(ts_rank(div(ts_delta(anl10_analyst_innovation_eps_revise_ratio_to_consensus_fq2,#),cap),#),#),market)","group_neutralize(sub(ts_rank(div(ts_delta(FIELD,#),FIELD),#),#),market)",2026-08-02T09:17:27.766734+00:00
arch_pv_vol:primary,arch_pv_vol,proven,7.45,"group_neutralize(rank(ts_mean(volume,42)/adv20)*-rank(ts_delta(close,126)),industry)","{""instrumentType"": ""EQUITY"", ""region"": ""USA"", ""universe"": ""TOP3000"", ""delay"": 1, ""decay"": 6, ""neutralization"": ""MARKET"", ""truncation"": 0.06, ""pasteurization"": ""ON"", ""unitHandling"": ""VERIFY"", ""nanHandling"": ""ON"", ""language"": ""FASTEXPR"", ""visualization"": false}",0,8a5ab17e11748f2b77116efa80720b6be819c803797e6eb149273e0dd616ed84,"group_neutralize(mul(div(ts_mean(volume,#),adv20),neg(ts_delta(close,#))),industry)","group_neutralize(mul(div(ts_mean(FIELD,#),FIELD),neg(ts_delta(FIELD,#))),industry)",2026-08-02T09:17:27.766734+00:00
arch_vol_liq:primary,arch_vol_liq,proven,7.45,"group_neutralize(-rank(ts_std_dev(returns,63))*rank(ts_mean(volume,63)/adv20),market)","{""instrumentType"": ""EQUITY"", ""region"": ""USA"", ""universe"": ""TOP3000"", ""delay"": 1, ""decay"": 4, ""neutralization"": ""MARKET"", ""truncation"": 0.06, ""pasteurization"": ""ON"", ""unitHandling"": ""VERIFY"", ""nanHandling"": ""ON"", ""language"": ""FASTEXPR"", ""visualization"": false}",0,c36b03000f05900f8ad0230a10f6f35617bfcde86a46d0577181407f91949abf,"group_neutralize(neg(mul(div(ts_mean(volume,#),adv20),ts_std_dev(returns,#))),market)","group_neutralize(neg(mul(div(ts_mean(FIELD,#),FIELD),ts_std_dev(FIELD,#))),market)",2026-08-02T09:17:27.766734+00:00
arch_vol_liq:primary,arch_vol_liq,proven,7.45,"group_neutralize(-rank(ts_std_dev(returns,63))*rank(ts_mean(volume,63)/adv20),sector)","{""instrumentType"": ""EQUITY"", ""region"": ""USA"", ""universe"": ""TOP3000"", ""delay"": 1, ""decay"": 4, ""neutralization"": ""MARKET"", ""truncation"": 0.06, ""pasteurization"": ""ON"", ""unitHandling"": ""VERIFY"", ""nanHandling"": ""ON"", ""language"": ""FASTEXPR"", ""visualization"": false}",0,c5b05e567610affe9f0e4a453c06bd130a1cdc380624041fc4559927e0d77848,"group_neutralize(neg(mul(div(ts_mean(volume,#),adv20),ts_std_dev(returns,#))),sector)","group_neutralize(neg(mul(div(ts_mean(FIELD,#),FIELD),ts_std_dev(FIELD,#))),sector)",2026-08-02T09:17:27.766734+00:00
arch_pv_vol:primary,arch_pv_vol,proven,7.4,"group_neutralize(rank(ts_mean(volume,63)/adv20)*-rank(ts_delta(close,63)),industry)","{""instrumentType"": ""EQUITY"", ""region"": ""USA"", ""universe"": ""TOP3000"", ""delay"": 1, ""decay"": 6, ""neutralization"": ""MARKET"", ""truncation"": 0.06, ""pasteurization"": ""ON"", ""unitHandling"": ""VERIFY"", ""nanHandling"": ""ON"", ""language"": ""FASTEXPR"", ""visualization"": false}",0,8c6cde19aa21d596350f6f0ee4d3f1626c70b92cc4ae7c3790718527b0343933,"group_neutralize(mul(div(ts_mean(volume,#),adv20),neg(ts_delta(close,#))),industry)","group_neutralize(mul(div(ts_mean(FIELD,#),FIELD),neg(ts_delta(FIELD,#))),industry)",2026-08-02T09:17:27.766734+00:00
arch_pv_vol:primary,arch_pv_vol,proven,7.300000000000001,"group_neutralize(rank(ts_mean(volume,42)/adv20)*-rank(ts_delta(close,63)),industry)","{""instrumentType"": ""EQUITY"", ""region"": ""USA"", ""universe"": ""TOP3000"", ""delay"": 1, ""decay"": 6, ""neutralization"": ""MARKET"", ""truncation"": 0.06, ""pasteurization"": ""ON"", ""unitHandling"": ""VERIFY"", ""nanHandling"": ""ON"", ""language"": ""FASTEXPR"", ""visualization"": false}",0,2b6b5d1ba6147ba4a791f57e7e5c5d039938d88a372421c43599021e4725fb40,"group_neutralize(mul(div(ts_mean(volume,#),adv20),neg(ts_delta(close,#))),industry)","group_neutralize(mul(div(ts_mean(FIELD,#),FIELD),neg(ts_delta(FIELD,#))),industry)",2026-08-02T09:17:27.766734+00:00
arch_level_liquid:primary,arch_level_liquid,proven,7.3,"(group_rank(anl10_epsrevise_ratio_to_close_fy2/cap,sector)-0.5)*rank(ts_mean(volume,63)/adv20)","{""instrumentType"": ""EQUITY"", ""region"": ""USA"", ""universe"": ""TOP3000"", ""delay"": 1, ""decay"": 4, ""neutralization"": ""MARKET"", ""truncation"": 0.05, ""pasteurization"": ""ON"", ""unitHandling"": ""VERIFY"", ""nanHandling"": ""ON"", ""language"": ""FASTEXPR"", ""visualization"": false}",0,2df19036c9337a8c276ee14928b7b270e80dc7bc74b2d6f427cc494922944953,"mul(div(ts_mean(volume,#),adv20),sub(group_rank(div(anl10_epsrevise_ratio_to_close_fy2,cap),sector),#))","mul(div(ts_mean(FIELD,#),FIELD),sub(group_rank(div(FIELD,FIELD),sector),#))",2026-08-02T09:17:27.766734+00:00
arch_level_liquid:primary,arch_level_liquid,proven,7.3,"(group_rank(anl10_epsrevise_ratio_to_close_fy1/cap,sector)-0.5)*rank(ts_mean(volume,63)/adv20)","{""instrumentType"": ""EQUITY"", ""region"": ""USA"", ""universe"": ""TOP3000"", ""delay"": 1, ""decay"": 4, ""neutralization"": ""MARKET"", ""truncation"": 0.05, ""pasteurization"": ""ON"", ""unitHandling"": ""VERIFY"", ""nanHandling"": ""ON"", ""language"": ""FASTEXPR"", ""visualization"": false}",0,bc102a47da5d9e52b16af5021964fa48b5537d622cf278fe0a6ced42cf0197fd,"mul(div(ts_mean(volume,#),adv20),sub(group_rank(div(anl10_epsrevise_ratio_to_close_fy1,cap),sector),#))","mul(div(ts_mean(FIELD,#),FIELD),sub(group_rank(div(FIELD,FIELD),sector),#))",2026-08-02T09:17:27.766734+00:00
arch_level_liquid:primary,arch_level_liquid,proven,7.3,"(group_rank(anl10_epsrevise_ratio_to_consensus_fy1/cap,market)-0.5)*rank(ts_mean(volume,63)/adv20)","{""instrumentType"": ""EQUITY"", ""region"": ""USA"", ""universe"": ""TOP3000"", ""delay"": 1, ""decay"": 4, ""neutralization"": ""MARKET"", ""truncation"": 0.05, ""pasteurization"": ""ON"", ""unitHandling"": ""VERIFY"", ""nanHandling"": ""ON"", ""language"": ""FASTEXPR"", ""visualization"": false}",0,a461123c85f568ea49b0ba7c500edffbef0322a48cdc1dc40e4f415e2a7fa1d0,"mul(div(ts_mean(volume,#),adv20),sub(group_rank(div(anl10_epsrevise_ratio_to_consensus_fy1,cap),market),#))","mul(div(ts_mean(FIELD,#),FIELD),sub(group_rank(div(FIELD,FIELD),market),#))",2026-08-02T09:17:27.766734+00:00
arch_level_liquid:primary,arch_level_liquid,proven,7.3,"(group_rank(anl10_epsrevise_ratio_to_consensus_fy2/cap,sector)-0.5)*rank(ts_mean(volume,63)/adv20)","{""instrumentType"": ""EQUITY"", ""region"": ""USA"", ""universe"": ""TOP3000"", ""delay"": 1, ""decay"": 4, ""neutralization"": ""MARKET"", ""truncation"": 0.05, ""pasteurization"": ""ON"", ""unitHandling"": ""VERIFY"", ""nanHandling"": ""ON"", ""language"": ""FASTEXPR"", ""visualization"": false}",0,195dbd89eb8d9e39f8fbe62d3a34ba1538f1922ab90fb80f0c48ffb3e2812520,"mul(div(ts_mean(volume,#),adv20),sub(group_rank(div(anl10_epsrevise_ratio_to_consensus_fy2,cap),sector),#))","mul(div(ts_mean(FIELD,#),FIELD),sub(group_rank(div(FIELD,FIELD),sector),#))",2026-08-02T09:17:27.766734+00:00
arch_level_liquid:primary,arch_level_liquid,proven,7.3,"(group_rank(anl10_epsrevise_ratio_to_consensus_fq1/cap,sector)-0.5)*rank(ts_mean(volume,63)/adv20)","{""instrumentType"": ""EQUITY"", ""region"": ""USA"", ""universe"": ""TOP3000"", ""delay"": 1, ""decay"": 4, ""neutralization"": ""MARKET"", ""truncation"": 0.05, ""pasteurization"": ""ON"", ""unitHandling"": ""VERIFY"", ""nanHandling"": ""ON"", ""language"": ""FASTEXPR"", ""visualization"": false}",0,4f801e80135d14103708a9e21e0190d62bcec8afe2b8f46af7ead4d591d8691e,"mul(div(ts_mean(volume,#),adv20),sub(group_rank(div(anl10_epsrevise_ratio_to_consensus_fq1,cap),sector),#))","mul(div(ts_mean(FIELD,#),FIELD),sub(group_rank(div(FIELD,FIELD),sector),#))",2026-08-02T09:17:27.766734+00:00
arch_level_liquid:primary,arch_level_liquid,proven,7.3,"(group_rank(anl10_epsrevise_ratio_to_consensus_fq2/cap,market)-0.5)*rank(ts_mean(volume,63)/adv20)","{""instrumentType"": ""EQUITY"", ""region"": ""USA"", ""universe"": ""TOP3000"", ""delay"": 1, ""decay"": 4, ""neutralization"": ""MARKET"", ""truncation"": 0.05, ""pasteurization"": ""ON"", ""unitHandling"": ""VERIFY"", ""nanHandling"": ""ON"", ""language"": ""FASTEXPR"", ""visualization"": false}",0,21ed10981c95d9250f4d1ed09f93121e56c907b67437d33eb971c0b8b6e4abd0,"mul(div(ts_mean(volume,#),adv20),sub(group_rank(div(anl10_epsrevise_ratio_to_consensus_fq2,cap),market),#))","mul(div(ts_mean(FIELD,#),FIELD),sub(group_rank(div(FIELD,FIELD),market),#))",2026-08-02T09:17:27.766734+00:00
arch_level_liquid:primary,arch_level_liquid,proven,7.3,"(group_rank(anl10_analyst_innovation_eps_revise_value_fy1/cap,market)-0.5)*rank(ts_mean(volume,63)/adv20)","{""instrumentType"": ""EQUITY"", ""region"": ""USA"", ""universe"": ""TOP3000"", ""delay"": 1, ""decay"": 4, ""neutralization"": ""MARKET"", ""truncation"": 0.05, ""pasteurization"": ""ON"", ""unitHandling"": ""VERIFY"", ""nanHandling"": ""ON"", ""language"": ""FASTEXPR"", ""visualization"": false}",0,9216775e7bae9e451425b2244bd3ab4faa004511f693437e19663585227c3ed0,"mul(div(ts_mean(volume,#),adv20),sub(group_rank(div(anl10_analyst_innovation_eps_revise_value_fy1,cap),market),#))","mul(div(ts_mean(FIELD,#),FIELD),sub(group_rank(div(FIELD,FIELD),market),#))",2026-08-02T09:17:27.766734+00:00
arch_level_liquid:primary,arch_level_liquid,proven,7.3,"(group_rank(anl10_analyst_innovation_eps_normal_increase_fy1/cap,industry)-0.5)*rank(ts_mean(volume,63)/adv20)","{""instrumentType"": ""EQUITY"", ""region"": ""USA"", ""universe"": ""TOP3000"", ""delay"": 1, ""decay"": 4, ""neutralization"": ""MARKET"", ""truncation"": 0.05, ""pasteurization"": ""ON"", ""unitHandling"": ""VERIFY"", ""nanHandling"": ""ON"", ""language"": ""FASTEXPR"", ""visualization"": false}",0,1b2b8de230bbc04c85e27c96a4eb91028f95bdf0b7e891b4e0b2cda31cdc81c5,"mul(div(ts_mean(volume,#),adv20),sub(group_rank(div(anl10_analyst_innovation_eps_normal_increase_fy1,cap),industry),#))","mul(div(ts_mean(FIELD,#),FIELD),sub(group_rank(div(FIELD,FIELD),industry),#))",2026-08-02T09:17:27.766734+00:00
arch_vol_liq:primary,arch_vol_liq,proven,7.25,"group_neutralize(-rank(ts_std_dev(returns,42))*rank(ts_mean(volume,63)/adv20),market)","{""instrumentType"": ""EQUITY"", ""region"": ""USA"", ""universe"": ""TOP3000"", ""delay"": 1, ""decay"": 4, ""neutralization"": ""MARKET"", ""truncation"": 0.06, ""pasteurization"": ""ON"", ""unitHandling"": ""VERIFY"", ""nanHandling"": ""ON"", ""language"": ""FASTEXPR"", ""visualization"": false}",0,75a59b5939e0f614a7c9d749fe26bc6ff24ce53800acbdb4f68222f0944d5fd9,"group_neutralize(neg(mul(div(ts_mean(volume,#),adv20),ts_std_dev(returns,#))),market)","group_neutralize(neg(mul(div(ts_mean(FIELD,#),FIELD),ts_std_dev(FIELD,#))),market)",2026-08-02T09:17:27.766734+00:00
arch_vol_liq:primary,arch_vol_liq,proven,7.25,"group_neutralize(-rank(ts_std_dev(returns,42))*rank(ts_mean(volume,63)/adv20),sector)","{""instrumentType"": ""EQUITY"", ""region"": ""USA"", ""universe"": ""TOP3000"", ""delay"": 1, ""decay"": 4, ""neutralization"": ""MARKET"", ""truncation"": 0.06, ""pasteurization"": ""ON"", ""unitHandling"": ""VERIFY"", ""nanHandling"": ""ON"", ""language"": ""FASTEXPR"", ""visualization"": false}",0,bbc98ced0d3424b96f55a0779ac1859a26a85a8e739e307ff16c714f1475c8ab,"group_neutralize(neg(mul(div(ts_mean(volume,#),adv20),ts_std_dev(returns,#))),sector)","group_neutralize(neg(mul(div(ts_mean(FIELD,#),FIELD),ts_std_dev(FIELD,#))),sector)",2026-08-02T09:17:27.766734+00:00
arch_vol_liq:primary,arch_vol_liq,proven,7.25,"group_neutralize(-rank(ts_std_dev(returns,63))*rank(ts_mean(volume,63)/adv20),industry)","{""instrumentType"": ""EQUITY"", ""region"": ""USA"", ""universe"": ""TOP3000"", ""delay"": 1, ""decay"": 4, ""neutralization"": ""MARKET"", ""truncation"": 0.06, ""pasteurization"": ""ON"", ""unitHandling"": ""VERIFY"", ""nanHandling"": ""ON"", ""language"": ""FASTEXPR"", ""visualization"": false}",0,79ed35deedf682333c61f4da4072b69f04f83013a0c434fc6df964d2dc045ddc,"group_neutralize(neg(mul(div(ts_mean(volume,#),adv20),ts_std_dev(returns,#))),industry)","group_neutralize(neg(mul(div(ts_mean(FIELD,#),FIELD),ts_std_dev(FIELD,#))),industry)",2026-08-02T09:17:27.766734+00:00
arch_vol_liq:primary,arch_vol_liq,proven,7.050000000000001,"group_neutralize(-rank(ts_std_dev(returns,42))*rank(ts_mean(volume,63)/adv20),industry)","{""instrumentType"": ""EQUITY"", ""region"": ""USA"", ""universe"": ""TOP3000"", ""delay"": 1, ""decay"": 4, ""neutralization"": ""MARKET"", ""truncation"": 0.06, ""pasteurization"": ""ON"", ""unitHandling"": ""VERIFY"", ""nanHandling"": ""ON"", ""language"": ""FASTEXPR"", ""visualization"": false}",0,02a0d6444f005dba3df5527e77b056ea2ff6136ce732a1dbaa75fc7c66e8e684,"group_neutralize(neg(mul(div(ts_mean(volume,#),adv20),ts_std_dev(returns,#))),industry)","group_neutralize(neg(mul(div(ts_mean(FIELD,#),FIELD),ts_std_dev(FIELD,#))),industry)",2026-08-02T09:17:27.766734+00:00
arch_regime_shift:primary,arch_regime_shift,proven,7.050000000000001,"group_neutralize(ts_zscore(anl10_roeff_2323/cap,126)-ts_zscore(anl10_roeff_2323/cap,252),industry)","{""instrumentType"": ""EQUITY"", ""region"": ""USA"", ""universe"": ""TOP3000"", ""delay"": 1, ""decay"": 6, ""neutralization"": ""MARKET"", ""truncation"": 0.05, ""pasteurization"": ""ON"", ""unitHandling"": ""VERIFY"", ""nanHandling"": ""ON"", ""language"": ""FASTEXPR"", ""visualization"": false}",0,cac1c705ef2172c7d61f196b2a5b9af928fc13f689fedf97031383a9e2fd4cfc,"group_neutralize(sub(ts_zscore(div(anl10_roeff_2323,cap),#),ts_zscore(div(anl10_roeff_2323,cap),#)),industry)","group_neutralize(sub(ts_zscore(div(FIELD,FIELD),#),ts_zscore(div(FIELD,FIELD),#)),industry)",2026-08-02T09:17:27.766734+00:00
arch_regime_shift:primary,arch_regime_shift,proven,7.050000000000001,"group_neutralize(ts_zscore(anl10_smartest_roe_ff/cap,126)-ts_zscore(anl10_smartest_roe_ff/cap,252),market)","{""instrumentType"": ""EQUITY"", ""region"": ""USA"", ""universe"": ""TOP3000"", ""delay"": 1, ""decay"": 6, ""neutralization"": ""MARKET"", ""truncation"": 0.05, ""pasteurization"": ""ON"", ""unitHandling"": ""VERIFY"", ""nanHandling"": ""ON"", ""language"": ""FASTEXPR"", ""visualization"": false}",0,1e0aea71b938eeabd226abbefc648ae82ad2e27ac9dd540b86674bdcdc99cd5a,"group_neutralize(sub(ts_zscore(div(anl10_smartest_roe_ff,cap),#),ts_zscore(div(anl10_smartest_roe_ff,cap),#)),market)","group_neutralize(sub(ts_zscore(div(FIELD,FIELD),#),ts_zscore(div(FIELD,FIELD),#)),market)",2026-08-02T09:17:27.766734+00:00
arch_regime_shift:primary,arch_regime_shift,proven,7.050000000000001,"group_neutralize(ts_zscore(anl10_smartest_roa_ff/cap,126)-ts_zscore(anl10_smartest_roa_ff/cap,252),sector)","{""instrumentType"": ""EQUITY"", ""region"": ""USA"", ""universe"": ""TOP3000"", ""delay"": 1, ""decay"": 6, ""neutralization"": ""MARKET"", ""truncation"": 0.05, ""pasteurization"": ""ON"", ""unitHandling"": ""VERIFY"", ""nanHandling"": ""ON"", ""language"": ""FASTEXPR"", ""visualization"": false}",0,88b666a343dba8a677c88b1f8bec71e185057717c42add73a4c10bd8a218a527,"group_neutralize(sub(ts_zscore(div(anl10_smartest_roa_ff,cap),#),ts_zscore(div(anl10_smartest_roa_ff,cap),#)),sector)","group_neutralize(sub(ts_zscore(div(FIELD,FIELD),#),ts_zscore(div(FIELD,FIELD),#)),sector)",2026-08-02T09:17:27.766734+00:00
arch_vwap_vol:primary,arch_vwap_vol,proven,7.0,"group_neutralize(rank((vwap-close)/close)*rank(ts_mean(volume,126)/adv20),market)","{""instrumentType"": ""EQUITY"", ""region"": ""USA"", ""universe"": ""TOP3000"", ""delay"": 1, ""decay"": 6, ""neutralization"": ""MARKET"", ""truncation"": 0.06, ""pasteurization"": ""ON"", ""unitHandling"": ""VERIFY"", ""nanHandling"": ""ON"", ""language"": ""FASTEXPR"", ""visualization"": false}",0,3959948357639b253e3c1af7f1632f3099c5c3172ec4d922df65b002bd4d632d,"group_neutralize(mul(div(sub(vwap,close),close),div(ts_mean(volume,#),adv20)),market)","group_neutralize(mul(div(sub(FIELD,FIELD),FIELD),div(ts_mean(FIELD,#),FIELD)),market)",2026-08-02T09:17:27.766734+00:00
arch_vwap_vol:primary,arch_vwap_vol,proven,7.0,"group_neutralize(rank((vwap-close)/close)*rank(ts_mean(volume,126)/adv20),sector)","{""instrumentType"": ""EQUITY"", ""region"": ""USA"", ""universe"": ""TOP3000"", ""delay"": 1, ""decay"": 6, ""neutralization"": ""MARKET"", ""truncation"": 0.06, ""pasteurization"": ""ON"", ""unitHandling"": ""VERIFY"", ""nanHandling"": ""ON"", ""language"": ""FASTEXPR"", ""visualization"": false}",0,fc5f47f91ee8ad5cc465feadc7284b16b8f1a9439ec14c226dff4cad074df4ca,"group_neutralize(mul(div(sub(vwap,close),close),div(ts_mean(volume,#),adv20)),sector)","group_neutralize(mul(div(sub(FIELD,FIELD),FIELD),div(ts_mean(FIELD,#),FIELD)),sector)",2026-08-02T09:17:27.766734+00:00
arch_regime_shift:primary,arch_regime_shift,proven,6.9,"group_neutralize(ts_zscore(anl10_roeff_2323/cap,63)-ts_zscore(anl10_roeff_2323/cap,252),industry)","{""instrumentType"": ""EQUITY"", ""region"": ""USA"", ""universe"": ""TOP3000"", ""delay"": 1, ""decay"": 6, ""neutralization"": ""MARKET"", ""truncation"": 0.05, ""pasteurization"": ""ON"", ""unitHandling"": ""VERIFY"", ""nanHandling"": ""ON"", ""language"": ""FASTEXPR"", ""visualization"": false}",0,8b3ba775e17d9348a0fd6c2bb0b68f3e9e788cab8d06db71fe61f5c02fbd8309,"group_neutralize(sub(ts_zscore(div(anl10_roeff_2323,cap),#),ts_zscore(div(anl10_roeff_2323,cap),#)),industry)","group_neutralize(sub(ts_zscore(div(FIELD,FIELD),#),ts_zscore(div(FIELD,FIELD),#)),industry)",2026-08-02T09:17:27.766734+00:00
arch_regime_shift:primary,arch_regime_shift,proven,6.9,"group_neutralize(ts_zscore(anl10_smartest_roe_ff/cap,63)-ts_zscore(anl10_smartest_roe_ff/cap,252),market)","{""instrumentType"": ""EQUITY"", ""region"": ""USA"", ""universe"": ""TOP3000"", ""delay"": 1, ""decay"": 6, ""neutralization"": ""MARKET"", ""truncation"": 0.05, ""pasteurization"": ""ON"", ""unitHandling"": ""VERIFY"", ""nanHandling"": ""ON"", ""language"": ""FASTEXPR"", ""visualization"": false}",0,39f4836fdf568a45a85f190edbae1bd180bb994123f5643a6372122d05826448,"group_neutralize(sub(ts_zscore(div(anl10_smartest_roe_ff,cap),#),ts_zscore(div(anl10_smartest_roe_ff,cap),#)),market)","group_neutralize(sub(ts_zscore(div(FIELD,FIELD),#),ts_zscore(div(FIELD,FIELD),#)),market)",2026-08-02T09:17:27.766734+00:00
arch_regime_shift:primary,arch_regime_shift,proven,6.9,"group_neutralize(ts_zscore(anl10_smartest_roa_ff/cap,63)-ts_zscore(anl10_smartest_roa_ff/cap,252),sector)","{""instrumentType"": ""EQUITY"", ""region"": ""USA"", ""universe"": ""TOP3000"", ""delay"": 1, ""decay"": 6, ""neutralization"": ""MARKET"", ""truncation"": 0.05, ""pasteurization"": ""ON"", ""unitHandling"": ""VERIFY"", ""nanHandling"": ""ON"", ""language"": ""FASTEXPR"", ""visualization"": false}",0,993c969d797988f0aa9c9b5203255a19c020ba57c35af9c32cc7ce42fdfa94e3,"group_neutralize(sub(ts_zscore(div(anl10_smartest_roa_ff,cap),#),ts_zscore(div(anl10_smartest_roa_ff,cap),#)),sector)","group_neutralize(sub(ts_zscore(div(FIELD,FIELD),#),ts_zscore(div(FIELD,FIELD),#)),sector)",2026-08-02T09:17:27.766734+00:00
arch_vwap_vol:primary,arch_vwap_vol,proven,6.85,"group_neutralize(rank((vwap-close)/close)*rank(ts_mean(volume,63)/adv20),market)","{""instrumentType"": ""EQUITY"", ""region"": ""USA"", ""universe"": ""TOP3000"", ""delay"": 1, ""decay"": 6, ""neutralization"": ""MARKET"", ""truncation"": 0.06, ""pasteurization"": ""ON"", ""unitHandling"": ""VERIFY"", ""nanHandling"": ""ON"", ""language"": ""FASTEXPR"", ""visualization"": false}",0,9e3d01dfd3e21db217ffe6c87269fa1acf45f5072cb6238525c29aae3078eeed,"group_neutralize(mul(div(sub(vwap,close),close),div(ts_mean(volume,#),adv20)),market)","group_neutralize(mul(div(sub(FIELD,FIELD),FIELD),div(ts_mean(FIELD,#),FIELD)),market)",2026-08-02T09:17:27.766734+00:00
arch_vwap_vol:primary,arch_vwap_vol,proven,6.85,"group_neutralize(rank((vwap-close)/close)*rank(ts_mean(volume,63)/adv20),sector)","{""instrumentType"": ""EQUITY"", ""region"": ""USA"", ""universe"": ""TOP3000"", ""delay"": 1, ""decay"": 6, ""neutralization"": ""MARKET"", ""truncation"": 0.06, ""pasteurization"": ""ON"", ""unitHandling"": ""VERIFY"", ""nanHandling"": ""ON"", ""language"": ""FASTEXPR"", ""visualization"": false}",0,6d970cd0bc0caf3b6abdcd926b36eddb34056722c80c40e435578b6d6d15be33,"group_neutralize(mul(div(sub(vwap,close),close),div(ts_mean(volume,#),adv20)),sector)","group_neutralize(mul(div(sub(FIELD,FIELD),FIELD),div(ts_mean(FIELD,#),FIELD)),sector)",2026-08-02T09:17:27.766734+00:00
arch_vwap_vol:primary,arch_vwap_vol,proven,6.800000000000001,"group_neutralize(rank((vwap-close)/close)*rank(ts_mean(volume,126)/adv20),industry)","{""instrumentType"": ""EQUITY"", ""region"": ""USA"", ""universe"": ""TOP3000"", ""delay"": 1, ""decay"": 6, ""neutralization"": ""MARKET"", ""truncation"": 0.06, ""pasteurization"": ""ON"", ""unitHandling"": ""VERIFY"", ""nanHandling"": ""ON"", ""language"": ""FASTEXPR"", ""visualization"": false}",0,98af5506477fedee3ddc8550f309191d0f2217c15ddf4fc2b711a00010dbf12f,"group_neutralize(mul(div(sub(vwap,close),close),div(ts_mean(volume,#),adv20)),industry)","group_neutralize(mul(div(sub(FIELD,FIELD),FIELD),div(ts_mean(FIELD,#),FIELD)),industry)",2026-08-02T09:17:27.766734+00:00
arch_regime_shift:primary,arch_regime_shift,proven,6.75,"group_neutralize(ts_zscore(anl10_smartest_roe_ff/cap,63)-ts_zscore(anl10_smartest_roe_ff/cap,126),market)","{""instrumentType"": ""EQUITY"", ""region"": ""USA"", ""universe"": ""TOP3000"", ""delay"": 1, ""decay"": 6, ""neutralization"": ""MARKET"", ""truncation"": 0.05, ""pasteurization"": ""ON"", ""unitHandling"": ""VERIFY"", ""nanHandling"": ""ON"", ""language"": ""FASTEXPR"", ""visualization"": false}",0,1f964ce19dd243d42076b6b8a76946d9f482a182f758be5d8f09edb3dc04ab59,"group_neutralize(sub(ts_zscore(div(anl10_smartest_roe_ff,cap),#),ts_zscore(div(anl10_smartest_roe_ff,cap),#)),market)","group_neutralize(sub(ts_zscore(div(FIELD,FIELD),#),ts_zscore(div(FIELD,FIELD),#)),market)",2026-08-02T09:17:27.766734+00:00
arch_regime_shift:primary,arch_regime_shift,proven,6.75,"group_neutralize(ts_zscore(anl10_smartest_roa_ff/cap,63)-ts_zscore(anl10_smartest_roa_ff/cap,126),sector)","{""instrumentType"": ""EQUITY"", ""region"": ""USA"", ""universe"": ""TOP3000"", ""delay"": 1, ""decay"": 6, ""neutralization"": ""MARKET"", ""truncation"": 0.05, ""pasteurization"": ""ON"", ""unitHandling"": ""VERIFY"", ""nanHandling"": ""ON"", ""language"": ""FASTEXPR"", ""visualization"": false}",0,a27b7207b629419749aeab3288d371fc7817c8479099152a627f8385dbe7697e,"group_neutralize(sub(ts_zscore(div(anl10_smartest_roa_ff,cap),#),ts_zscore(div(anl10_smartest_roa_ff,cap),#)),sector)","group_neutralize(sub(ts_zscore(div(FIELD,FIELD),#),ts_zscore(div(FIELD,FIELD),#)),sector)",2026-08-02T09:17:27.766734+00:00
arch_ret_vol_corr:primary,arch_ret_vol_corr,proven,6.65,"group_neutralize(-rank(ts_corr(rank(returns),rank(volume),126)),market)","{""instrumentType"": ""EQUITY"", ""region"": ""USA"", ""universe"": ""TOP3000"", ""delay"": 1, ""decay"": 4, ""neutralization"": ""MARKET"", ""truncation"": 0.07, ""pasteurization"": ""ON"", ""unitHandling"": ""VERIFY"", ""nanHandling"": ""ON"", ""language"": ""FASTEXPR"", ""visualization"": false}",0,7a8907a135ff3518b13ae4fc9a87f2d86b97fd59a3ea669b2da30dfe313fc831,"group_neutralize(neg(ts_corr(returns,volume,#)),market)","group_neutralize(neg(ts_corr(FIELD,FIELD,#)),market)",2026-08-02T09:17:27.766734+00:00
arch_vwap_vol:primary,arch_vwap_vol,proven,6.65,"group_neutralize(rank((vwap-close)/close)*rank(ts_mean(volume,63)/adv20),industry)","{""instrumentType"": ""EQUITY"", ""region"": ""USA"", ""universe"": ""TOP3000"", ""delay"": 1, ""decay"": 6, ""neutralization"": ""MARKET"", ""truncation"": 0.06, ""pasteurization"": ""ON"", ""unitHandling"": ""VERIFY"", ""nanHandling"": ""ON"", ""language"": ""FASTEXPR"", ""visualization"": false}",0,81172288313ec8bc4770390bf44f0e0e4c7e9375467f089b969f9f32a6d0fd79,"group_neutralize(mul(div(sub(vwap,close),close),div(ts_mean(volume,#),adv20)),industry)","group_neutralize(mul(div(sub(FIELD,FIELD),FIELD),div(ts_mean(FIELD,#),FIELD)),industry)",2026-08-02T09:17:27.766734+00:00
arch_ret_vol_corr:primary,arch_ret_vol_corr,proven,6.550000000000001,"group_neutralize(-rank(ts_corr(abs(returns),volume,126)),market)","{""instrumentType"": ""EQUITY"", ""region"": ""USA"", ""universe"": ""TOP3000"", ""delay"": 1, ""decay"": 4, ""neutralization"": ""MARKET"", ""truncation"": 0.07, ""pasteurization"": ""ON"", ""unitHandling"": ""VERIFY"", ""nanHandling"": ""ON"", ""language"": ""FASTEXPR"", ""visualization"": false}",0,8b711112088cc48de3c8bb3987c691889b12fd0cd2171acd2bf8e1b994673cf8,"group_neutralize(neg(ts_corr(abs(returns),volume,#)),market)","group_neutralize(neg(ts_corr(abs(FIELD),FIELD,#)),market)",2026-08-02T09:17:27.766734+00:00
arch_ret_vol_corr:primary,arch_ret_vol_corr,proven,6.450000000000001,"group_neutralize(-rank(ts_corr(rank(returns),rank(volume),126)),industry)","{""instrumentType"": ""EQUITY"", ""region"": ""USA"", ""universe"": ""TOP3000"", ""delay"": 1, ""decay"": 4, ""neutralization"": ""MARKET"", ""truncation"": 0.07, ""pasteurization"": ""ON"", ""unitHandling"": ""VERIFY"", ""nanHandling"": ""ON"", ""language"": ""FASTEXPR"", ""visualization"": false}",0,44b152ef2398ec85b22964b723e8462946bc3e1ab6d870ec638ec93bfd9092ef,"group_neutralize(neg(ts_corr(returns,volume,#)),industry)","group_neutralize(neg(ts_corr(FIELD,FIELD,#)),industry)",2026-08-02T09:17:27.766734+00:00
arch_zscore:primary,arch_zscore,proven,6.45,"group_neutralize(ts_zscore(anl10_roeff_2323/cap,126),industry)","{""instrumentType"": ""EQUITY"", ""region"": ""USA"", ""universe"": ""TOP3000"", ""delay"": 1, ""decay"": 6, ""neutralization"": ""MARKET"", ""truncation"": 0.05, ""pasteurization"": ""ON"", ""unitHandling"": ""VERIFY"", ""nanHandling"": ""ON"", ""language"": ""FASTEXPR"", ""visualization"": false}",0,1778dce85e8020b60ede49459630d4dd79b3e8b7274f28587f0fa9d627471943,"group_neutralize(ts_zscore(div(anl10_roeff_2323,cap),#),industry)","group_neutralize(ts_zscore(div(FIELD,FIELD),#),industry)",2026-08-02T09:17:27.766734+00:00
arch_zscore:primary,arch_zscore,proven,6.45,"group_neutralize(ts_zscore(anl10_smartest_roe_ff/cap,126),market)","{""instrumentType"": ""EQUITY"", ""region"": ""USA"", ""universe"": ""TOP3000"", ""delay"": 1, ""decay"": 6, ""neutralization"": ""MARKET"", ""truncation"": 0.05, ""pasteurization"": ""ON"", ""unitHandling"": ""VERIFY"", ""nanHandling"": ""ON"", ""language"": ""FASTEXPR"", ""visualization"": false}",0,036ce896455143349f2c504bdabdd63b1435f16675ab822c2fb16d50ef04cbaf,"group_neutralize(ts_zscore(div(anl10_smartest_roe_ff,cap),#),market)","group_neutralize(ts_zscore(div(FIELD,FIELD),#),market)",2026-08-02T09:17:27.766734+00:00
arch_zscore:primary,arch_zscore,proven,6.45,"group_neutralize(ts_zscore(anl10_smartest_roa_ff/cap,126),sector)","{""instrumentType"": ""EQUITY"", ""region"": ""USA"", ""universe"": ""TOP3000"", ""delay"": 1, ""decay"": 6, ""neutralization"": ""MARKET"", ""truncation"": 0.05, ""pasteurization"": ""ON"", ""unitHandling"": ""VERIFY"", ""nanHandling"": ""ON"", ""language"": ""FASTEXPR"", ""visualization"": false}",0,e49f4e3f8fbfe6dfabaf40622bfc05646df3c12b78153bb43b87a48f08512c96,"group_neutralize(ts_zscore(div(anl10_smartest_roa_ff,cap),#),sector)","group_neutralize(ts_zscore(div(FIELD,FIELD),#),sector)",2026-08-02T09:17:27.766734+00:00
arch_ret_vol_corr:primary,arch_ret_vol_corr,proven,6.4,"group_neutralize(-rank(ts_corr(rank(returns),rank(volume),63)),market)","{""instrumentType"": ""EQUITY"", ""region"": ""USA"", ""universe"": ""TOP3000"", ""delay"": 1, ""decay"": 4, ""neutralization"": ""MARKET"", ""truncation"": 0.07, ""pasteurization"": ""ON"", ""unitHandling"": ""VERIFY"", ""nanHandling"": ""ON"", ""language"": ""FASTEXPR"", ""visualization"": false}",0,259b2a9bf65fa9600f950dd399da50fe7d96476a4c4b0abf92cb342ef5c5fc86,"group_neutralize(neg(ts_corr(returns,volume,#)),market)","group_neutralize(neg(ts_corr(FIELD,FIELD,#)),market)",2026-08-02T09:17:27.766734+00:00
arch_ret_vol_corr:primary,arch_ret_vol_corr,proven,6.4,"group_neutralize(-rank(ts_corr(rank(returns),rank(volume),63)),sector)","{""instrumentType"": ""EQUITY"", ""region"": ""USA"", ""universe"": ""TOP3000"", ""delay"": 1, ""decay"": 4, ""neutralization"": ""MARKET"", ""truncation"": 0.07, ""pasteurization"": ""ON"", ""unitHandling"": ""VERIFY"", ""nanHandling"": ""ON"", ""language"": ""FASTEXPR"", ""visualization"": false}",0,42c8706afcd664f9a00f9e789a619c9124ff84c57fe1e10c33c84c96f6798152,"group_neutralize(neg(ts_corr(returns,volume,#)),sector)","group_neutralize(neg(ts_corr(FIELD,FIELD,#)),sector)",2026-08-02T09:17:27.766734+00:00
arch_analyst:primary,arch_analyst,proven,6.4,"group_neutralize(ts_zscore(industry_18mo_marketcap_percent,126),industry)","{""instrumentType"": ""EQUITY"", ""region"": ""USA"", ""universe"": ""TOP3000"", ""delay"": 1, ""decay"": 4, ""neutralization"": ""MARKET"", ""truncation"": 0.06, ""pasteurization"": ""ON"", ""unitHandling"": ""VERIFY"", ""nanHandling"": ""ON"", ""language"": ""FASTEXPR"", ""visualization"": false}",0,432694982a638f7a982bde6e9a54423cb61f93da393e09cdaad2a44ef87e35e0,"group_neutralize(ts_zscore(industry_18mo_marketcap_percent,#),industry)","group_neutralize(ts_zscore(FIELD,#),industry)",2026-08-02T09:17:27.766734+00:00
arch_analyst:primary,arch_analyst,proven,6.4,"group_neutralize(ts_zscore(governance_pillar_composite_score,126),sector)","{""instrumentType"": ""EQUITY"", ""region"": ""USA"", ""universe"": ""TOP3000"", ""delay"": 1, ""decay"": 4, ""neutralization"": ""MARKET"", ""truncation"": 0.06, ""pasteurization"": ""ON"", ""unitHandling"": ""VERIFY"", ""nanHandling"": ""ON"", ""language"": ""FASTEXPR"", ""visualization"": false}",0,7136bf39744d27366f43b0b32be83b2978a8ca6b98ce550a47088372649add4d,"group_neutralize(ts_zscore(governance_pillar_composite_score,#),sector)","group_neutralize(ts_zscore(FIELD,#),sector)",2026-08-02T09:17:27.766734+00:00
arch_analyst:primary,arch_analyst,proven,6.4,"group_neutralize(ts_zscore(workplace_diversity_labor_rights_score,126),market)","{""instrumentType"": ""EQUITY"", ""region"": ""USA"", ""universe"": ""TOP3000"", ""delay"": 1, ""decay"": 4, ""neutralization"": ""MARKET"", ""truncation"": 0.06, ""pasteurization"": ""ON"", ""unitHandling"": ""VERIFY"", ""nanHandling"": ""ON"", ""language"": ""FASTEXPR"", ""visualization"": false}",0,7dd549907ad6e976aeefa2714cde87c1b740b2dfeb1f50a611f5b371242e2a79,"group_neutralize(ts_zscore(workplace_diversity_labor_rights_score,#),market)","group_neutralize(ts_zscore(FIELD,#),market)",2026-08-02T09:17:27.766734+00:00
arch_analyst:primary,arch_analyst,proven,6.4,"group_neutralize(ts_zscore(group_longterm_growth_marketcap_percent,126),market)","{""instrumentType"": ""EQUITY"", ""region"": ""USA"", ""universe"": ""TOP3000"", ""delay"": 1, ""decay"": 4, ""neutralization"": ""MARKET"", ""truncation"": 0.06, ""pasteurization"": ""ON"", ""unitHandling"": ""VERIFY"", ""nanHandling"": ""ON"", ""language"": ""FASTEXPR"", ""visualization"": false}",0,8f266b0fe3bad4e97e298d2b360dd194d07294a1af7aa19015f66039b5631af9,"group_neutralize(ts_zscore(group_longterm_growth_marketcap_percent,#),market)","group_neutralize(ts_zscore(FIELD,#),market)",2026-08-02T09:17:27.766734+00:00
arch_analyst:primary,arch_analyst,proven,6.4,"group_neutralize(ts_zscore(sector_longterm_growth_marketcap_percent,126),industry)","{""instrumentType"": ""EQUITY"", ""region"": ""USA"", ""universe"": ""TOP3000"", ""delay"": 1, ""decay"": 4, ""neutralization"": ""MARKET"", ""truncation"": 0.06, ""pasteurization"": ""ON"", ""unitHandling"": ""VERIFY"", ""nanHandling"": ""ON"", ""language"": ""FASTEXPR"", ""visualization"": false}",0,7a024f4098b8decfe61ee59f58af6039c4152c9c8453a31ace31bb5eeadeb442,"group_neutralize(ts_zscore(sector_longterm_growth_marketcap_percent,#),industry)","group_neutralize(ts_zscore(FIELD,#),industry)",2026-08-02T09:17:27.766734+00:00
arch_ret_vol_corr:primary,arch_ret_vol_corr,proven,6.3500000000000005,"group_neutralize(-rank(ts_corr(abs(returns),volume,126)),industry)","{""instrumentType"": ""EQUITY"", ""region"": ""USA"", ""universe"": ""TOP3000"", ""delay"": 1, ""decay"": 4, ""neutralization"": ""MARKET"", ""truncation"": 0.07, ""pasteurization"": ""ON"", ""unitHandling"": ""VERIFY"", ""nanHandling"": ""ON"", ""language"": ""FASTEXPR"", ""visualization"": false}",0,506857a6ebb78f334ec49edf921aae73b4f63f178023c89996bac99f22492586,"group_neutralize(neg(ts_corr(abs(returns),volume,#)),industry)","group_neutralize(neg(ts_corr(abs(FIELD),FIELD,#)),industry)",2026-08-02T09:17:27.766734+00:00
arch_zscore:primary,arch_zscore,proven,6.35,"group_neutralize(ts_zscore(anl10_roeff_2323/cap,63),sector)","{""instrumentType"": ""EQUITY"", ""region"": ""USA"", ""universe"": ""TOP3000"", ""delay"": 1, ""decay"": 6, ""neutralization"": ""MARKET"", ""truncation"": 0.05, ""pasteurization"": ""ON"", ""unitHandling"": ""VERIFY"", ""nanHandling"": ""ON"", ""language"": ""FASTEXPR"", ""visualization"": false}",0,00a6fcfce6577f3f6b76d997fd310622ce4b7beeec73548927294118362ce574,"group_neutralize(ts_zscore(div(anl10_roeff_2323,cap),#),sector)","group_neutralize(ts_zscore(div(FIELD,FIELD),#),sector)",2026-08-02T09:17:27.766734+00:00
arch_zscore:primary,arch_zscore,proven,6.35,"group_neutralize(ts_zscore(anl10_smartest_roe_ff/cap,63),sector)","{""instrumentType"": ""EQUITY"", ""region"": ""USA"", ""universe"": ""TOP3000"", ""delay"": 1, ""decay"": 6, ""neutralization"": ""MARKET"", ""truncation"": 0.05, ""pasteurization"": ""ON"", ""unitHandling"": ""VERIFY"", ""nanHandling"": ""ON"", ""language"": ""FASTEXPR"", ""visualization"": false}",0,97b01971c184ad7aed2d0c4e25b77ba04573681ce514cdc6dd204a7031d29634,"group_neutralize(ts_zscore(div(anl10_smartest_roe_ff,cap),#),sector)","group_neutralize(ts_zscore(div(FIELD,FIELD),#),sector)",2026-08-02T09:17:27.766734+00:00
arch_analyst_hybrid:primary,arch_analyst_hybrid,proven,6.35,"group_neutralize(ts_zscore(workforce_pillar_composite_score,63)+ts_decay_linear(zscore(vwap/close),42)*0.3,market)","{""instrumentType"": ""EQUITY"", ""region"": ""USA"", ""universe"": ""TOP3000"", ""delay"": 1, ""decay"": 4, ""neutralization"": ""MARKET"", ""truncation"": 0.06, ""pasteurization"": ""ON"", ""unitHandling"": ""VERIFY"", ""nanHandling"": ""ON"", ""language"": ""FASTEXPR"", ""visualization"": false}",0,cd0b2d72d1a3f33a871c31e339ea9e03678cc20a314f9c2de0df724772a81e83,"group_neutralize(add(mul(#,ts_decay_linear(div(vwap,close),#)),ts_zscore(workforce_pillar_composite_score,#)),market)","group_neutralize(add(mul(#,ts_decay_linear(div(FIELD,FIELD),#)),ts_zscore(FIELD,#)),market)",2026-08-02T09:17:27.766734+00:00
arch_analyst_hybrid:primary,arch_analyst_hybrid,proven,6.35,"group_neutralize(ts_zscore(industry_fy3_marketcap_percent,63)+ts_decay_linear(zscore(vwap/close),42)*0.3,industry)","{""instrumentType"": ""EQUITY"", ""region"": ""USA"", ""universe"": ""TOP3000"", ""delay"": 1, ""decay"": 4, ""neutralization"": ""MARKET"", ""truncation"": 0.06, ""pasteurization"": ""ON"", ""unitHandling"": ""VERIFY"", ""nanHandling"": ""ON"", ""language"": ""FASTEXPR"", ""visualization"": false}",0,82b4e4a712cb4c5226df37969e765a51e3b10e6b2d805e6c15806689bde99426,"group_neutralize(add(mul(#,ts_decay_linear(div(vwap,close),#)),ts_zscore(industry_fy3_marketcap_percent,#)),industry)","group_neutralize(add(mul(#,ts_decay_linear(div(FIELD,FIELD),#)),ts_zscore(FIELD,#)),industry)",2026-08-02T09:17:27.766734+00:00
arch_analyst_hybrid:primary,arch_analyst_hybrid,proven,6.35,"group_neutralize(ts_zscore(industry_12mo_marketcap_percent,63)+ts_decay_linear(zscore(vwap/close),42)*0.3,industry)","{""instrumentType"": ""EQUITY"", ""region"": ""USA"", ""universe"": ""TOP3000"", ""delay"": 1, ""decay"": 4, ""neutralization"": ""MARKET"", ""truncation"": 0.06, ""pasteurization"": ""ON"", ""unitHandling"": ""VERIFY"", ""nanHandling"": ""ON"", ""language"": ""FASTEXPR"", ""visualization"": false}",0,20a044a670556fd4fc2760695ea11268de13275d45aa8fd1da4901ed5b355c8c,"group_neutralize(add(mul(#,ts_decay_linear(div(vwap,close),#)),ts_zscore(industry_12mo_marketcap_percent,#)),industry)","group_neutralize(add(mul(#,ts_decay_linear(div(FIELD,FIELD),#)),ts_zscore(FIELD,#)),industry)",2026-08-02T09:17:27.766734+00:00
arch_analyst_hybrid:primary,arch_analyst_hybrid,proven,6.35,"group_neutralize(ts_zscore(governance_pillar_composite_score,63)+ts_decay_linear(zscore(vwap/close),42)*0.3,market)","{""instrumentType"": ""EQUITY"", ""region"": ""USA"", ""universe"": ""TOP3000"", ""delay"": 1, ""decay"": 4, ""neutralization"": ""MARKET"", ""truncation"": 0.06, ""pasteurization"": ""ON"", ""unitHandling"": ""VERIFY"", ""nanHandling"": ""ON"", ""language"": ""FASTEXPR"", ""visualization"": false}",0,097872c92e1d968f53da560adc370f886d48f586fe77f41505bd275a42af28e0,"group_neutralize(add(mul(#,ts_decay_linear(div(vwap,close),#)),ts_zscore(governance_pillar_composite_score,#)),market)","group_neutralize(add(mul(#,ts_decay_linear(div(FIELD,FIELD),#)),ts_zscore(FIELD,#)),market)",2026-08-02T09:17:27.766734+00:00
arch_analyst_hybrid:primary,arch_analyst_hybrid,proven,6.35,"group_neutralize(ts_zscore(management_ethics_standards_score,63)+ts_decay_linear(zscore(vwap/close),42)*0.3,sector)","{""instrumentType"": ""EQUITY"", ""region"": ""USA"", ""universe"": ""TOP3000"", ""delay"": 1, ""decay"": 4, ""neutralization"": ""MARKET"", ""truncation"": 0.06, ""pasteurization"": ""ON"", ""unitHandling"": ""VERIFY"", ""nanHandling"": ""ON"", ""language"": ""FASTEXPR"", ""visualization"": false}",0,b0715f376da49443dc4b2597cb93b4087d987044047116283aec5f9bf67cd66d,"group_neutralize(add(mul(#,ts_decay_linear(div(vwap,close),#)),ts_zscore(management_ethics_standards_score,#)),sector)","group_neutralize(add(mul(#,ts_decay_linear(div(FIELD,FIELD),#)),ts_zscore(FIELD,#)),sector)",2026-08-02T09:17:27.766734+00:00
arch_analyst_hybrid:primary,arch_analyst_hybrid,proven,6.35,"group_neutralize(ts_zscore(workplace_diversity_labor_rights_score,63)+ts_decay_linear(zscore(vwap/close),42)*0.3,market)","{""instrumentType"": ""EQUITY"", ""region"": ""USA"", ""universe"": ""TOP3000"", ""delay"": 1, ""decay"": 4, ""neutralization"": ""MARKET"", ""truncation"": 0.06, ""pasteurization"": ""ON"", ""unitHandling"": ""VERIFY"", ""nanHandling"": ""ON"", ""language"": ""FASTEXPR"", ""visualization"": false}",0,d02bec8db6106c47c0fc4fa5b7a12b6bd5b7af5e683e172d4bf7272e39706e4c,"group_neutralize(add(mul(#,ts_decay_linear(div(vwap,close),#)),ts_zscore(workplace_diversity_labor_rights_score,#)),market)","group_neutralize(add(mul(#,ts_decay_linear(div(FIELD,FIELD),#)),ts_zscore(FIELD,#)),market)",2026-08-02T09:17:27.766734+00:00
arch_analyst_hybrid:primary,arch_analyst_hybrid,proven,6.35,"group_neutralize(ts_zscore(group_longterm_growth_marketcap_percent,63)+ts_decay_linear(zscore(vwap/close),42)*0.3,sector)","{""instrumentType"": ""EQUITY"", ""region"": ""USA"", ""universe"": ""TOP3000"", ""delay"": 1, ""decay"": 4, ""neutralization"": ""MARKET"", ""truncation"": 0.06, ""pasteurization"": ""ON"", ""unitHandling"": ""VERIFY"", ""nanHandling"": ""ON"", ""language"": ""FASTEXPR"", ""visualization"": false}",0,f4707f14cb2ae328345cb0639abcc079bb408f7ed2098aeaa6ea0556ffa024db,"group_neutralize(add(mul(#,ts_decay_linear(div(vwap,close),#)),ts_zscore(group_longterm_growth_marketcap_percent,#)),sector)","group_neutralize(add(mul(#,ts_decay_linear(div(FIELD,FIELD),#)),ts_zscore(FIELD,#)),sector)",2026-08-02T09:17:27.766734+00:00
arch_analyst_hybrid:primary,arch_analyst_hybrid,proven,6.35,"group_neutralize(ts_zscore(sector_longterm_growth_marketcap_percent,63)+ts_decay_linear(zscore(vwap/close),42)*0.3,market)","{""instrumentType"": ""EQUITY"", ""region"": ""USA"", ""universe"": ""TOP3000"", ""delay"": 1, ""decay"": 4, ""neutralization"": ""MARKET"", ""truncation"": 0.06, ""pasteurization"": ""ON"", ""unitHandling"": ""VERIFY"", ""nanHandling"": ""ON"", ""language"": ""FASTEXPR"", ""visualization"": false}",0,86128263301c8755dc4b582c7e938b409ce7c558365396e1e5676e8777ec928a,"group_neutralize(add(mul(#,ts_decay_linear(div(vwap,close),#)),ts_zscore(sector_longterm_growth_marketcap_percent,#)),market)","group_neutralize(add(mul(#,ts_decay_linear(div(FIELD,FIELD),#)),ts_zscore(FIELD,#)),market)",2026-08-02T09:17:27.766734+00:00
arch_vol_scaled_rank:primary,arch_vol_scaled_rank,proven,6.35,"group_neutralize((group_rank(anl10_analyst_innovation_eps_innovate_decrease_fy1/cap,sector)-0.5)*-rank(ts_std_dev(returns,126)),sector)","{""instrumentType"": ""EQUITY"", ""region"": ""USA"", ""universe"": ""TOP3000"", ""delay"": 1, ""decay"": 6, ""neutralization"": ""MARKET"", ""truncation"": 0.05, ""pasteurization"": ""ON"", ""unitHandling"": ""VERIFY"", ""nanHandling"": ""ON"", ""language"": ""FASTEXPR"", ""visualization"": false}",0,710ac2f935b996a9ab9382a3167781f82a0af219c067e9e68da0e91c92c9e7b8,"group_neutralize(mul(neg(ts_std_dev(returns,#)),sub(group_rank(div(anl10_analyst_innovation_eps_innovate_decrease_fy1,cap),sector),#)),sector)","group_neutralize(mul(neg(ts_std_dev(FIELD,#)),sub(group_rank(div(FIELD,FIELD),sector),#)),sector)",2026-08-02T09:17:27.766734+00:00
arch_vol_scaled_rank:primary,arch_vol_scaled_rank,proven,6.35,"group_neutralize((group_rank(anl10_analyst_innovation_eps_normal_decrease_fy1/cap,industry)-0.5)*-rank(ts_std_dev(returns,126)),industry)","{""instrumentType"": ""EQUITY"", ""region"": ""USA"", ""universe"": ""TOP3000"", ""delay"": 1, ""decay"": 6, ""neutralization"": ""MARKET"", ""truncation"": 0.05, ""pasteurization"": ""ON"", ""unitHandling"": ""VERIFY"", ""nanHandling"": ""ON"", ""language"": ""FASTEXPR"", ""visualization"": false}",0,d2384365db5bd96a1dc8e7133677632c94ba895576cdfe54d8bf07eec4bcd883,"group_neutralize(mul(neg(ts_std_dev(returns,#)),sub(group_rank(div(anl10_analyst_innovation_eps_normal_decrease_fy1,cap),industry),#)),industry)","group_neutralize(mul(neg(ts_std_dev(FIELD,#)),sub(group_rank(div(FIELD,FIELD),industry),#)),industry)",2026-08-02T09:17:27.766734+00:00
arch_vol_scaled_rank:primary,arch_vol_scaled_rank,proven,6.35,"group_neutralize((group_rank(anl10_analyst_innovation_eps_revise_ratio_to_close_fy1/cap,sector)-0.5)*-rank(ts_std_dev(returns,126)),sector)","{""instrumentType"": ""EQUITY"", ""region"": ""USA"", ""universe"": ""TOP3000"", ""delay"": 1, ""decay"": 6, ""neutralization"": ""MARKET"", ""truncation"": 0.05, ""pasteurization"": ""ON"", ""unitHandling"": ""VERIFY"", ""nanHandling"": ""ON"", ""language"": ""FASTEXPR"", ""visualization"": false}",0,b7c5cb90a603564eccbfc0c877e06f66571e090719484dac5d7aa6999a99e47e,"group_neutralize(mul(neg(ts_std_dev(returns,#)),sub(group_rank(div(anl10_analyst_innovation_eps_revise_ratio_to_close_fy1,cap),sector),#)),sector)","group_neutralize(mul(neg(ts_std_dev(FIELD,#)),sub(group_rank(div(FIELD,FIELD),sector),#)),sector)",2026-08-02T09:17:27.766734+00:00
arch_vol_scaled_rank:primary,arch_vol_scaled_rank,proven,6.35,"group_neutralize((group_rank(anl10_analyst_innovation_eps_innovate_decrease_fy2/cap,industry)-0.5)*-rank(ts_std_dev(returns,126)),industry)","{""instrumentType"": ""EQUITY"", ""region"": ""USA"", ""universe"": ""TOP3000"", ""delay"": 1, ""decay"": 6, ""neutralization"": ""MARKET"", ""truncation"": 0.05, ""pasteurization"": ""ON"", ""unitHandling"": ""VERIFY"", ""nanHandling"": ""ON"", ""language"": ""FASTEXPR"", ""visualization"": false}",0,b6bca33ec2630d982e71f796d2404b334f9647fb205d930af7a81b04f4d54fe3,"group_neutralize(mul(neg(ts_std_dev(returns,#)),sub(group_rank(div(anl10_analyst_innovation_eps_innovate_decrease_fy2,cap),industry),#)),industry)","group_neutralize(mul(neg(ts_std_dev(FIELD,#)),sub(group_rank(div(FIELD,FIELD),industry),#)),industry)",2026-08-02T09:17:27.766734+00:00
arch_vol_scaled_rank:primary,arch_vol_scaled_rank,proven,6.35,"group_neutralize((group_rank(anl10_analyst_innovation_eps_revise_ratio_to_consensus_fy1/cap,market)-0.5)*-rank(ts_std_dev(returns,126)),market)","{""instrumentType"": ""EQUITY"", ""region"": ""USA"", ""universe"": ""TOP3000"", ""delay"": 1, ""decay"": 6, ""neutralization"": ""MARKET"", ""truncation"": 0.05, ""pasteurization"": ""ON"", ""unitHandling"": ""VERIFY"", ""nanHandling"": ""ON"", ""language"": ""FASTEXPR"", ""visualization"": false}",0,f3aaa426c0916c35e2acd2bf0a07d4f1e07b55e1de92ebfa3f2a24253fde02d4,"group_neutralize(mul(neg(ts_std_dev(returns,#)),sub(group_rank(div(anl10_analyst_innovation_eps_revise_ratio_to_consensus_fy1,cap),market),#)),market)","group_neutralize(mul(neg(ts_std_dev(FIELD,#)),sub(group_rank(div(FIELD,FIELD),market),#)),market)",2026-08-02T09:17:27.766734+00:00
arch_vol_scaled_rank:primary,arch_vol_scaled_rank,proven,6.35,"group_neutralize((group_rank(anl10_analyst_innovation_eps_revise_ratio_to_consensus_fy2/cap,market)-0.5)*-rank(ts_std_dev(returns,126)),market)","{""instrumentType"": ""EQUITY"", ""region"": ""USA"", ""universe"": ""TOP3000"", ""delay"": 1, ""decay"": 6, ""neutralization"": ""MARKET"", ""truncation"": 0.05, ""pasteurization"": ""ON"", ""unitHandling"": ""VERIFY"", ""nanHandling"": ""ON"", ""language"": ""FASTEXPR"", ""visualization"": false}",0,237744c9d2eac69d720891c0f9b71e055a938861006237d83caf5f7a33a1cc41,"group_neutralize(mul(neg(ts_std_dev(returns,#)),sub(group_rank(div(anl10_analyst_innovation_eps_revise_ratio_to_consensus_fy2,cap),market),#)),market)","group_neutralize(mul(neg(ts_std_dev(FIELD,#)),sub(group_rank(div(FIELD,FIELD),market),#)),market)",2026-08-02T09:17:27.766734+00:00
arch_vol_scaled_rank:primary,arch_vol_scaled_rank,proven,6.35,"group_neutralize((group_rank(anl10_analyst_innovation_eps_revise_ratio_to_close_fy2/cap,industry)-0.5)*-rank(ts_std_dev(returns,126)),industry)","{""instrumentType"": ""EQUITY"", ""region"": ""USA"", ""universe"": ""TOP3000"", ""delay"": 1, ""decay"": 6, ""neutralization"": ""MARKET"", ""truncation"": 0.05, ""pasteurization"": ""ON"", ""unitHandling"": ""VERIFY"", ""nanHandling"": ""ON"", ""language"": ""FASTEXPR"", ""visualization"": false}",0,8d686343267ec250e4579b829d68d7540f5120b6f3ad144d3a500e01140da591,"group_neutralize(mul(neg(ts_std_dev(returns,#)),sub(group_rank(div(anl10_analyst_innovation_eps_revise_ratio_to_close_fy2,cap),industry),#)),industry)","group_neutralize(mul(neg(ts_std_dev(FIELD,#)),sub(group_rank(div(FIELD,FIELD),industry),#)),industry)",2026-08-02T09:17:27.766734+00:00
arch_vol_scaled_rank:primary,arch_vol_scaled_rank,proven,6.35,"group_neutralize((group_rank(anl10_analyst_innovation_eps_revise_ratio_to_close_fq1/cap,industry)-0.5)*-rank(ts_std_dev(returns,126)),industry)","{""instrumentType"": ""EQUITY"", ""region"": ""USA"", ""universe"": ""TOP3000"", ""delay"": 1, ""decay"": 6, ""neutralization"": ""MARKET"", ""truncation"": 0.05, ""pasteurization"": ""ON"", ""unitHandling"": ""VERIFY"", ""nanHandling"": ""ON"", ""language"": ""FASTEXPR"", ""visualization"": false}",0,af82dba800a06247dde064040f8f0af49ae6dd125e2c6aa777e2fdcb5e2a3145,"group_neutralize(mul(neg(ts_std_dev(returns,#)),sub(group_rank(div(anl10_analyst_innovation_eps_revise_ratio_to_close_fq1,cap),industry),#)),industry)","group_neutralize(mul(neg(ts_std_dev(FIELD,#)),sub(group_rank(div(FIELD,FIELD),industry),#)),industry)",2026-08-02T09:17:27.766734+00:00
arch_ret_vol_corr:primary,arch_ret_vol_corr,proven,6.300000000000001,"group_neutralize(-rank(ts_corr(abs(returns),volume,63)),market)","{""instrumentType"": ""EQUITY"", ""region"": ""USA"", ""universe"": ""TOP3000"", ""delay"": 1, ""decay"": 4, ""neutralization"": ""MARKET"", ""truncation"": 0.07, ""pasteurization"": ""ON"", ""unitHandling"": ""VERIFY"", ""nanHandling"": ""ON"", ""language"": ""FASTEXPR"", ""visualization"": false}",0,151edf7dd31fee44effb6a7e092860f8c1c3d7f1b1f48395d72bebb3cf86caa0,"group_neutralize(neg(ts_corr(abs(returns),volume,#)),market)","group_neutralize(neg(ts_corr(abs(FIELD),FIELD,#)),market)",2026-08-02T09:17:27.766734+00:00
arch_ret_vol_corr:primary,arch_ret_vol_corr,proven,6.300000000000001,"group_neutralize(-rank(ts_corr(abs(returns),volume,63)),sector)","{""instrumentType"": ""EQUITY"", ""region"": ""USA"", ""universe"": ""TOP3000"", ""delay"": 1, ""decay"": 4, ""neutralization"": ""MARKET"", ""truncation"": 0.07, ""pasteurization"": ""ON"", ""unitHandling"": ""VERIFY"", ""nanHandling"": ""ON"", ""language"": ""FASTEXPR"", ""visualization"": false}",0,f79a11bcaeb1e35711324cf27245e10377aa8c7607cd85c12301715af179022d,"group_neutralize(neg(ts_corr(abs(returns),volume,#)),sector)","group_neutralize(neg(ts_corr(abs(FIELD),FIELD,#)),sector)",2026-08-02T09:17:27.766734+00:00
arch_analyst:primary,arch_analyst,proven,6.25,"group_neutralize(ts_zscore(workplace_diversity_labor_rights_score,63),market)","{""instrumentType"": ""EQUITY"", ""region"": ""USA"", ""universe"": ""TOP3000"", ""delay"": 1, ""decay"": 4, ""neutralization"": ""MARKET"", ""truncation"": 0.06, ""pasteurization"": ""ON"", ""unitHandling"": ""VERIFY"", ""nanHandling"": ""ON"", ""language"": ""FASTEXPR"", ""visualization"": false}",0,b466d6cd706839fc0590209759837971828757287d4a5162d61e9afe6c9caf05,"group_neutralize(ts_zscore(workplace_diversity_labor_rights_score,#),market)","group_neutralize(ts_zscore(FIELD,#),market)",2026-08-02T09:17:27.766734+00:00
arch_analyst:primary,arch_analyst,proven,6.25,"group_neutralize(ts_zscore(group_longterm_growth_marketcap_percent,63),market)","{""instrumentType"": ""EQUITY"", ""region"": ""USA"", ""universe"": ""TOP3000"", ""delay"": 1, ""decay"": 4, ""neutralization"": ""MARKET"", ""truncation"": 0.06, ""pasteurization"": ""ON"", ""unitHandling"": ""VERIFY"", ""nanHandling"": ""ON"", ""language"": ""FASTEXPR"", ""visualization"": false}",0,5e2b286445e1830b73fd4393c5561d5b118472b8a3f1fb30f269d12c3a49022c,"group_neutralize(ts_zscore(group_longterm_growth_marketcap_percent,#),market)","group_neutralize(ts_zscore(FIELD,#),market)",2026-08-02T09:17:27.766734+00:00
arch_analyst:primary,arch_analyst,proven,6.25,"group_neutralize(ts_zscore(sector_longterm_growth_marketcap_percent,63),industry)","{""instrumentType"": ""EQUITY"", ""region"": ""USA"", ""universe"": ""TOP3000"", ""delay"": 1, ""decay"": 4, ""neutralization"": ""MARKET"", ""truncation"": 0.06, ""pasteurization"": ""ON"", ""unitHandling"": ""VERIFY"", ""nanHandling"": ""ON"", ""language"": ""FASTEXPR"", ""visualization"": false}",0,c516151d5a11db719652597f9bd7cbc000aab11879288f543ed91d3816b1aa00,"group_neutralize(ts_zscore(sector_longterm_growth_marketcap_percent,#),industry)","group_neutralize(ts_zscore(FIELD,#),industry)",2026-08-02T09:17:27.766734+00:00
arch_ret_vol_corr:primary,arch_ret_vol_corr,proven,6.200000000000001,"group_neutralize(-rank(ts_corr(rank(returns),rank(volume),42)),market)","{""instrumentType"": ""EQUITY"", ""region"": ""USA"", ""universe"": ""TOP3000"", ""delay"": 1, ""decay"": 4, ""neutralization"": ""MARKET"", ""truncation"": 0.07, ""pasteurization"": ""ON"", ""unitHandling"": ""VERIFY"", ""nanHandling"": ""ON"", ""language"": ""FASTEXPR"", ""visualization"": false}",0,76f22098f64c1832ca851af72d6d84af7989d7b97fb1fb2bafd116bedb6484ef,"group_neutralize(neg(ts_corr(returns,volume,#)),market)","group_neutralize(neg(ts_corr(FIELD,FIELD,#)),market)",2026-08-02T09:17:27.766734+00:00
arch_ret_vol_corr:primary,arch_ret_vol_corr,proven,6.200000000000001,"group_neutralize(-rank(ts_corr(rank(returns),rank(volume),42)),sector)","{""instrumentType"": ""EQUITY"", ""region"": ""USA"", ""universe"": ""TOP3000"", ""delay"": 1, ""decay"": 4, ""neutralization"": ""MARKET"", ""truncation"": 0.07, ""pasteurization"": ""ON"", ""unitHandling"": ""VERIFY"", ""nanHandling"": ""ON"", ""language"": ""FASTEXPR"", ""visualization"": false}",0,daa742e0bf80f9f2baca0a5a8a9c593edb5db5f2ea3e9b6279a6fdb073b060be,"group_neutralize(neg(ts_corr(returns,volume,#)),sector)","group_neutralize(neg(ts_corr(FIELD,FIELD,#)),sector)",2026-08-02T09:17:27.766734+00:00
arch_zscore:primary,arch_zscore,proven,6.2,"group_neutralize(ts_zscore(anl10_roeff_2323/cap,63),industry)","{""instrumentType"": ""EQUITY"", ""region"": ""USA"", ""universe"": ""TOP3000"", ""delay"": 1, ""decay"": 6, ""neutralization"": ""MARKET"", ""truncation"": 0.05, ""pasteurization"": ""ON"", ""unitHandling"": ""VERIFY"", ""nanHandling"": ""ON"", ""language"": ""FASTEXPR"", ""visualization"": false}",0,56646c9cffacb02071bb480a19477fcb38c84a8f5cd3c85592e3d306bc94be4f,"group_neutralize(ts_zscore(div(anl10_roeff_2323,cap),#),industry)","group_neutralize(ts_zscore(div(FIELD,FIELD),#),industry)",2026-08-02T09:17:27.766734+00:00
arch_zscore:primary,arch_zscore,proven,6.2,"group_neutralize(ts_zscore(anl10_smartest_roe_ff/cap,63),market)","{""instrumentType"": ""EQUITY"", ""region"": ""USA"", ""universe"": ""TOP3000"", ""delay"": 1, ""decay"": 6, ""neutralization"": ""MARKET"", ""truncation"": 0.05, ""pasteurization"": ""ON"", ""unitHandling"": ""VERIFY"", ""nanHandling"": ""ON"", ""language"": ""FASTEXPR"", ""visualization"": false}",0,e219dd9574f3590b82d0847c9335c73f5ed053dc84de146ae823a721b72a52bf,"group_neutralize(ts_zscore(div(anl10_smartest_roe_ff,cap),#),market)","group_neutralize(ts_zscore(div(FIELD,FIELD),#),market)",2026-08-02T09:17:27.766734+00:00
arch_zscore:primary,arch_zscore,proven,6.2,"group_neutralize(ts_zscore(anl10_smartest_roa_ff/cap,63),sector)","{""instrumentType"": ""EQUITY"", ""region"": ""USA"", ""universe"": ""TOP3000"", ""delay"": 1, ""decay"": 6, ""neutralization"": ""MARKET"", ""truncation"": 0.05, ""pasteurization"": ""ON"", ""unitHandling"": ""VERIFY"", ""nanHandling"": ""ON"", ""language"": ""FASTEXPR"", ""visualization"": false}",0,4631e088390914cf88e4e3c0968f8bb22466d26f676068e16e788a2028d0d609,"group_neutralize(ts_zscore(div(anl10_smartest_roa_ff,cap),#),sector)","group_neutralize(ts_zscore(div(FIELD,FIELD),#),sector)",2026-08-02T09:17:27.766734+00:00
arch_ret_vol_corr:primary,arch_ret_vol_corr,proven,6.2,"group_neutralize(-rank(ts_corr(rank(returns),rank(volume),63)),industry)","{""instrumentType"": ""EQUITY"", ""region"": ""USA"", ""universe"": ""TOP3000"", ""delay"": 1, ""decay"": 4, ""neutralization"": ""MARKET"", ""truncation"": 0.07, ""pasteurization"": ""ON"", ""unitHandling"": ""VERIFY"", ""nanHandling"": ""ON"", ""language"": ""FASTEXPR"", ""visualization"": false}",0,e09d71180f857abf18805815bdf1cfc30c3e55c0849727e7064d2ac8cdcf0c59,"group_neutralize(neg(ts_corr(returns,volume,#)),industry)","group_neutralize(neg(ts_corr(FIELD,FIELD,#)),industry)",2026-08-02T09:17:27.766734+00:00
arch_ret_vol_corr:primary,arch_ret_vol_corr,proven,6.1000000000000005,"group_neutralize(-rank(ts_corr(abs(returns),volume,42)),market)","{""instrumentType"": ""EQUITY"", ""region"": ""USA"", ""universe"": ""TOP3000"", ""delay"": 1, ""decay"": 4, ""neutralization"": ""MARKET"", ""truncation"": 0.07, ""pasteurization"": ""ON"", ""unitHandling"": ""VERIFY"", ""nanHandling"": ""ON"", ""language"": ""FASTEXPR"", ""visualization"": false}",0,989714073c99529116e1f0114ccd3e665a59f2a1503ef944287992e188bccffd,"group_neutralize(neg(ts_corr(abs(returns),volume,#)),market)","group_neutralize(neg(ts_corr(abs(FIELD),FIELD,#)),market)",2026-08-02T09:17:27.766734+00:00
arch_ret_vol_corr:primary,arch_ret_vol_corr,proven,6.1000000000000005,"group_neutralize(-rank(ts_corr(abs(returns),volume,42)),sector)","{""instrumentType"": ""EQUITY"", ""region"": ""USA"", ""universe"": ""TOP3000"", ""delay"": 1, ""decay"": 4, ""neutralization"": ""MARKET"", ""truncation"": 0.07, ""pasteurization"": ""ON"", ""unitHandling"": ""VERIFY"", ""nanHandling"": ""ON"", ""language"": ""FASTEXPR"", ""visualization"": false}",0,46b43f5c9daaf06bdbd4822eaa43ec297df4b5a46bba502faaa7a404582f7480,"group_neutralize(neg(ts_corr(abs(returns),volume,#)),sector)","group_neutralize(neg(ts_corr(abs(FIELD),FIELD,#)),sector)",2026-08-02T09:17:27.766734+00:00
arch_ret_vol_corr:primary,arch_ret_vol_corr,proven,6.1,"group_neutralize(-rank(ts_corr(abs(returns),volume,63)),industry)","{""instrumentType"": ""EQUITY"", ""region"": ""USA"", ""universe"": ""TOP3000"", ""delay"": 1, ""decay"": 4, ""neutralization"": ""MARKET"", ""truncation"": 0.07, ""pasteurization"": ""ON"", ""unitHandling"": ""VERIFY"", ""nanHandling"": ""ON"", ""language"": ""FASTEXPR"", ""visualization"": false}",0,d0d62834f2860ff3a311a19baedd847c1823419f58751738cda3244420f8d3c5,"group_neutralize(neg(ts_corr(abs(returns),volume,#)),industry)","group_neutralize(neg(ts_corr(abs(FIELD),FIELD,#)),industry)",2026-08-02T09:17:27.766734+00:00
arch_ret_vol_corr:primary,arch_ret_vol_corr,proven,6.0,"group_neutralize(-rank(ts_corr(rank(returns),rank(volume),42)),industry)","{""instrumentType"": ""EQUITY"", ""region"": ""USA"", ""universe"": ""TOP3000"", ""delay"": 1, ""decay"": 4, ""neutralization"": ""MARKET"", ""truncation"": 0.07, ""pasteurization"": ""ON"", ""unitHandling"": ""VERIFY"", ""nanHandling"": ""ON"", ""language"": ""FASTEXPR"", ""visualization"": false}",0,e066a88fc6bfa967bce6b751b3efd3d3a733eab4198aaae8c086b76ceaa907f9,"group_neutralize(neg(ts_corr(returns,volume,#)),industry)","group_neutralize(neg(ts_corr(FIELD,FIELD,#)),industry)",2026-08-02T09:17:27.766734+00:00
arch_pv_slow:primary,arch_pv_slow,proven,5.95,"group_neutralize(ts_rank(ts_mean(close,21)/close,126)-0.5,market)","{""instrumentType"": ""EQUITY"", ""region"": ""USA"", ""universe"": ""TOP3000"", ""delay"": 1, ""decay"": 6, ""neutralization"": ""MARKET"", ""truncation"": 0.06, ""pasteurization"": ""ON"", ""unitHandling"": ""VERIFY"", ""nanHandling"": ""ON"", ""language"": ""FASTEXPR"", ""visualization"": false}",0,0797b0f79b8261ed6d0676145680b692c9b55c3208a67077fa246fad078ef231,"group_neutralize(sub(ts_rank(div(ts_mean(close,#),close),#),#),market)","group_neutralize(sub(ts_rank(div(ts_mean(FIELD,#),FIELD),#),#),market)",2026-08-02T09:17:27.766734+00:00
arch_ret_vol_corr:primary,arch_ret_vol_corr,proven,5.9,"group_neutralize(-rank(ts_corr(abs(returns),volume,42)),industry)","{""instrumentType"": ""EQUITY"", ""region"": ""USA"", ""universe"": ""TOP3000"", ""delay"": 1, ""decay"": 4, ""neutralization"": ""MARKET"", ""truncation"": 0.07, ""pasteurization"": ""ON"", ""unitHandling"": ""VERIFY"", ""nanHandling"": ""ON"", ""language"": ""FASTEXPR"", ""visualization"": false}",0,0c24f9f2a4ab6ec62854c80de9b6d3660cf68b424c86c524724c1bc2a4dbf53a,"group_neutralize(neg(ts_corr(abs(returns),volume,#)),industry)","group_neutralize(neg(ts_corr(abs(FIELD),FIELD,#)),industry)",2026-08-02T09:17:27.766734+00:00
arch_pv_slow:primary,arch_pv_slow,proven,5.8500000000000005,"group_neutralize(ts_rank(ts_mean(close,21)/close,126)-0.5,sector)","{""instrumentType"": ""EQUITY"", ""region"": ""USA"", ""universe"": ""TOP3000"", ""delay"": 1, ""decay"": 6, ""neutralization"": ""MARKET"", ""truncation"": 0.06, ""pasteurization"": ""ON"", ""unitHandling"": ""VERIFY"", ""nanHandling"": ""ON"", ""language"": ""FASTEXPR"", ""visualization"": false}",0,9f036636f2a5a778893212a8ece72286bdf318918bdfa10975a7da498efe1d38,"group_neutralize(sub(ts_rank(div(ts_mean(close,#),close),#),#),sector)","group_neutralize(sub(ts_rank(div(ts_mean(FIELD,#),FIELD),#),#),sector)",2026-08-02T09:17:27.766734+00:00
arch_pv_slow:primary,arch_pv_slow,proven,5.800000000000001,"group_neutralize(ts_rank(ts_mean(close,21)/close,63)-0.5,market)","{""instrumentType"": ""EQUITY"", ""region"": ""USA"", ""universe"": ""TOP3000"", ""delay"": 1, ""decay"": 6, ""neutralization"": ""MARKET"", ""truncation"": 0.06, ""pasteurization"": ""ON"", ""unitHandling"": ""VERIFY"", ""nanHandling"": ""ON"", ""language"": ""FASTEXPR"", ""visualization"": false}",0,4bdd478bcebd18da41b86d3ca0c491b0c9b06fd001cf2904a4652942ec06c445,"group_neutralize(sub(ts_rank(div(ts_mean(close,#),close),#),#),market)","group_neutralize(sub(ts_rank(div(ts_mean(FIELD,#),FIELD),#),#),market)",2026-08-02T09:17:27.766734+00:00
arch_pv_slow:primary,arch_pv_slow,proven,5.75,"group_neutralize(ts_rank(ts_mean(close,21)/close,126)-0.5,industry)","{""instrumentType"": ""EQUITY"", ""region"": ""USA"", ""universe"": ""TOP3000"", ""delay"": 1, ""decay"": 6, ""neutralization"": ""MARKET"", ""truncation"": 0.06, ""pasteurization"": ""ON"", ""unitHandling"": ""VERIFY"", ""nanHandling"": ""ON"", ""language"": ""FASTEXPR"", ""visualization"": false}",0,b67905265b47f3e111f568a4b078ccf396521c444de87c286a6cbab1a8e837db,"group_neutralize(sub(ts_rank(div(ts_mean(close,#),close),#),#),industry)","group_neutralize(sub(ts_rank(div(ts_mean(FIELD,#),FIELD),#),#),industry)",2026-08-02T09:17:27.766734+00:00
arch_analyst_delta:primary,arch_analyst_delta,proven,5.75,"group_neutralize(rank(ts_delta(workforce_pillar_composite_score,63)),sector)","{""instrumentType"": ""EQUITY"", ""region"": ""USA"", ""universe"": ""TOP3000"", ""delay"": 1, ""decay"": 4, ""neutralization"": ""MARKET"", ""truncation"": 0.06, ""pasteurization"": ""ON"", ""unitHandling"": ""VERIFY"", ""nanHandling"": ""ON"", ""language"": ""FASTEXPR"", ""visualization"": false}",0,b1a54cb2ce2aa508c8e725b0f80129cb7a470c42f6b5d438cc2fc5616d718dd7,"group_neutralize(ts_delta(workforce_pillar_composite_score,#),sector)","group_neutralize(ts_delta(FIELD,#),sector)",2026-08-02T09:17:27.766734+00:00
arch_analyst_delta:primary,arch_analyst_delta,proven,5.75,"group_neutralize(rank(ts_delta(industry_fy2_marketcap_percent,63)),industry)","{""instrumentType"": ""EQUITY"", ""region"": ""USA"", ""universe"": ""TOP3000"", ""delay"": 1, ""decay"": 4, ""neutralization"": ""MARKET"", ""truncation"": 0.06, ""pasteurization"": ""ON"", ""unitHandling"": ""VERIFY"", ""nanHandling"": ""ON"", ""language"": ""FASTEXPR"", ""visualization"": false}",0,49dfc2c306d187067a5d95c4a9853e9b5b152711c47cca5f3e21cdfcb5d04a5f,"group_neutralize(ts_delta(industry_fy2_marketcap_percent,#),industry)","group_neutralize(ts_delta(FIELD,#),industry)",2026-08-02T09:17:27.766734+00:00
arch_analyst_delta:primary,arch_analyst_delta,proven,5.75,"group_neutralize(rank(ts_delta(industry_18mo_marketcap_percent,63)),industry)","{""instrumentType"": ""EQUITY"", ""region"": ""USA"", ""universe"": ""TOP3000"", ""delay"": 1, ""decay"": 4, ""neutralization"": ""MARKET"", ""truncation"": 0.06, ""pasteurization"": ""ON"", ""unitHandling"": ""VERIFY"", ""nanHandling"": ""ON"", ""language"": ""FASTEXPR"", ""visualization"": false}",0,b60c94ef216bed544033585c48a5352eba29375c56001af3bf608a4d7a146fe3,"group_neutralize(ts_delta(industry_18mo_marketcap_percent,#),industry)","group_neutralize(ts_delta(FIELD,#),industry)",2026-08-02T09:17:27.766734+00:00
arch_analyst_delta:primary,arch_analyst_delta,proven,5.75,"group_neutralize(rank(ts_delta(governance_pillar_composite_score,63)),sector)","{""instrumentType"": ""EQUITY"", ""region"": ""USA"", ""universe"": ""TOP3000"", ""delay"": 1, ""decay"": 4, ""neutralization"": ""MARKET"", ""truncation"": 0.06, ""pasteurization"": ""ON"", ""unitHandling"": ""VERIFY"", ""nanHandling"": ""ON"", ""language"": ""FASTEXPR"", ""visualization"": false}",0,c0f367ebd62da68941e497354d27d9a4e00bc74aca0c082badaf0e7d1f91ee15,"group_neutralize(ts_delta(governance_pillar_composite_score,#),sector)","group_neutralize(ts_delta(FIELD,#),sector)",2026-08-02T09:17:27.766734+00:00
arch_analyst_delta:primary,arch_analyst_delta,proven,5.75,"group_neutralize(rank(ts_delta(management_ethics_standards_score,63)),sector)","{""instrumentType"": ""EQUITY"", ""region"": ""USA"", ""universe"": ""TOP3000"", ""delay"": 1, ""decay"": 4, ""neutralization"": ""MARKET"", ""truncation"": 0.06, ""pasteurization"": ""ON"", ""unitHandling"": ""VERIFY"", ""nanHandling"": ""ON"", ""language"": ""FASTEXPR"", ""visualization"": false}",0,ba46c2428c359d94819bb3cee97290c260f224f1441a96671327eaea783b7c23,"group_neutralize(ts_delta(management_ethics_standards_score,#),sector)","group_neutralize(ts_delta(FIELD,#),sector)",2026-08-02T09:17:27.766734+00:00
arch_analyst_delta:primary,arch_analyst_delta,proven,5.75,"group_neutralize(rank(ts_delta(workplace_diversity_labor_rights_score,63)),market)","{""instrumentType"": ""EQUITY"", ""region"": ""USA"", ""universe"": ""TOP3000"", ""delay"": 1, ""decay"": 4, ""neutralization"": ""MARKET"", ""truncation"": 0.06, ""pasteurization"": ""ON"", ""unitHandling"": ""VERIFY"", ""nanHandling"": ""ON"", ""language"": ""FASTEXPR"", ""visualization"": false}",0,811be40519c8ac0dbea6e28e7a8e232cf8c50a71cac5dac81f439b25d8fbe842,"group_neutralize(ts_delta(workplace_diversity_labor_rights_score,#),market)","group_neutralize(ts_delta(FIELD,#),market)",2026-08-02T09:17:27.766734+00:00
arch_analyst_delta:primary,arch_analyst_delta,proven,5.75,"group_neutralize(rank(ts_delta(group_longterm_growth_marketcap_percent,63)),market)","{""instrumentType"": ""EQUITY"", ""region"": ""USA"", ""universe"": ""TOP3000"", ""delay"": 1, ""decay"": 4, ""neutralization"": ""MARKET"", ""truncation"": 0.06, ""pasteurization"": ""ON"", ""unitHandling"": ""VERIFY"", ""nanHandling"": ""ON"", ""language"": ""FASTEXPR"", ""visualization"": false}",0,d7ecc8b3919a022063fcf647c07a30d6ed189ad8f65d1fe352ecbe40efb2517c,"group_neutralize(ts_delta(group_longterm_growth_marketcap_percent,#),market)","group_neutralize(ts_delta(FIELD,#),market)",2026-08-02T09:17:27.766734+00:00
arch_analyst_delta:primary,arch_analyst_delta,proven,5.75,"group_neutralize(rank(ts_delta(sector_longterm_growth_marketcap_percent,63)),industry)","{""instrumentType"": ""EQUITY"", ""region"": ""USA"", ""universe"": ""TOP3000"", ""delay"": 1, ""decay"": 4, ""neutralization"": ""MARKET"", ""truncation"": 0.06, ""pasteurization"": ""ON"", ""unitHandling"": ""VERIFY"", ""nanHandling"": ""ON"", ""language"": ""FASTEXPR"", ""visualization"": false}",0,a3ab91eeac66b54fdd9bd82b21028d3b5a6334796cfb3d3e2be80f762b656073,"group_neutralize(ts_delta(sector_longterm_growth_marketcap_percent,#),industry)","group_neutralize(ts_delta(FIELD,#),industry)",2026-08-02T09:17:27.766734+00:00
arch_pv_slow:primary,arch_pv_slow,proven,5.700000000000001,"group_neutralize(ts_rank(ts_mean(close,21)/close,63)-0.5,sector)","{""instrumentType"": ""EQUITY"", ""region"": ""USA"", ""universe"": ""TOP3000"", ""delay"": 1, ""decay"": 6, ""neutralization"": ""MARKET"", ""truncation"": 0.06, ""pasteurization"": ""ON"", ""unitHandling"": ""VERIFY"", ""nanHandling"": ""ON"", ""language"": ""FASTEXPR"", ""visualization"": false}",0,d21a12ebc1ba01e853bde512b56306b36267f9b93060c91e509843cd18c80a97,"group_neutralize(sub(ts_rank(div(ts_mean(close,#),close),#),#),sector)","group_neutralize(sub(ts_rank(div(ts_mean(FIELD,#),FIELD),#),#),sector)",2026-08-02T09:17:27.766734+00:00
arch_pv_slow:primary,arch_pv_slow,proven,5.65,"group_neutralize(ts_decay_linear(zscore(vwap/close),63),market)","{""instrumentType"": ""EQUITY"", ""region"": ""USA"", ""universe"": ""TOP3000"", ""delay"": 1, ""decay"": 6, ""neutralization"": ""MARKET"", ""truncation"": 0.06, ""pasteurization"": ""ON"", ""unitHandling"": ""VERIFY"", ""nanHandling"": ""ON"", ""language"": ""FASTEXPR"", ""visualization"": false}",0,712e1e60f0cfcdeab30f211ace897a97592917c7196076a2f87ffc8759290183,"group_neutralize(ts_decay_linear(div(vwap,close),#),market)","group_neutralize(ts_decay_linear(div(FIELD,FIELD),#),market)",2026-08-02T09:17:27.766734+00:00
arch_ts_rank:primary,arch_ts_rank,proven,5.65,"group_neutralize(ts_rank(anl10_roeff_2323/cap,126)-0.5,industry)","{""instrumentType"": ""EQUITY"", ""region"": ""USA"", ""universe"": ""TOP3000"", ""delay"": 1, ""decay"": 6, ""neutralization"": ""MARKET"", ""truncation"": 0.05, ""pasteurization"": ""ON"", ""unitHandling"": ""VERIFY"", ""nanHandling"": ""ON"", ""language"": ""FASTEXPR"", ""visualization"": false}",0,f1e4750ea4cf8f04d6ec478c2db74cac5c1b7b2631d4300150d091419e96162c,"group_neutralize(sub(ts_rank(div(anl10_roeff_2323,cap),#),#),industry)","group_neutralize(sub(ts_rank(div(FIELD,FIELD),#),#),industry)",2026-08-02T09:17:27.766734+00:00
arch_ts_rank:primary,arch_ts_rank,proven,5.65,"group_neutralize(ts_rank(anl10_smartest_roe_ff/cap,126)-0.5,market)","{""instrumentType"": ""EQUITY"", ""region"": ""USA"", ""universe"": ""TOP3000"", ""delay"": 1, ""decay"": 6, ""neutralization"": ""MARKET"", ""truncation"": 0.05, ""pasteurization"": ""ON"", ""unitHandling"": ""VERIFY"", ""nanHandling"": ""ON"", ""language"": ""FASTEXPR"", ""visualization"": false}",0,9a4b1dee6fa8dd651b4c9eb69c07ff82e2f708a22f84625439556f1e8cb50443,"group_neutralize(sub(ts_rank(div(anl10_smartest_roe_ff,cap),#),#),market)","group_neutralize(sub(ts_rank(div(FIELD,FIELD),#),#),market)",2026-08-02T09:17:27.766734+00:00
arch_ts_rank:primary,arch_ts_rank,proven,5.65,"group_neutralize(ts_rank(anl10_smartest_roa_ff/cap,126)-0.5,sector)","{""instrumentType"": ""EQUITY"", ""region"": ""USA"", ""universe"": ""TOP3000"", ""delay"": 1, ""decay"": 6, ""neutralization"": ""MARKET"", ""truncation"": 0.05, ""pasteurization"": ""ON"", ""unitHandling"": ""VERIFY"", ""nanHandling"": ""ON"", ""language"": ""FASTEXPR"", ""visualization"": false}",0,f099a49d055bf7889a1fe59917b2659bd652629c53f24669986224231afb277b,"group_neutralize(sub(ts_rank(div(anl10_smartest_roa_ff,cap),#),#),sector)","group_neutralize(sub(ts_rank(div(FIELD,FIELD),#),#),sector)",2026-08-02T09:17:27.766734+00:00
arch_pv_slow:primary,arch_pv_slow,proven,5.6000000000000005,"group_neutralize(ts_rank(vwap/close,252)-0.5,sector)","{""instrumentType"": ""EQUITY"", ""region"": ""USA"", ""universe"": ""TOP3000"", ""delay"": 1, ""decay"": 6, ""neutralization"": ""MARKET"", ""truncation"": 0.06, ""pasteurization"": ""ON"", ""unitHandling"": ""VERIFY"", ""nanHandling"": ""ON"", ""language"": ""FASTEXPR"", ""visualization"": false}",0,891258f0cdd0a1cd12ab5b540c0017c4dcea97addc5362a452f6ebec791b212c,"group_neutralize(sub(ts_rank(div(vwap,close),#),#),sector)","group_neutralize(sub(ts_rank(div(FIELD,FIELD),#),#),sector)",2026-08-02T09:17:27.766734+00:00
arch_pv_slow:primary,arch_pv_slow,proven,5.6000000000000005,"group_neutralize(ts_rank(ts_mean(close,21)/close,63)-0.5,industry)","{""instrumentType"": ""EQUITY"", ""region"": ""USA"", ""universe"": ""TOP3000"", ""delay"": 1, ""decay"": 6, ""neutralization"": ""MARKET"", ""truncation"": 0.06, ""pasteurization"": ""ON"", ""unitHandling"": ""VERIFY"", ""nanHandling"": ""ON"", ""language"": ""FASTEXPR"", ""visualization"": false}",0,2fae46a1ec23e3ee13da5dc4efb042370938d1ee549a00cb7b16b13582aaa2e3,"group_neutralize(sub(ts_rank(div(ts_mean(close,#),close),#),#),industry)","group_neutralize(sub(ts_rank(div(ts_mean(FIELD,#),FIELD),#),#),industry)",2026-08-02T09:17:27.766734+00:00
arch_ts_rank:primary,arch_ts_rank,proven,5.550000000000001,"group_neutralize(ts_rank(anl10_roeff_2323/cap,63)-0.5,sector)","{""instrumentType"": ""EQUITY"", ""region"": ""USA"", ""universe"": ""TOP3000"", ""delay"": 1, ""decay"": 6, ""neutralization"": ""MARKET"", ""truncation"": 0.05, ""pasteurization"": ""ON"", ""unitHandling"": ""VERIFY"", ""nanHandling"": ""ON"", ""language"": ""FASTEXPR"", ""visualization"": false}",0,29d4bf83831f2cfa0801eda72165478be675d99ff32be37a50b614c558a32554,"group_neutralize(sub(ts_rank(div(anl10_roeff_2323,cap),#),#),sector)","group_neutralize(sub(ts_rank(div(FIELD,FIELD),#),#),sector)",2026-08-02T09:17:27.766734+00:00
arch_pv_slow:primary,arch_pv_slow,proven,5.550000000000001,"group_neutralize(ts_decay_linear(zscore(vwap/close),63),sector)","{""instrumentType"": ""EQUITY"", ""region"": ""USA"", ""universe"": ""TOP3000"", ""delay"": 1, ""decay"": 6, ""neutralization"": ""MARKET"", ""truncation"": 0.06, ""pasteurization"": ""ON"", ""unitHandling"": ""VERIFY"", ""nanHandling"": ""ON"", ""language"": ""FASTEXPR"", ""visualization"": false}",0,fcb9db5fd09f361ea3e255a5480b8e5c89abf37d8c77d9e3bc09c9ba08d224f4,"group_neutralize(ts_decay_linear(div(vwap,close),#),sector)","group_neutralize(ts_decay_linear(div(FIELD,FIELD),#),sector)",2026-08-02T09:17:27.766734+00:00
arch_ts_rank:primary,arch_ts_rank,proven,5.550000000000001,"group_neutralize(ts_rank(anl10_smartest_roe_ff/cap,63)-0.5,sector)","{""instrumentType"": ""EQUITY"", ""region"": ""USA"", ""universe"": ""TOP3000"", ""delay"": 1, ""decay"": 6, ""neutralization"": ""MARKET"", ""truncation"": 0.05, ""pasteurization"": ""ON"", ""unitHandling"": ""VERIFY"", ""nanHandling"": ""ON"", ""language"": ""FASTEXPR"", ""visualization"": false}",0,1bd383f00870c63a958488d549f6b2da6bcef76e841a8b21c99dab28cd0334ce,"group_neutralize(sub(ts_rank(div(anl10_smartest_roe_ff,cap),#),#),sector)","group_neutralize(sub(ts_rank(div(FIELD,FIELD),#),#),sector)",2026-08-02T09:17:27.766734+00:00
arch_pv_slow:primary,arch_pv_slow,proven,5.5,"group_neutralize(ts_rank(vwap/close,252)-0.5,industry)","{""instrumentType"": ""EQUITY"", ""region"": ""USA"", ""universe"": ""TOP3000"", ""delay"": 1, ""decay"": 6, ""neutralization"": ""MARKET"", ""truncation"": 0.06, ""pasteurization"": ""ON"", ""unitHandling"": ""VERIFY"", ""nanHandling"": ""ON"", ""language"": ""FASTEXPR"", ""visualization"": false}",0,a8a00e83a2f6e81d35dfed5db9003e7020efc8a7f7cb382a9502ef63363c95a8,"group_neutralize(sub(ts_rank(div(vwap,close),#),#),industry)","group_neutralize(sub(ts_rank(div(FIELD,FIELD),#),#),industry)",2026-08-02T09:17:27.766734+00:00
arch_pv_slow:primary,arch_pv_slow,proven,5.450000000000001,"group_neutralize(ts_decay_linear(zscore(vwap/close),63),industry)","{""instrumentType"": ""EQUITY"", ""region"": ""USA"", ""universe"": ""TOP3000"", ""delay"": 1, ""decay"": 6, ""neutralization"": ""MARKET"", ""truncation"": 0.06, ""pasteurization"": ""ON"", ""unitHandling"": ""VERIFY"", ""nanHandling"": ""ON"", ""language"": ""FASTEXPR"", ""visualization"": false}",0,a53d8d1366cc3c37863bb82467ae1dcdccbb8e4193a9ec8c475e3614da57fda6,"group_neutralize(ts_decay_linear(div(vwap,close),#),industry)","group_neutralize(ts_decay_linear(div(FIELD,FIELD),#),industry)",2026-08-02T09:17:27.766734+00:00
arch_pv_slow:primary,arch_pv_slow,proven,5.45,"group_neutralize(ts_rank(vwap/close,126)-0.5,market)","{""instrumentType"": ""EQUITY"", ""region"": ""USA"", ""universe"": ""TOP3000"", ""delay"": 1, ""decay"": 6, ""neutralization"": ""MARKET"", ""truncation"": 0.06, ""pasteurization"": ""ON"", ""unitHandling"": ""VERIFY"", ""nanHandling"": ""ON"", ""language"": ""FASTEXPR"", ""visualization"": false}",0,dd838d98f26a9c79e750adef98b10fdf526320c5ec19ba7957af0e0c475ea240,"group_neutralize(sub(ts_rank(div(vwap,close),#),#),market)","group_neutralize(sub(ts_rank(div(FIELD,FIELD),#),#),market)",2026-08-02T09:17:27.766734+00:00
arch_ts_rank:primary,arch_ts_rank,proven,5.4,"group_neutralize(ts_rank(anl10_roeff_2323/cap,63)-0.5,industry)","{""instrumentType"": ""EQUITY"", ""region"": ""USA"", ""universe"": ""TOP3000"", ""delay"": 1, ""decay"": 6, ""neutralization"": ""MARKET"", ""truncation"": 0.05, ""pasteurization"": ""ON"", ""unitHandling"": ""VERIFY"", ""nanHandling"": ""ON"", ""language"": ""FASTEXPR"", ""visualization"": false}",0,786f61539c152c7f74c2e0243a85e2fa88f78b4a736d1c6c21a14269d9c3386e,"group_neutralize(sub(ts_rank(div(anl10_roeff_2323,cap),#),#),industry)","group_neutralize(sub(ts_rank(div(FIELD,FIELD),#),#),industry)",2026-08-02T09:17:27.766734+00:00
arch_ts_rank:primary,arch_ts_rank,proven,5.4,"group_neutralize(ts_rank(anl10_smartest_roe_ff/cap,63)-0.5,market)","{""instrumentType"": ""EQUITY"", ""region"": ""USA"", ""universe"": ""TOP3000"", ""delay"": 1, ""decay"": 6, ""neutralization"": ""MARKET"", ""truncation"": 0.05, ""pasteurization"": ""ON"", ""unitHandling"": ""VERIFY"", ""nanHandling"": ""ON"", ""language"": ""FASTEXPR"", ""visualization"": false}",0,10593237b967910b207d5b13423f1eae777cea54707abffb5cb84f77e807b9bf,"group_neutralize(sub(ts_rank(div(anl10_smartest_roe_ff,cap),#),#),market)","group_neutralize(sub(ts_rank(div(FIELD,FIELD),#),#),market)",2026-08-02T09:17:27.766734+00:00
arch_ts_rank:primary,arch_ts_rank,proven,5.4,"group_neutralize(ts_rank(anl10_smartest_roa_ff/cap,63)-0.5,sector)","{""instrumentType"": ""EQUITY"", ""region"": ""USA"", ""universe"": ""TOP3000"", ""delay"": 1, ""decay"": 6, ""neutralization"": ""MARKET"", ""truncation"": 0.05, ""pasteurization"": ""ON"", ""unitHandling"": ""VERIFY"", ""nanHandling"": ""ON"", ""language"": ""FASTEXPR"", ""visualization"": false}",0,5e7ddb6d0bb649f2ad04a7dac7b6c9c047dba89128324c1f37f0bc17c737db61,"group_neutralize(sub(ts_rank(div(anl10_smartest_roa_ff,cap),#),#),sector)","group_neutralize(sub(ts_rank(div(FIELD,FIELD),#),#),sector)",2026-08-02T09:17:27.766734+00:00
arch_pv_slow:primary,arch_pv_slow,proven,5.3500000000000005,"group_neutralize(ts_rank(vwap/close,126)-0.5,sector)","{""instrumentType"": ""EQUITY"", ""region"": ""USA"", ""universe"": ""TOP3000"", ""delay"": 1, ""decay"": 6, ""neutralization"": ""MARKET"", ""truncation"": 0.06, ""pasteurization"": ""ON"", ""unitHandling"": ""VERIFY"", ""nanHandling"": ""ON"", ""language"": ""FASTEXPR"", ""visualization"": false}",0,edbb7a1d436fbf9fd3eb7b14ff43b3500af3baf49aac7c91b95701325da879e8,"group_neutralize(sub(ts_rank(div(vwap,close),#),#),sector)","group_neutralize(sub(ts_rank(div(FIELD,FIELD),#),#),sector)",2026-08-02T09:17:27.766734+00:00
arch_analyst_ts:primary,arch_analyst_ts,proven,5.35,"group_neutralize(ts_rank(workforce_pillar_composite_score,126)-0.5,sector)","{""instrumentType"": ""EQUITY"", ""region"": ""USA"", ""universe"": ""TOP3000"", ""delay"": 1, ""decay"": 4, ""neutralization"": ""MARKET"", ""truncation"": 0.06, ""pasteurization"": ""ON"", ""unitHandling"": ""VERIFY"", ""nanHandling"": ""ON"", ""language"": ""FASTEXPR"", ""visualization"": false}",0,ef84359c96b952a7644f4c8ea9bd54fb68f70497741f122cbc721daac1b294af,"group_neutralize(sub(ts_rank(workforce_pillar_composite_score,#),#),sector)","group_neutralize(sub(ts_rank(FIELD,#),#),sector)",2026-08-02T09:17:27.766734+00:00
arch_analyst_ts:primary,arch_analyst_ts,proven,5.35,"group_neutralize(ts_rank(industry_fy2_marketcap_percent,126)-0.5,industry)","{""instrumentType"": ""EQUITY"", ""region"": ""USA"", ""universe"": ""TOP3000"", ""delay"": 1, ""decay"": 4, ""neutralization"": ""MARKET"", ""truncation"": 0.06, ""pasteurization"": ""ON"", ""unitHandling"": ""VERIFY"", ""nanHandling"": ""ON"", ""language"": ""FASTEXPR"", ""visualization"": false}",0,7d805b510985e2bb0e5feefde9f3b873efeff9c5a2b5a851ef612be71463fdde,"group_neutralize(sub(ts_rank(industry_fy2_marketcap_percent,#),#),industry)","group_neutralize(sub(ts_rank(FIELD,#),#),industry)",2026-08-02T09:17:27.766734+00:00
arch_analyst_ts:primary,arch_analyst_ts,proven,5.35,"group_neutralize(ts_rank(industry_18mo_marketcap_percent,126)-0.5,industry)","{""instrumentType"": ""EQUITY"", ""region"": ""USA"", ""universe"": ""TOP3000"", ""delay"": 1, ""decay"": 4, ""neutralization"": ""MARKET"", ""truncation"": 0.06, ""pasteurization"": ""ON"", ""unitHandling"": ""VERIFY"", ""nanHandling"": ""ON"", ""language"": ""FASTEXPR"", ""visualization"": false}",0,a86fed42e054423fed16c729986fef2c2dc92b9682341c29d842156c8f18681f,"group_neutralize(sub(ts_rank(industry_18mo_marketcap_percent,#),#),industry)","group_neutralize(sub(ts_rank(FIELD,#),#),industry)",2026-08-02T09:17:27.766734+00:00
arch_analyst_ts:primary,arch_analyst_ts,proven,5.35,"group_neutralize(ts_rank(governance_pillar_composite_score,126)-0.5,sector)","{""instrumentType"": ""EQUITY"", ""region"": ""USA"", ""universe"": ""TOP3000"", ""delay"": 1, ""decay"": 4, ""neutralization"": ""MARKET"", ""truncation"": 0.06, ""pasteurization"": ""ON"", ""unitHandling"": ""VERIFY"", ""nanHandling"": ""ON"", ""language"": ""FASTEXPR"", ""visualization"": false}",0,8e3216d7a81ac194d4dc43902acb6411f761172f1f74e4f3bd00235a6038f2bb,"group_neutralize(sub(ts_rank(governance_pillar_composite_score,#),#),sector)","group_neutralize(sub(ts_rank(FIELD,#),#),sector)",2026-08-02T09:17:27.766734+00:00
arch_analyst_ts:primary,arch_analyst_ts,proven,5.35,"group_neutralize(ts_rank(management_ethics_standards_score,126)-0.5,sector)","{""instrumentType"": ""EQUITY"", ""region"": ""USA"", ""universe"": ""TOP3000"", ""delay"": 1, ""decay"": 4, ""neutralization"": ""MARKET"", ""truncation"": 0.06, ""pasteurization"": ""ON"", ""unitHandling"": ""VERIFY"", ""nanHandling"": ""ON"", ""language"": ""FASTEXPR"", ""visualization"": false}",0,088e53f61f12111c41f9c403a7fe7e9e2568486039b7d37c8d60cde9ef88c641,"group_neutralize(sub(ts_rank(management_ethics_standards_score,#),#),sector)","group_neutralize(sub(ts_rank(FIELD,#),#),sector)",2026-08-02T09:17:27.766734+00:00
arch_analyst_ts:primary,arch_analyst_ts,proven,5.35,"group_neutralize(ts_rank(workplace_diversity_labor_rights_score,126)-0.5,market)","{""instrumentType"": ""EQUITY"", ""region"": ""USA"", ""universe"": ""TOP3000"", ""delay"": 1, ""decay"": 4, ""neutralization"": ""MARKET"", ""truncation"": 0.06, ""pasteurization"": ""ON"", ""unitHandling"": ""VERIFY"", ""nanHandling"": ""ON"", ""language"": ""FASTEXPR"", ""visualization"": false}",0,3e562ad26ce0ff89ca96113b5b546376233de1662c5681a3e9389294e0f9dda4,"group_neutralize(sub(ts_rank(workplace_diversity_labor_rights_score,#),#),market)","group_neutralize(sub(ts_rank(FIELD,#),#),market)",2026-08-02T09:17:27.766734+00:00
arch_analyst_ts:primary,arch_analyst_ts,proven,5.35,"group_neutralize(ts_rank(group_longterm_growth_marketcap_percent,126)-0.5,market)","{""instrumentType"": ""EQUITY"", ""region"": ""USA"", ""universe"": ""TOP3000"", ""delay"": 1, ""decay"": 4, ""neutralization"": ""MARKET"", ""truncation"": 0.06, ""pasteurization"": ""ON"", ""unitHandling"": ""VERIFY"", ""nanHandling"": ""ON"", ""language"": ""FASTEXPR"", ""visualization"": false}",0,168ac06cf04ad56e1eab77633f325917bceab9c31256b5eda088e1e6cd48b272,"group_neutralize(sub(ts_rank(group_longterm_growth_marketcap_percent,#),#),market)","group_neutralize(sub(ts_rank(FIELD,#),#),market)",2026-08-02T09:17:27.766734+00:00
arch_analyst_ts:primary,arch_analyst_ts,proven,5.35,"group_neutralize(ts_rank(sector_longterm_growth_marketcap_percent,126)-0.5,industry)","{""instrumentType"": ""EQUITY"", ""region"": ""USA"", ""universe"": ""TOP3000"", ""delay"": 1, ""decay"": 4, ""neutralization"": ""MARKET"", ""truncation"": 0.06, ""pasteurization"": ""ON"", ""unitHandling"": ""VERIFY"", ""nanHandling"": ""ON"", ""language"": ""FASTEXPR"", ""visualization"": false}",0,80a9f7b5a3c323385f83a21ce52b19c197a7c8e4929e3f65a3382c35effbce66,"group_neutralize(sub(ts_rank(sector_longterm_growth_marketcap_percent,#),#),industry)","group_neutralize(sub(ts_rank(FIELD,#),#),industry)",2026-08-02T09:17:27.766734+00:00
arch_pv_slow:primary,arch_pv_slow,proven,5.25,"group_neutralize(ts_rank(vwap/close,126)-0.5,industry)","{""instrumentType"": ""EQUITY"", ""region"": ""USA"", ""universe"": ""TOP3000"", ""delay"": 1, ""decay"": 6, ""neutralization"": ""MARKET"", ""truncation"": 0.06, ""pasteurization"": ""ON"", ""unitHandling"": ""VERIFY"", ""nanHandling"": ""ON"", ""language"": ""FASTEXPR"", ""visualization"": false}",0,281f38536f8521503a99de5cb1ce4e5272f382652dedd361b5df5f3156f53b80,"group_neutralize(sub(ts_rank(div(vwap,close),#),#),industry)","group_neutralize(sub(ts_rank(div(FIELD,FIELD),#),#),industry)",2026-08-02T09:17:27.766734+00:00
arch_pv_slow:primary,arch_pv_slow,proven,5.2,"group_neutralize(ts_rank(vwap/close,63)-0.5,market)","{""instrumentType"": ""EQUITY"", ""region"": ""USA"", ""universe"": ""TOP3000"", ""delay"": 1, ""decay"": 6, ""neutralization"": ""MARKET"", ""truncation"": 0.06, ""pasteurization"": ""ON"", ""unitHandling"": ""VERIFY"", ""nanHandling"": ""ON"", ""language"": ""FASTEXPR"", ""visualization"": false}",0,f37e6e8689a061763ad938cd99757f5c68197d3106c6bcb928788af3ad5d85b9,"group_neutralize(sub(ts_rank(div(vwap,close),#),#),market)","group_neutralize(sub(ts_rank(div(FIELD,FIELD),#),#),market)",2026-08-02T09:17:27.766734+00:00
arch_pv_slow:primary,arch_pv_slow,proven,5.1000000000000005,"group_neutralize(ts_rank(vwap/close,63)-0.5,sector)","{""instrumentType"": ""EQUITY"", ""region"": ""USA"", ""universe"": ""TOP3000"", ""delay"": 1, ""decay"": 6, ""neutralization"": ""MARKET"", ""truncation"": 0.06, ""pasteurization"": ""ON"", ""unitHandling"": ""VERIFY"", ""nanHandling"": ""ON"", ""language"": ""FASTEXPR"", ""visualization"": false}",0,44e41839a4ecec575629086542910e6971bfb2105b14838f71d33d1a5659c6a3,"group_neutralize(sub(ts_rank(div(vwap,close),#),#),sector)","group_neutralize(sub(ts_rank(div(FIELD,FIELD),#),#),sector)",2026-08-02T09:17:27.766734+00:00
arch_vwap_dev:primary,arch_vwap_dev,proven,5.050000000000001,"group_neutralize(ts_rank((vwap-close)/close,126)-0.5,market)","{""instrumentType"": ""EQUITY"", ""region"": ""USA"", ""universe"": ""TOP3000"", ""delay"": 1, ""decay"": 6, ""neutralization"": ""MARKET"", ""truncation"": 0.06, ""pasteurization"": ""ON"", ""unitHandling"": ""VERIFY"", ""nanHandling"": ""ON"", ""language"": ""FASTEXPR"", ""visualization"": false}",0,a76055be75fc57a7ab19b97acff1df989461d93d423bedad827381028c57cf60,"group_neutralize(sub(ts_rank(div(sub(vwap,close),close),#),#),market)","group_neutralize(sub(ts_rank(div(sub(FIELD,FIELD),FIELD),#),#),market)",2026-08-02T09:17:27.766734+00:00
arch_vwap_dev:primary,arch_vwap_dev,proven,5.050000000000001,"group_neutralize(ts_rank((vwap-close)/close,126)-0.5,sector)","{""instrumentType"": ""EQUITY"", ""region"": ""USA"", ""universe"": ""TOP3000"", ""delay"": 1, ""decay"": 6, ""neutralization"": ""MARKET"", ""truncation"": 0.06, ""pasteurization"": ""ON"", ""unitHandling"": ""VERIFY"", ""nanHandling"": ""ON"", ""language"": ""FASTEXPR"", ""visualization"": false}",0,7d73d557274caf917de1181a2a62e2e2f20a498b6bbaa701d59eff6ac52a00de,"group_neutralize(sub(ts_rank(div(sub(vwap,close),close),#),#),sector)","group_neutralize(sub(ts_rank(div(sub(FIELD,FIELD),FIELD),#),#),sector)",2026-08-02T09:17:27.766734+00:00
arch_pv_slow:primary,arch_pv_slow,proven,5.0,"group_neutralize(ts_rank(vwap/close,63)-0.5,industry)","{""instrumentType"": ""EQUITY"", ""region"": ""USA"", ""universe"": ""TOP3000"", ""delay"": 1, ""decay"": 6, ""neutralization"": ""MARKET"", ""truncation"": 0.06, ""pasteurization"": ""ON"", ""unitHandling"": ""VERIFY"", ""nanHandling"": ""ON"", ""language"": ""FASTEXPR"", ""visualization"": false}",0,702040d12a0cc8ce64c5b3112605dd29d6cd960caf579d09e4ee6edc6f4bae22,"group_neutralize(sub(ts_rank(div(vwap,close),#),#),industry)","group_neutralize(sub(ts_rank(div(FIELD,FIELD),#),#),industry)",2026-08-02T09:17:27.766734+00:00
arch_vwap_dev:primary,arch_vwap_dev,proven,4.9,"group_neutralize(ts_rank((vwap-close)/close,63)-0.5,market)","{""instrumentType"": ""EQUITY"", ""region"": ""USA"", ""universe"": ""TOP3000"", ""delay"": 1, ""decay"": 6, ""neutralization"": ""MARKET"", ""truncation"": 0.06, ""pasteurization"": ""ON"", ""unitHandling"": ""VERIFY"", ""nanHandling"": ""ON"", ""language"": ""FASTEXPR"", ""visualization"": false}",0,01ab475af26c9c7794dd2de49c4c8013fe16c90e453a67d3b41fa49e5d9db031,"group_neutralize(sub(ts_rank(div(sub(vwap,close),close),#),#),market)","group_neutralize(sub(ts_rank(div(sub(FIELD,FIELD),FIELD),#),#),market)",2026-08-02T09:17:27.766734+00:00
arch_vwap_dev:primary,arch_vwap_dev,proven,4.9,"group_neutralize(ts_rank((vwap-close)/close,63)-0.5,sector)","{""instrumentType"": ""EQUITY"", ""region"": ""USA"", ""universe"": ""TOP3000"", ""delay"": 1, ""decay"": 6, ""neutralization"": ""MARKET"", ""truncation"": 0.06, ""pasteurization"": ""ON"", ""unitHandling"": ""VERIFY"", ""nanHandling"": ""ON"", ""language"": ""FASTEXPR"", ""visualization"": false}",0,20bd7ea022de2aaf235a6a3be46b784549faa344cd0732df59fcdec5357c544e,"group_neutralize(sub(ts_rank(div(sub(vwap,close),close),#),#),sector)","group_neutralize(sub(ts_rank(div(sub(FIELD,FIELD),FIELD),#),#),sector)",2026-08-02T09:17:27.766734+00:00
arch_vwap_dev:primary,arch_vwap_dev,proven,4.85,"group_neutralize(ts_rank((vwap-close)/close,126)-0.5,industry)","{""instrumentType"": ""EQUITY"", ""region"": ""USA"", ""universe"": ""TOP3000"", ""delay"": 1, ""decay"": 6, ""neutralization"": ""MARKET"", ""truncation"": 0.06, ""pasteurization"": ""ON"", ""unitHandling"": ""VERIFY"", ""nanHandling"": ""ON"", ""language"": ""FASTEXPR"", ""visualization"": false}",0,fcff35d7913f10f525a401a4ed788d7aa9ff39ebca2efde694d1c746020db70b,"group_neutralize(sub(ts_rank(div(sub(vwap,close),close),#),#),industry)","group_neutralize(sub(ts_rank(div(sub(FIELD,FIELD),FIELD),#),#),industry)",2026-08-02T09:17:27.766734+00:00
arch_vwap_dev:primary,arch_vwap_dev,proven,4.7,"group_neutralize(ts_rank((vwap-close)/close,63)-0.5,industry)","{""instrumentType"": ""EQUITY"", ""region"": ""USA"", ""universe"": ""TOP3000"", ""delay"": 1, ""decay"": 6, ""neutralization"": ""MARKET"", ""truncation"": 0.06, ""pasteurization"": ""ON"", ""unitHandling"": ""VERIFY"", ""nanHandling"": ""ON"", ""language"": ""FASTEXPR"", ""visualization"": false}",0,f0a3189a57cfb5f91982cfb42c0bc156df8143911e262b7767bee49e6522c17c,"group_neutralize(sub(ts_rank(div(sub(vwap,close),close),#),#),industry)","group_neutralize(sub(ts_rank(div(sub(FIELD,FIELD),FIELD),#),#),industry)",2026-08-02T09:17:27.766734+00:00
