候选ID,策略家族,来源,分数,表达式,模拟设置JSON,变体序号,精确哈希,参数骨架,字段骨架,生成时间
near_pass_variant:primary,near_pass_variant,near_pass,3.75,"(group_rank(ts_delta(anl4_ebitda_value, 126)/cap,industry)-0.5)*0.7+(ts_rank(vwap/close, 252)-0.5)*0.3","{""instrumentType"": ""EQUITY"", ""region"": ""USA"", ""universe"": ""TOP3000"", ""delay"": 1, ""decay"": 4, ""neutralization"": ""MARKET"", ""truncation"": 0.05, ""pasteurization"": ""ON"", ""unitHandling"": ""VERIFY"", ""nanHandling"": ""ON"", ""language"": ""FASTEXPR"", ""visualization"": false}",0,4d1c2ba4d9ecf31c0f17138d4d5086868b62fbea31eff60a45050a81cc1dd94c,"add(mul(#,sub(group_rank(div(ts_delta(anl4_ebitda_value,#),cap),industry),#)),mul(#,sub(ts_rank(div(vwap,close),#),#)))","add(mul(#,sub(group_rank(div(ts_delta(FIELD,#),FIELD),industry),#)),mul(#,sub(ts_rank(div(FIELD,FIELD),#),#)))",2026-08-02T11:01:56.204483+00:00
near_pass_variant:primary,near_pass_variant,near_pass,3.7399999999999998,"trade_when(rank(ts_mean(volume,63)/adv20),((group_rank(ts_delta(anl4_ebitda_value, 126)/cap,industry)-0.5)*0.7+(ts_rank(vwap/close,126)-0.5)*0.3),-1)","{""instrumentType"": ""EQUITY"", ""region"": ""USA"", ""universe"": ""TOP3000"", ""delay"": 1, ""decay"": 4, ""neutralization"": ""MARKET"", ""truncation"": 0.05, ""pasteurization"": ""ON"", ""unitHandling"": ""VERIFY"", ""nanHandling"": ""ON"", ""language"": ""FASTEXPR"", ""visualization"": false}",0,578e51cd0b072663024124d5b4bb62f3c93a8594ac4987d16c33c28e0c4636dc,"trade_when(div(ts_mean(volume,#),adv20),add(mul(#,sub(group_rank(div(ts_delta(anl4_ebitda_value,#),cap),industry),#)),mul(#,sub(ts_rank(div(vwap,close),#),#))),neg(#))","trade_when(div(ts_mean(FIELD,#),FIELD),add(mul(#,sub(group_rank(div(ts_delta(FIELD,#),FIELD),industry),#)),mul(#,sub(ts_rank(div(FIELD,FIELD),#),#))),neg(#))",2026-08-02T11:01:56.204483+00:00
near_pass_variant:primary,near_pass_variant,near_pass,3.77,"((group_rank(ts_delta(assets, 252)/cap,sector)-0.5)*0.7+(ts_rank(vwap/close, 126)-0.5)*0.3)*rank(ts_mean(volume, 126)/adv20)","{""instrumentType"": ""EQUITY"", ""region"": ""USA"", ""universe"": ""TOP3000"", ""delay"": 1, ""decay"": 4, ""neutralization"": ""MARKET"", ""truncation"": 0.05, ""pasteurization"": ""ON"", ""unitHandling"": ""VERIFY"", ""nanHandling"": ""ON"", ""language"": ""FASTEXPR"", ""visualization"": false}",0,a1fcaab498235d3611c5404474ddf8e618934575694d73579be4634a757135f1,"mul(add(mul(#,sub(group_rank(div(ts_delta(assets,#),cap),sector),#)),mul(#,sub(ts_rank(div(vwap,close),#),#))),div(ts_mean(volume,#),adv20))","mul(add(mul(#,sub(group_rank(div(ts_delta(FIELD,#),FIELD),sector),#)),mul(#,sub(ts_rank(div(FIELD,FIELD),#),#))),div(ts_mean(FIELD,#),FIELD))",2026-08-02T11:01:56.204483+00:00
near_pass_variant:primary,near_pass_variant,near_pass,3.69,"((group_rank(ts_delta(anl4_ebitda_value, 126)/cap,industry)-0.5)*0.7+(ts_rank(vwap/close,126)-0.5)*0.3)*rank(ts_mean(volume, 63)/adv20)","{""instrumentType"": ""EQUITY"", ""region"": ""USA"", ""universe"": ""TOP3000"", ""delay"": 1, ""decay"": 4, ""neutralization"": ""MARKET"", ""truncation"": 0.05, ""pasteurization"": ""ON"", ""unitHandling"": ""VERIFY"", ""nanHandling"": ""ON"", ""language"": ""FASTEXPR"", ""visualization"": false}",0,d98066212c40a6969a77fe4c629213682acd8ca62d36c6a712ad63d556904760,"mul(add(mul(#,sub(group_rank(div(ts_delta(anl4_ebitda_value,#),cap),industry),#)),mul(#,sub(ts_rank(div(vwap,close),#),#))),div(ts_mean(volume,#),adv20))","mul(add(mul(#,sub(group_rank(div(ts_delta(FIELD,#),FIELD),industry),#)),mul(#,sub(ts_rank(div(FIELD,FIELD),#),#))),div(ts_mean(FIELD,#),FIELD))",2026-08-02T11:01:56.204483+00:00
near_pass_variant:primary,near_pass_variant,near_pass,3.6799999999999997,"(group_rank(ts_delta(assets, 252)/cap,sector)-0.5)*0.7+(ts_rank(vwap/close,126)-0.5)*0.3","{""instrumentType"": ""EQUITY"", ""region"": ""USA"", ""universe"": ""TOP3000"", ""delay"": 1, ""decay"": 4, ""neutralization"": ""MARKET"", ""truncation"": 0.05, ""pasteurization"": ""ON"", ""unitHandling"": ""VERIFY"", ""nanHandling"": ""ON"", ""language"": ""FASTEXPR"", ""visualization"": false}",0,1247c731ac6bf1de0dc92a814792eccb3e73c6c25f205d0cd52e50ed1081bd57,"add(mul(#,sub(group_rank(div(ts_delta(assets,#),cap),sector),#)),mul(#,sub(ts_rank(div(vwap,close),#),#)))","add(mul(#,sub(group_rank(div(ts_delta(FIELD,#),FIELD),sector),#)),mul(#,sub(ts_rank(div(FIELD,FIELD),#),#)))",2026-08-02T11:01:56.204483+00:00
near_pass_variant:primary,near_pass_variant,near_pass,3.53,"trade_when(rank(ts_mean(volume,63)/adv20),((group_rank(ts_delta(assets, 252)/cap,sector)-0.5)*0.7+(ts_rank(vwap/close,126)-0.5)*0.3),-1)","{""instrumentType"": ""EQUITY"", ""region"": ""USA"", ""universe"": ""TOP3000"", ""delay"": 1, ""decay"": 4, ""neutralization"": ""MARKET"", ""truncation"": 0.05, ""pasteurization"": ""ON"", ""unitHandling"": ""VERIFY"", ""nanHandling"": ""ON"", ""language"": ""FASTEXPR"", ""visualization"": false}",0,ec21a48ce0303effff5b09aa19634f83ecc672c7e956922606851af265c307d2,"trade_when(div(ts_mean(volume,#),adv20),add(mul(#,sub(group_rank(div(ts_delta(assets,#),cap),sector),#)),mul(#,sub(ts_rank(div(vwap,close),#),#))),neg(#))","trade_when(div(ts_mean(FIELD,#),FIELD),add(mul(#,sub(group_rank(div(ts_delta(FIELD,#),FIELD),sector),#)),mul(#,sub(ts_rank(div(FIELD,FIELD),#),#))),neg(#))",2026-08-02T11:01:56.204483+00:00
near_pass_variant:primary,near_pass_variant,near_pass,3.67,"trade_when(rank(ts_mean(volume,63)/adv20),((group_rank(ts_delta(assets,252)/cap,sector)-0.5)*0.7+(ts_rank(vwap/close,126)-0.5)*0.3),-1)","{""instrumentType"": ""EQUITY"", ""region"": ""USA"", ""universe"": ""TOP3000"", ""delay"": 1, ""decay"": 4, ""neutralization"": ""MARKET"", ""truncation"": 0.05, ""pasteurization"": ""ON"", ""unitHandling"": ""VERIFY"", ""nanHandling"": ""ON"", ""language"": ""FASTEXPR"", ""visualization"": false}",0,503f9a97638b9e790bcde8f9756cdbebd08dbc0269dcc73ee869e264ebb86f33,"trade_when(div(ts_mean(volume,#),adv20),add(mul(#,sub(group_rank(div(ts_delta(assets,#),cap),sector),#)),mul(#,sub(ts_rank(div(vwap,close),#),#))),neg(#))","trade_when(div(ts_mean(FIELD,#),FIELD),add(mul(#,sub(group_rank(div(ts_delta(FIELD,#),FIELD),sector),#)),mul(#,sub(ts_rank(div(FIELD,FIELD),#),#))),neg(#))",2026-08-02T11:01:56.204483+00:00
arch_delta_liquid:primary,arch_delta_liquid,proven,10.7,"group_neutralize(ts_zscore(ts_delta(anl10_analyst_innovation_eps_revise_ratio_to_close_fy1,126)/cap,126)*rank(ts_mean(volume,63)/adv20),sector)","{""instrumentType"": ""EQUITY"", ""region"": ""USA"", ""universe"": ""TOP3000"", ""delay"": 1, ""decay"": 4, ""neutralization"": ""MARKET"", ""truncation"": 0.05, ""pasteurization"": ""ON"", ""unitHandling"": ""VERIFY"", ""nanHandling"": ""ON"", ""language"": ""FASTEXPR"", ""visualization"": false}",0,0d45f3475985221f2b1c4ec5071172cbd3502c6e955d6f051c2f98323e06cacb,"group_neutralize(mul(div(ts_mean(volume,#),adv20),ts_zscore(div(ts_delta(anl10_analyst_innovation_eps_revise_ratio_to_close_fy1,#),cap),#)),sector)","group_neutralize(mul(div(ts_mean(FIELD,#),FIELD),ts_zscore(div(ts_delta(FIELD,#),FIELD),#)),sector)",2026-08-02T11:01:56.204483+00:00
arch_delta_liquid:primary,arch_delta_liquid,proven,10.7,"group_neutralize(ts_zscore(ts_delta(anl10_analyst_innovation_eps_revise_ratio_to_close_fy2,126)/cap,126)*rank(ts_mean(volume,63)/adv20),sector)","{""instrumentType"": ""EQUITY"", ""region"": ""USA"", ""universe"": ""TOP3000"", ""delay"": 1, ""decay"": 4, ""neutralization"": ""MARKET"", ""truncation"": 0.05, ""pasteurization"": ""ON"", ""unitHandling"": ""VERIFY"", ""nanHandling"": ""ON"", ""language"": ""FASTEXPR"", ""visualization"": false}",0,cbb5dc855e318775ad13446774f0aa92e2caefc3e95c348acce5b246ce0542d4,"group_neutralize(mul(div(ts_mean(volume,#),adv20),ts_zscore(div(ts_delta(anl10_analyst_innovation_eps_revise_ratio_to_close_fy2,#),cap),#)),sector)","group_neutralize(mul(div(ts_mean(FIELD,#),FIELD),ts_zscore(div(ts_delta(FIELD,#),FIELD),#)),sector)",2026-08-02T11:01:56.204483+00:00
arch_delta_liquid:primary,arch_delta_liquid,proven,10.7,"group_neutralize(ts_zscore(ts_delta(anl10_analyst_innovation_eps_revise_ratio_to_close_fq1,126)/cap,126)*rank(ts_mean(volume,63)/adv20),sector)","{""instrumentType"": ""EQUITY"", ""region"": ""USA"", ""universe"": ""TOP3000"", ""delay"": 1, ""decay"": 4, ""neutralization"": ""MARKET"", ""truncation"": 0.05, ""pasteurization"": ""ON"", ""unitHandling"": ""VERIFY"", ""nanHandling"": ""ON"", ""language"": ""FASTEXPR"", ""visualization"": false}",0,20aec875d765909b5575efe470e08dff69a04f15a0be9c25c4504c290146f832,"group_neutralize(mul(div(ts_mean(volume,#),adv20),ts_zscore(div(ts_delta(anl10_analyst_innovation_eps_revise_ratio_to_close_fq1,#),cap),#)),sector)","group_neutralize(mul(div(ts_mean(FIELD,#),FIELD),ts_zscore(div(ts_delta(FIELD,#),FIELD),#)),sector)",2026-08-02T11:01:56.204483+00:00
arch_delta_liquid:primary,arch_delta_liquid,proven,10.7,"group_neutralize(ts_zscore(ts_delta(anl10_analyst_innovation_eps_revise_ratio_to_close_fq2,126)/cap,126)*rank(ts_mean(volume,63)/adv20),sector)","{""instrumentType"": ""EQUITY"", ""region"": ""USA"", ""universe"": ""TOP3000"", ""delay"": 1, ""decay"": 4, ""neutralization"": ""MARKET"", ""truncation"": 0.05, ""pasteurization"": ""ON"", ""unitHandling"": ""VERIFY"", ""nanHandling"": ""ON"", ""language"": ""FASTEXPR"", ""visualization"": false}",0,c51eeb3cbae4b95f024aac3d214d8c2480f0e3e01eaca1e6dc81da96f3dcb85d,"group_neutralize(mul(div(ts_mean(volume,#),adv20),ts_zscore(div(ts_delta(anl10_analyst_innovation_eps_revise_ratio_to_close_fq2,#),cap),#)),sector)","group_neutralize(mul(div(ts_mean(FIELD,#),FIELD),ts_zscore(div(ts_delta(FIELD,#),FIELD),#)),sector)",2026-08-02T11:01:56.204483+00:00
arch_delta_liquid:primary,arch_delta_liquid,proven,10.7,"group_neutralize(ts_zscore(ts_delta(anl10_analyst_innovation_eps_revise_ratio_to_consensus_fy1,126)/cap,126)*rank(ts_mean(volume,63)/adv20),sector)","{""instrumentType"": ""EQUITY"", ""region"": ""USA"", ""universe"": ""TOP3000"", ""delay"": 1, ""decay"": 4, ""neutralization"": ""MARKET"", ""truncation"": 0.05, ""pasteurization"": ""ON"", ""unitHandling"": ""VERIFY"", ""nanHandling"": ""ON"", ""language"": ""FASTEXPR"", ""visualization"": false}",0,070696ebc3bfad00c4fdc7f49d6ff3585f1d291c94b27a9f042141982f532065,"group_neutralize(mul(div(ts_mean(volume,#),adv20),ts_zscore(div(ts_delta(anl10_analyst_innovation_eps_revise_ratio_to_consensus_fy1,#),cap),#)),sector)","group_neutralize(mul(div(ts_mean(FIELD,#),FIELD),ts_zscore(div(ts_delta(FIELD,#),FIELD),#)),sector)",2026-08-02T11:01:56.204483+00:00
arch_delta_liquid:primary,arch_delta_liquid,proven,10.7,"group_neutralize(ts_zscore(ts_delta(anl10_analyst_innovation_eps_revise_ratio_to_consensus_fy2,126)/cap,126)*rank(ts_mean(volume,63)/adv20),sector)","{""instrumentType"": ""EQUITY"", ""region"": ""USA"", ""universe"": ""TOP3000"", ""delay"": 1, ""decay"": 4, ""neutralization"": ""MARKET"", ""truncation"": 0.05, ""pasteurization"": ""ON"", ""unitHandling"": ""VERIFY"", ""nanHandling"": ""ON"", ""language"": ""FASTEXPR"", ""visualization"": false}",0,a48ce5210baeb15af66220e9359df02c955f6f3fe0ff48b2e1fb7e1d83fc4a46,"group_neutralize(mul(div(ts_mean(volume,#),adv20),ts_zscore(div(ts_delta(anl10_analyst_innovation_eps_revise_ratio_to_consensus_fy2,#),cap),#)),sector)","group_neutralize(mul(div(ts_mean(FIELD,#),FIELD),ts_zscore(div(ts_delta(FIELD,#),FIELD),#)),sector)",2026-08-02T11:01:56.204483+00:00
arch_delta_liquid:primary,arch_delta_liquid,proven,10.7,"group_neutralize(ts_zscore(ts_delta(anl10_analyst_innovation_eps_revise_ratio_to_consensus_fq1,126)/cap,126)*rank(ts_mean(volume,63)/adv20),sector)","{""instrumentType"": ""EQUITY"", ""region"": ""USA"", ""universe"": ""TOP3000"", ""delay"": 1, ""decay"": 4, ""neutralization"": ""MARKET"", ""truncation"": 0.05, ""pasteurization"": ""ON"", ""unitHandling"": ""VERIFY"", ""nanHandling"": ""ON"", ""language"": ""FASTEXPR"", ""visualization"": false}",0,1b15a70625aa664bde280626b1442e2f0c74f39f5c565fad4992d79868ce6dcb,"group_neutralize(mul(div(ts_mean(volume,#),adv20),ts_zscore(div(ts_delta(anl10_analyst_innovation_eps_revise_ratio_to_consensus_fq1,#),cap),#)),sector)","group_neutralize(mul(div(ts_mean(FIELD,#),FIELD),ts_zscore(div(ts_delta(FIELD,#),FIELD),#)),sector)",2026-08-02T11:01:56.204483+00:00
arch_delta_liquid:primary,arch_delta_liquid,proven,10.7,"group_neutralize(ts_zscore(ts_delta(anl10_analyst_innovation_eps_revise_ratio_to_consensus_fq2,126)/cap,126)*rank(ts_mean(volume,63)/adv20),sector)","{""instrumentType"": ""EQUITY"", ""region"": ""USA"", ""universe"": ""TOP3000"", ""delay"": 1, ""decay"": 4, ""neutralization"": ""MARKET"", ""truncation"": 0.05, ""pasteurization"": ""ON"", ""unitHandling"": ""VERIFY"", ""nanHandling"": ""ON"", ""language"": ""FASTEXPR"", ""visualization"": false}",0,6da2e1d2923147a68d7ff0683bc7bd104745cd41bd3ecfbf659b77f84bba26f0,"group_neutralize(mul(div(ts_mean(volume,#),adv20),ts_zscore(div(ts_delta(anl10_analyst_innovation_eps_revise_ratio_to_consensus_fq2,#),cap),#)),sector)","group_neutralize(mul(div(ts_mean(FIELD,#),FIELD),ts_zscore(div(ts_delta(FIELD,#),FIELD),#)),sector)",2026-08-02T11:01:56.204483+00:00
arch_hybrid_lowvol:primary,arch_hybrid_lowvol,proven,9.95,"group_neutralize(ts_zscore(anl14_stddev_ebitda_fy5/cap,126)*-rank(ts_std_dev(returns,126)),industry)","{""instrumentType"": ""EQUITY"", ""region"": ""USA"", ""universe"": ""TOP3000"", ""delay"": 1, ""decay"": 4, ""neutralization"": ""MARKET"", ""truncation"": 0.05, ""pasteurization"": ""ON"", ""unitHandling"": ""VERIFY"", ""nanHandling"": ""ON"", ""language"": ""FASTEXPR"", ""visualization"": false}",0,16df37046861603b1816efa1e47e7f90de414b543bbad6091373da6b49e8b4ad,"group_neutralize(mul(neg(ts_std_dev(returns,#)),ts_zscore(div(anl14_stddev_ebitda_fy5,cap),#)),industry)","group_neutralize(mul(neg(ts_std_dev(FIELD,#)),ts_zscore(div(FIELD,FIELD),#)),industry)",2026-08-02T11:01:56.204483+00:00
arch_hybrid_lowvol:primary,arch_hybrid_lowvol,proven,9.95,"group_neutralize(ts_zscore(anl14_numofests_ebitda_fy5/cap,126)*-rank(ts_std_dev(returns,126)),market)","{""instrumentType"": ""EQUITY"", ""region"": ""USA"", ""universe"": ""TOP3000"", ""delay"": 1, ""decay"": 4, ""neutralization"": ""MARKET"", ""truncation"": 0.05, ""pasteurization"": ""ON"", ""unitHandling"": ""VERIFY"", ""nanHandling"": ""ON"", ""language"": ""FASTEXPR"", ""visualization"": false}",0,2fab6966e972919020c958f01998d3dec9ffed2cc00cec9d1f3ac3cfd042d5d9,"group_neutralize(mul(neg(ts_std_dev(returns,#)),ts_zscore(div(anl14_numofests_ebitda_fy5,cap),#)),market)","group_neutralize(mul(neg(ts_std_dev(FIELD,#)),ts_zscore(div(FIELD,FIELD),#)),market)",2026-08-02T11:01:56.204483+00:00
arch_hybrid_lowvol:primary,arch_hybrid_lowvol,proven,9.95,"group_neutralize(ts_zscore(anl14_numofests_ebitda_fy4/cap,126)*-rank(ts_std_dev(returns,126)),market)","{""instrumentType"": ""EQUITY"", ""region"": ""USA"", ""universe"": ""TOP3000"", ""delay"": 1, ""decay"": 4, ""neutralization"": ""MARKET"", ""truncation"": 0.05, ""pasteurization"": ""ON"", ""unitHandling"": ""VERIFY"", ""nanHandling"": ""ON"", ""language"": ""FASTEXPR"", ""visualization"": false}",0,a1cfe7613bd11ee131487efb2a373f23209a63d3aaef8b7c026fdfbc22a4a781,"group_neutralize(mul(neg(ts_std_dev(returns,#)),ts_zscore(div(anl14_numofests_ebitda_fy4,cap),#)),market)","group_neutralize(mul(neg(ts_std_dev(FIELD,#)),ts_zscore(div(FIELD,FIELD),#)),market)",2026-08-02T11:01:56.204483+00:00
arch_hybrid_lowvol:primary,arch_hybrid_lowvol,proven,9.95,"group_neutralize(ts_zscore(anl14_numofests_ebitda_fp5/cap,126)*-rank(ts_std_dev(returns,126)),sector)","{""instrumentType"": ""EQUITY"", ""region"": ""USA"", ""universe"": ""TOP3000"", ""delay"": 1, ""decay"": 4, ""neutralization"": ""MARKET"", ""truncation"": 0.05, ""pasteurization"": ""ON"", ""unitHandling"": ""VERIFY"", ""nanHandling"": ""ON"", ""language"": ""FASTEXPR"", ""visualization"": false}",0,f7e94c9e4c20b6e55e868fe81a3a1d15f1dae9462e50e40ea03f4d8f0897a258,"group_neutralize(mul(neg(ts_std_dev(returns,#)),ts_zscore(div(anl14_numofests_ebitda_fp5,cap),#)),sector)","group_neutralize(mul(neg(ts_std_dev(FIELD,#)),ts_zscore(div(FIELD,FIELD),#)),sector)",2026-08-02T11:01:56.204483+00:00
arch_hybrid_lowvol:primary,arch_hybrid_lowvol,proven,9.95,"group_neutralize(ts_zscore(anl14_numofests_ebitda_fp2/cap,126)*-rank(ts_std_dev(returns,126)),sector)","{""instrumentType"": ""EQUITY"", ""region"": ""USA"", ""universe"": ""TOP3000"", ""delay"": 1, ""decay"": 4, ""neutralization"": ""MARKET"", ""truncation"": 0.05, ""pasteurization"": ""ON"", ""unitHandling"": ""VERIFY"", ""nanHandling"": ""ON"", ""language"": ""FASTEXPR"", ""visualization"": false}",0,a6334ce1ea198d713a3b0b4105d30ea7e26734a458ebfa3c5f0f0d2fa3e8f39e,"group_neutralize(mul(neg(ts_std_dev(returns,#)),ts_zscore(div(anl14_numofests_ebitda_fp2,cap),#)),sector)","group_neutralize(mul(neg(ts_std_dev(FIELD,#)),ts_zscore(div(FIELD,FIELD),#)),sector)",2026-08-02T11:01:56.204483+00:00
arch_hybrid_lowvol:primary,arch_hybrid_lowvol,proven,9.95,"group_neutralize(ts_zscore(anl14_numofests_ebitda_fp4/cap,126)*-rank(ts_std_dev(returns,126)),market)","{""instrumentType"": ""EQUITY"", ""region"": ""USA"", ""universe"": ""TOP3000"", ""delay"": 1, ""decay"": 4, ""neutralization"": ""MARKET"", ""truncation"": 0.05, ""pasteurization"": ""ON"", ""unitHandling"": ""VERIFY"", ""nanHandling"": ""ON"", ""language"": ""FASTEXPR"", ""visualization"": false}",0,9c6f499c310a0458954ab6423b79d16643ffee99c56e819dd698944720951def,"group_neutralize(mul(neg(ts_std_dev(returns,#)),ts_zscore(div(anl14_numofests_ebitda_fp4,cap),#)),market)","group_neutralize(mul(neg(ts_std_dev(FIELD,#)),ts_zscore(div(FIELD,FIELD),#)),market)",2026-08-02T11:01:56.204483+00:00
arch_hybrid_lowvol:primary,arch_hybrid_lowvol,proven,9.95,"group_neutralize(ts_zscore(anl14_numofests_ebitda_fy1/cap,126)*-rank(ts_std_dev(returns,126)),sector)","{""instrumentType"": ""EQUITY"", ""region"": ""USA"", ""universe"": ""TOP3000"", ""delay"": 1, ""decay"": 4, ""neutralization"": ""MARKET"", ""truncation"": 0.05, ""pasteurization"": ""ON"", ""unitHandling"": ""VERIFY"", ""nanHandling"": ""ON"", ""language"": ""FASTEXPR"", ""visualization"": false}",0,6b50e058057657d022d376a46757d873f9b34fd78a9b850cde10be76f87a9eb9,"group_neutralize(mul(neg(ts_std_dev(returns,#)),ts_zscore(div(anl14_numofests_ebitda_fy1,cap),#)),sector)","group_neutralize(mul(neg(ts_std_dev(FIELD,#)),ts_zscore(div(FIELD,FIELD),#)),sector)",2026-08-02T11:01:56.204483+00:00
arch_hybrid_lowvol:primary,arch_hybrid_lowvol,proven,9.95,"group_neutralize(ts_zscore(anl14_numofests_ebitda_fy3/cap,126)*-rank(ts_std_dev(returns,126)),industry)","{""instrumentType"": ""EQUITY"", ""region"": ""USA"", ""universe"": ""TOP3000"", ""delay"": 1, ""decay"": 4, ""neutralization"": ""MARKET"", ""truncation"": 0.05, ""pasteurization"": ""ON"", ""unitHandling"": ""VERIFY"", ""nanHandling"": ""ON"", ""language"": ""FASTEXPR"", ""visualization"": false}",0,6dd87d7371ef9ac520a1dcb6d1485a882ffc1a27d7bcda08d3ad1ce134c0e6dd,"group_neutralize(mul(neg(ts_std_dev(returns,#)),ts_zscore(div(anl14_numofests_ebitda_fy3,cap),#)),industry)","group_neutralize(mul(neg(ts_std_dev(FIELD,#)),ts_zscore(div(FIELD,FIELD),#)),industry)",2026-08-02T11:01:56.204483+00:00
arch_regime_shift:primary,arch_regime_shift,proven,9.3,"group_neutralize((ts_zscore(anl10_roeff_2323/cap,126)-ts_zscore(anl10_roeff_2323/cap,252))*rank(ts_mean(volume,63)/adv20),industry)","{""instrumentType"": ""EQUITY"", ""region"": ""USA"", ""universe"": ""TOP3000"", ""delay"": 1, ""decay"": 6, ""neutralization"": ""MARKET"", ""truncation"": 0.05, ""pasteurization"": ""ON"", ""unitHandling"": ""VERIFY"", ""nanHandling"": ""ON"", ""language"": ""FASTEXPR"", ""visualization"": false}",0,ca153994339996a7e4c46fc67d09431e4956e04e830e0f30575c8529fbeb80a6,"group_neutralize(mul(div(ts_mean(volume,#),adv20),sub(ts_zscore(div(anl10_roeff_2323,cap),#),ts_zscore(div(anl10_roeff_2323,cap),#))),industry)","group_neutralize(mul(div(ts_mean(FIELD,#),FIELD),sub(ts_zscore(div(FIELD,FIELD),#),ts_zscore(div(FIELD,FIELD),#))),industry)",2026-08-02T11:01:56.204483+00:00
arch_regime_shift:primary,arch_regime_shift,proven,9.3,"group_neutralize((ts_zscore(anl10_smartest_roe_ff/cap,126)-ts_zscore(anl10_smartest_roe_ff/cap,252))*rank(ts_mean(volume,63)/adv20),market)","{""instrumentType"": ""EQUITY"", ""region"": ""USA"", ""universe"": ""TOP3000"", ""delay"": 1, ""decay"": 6, ""neutralization"": ""MARKET"", ""truncation"": 0.05, ""pasteurization"": ""ON"", ""unitHandling"": ""VERIFY"", ""nanHandling"": ""ON"", ""language"": ""FASTEXPR"", ""visualization"": false}",0,5a74238047202c1be5574d3d677bce17d4e671cfada1ea076e5fe85965e0e1b0,"group_neutralize(mul(div(ts_mean(volume,#),adv20),sub(ts_zscore(div(anl10_smartest_roe_ff,cap),#),ts_zscore(div(anl10_smartest_roe_ff,cap),#))),market)","group_neutralize(mul(div(ts_mean(FIELD,#),FIELD),sub(ts_zscore(div(FIELD,FIELD),#),ts_zscore(div(FIELD,FIELD),#))),market)",2026-08-02T11:01:56.204483+00:00
arch_regime_shift:primary,arch_regime_shift,proven,9.3,"group_neutralize((ts_zscore(anl10_smartest_roa_ff/cap,126)-ts_zscore(anl10_smartest_roa_ff/cap,252))*rank(ts_mean(volume,63)/adv20),sector)","{""instrumentType"": ""EQUITY"", ""region"": ""USA"", ""universe"": ""TOP3000"", ""delay"": 1, ""decay"": 6, ""neutralization"": ""MARKET"", ""truncation"": 0.05, ""pasteurization"": ""ON"", ""unitHandling"": ""VERIFY"", ""nanHandling"": ""ON"", ""language"": ""FASTEXPR"", ""visualization"": false}",0,0c53fd7f1d28d4261500e3818ff08aa0fab7b2f99bf3fea34cad29580ddadb3f,"group_neutralize(mul(div(ts_mean(volume,#),adv20),sub(ts_zscore(div(anl10_smartest_roa_ff,cap),#),ts_zscore(div(anl10_smartest_roa_ff,cap),#))),sector)","group_neutralize(mul(div(ts_mean(FIELD,#),FIELD),sub(ts_zscore(div(FIELD,FIELD),#),ts_zscore(div(FIELD,FIELD),#))),sector)",2026-08-02T11:01:56.204483+00:00
arch_regime_shift:primary,arch_regime_shift,proven,9.15,"group_neutralize((ts_zscore(anl10_roeff_2323/cap,63)-ts_zscore(anl10_roeff_2323/cap,252))*rank(ts_mean(volume,63)/adv20),industry)","{""instrumentType"": ""EQUITY"", ""region"": ""USA"", ""universe"": ""TOP3000"", ""delay"": 1, ""decay"": 6, ""neutralization"": ""MARKET"", ""truncation"": 0.05, ""pasteurization"": ""ON"", ""unitHandling"": ""VERIFY"", ""nanHandling"": ""ON"", ""language"": ""FASTEXPR"", ""visualization"": false}",0,6fd947992d1efeab27bd248c28d44d6f3552cadfa30c5835db3c9bf1ef1a5315,"group_neutralize(mul(div(ts_mean(volume,#),adv20),sub(ts_zscore(div(anl10_roeff_2323,cap),#),ts_zscore(div(anl10_roeff_2323,cap),#))),industry)","group_neutralize(mul(div(ts_mean(FIELD,#),FIELD),sub(ts_zscore(div(FIELD,FIELD),#),ts_zscore(div(FIELD,FIELD),#))),industry)",2026-08-02T11:01:56.204483+00:00
arch_regime_shift:primary,arch_regime_shift,proven,9.15,"group_neutralize((ts_zscore(anl10_smartest_roe_ff/cap,63)-ts_zscore(anl10_smartest_roe_ff/cap,252))*rank(ts_mean(volume,63)/adv20),market)","{""instrumentType"": ""EQUITY"", ""region"": ""USA"", ""universe"": ""TOP3000"", ""delay"": 1, ""decay"": 6, ""neutralization"": ""MARKET"", ""truncation"": 0.05, ""pasteurization"": ""ON"", ""unitHandling"": ""VERIFY"", ""nanHandling"": ""ON"", ""language"": ""FASTEXPR"", ""visualization"": false}",0,616108883640413cf4a6d4e170d4048183a4b7f12077170d035e64f0aaa5c860,"group_neutralize(mul(div(ts_mean(volume,#),adv20),sub(ts_zscore(div(anl10_smartest_roe_ff,cap),#),ts_zscore(div(anl10_smartest_roe_ff,cap),#))),market)","group_neutralize(mul(div(ts_mean(FIELD,#),FIELD),sub(ts_zscore(div(FIELD,FIELD),#),ts_zscore(div(FIELD,FIELD),#))),market)",2026-08-02T11:01:56.204483+00:00
arch_regime_shift:primary,arch_regime_shift,proven,9.15,"group_neutralize((ts_zscore(anl10_smartest_roa_ff/cap,63)-ts_zscore(anl10_smartest_roa_ff/cap,252))*rank(ts_mean(volume,63)/adv20),sector)","{""instrumentType"": ""EQUITY"", ""region"": ""USA"", ""universe"": ""TOP3000"", ""delay"": 1, ""decay"": 6, ""neutralization"": ""MARKET"", ""truncation"": 0.05, ""pasteurization"": ""ON"", ""unitHandling"": ""VERIFY"", ""nanHandling"": ""ON"", ""language"": ""FASTEXPR"", ""visualization"": false}",0,abe4db0c4c36e1453a264fdcbfec5a788c3f5533db888509b57f53f5f81cc346,"group_neutralize(mul(div(ts_mean(volume,#),adv20),sub(ts_zscore(div(anl10_smartest_roa_ff,cap),#),ts_zscore(div(anl10_smartest_roa_ff,cap),#))),sector)","group_neutralize(mul(div(ts_mean(FIELD,#),FIELD),sub(ts_zscore(div(FIELD,FIELD),#),ts_zscore(div(FIELD,FIELD),#))),sector)",2026-08-02T11:01:56.204483+00:00
arch_regime_shift:primary,arch_regime_shift,proven,9.0,"group_neutralize((ts_zscore(anl10_smartest_roe_ff/cap,63)-ts_zscore(anl10_smartest_roe_ff/cap,126))*rank(ts_mean(volume,63)/adv20),market)","{""instrumentType"": ""EQUITY"", ""region"": ""USA"", ""universe"": ""TOP3000"", ""delay"": 1, ""decay"": 6, ""neutralization"": ""MARKET"", ""truncation"": 0.05, ""pasteurization"": ""ON"", ""unitHandling"": ""VERIFY"", ""nanHandling"": ""ON"", ""language"": ""FASTEXPR"", ""visualization"": false}",0,a949dea377eff188f9f7812388590c6426080ff156af44a93bc05f0b0989b2d5,"group_neutralize(mul(div(ts_mean(volume,#),adv20),sub(ts_zscore(div(anl10_smartest_roe_ff,cap),#),ts_zscore(div(anl10_smartest_roe_ff,cap),#))),market)","group_neutralize(mul(div(ts_mean(FIELD,#),FIELD),sub(ts_zscore(div(FIELD,FIELD),#),ts_zscore(div(FIELD,FIELD),#))),market)",2026-08-02T11:01:56.204483+00:00
arch_regime_shift:primary,arch_regime_shift,proven,9.0,"group_neutralize((ts_zscore(anl10_smartest_roa_ff/cap,63)-ts_zscore(anl10_smartest_roa_ff/cap,126))*rank(ts_mean(volume,63)/adv20),sector)","{""instrumentType"": ""EQUITY"", ""region"": ""USA"", ""universe"": ""TOP3000"", ""delay"": 1, ""decay"": 6, ""neutralization"": ""MARKET"", ""truncation"": 0.05, ""pasteurization"": ""ON"", ""unitHandling"": ""VERIFY"", ""nanHandling"": ""ON"", ""language"": ""FASTEXPR"", ""visualization"": false}",0,5e886197bea71a9732e49bdcf4146e564f3b4a3abb2180621ad9926fed405f9c,"group_neutralize(mul(div(ts_mean(volume,#),adv20),sub(ts_zscore(div(anl10_smartest_roa_ff,cap),#),ts_zscore(div(anl10_smartest_roa_ff,cap),#))),sector)","group_neutralize(mul(div(ts_mean(FIELD,#),FIELD),sub(ts_zscore(div(FIELD,FIELD),#),ts_zscore(div(FIELD,FIELD),#))),sector)",2026-08-02T11:01:56.204483+00:00
arch_analyst_liquid:primary,arch_analyst_liquid,proven,8.7,"group_neutralize(ts_zscore(industry_12mo_marketcap_percent,126)*rank(ts_mean(volume,63)/adv20),industry)","{""instrumentType"": ""EQUITY"", ""region"": ""USA"", ""universe"": ""TOP3000"", ""delay"": 1, ""decay"": 4, ""neutralization"": ""MARKET"", ""truncation"": 0.06, ""pasteurization"": ""ON"", ""unitHandling"": ""VERIFY"", ""nanHandling"": ""ON"", ""language"": ""FASTEXPR"", ""visualization"": false}",0,a5fa003dc38e057d7d0326eb67384ccdc8265896464b15923197ebf30d35ce71,"group_neutralize(mul(div(ts_mean(volume,#),adv20),ts_zscore(industry_12mo_marketcap_percent,#)),industry)","group_neutralize(mul(div(ts_mean(FIELD,#),FIELD),ts_zscore(FIELD,#)),industry)",2026-08-02T11:01:56.204483+00:00
arch_analyst_liquid:primary,arch_analyst_liquid,proven,8.7,"group_neutralize(ts_zscore(governance_pillar_composite_score,126)*rank(ts_mean(volume,63)/adv20),market)","{""instrumentType"": ""EQUITY"", ""region"": ""USA"", ""universe"": ""TOP3000"", ""delay"": 1, ""decay"": 4, ""neutralization"": ""MARKET"", ""truncation"": 0.06, ""pasteurization"": ""ON"", ""unitHandling"": ""VERIFY"", ""nanHandling"": ""ON"", ""language"": ""FASTEXPR"", ""visualization"": false}",0,681c3b003a19d29c8c48b7d6332bb11324aef39fbbb1d92ed7664e630f287d69,"group_neutralize(mul(div(ts_mean(volume,#),adv20),ts_zscore(governance_pillar_composite_score,#)),market)","group_neutralize(mul(div(ts_mean(FIELD,#),FIELD),ts_zscore(FIELD,#)),market)",2026-08-02T11:01:56.204483+00:00
arch_analyst_liquid:primary,arch_analyst_liquid,proven,8.7,"group_neutralize(ts_zscore(workplace_diversity_labor_rights_score,126)*rank(ts_mean(volume,63)/adv20),market)","{""instrumentType"": ""EQUITY"", ""region"": ""USA"", ""universe"": ""TOP3000"", ""delay"": 1, ""decay"": 4, ""neutralization"": ""MARKET"", ""truncation"": 0.06, ""pasteurization"": ""ON"", ""unitHandling"": ""VERIFY"", ""nanHandling"": ""ON"", ""language"": ""FASTEXPR"", ""visualization"": false}",0,c61294df8ed187d1bee3ed1d071e72353492dd77de813c752a078d4ce643d46f,"group_neutralize(mul(div(ts_mean(volume,#),adv20),ts_zscore(workplace_diversity_labor_rights_score,#)),market)","group_neutralize(mul(div(ts_mean(FIELD,#),FIELD),ts_zscore(FIELD,#)),market)",2026-08-02T11:01:56.204483+00:00
arch_analyst_liquid:primary,arch_analyst_liquid,proven,8.7,"group_neutralize(ts_zscore(group_longterm_growth_marketcap_percent,126)*rank(ts_mean(volume,63)/adv20),sector)","{""instrumentType"": ""EQUITY"", ""region"": ""USA"", ""universe"": ""TOP3000"", ""delay"": 1, ""decay"": 4, ""neutralization"": ""MARKET"", ""truncation"": 0.06, ""pasteurization"": ""ON"", ""unitHandling"": ""VERIFY"", ""nanHandling"": ""ON"", ""language"": ""FASTEXPR"", ""visualization"": false}",0,2531a8831436b610592f595691b7f3e13e5537fe8916d3d74fac9be2d682528e,"group_neutralize(mul(div(ts_mean(volume,#),adv20),ts_zscore(group_longterm_growth_marketcap_percent,#)),sector)","group_neutralize(mul(div(ts_mean(FIELD,#),FIELD),ts_zscore(FIELD,#)),sector)",2026-08-02T11:01:56.204483+00:00
arch_analyst_liquid:primary,arch_analyst_liquid,proven,8.7,"group_neutralize(ts_zscore(sector_longterm_growth_marketcap_percent,126)*rank(ts_mean(volume,63)/adv20),market)","{""instrumentType"": ""EQUITY"", ""region"": ""USA"", ""universe"": ""TOP3000"", ""delay"": 1, ""decay"": 4, ""neutralization"": ""MARKET"", ""truncation"": 0.06, ""pasteurization"": ""ON"", ""unitHandling"": ""VERIFY"", ""nanHandling"": ""ON"", ""language"": ""FASTEXPR"", ""visualization"": false}",0,d967edf79dc6f09dea78b488735162391258250e2316c9400b8abd2a2e5b80fa,"group_neutralize(mul(div(ts_mean(volume,#),adv20),ts_zscore(sector_longterm_growth_marketcap_percent,#)),market)","group_neutralize(mul(div(ts_mean(FIELD,#),FIELD),ts_zscore(FIELD,#)),market)",2026-08-02T11:01:56.204483+00:00
arch_vol_price_div:primary,arch_vol_price_div,proven,8.55,"group_neutralize(ts_rank(ts_mean(volume,126)/adv20,126)*-rank(ts_delta(close,126)),market)","{""instrumentType"": ""EQUITY"", ""region"": ""USA"", ""universe"": ""TOP3000"", ""delay"": 1, ""decay"": 4, ""neutralization"": ""MARKET"", ""truncation"": 0.06, ""pasteurization"": ""ON"", ""unitHandling"": ""VERIFY"", ""nanHandling"": ""ON"", ""language"": ""FASTEXPR"", ""visualization"": false}",0,fbe366ce0ec43cc70b74c9528ac2f49bac38a2e69e2b935c71a9b3b5c74afe31,"group_neutralize(mul(neg(ts_delta(close,#)),ts_rank(div(ts_mean(volume,#),adv20),#)),market)","group_neutralize(mul(neg(ts_delta(FIELD,#)),ts_rank(div(ts_mean(FIELD,#),FIELD),#)),market)",2026-08-02T11:01:56.204483+00:00
arch_vol_price_div:primary,arch_vol_price_div,proven,8.55,"group_neutralize(ts_rank(ts_mean(volume,126)/adv20,126)*-rank(ts_delta(close,126)),sector)","{""instrumentType"": ""EQUITY"", ""region"": ""USA"", ""universe"": ""TOP3000"", ""delay"": 1, ""decay"": 4, ""neutralization"": ""MARKET"", ""truncation"": 0.06, ""pasteurization"": ""ON"", ""unitHandling"": ""VERIFY"", ""nanHandling"": ""ON"", ""language"": ""FASTEXPR"", ""visualization"": false}",0,32b665372629344ba465a82768d4c283c47916bb3dc985f882f3b2ca028f08c5,"group_neutralize(mul(neg(ts_delta(close,#)),ts_rank(div(ts_mean(volume,#),adv20),#)),sector)","group_neutralize(mul(neg(ts_delta(FIELD,#)),ts_rank(div(ts_mean(FIELD,#),FIELD),#)),sector)",2026-08-02T11:01:56.204483+00:00
arch_analyst_liquid:primary,arch_analyst_liquid,proven,8.55,"group_neutralize(ts_zscore(workplace_diversity_labor_rights_score,63)*rank(ts_mean(volume,63)/adv20),market)","{""instrumentType"": ""EQUITY"", ""region"": ""USA"", ""universe"": ""TOP3000"", ""delay"": 1, ""decay"": 4, ""neutralization"": ""MARKET"", ""truncation"": 0.06, ""pasteurization"": ""ON"", ""unitHandling"": ""VERIFY"", ""nanHandling"": ""ON"", ""language"": ""FASTEXPR"", ""visualization"": false}",0,ba02e6f8169507474ea1834b2b9b3e161cdbd37e667969068fba2256114c6d39,"group_neutralize(mul(div(ts_mean(volume,#),adv20),ts_zscore(workplace_diversity_labor_rights_score,#)),market)","group_neutralize(mul(div(ts_mean(FIELD,#),FIELD),ts_zscore(FIELD,#)),market)",2026-08-02T11:01:56.204483+00:00
arch_analyst_liquid:primary,arch_analyst_liquid,proven,8.55,"group_neutralize(ts_zscore(group_longterm_growth_marketcap_percent,63)*rank(ts_mean(volume,63)/adv20),sector)","{""instrumentType"": ""EQUITY"", ""region"": ""USA"", ""universe"": ""TOP3000"", ""delay"": 1, ""decay"": 4, ""neutralization"": ""MARKET"", ""truncation"": 0.06, ""pasteurization"": ""ON"", ""unitHandling"": ""VERIFY"", ""nanHandling"": ""ON"", ""language"": ""FASTEXPR"", ""visualization"": false}",0,0f85d59f6c3a487be85f2b36910451efa6a3e09a81666754d130016aca167dfe,"group_neutralize(mul(div(ts_mean(volume,#),adv20),ts_zscore(group_longterm_growth_marketcap_percent,#)),sector)","group_neutralize(mul(div(ts_mean(FIELD,#),FIELD),ts_zscore(FIELD,#)),sector)",2026-08-02T11:01:56.204483+00:00
arch_analyst_liquid:primary,arch_analyst_liquid,proven,8.55,"group_neutralize(ts_zscore(sector_longterm_growth_marketcap_percent,63)*rank(ts_mean(volume,63)/adv20),market)","{""instrumentType"": ""EQUITY"", ""region"": ""USA"", ""universe"": ""TOP3000"", ""delay"": 1, ""decay"": 4, ""neutralization"": ""MARKET"", ""truncation"": 0.06, ""pasteurization"": ""ON"", ""unitHandling"": ""VERIFY"", ""nanHandling"": ""ON"", ""language"": ""FASTEXPR"", ""visualization"": false}",0,86f0e87e9f621178cc45526df07b4e0083e76f968ad98199598cc977df6ba009,"group_neutralize(mul(div(ts_mean(volume,#),adv20),ts_zscore(sector_longterm_growth_marketcap_percent,#)),market)","group_neutralize(mul(div(ts_mean(FIELD,#),FIELD),ts_zscore(FIELD,#)),market)",2026-08-02T11:01:56.204483+00:00
arch_delta_liquid:primary,arch_delta_liquid,proven,8.5,"(group_rank(ts_delta(anl10_analyst_innovation_eps_revise_ratio_to_close_fy1,126)/cap,industry)-0.5)*rank(ts_mean(volume,63)/adv20)","{""instrumentType"": ""EQUITY"", ""region"": ""USA"", ""universe"": ""TOP3000"", ""delay"": 1, ""decay"": 4, ""neutralization"": ""MARKET"", ""truncation"": 0.05, ""pasteurization"": ""ON"", ""unitHandling"": ""VERIFY"", ""nanHandling"": ""ON"", ""language"": ""FASTEXPR"", ""visualization"": false}",0,cdaa05f10dfe4ab7f53795a433755ebde2e66c2f93fdc960a654e6845ef3df0c,"mul(div(ts_mean(volume,#),adv20),sub(group_rank(div(ts_delta(anl10_analyst_innovation_eps_revise_ratio_to_close_fy1,#),cap),industry),#))","mul(div(ts_mean(FIELD,#),FIELD),sub(group_rank(div(ts_delta(FIELD,#),FIELD),industry),#))",2026-08-02T11:01:56.204483+00:00
arch_delta_liquid:primary,arch_delta_liquid,proven,8.5,"(group_rank(ts_delta(anl10_analyst_innovation_eps_revise_ratio_to_close_fy2,126)/cap,industry)-0.5)*rank(ts_mean(volume,63)/adv20)","{""instrumentType"": ""EQUITY"", ""region"": ""USA"", ""universe"": ""TOP3000"", ""delay"": 1, ""decay"": 4, ""neutralization"": ""MARKET"", ""truncation"": 0.05, ""pasteurization"": ""ON"", ""unitHandling"": ""VERIFY"", ""nanHandling"": ""ON"", ""language"": ""FASTEXPR"", ""visualization"": false}",0,ae8b1d1a2c8eca4e6cc071659a11dbb28b115cff0c4b55c06118aa5b62c15ff6,"mul(div(ts_mean(volume,#),adv20),sub(group_rank(div(ts_delta(anl10_analyst_innovation_eps_revise_ratio_to_close_fy2,#),cap),industry),#))","mul(div(ts_mean(FIELD,#),FIELD),sub(group_rank(div(ts_delta(FIELD,#),FIELD),industry),#))",2026-08-02T11:01:56.204483+00:00
arch_delta_liquid:primary,arch_delta_liquid,proven,8.5,"(group_rank(ts_delta(anl10_analyst_innovation_eps_revise_ratio_to_close_fq1,126)/cap,industry)-0.5)*rank(ts_mean(volume,63)/adv20)","{""instrumentType"": ""EQUITY"", ""region"": ""USA"", ""universe"": ""TOP3000"", ""delay"": 1, ""decay"": 4, ""neutralization"": ""MARKET"", ""truncation"": 0.05, ""pasteurization"": ""ON"", ""unitHandling"": ""VERIFY"", ""nanHandling"": ""ON"", ""language"": ""FASTEXPR"", ""visualization"": false}",0,b26cdd7bc2ef47a2d158ef482835c3d0d5c2e5166855b915e888c5e9f58ac1ca,"mul(div(ts_mean(volume,#),adv20),sub(group_rank(div(ts_delta(anl10_analyst_innovation_eps_revise_ratio_to_close_fq1,#),cap),industry),#))","mul(div(ts_mean(FIELD,#),FIELD),sub(group_rank(div(ts_delta(FIELD,#),FIELD),industry),#))",2026-08-02T11:01:56.204483+00:00
arch_delta_liquid:primary,arch_delta_liquid,proven,8.5,"(group_rank(ts_delta(anl10_analyst_innovation_eps_revise_ratio_to_close_fq2,126)/cap,industry)-0.5)*rank(ts_mean(volume,63)/adv20)","{""instrumentType"": ""EQUITY"", ""region"": ""USA"", ""universe"": ""TOP3000"", ""delay"": 1, ""decay"": 4, ""neutralization"": ""MARKET"", ""truncation"": 0.05, ""pasteurization"": ""ON"", ""unitHandling"": ""VERIFY"", ""nanHandling"": ""ON"", ""language"": ""FASTEXPR"", ""visualization"": false}",0,e969c4cd5c71bb6a153b2772d4de86061fc0c56775a223e5c1d5841a4bcd48bc,"mul(div(ts_mean(volume,#),adv20),sub(group_rank(div(ts_delta(anl10_analyst_innovation_eps_revise_ratio_to_close_fq2,#),cap),industry),#))","mul(div(ts_mean(FIELD,#),FIELD),sub(group_rank(div(ts_delta(FIELD,#),FIELD),industry),#))",2026-08-02T11:01:56.204483+00:00
arch_delta_liquid:primary,arch_delta_liquid,proven,8.5,"(group_rank(ts_delta(anl10_analyst_innovation_eps_revise_ratio_to_consensus_fy1,126)/cap,industry)-0.5)*rank(ts_mean(volume,63)/adv20)","{""instrumentType"": ""EQUITY"", ""region"": ""USA"", ""universe"": ""TOP3000"", ""delay"": 1, ""decay"": 4, ""neutralization"": ""MARKET"", ""truncation"": 0.05, ""pasteurization"": ""ON"", ""unitHandling"": ""VERIFY"", ""nanHandling"": ""ON"", ""language"": ""FASTEXPR"", ""visualization"": false}",0,23ea2837b1c25429740057c62d2a27ca0c982f72ae34400459deb8d54a5d00f5,"mul(div(ts_mean(volume,#),adv20),sub(group_rank(div(ts_delta(anl10_analyst_innovation_eps_revise_ratio_to_consensus_fy1,#),cap),industry),#))","mul(div(ts_mean(FIELD,#),FIELD),sub(group_rank(div(ts_delta(FIELD,#),FIELD),industry),#))",2026-08-02T11:01:56.204483+00:00
arch_delta_liquid:primary,arch_delta_liquid,proven,8.5,"(group_rank(ts_delta(anl10_analyst_innovation_eps_revise_ratio_to_consensus_fy2,126)/cap,industry)-0.5)*rank(ts_mean(volume,63)/adv20)","{""instrumentType"": ""EQUITY"", ""region"": ""USA"", ""universe"": ""TOP3000"", ""delay"": 1, ""decay"": 4, ""neutralization"": ""MARKET"", ""truncation"": 0.05, ""pasteurization"": ""ON"", ""unitHandling"": ""VERIFY"", ""nanHandling"": ""ON"", ""language"": ""FASTEXPR"", ""visualization"": false}",0,cf34d34faeb201a2975052147afd91d8e3df95ef9a433a277a4b803060a00f9c,"mul(div(ts_mean(volume,#),adv20),sub(group_rank(div(ts_delta(anl10_analyst_innovation_eps_revise_ratio_to_consensus_fy2,#),cap),industry),#))","mul(div(ts_mean(FIELD,#),FIELD),sub(group_rank(div(ts_delta(FIELD,#),FIELD),industry),#))",2026-08-02T11:01:56.204483+00:00
arch_delta_liquid:primary,arch_delta_liquid,proven,8.5,"(group_rank(ts_delta(anl10_analyst_innovation_eps_revise_ratio_to_consensus_fq1,126)/cap,industry)-0.5)*rank(ts_mean(volume,63)/adv20)","{""instrumentType"": ""EQUITY"", ""region"": ""USA"", ""universe"": ""TOP3000"", ""delay"": 1, ""decay"": 4, ""neutralization"": ""MARKET"", ""truncation"": 0.05, ""pasteurization"": ""ON"", ""unitHandling"": ""VERIFY"", ""nanHandling"": ""ON"", ""language"": ""FASTEXPR"", ""visualization"": false}",0,46375845912cff678758c6f9924110e5d614cbec0b08da0f17eacff5958b7704,"mul(div(ts_mean(volume,#),adv20),sub(group_rank(div(ts_delta(anl10_analyst_innovation_eps_revise_ratio_to_consensus_fq1,#),cap),industry),#))","mul(div(ts_mean(FIELD,#),FIELD),sub(group_rank(div(ts_delta(FIELD,#),FIELD),industry),#))",2026-08-02T11:01:56.204483+00:00
arch_delta_liquid:primary,arch_delta_liquid,proven,8.5,"(group_rank(ts_delta(anl10_analyst_innovation_eps_revise_ratio_to_consensus_fq2,126)/cap,industry)-0.5)*rank(ts_mean(volume,63)/adv20)","{""instrumentType"": ""EQUITY"", ""region"": ""USA"", ""universe"": ""TOP3000"", ""delay"": 1, ""decay"": 4, ""neutralization"": ""MARKET"", ""truncation"": 0.05, ""pasteurization"": ""ON"", ""unitHandling"": ""VERIFY"", ""nanHandling"": ""ON"", ""language"": ""FASTEXPR"", ""visualization"": false}",0,59dd600d8b832ab010943adfa36c8b62cccddf3935c9efa26a830b04ecc3be50,"mul(div(ts_mean(volume,#),adv20),sub(group_rank(div(ts_delta(anl10_analyst_innovation_eps_revise_ratio_to_consensus_fq2,#),cap),industry),#))","mul(div(ts_mean(FIELD,#),FIELD),sub(group_rank(div(ts_delta(FIELD,#),FIELD),industry),#))",2026-08-02T11:01:56.204483+00:00
arch_vol_price_div:primary,arch_vol_price_div,proven,8.35,"group_neutralize(ts_rank(ts_mean(volume,126)/adv20,126)*-rank(ts_delta(close,126)),industry)","{""instrumentType"": ""EQUITY"", ""region"": ""USA"", ""universe"": ""TOP3000"", ""delay"": 1, ""decay"": 4, ""neutralization"": ""MARKET"", ""truncation"": 0.06, ""pasteurization"": ""ON"", ""unitHandling"": ""VERIFY"", ""nanHandling"": ""ON"", ""language"": ""FASTEXPR"", ""visualization"": false}",0,7d347f966dcfb855cde66fb46871b0e4c2bfbbb984dd5de7cb94463842be90d2,"group_neutralize(mul(neg(ts_delta(close,#)),ts_rank(div(ts_mean(volume,#),adv20),#)),industry)","group_neutralize(mul(neg(ts_delta(FIELD,#)),ts_rank(div(ts_mean(FIELD,#),FIELD),#)),industry)",2026-08-02T11:01:56.204483+00:00
arch_hybrid_level_liq:primary,arch_hybrid_level_liq,proven,8.25,"(group_rank(anl10_analyst_innovation_eps_revise_ratio_to_close_fy1/cap,market)-0.5)*rank(ts_mean(volume,63)/adv20)","{""instrumentType"": ""EQUITY"", ""region"": ""USA"", ""universe"": ""TOP3000"", ""delay"": 1, ""decay"": 4, ""neutralization"": ""MARKET"", ""truncation"": 0.05, ""pasteurization"": ""ON"", ""unitHandling"": ""VERIFY"", ""nanHandling"": ""ON"", ""language"": ""FASTEXPR"", ""visualization"": false}",0,718141cf160588a61271ab596a050557162bbacdcc4fdc5fb5d1e3ae46620511,"mul(div(ts_mean(volume,#),adv20),sub(group_rank(div(anl10_analyst_innovation_eps_revise_ratio_to_close_fy1,cap),market),#))","mul(div(ts_mean(FIELD,#),FIELD),sub(group_rank(div(FIELD,FIELD),market),#))",2026-08-02T11:01:56.204483+00:00
arch_hybrid_level_liq:primary,arch_hybrid_level_liq,proven,8.25,"(group_rank(anl10_analyst_innovation_eps_revise_ratio_to_close_fy2/cap,market)-0.5)*rank(ts_mean(volume,63)/adv20)","{""instrumentType"": ""EQUITY"", ""region"": ""USA"", ""universe"": ""TOP3000"", ""delay"": 1, ""decay"": 4, ""neutralization"": ""MARKET"", ""truncation"": 0.05, ""pasteurization"": ""ON"", ""unitHandling"": ""VERIFY"", ""nanHandling"": ""ON"", ""language"": ""FASTEXPR"", ""visualization"": false}",0,256dc42a049a544ec968692c7ab731b0581a989b1860b9a23d35cecf3af30c00,"mul(div(ts_mean(volume,#),adv20),sub(group_rank(div(anl10_analyst_innovation_eps_revise_ratio_to_close_fy2,cap),market),#))","mul(div(ts_mean(FIELD,#),FIELD),sub(group_rank(div(FIELD,FIELD),market),#))",2026-08-02T11:01:56.204483+00:00
arch_hybrid_level_liq:primary,arch_hybrid_level_liq,proven,8.25,"(group_rank(anl10_analyst_innovation_eps_revise_ratio_to_close_fq1/cap,market)-0.5)*rank(ts_mean(volume,63)/adv20)","{""instrumentType"": ""EQUITY"", ""region"": ""USA"", ""universe"": ""TOP3000"", ""delay"": 1, ""decay"": 4, ""neutralization"": ""MARKET"", ""truncation"": 0.05, ""pasteurization"": ""ON"", ""unitHandling"": ""VERIFY"", ""nanHandling"": ""ON"", ""language"": ""FASTEXPR"", ""visualization"": false}",0,47be167e25294425b84becc23894155a0614ca28771c71cdc1424c2d215c0076,"mul(div(ts_mean(volume,#),adv20),sub(group_rank(div(anl10_analyst_innovation_eps_revise_ratio_to_close_fq1,cap),market),#))","mul(div(ts_mean(FIELD,#),FIELD),sub(group_rank(div(FIELD,FIELD),market),#))",2026-08-02T11:01:56.204483+00:00
arch_hybrid_level_liq:primary,arch_hybrid_level_liq,proven,8.25,"(group_rank(anl10_analyst_innovation_eps_revise_ratio_to_close_fq2/cap,sector)-0.5)*rank(ts_mean(volume,63)/adv20)","{""instrumentType"": ""EQUITY"", ""region"": ""USA"", ""universe"": ""TOP3000"", ""delay"": 1, ""decay"": 4, ""neutralization"": ""MARKET"", ""truncation"": 0.05, ""pasteurization"": ""ON"", ""unitHandling"": ""VERIFY"", ""nanHandling"": ""ON"", ""language"": ""FASTEXPR"", ""visualization"": false}",0,eeea2e0de38b74ded02ebc62ae357045e1e1ea6f87384135a242c3feca11bec1,"mul(div(ts_mean(volume,#),adv20),sub(group_rank(div(anl10_analyst_innovation_eps_revise_ratio_to_close_fq2,cap),sector),#))","mul(div(ts_mean(FIELD,#),FIELD),sub(group_rank(div(FIELD,FIELD),sector),#))",2026-08-02T11:01:56.204483+00:00
arch_hybrid_level_liq:primary,arch_hybrid_level_liq,proven,8.25,"(group_rank(anl10_analyst_innovation_eps_revise_ratio_to_consensus_fq1/cap,sector)-0.5)*rank(ts_mean(volume,63)/adv20)","{""instrumentType"": ""EQUITY"", ""region"": ""USA"", ""universe"": ""TOP3000"", ""delay"": 1, ""decay"": 4, ""neutralization"": ""MARKET"", ""truncation"": 0.05, ""pasteurization"": ""ON"", ""unitHandling"": ""VERIFY"", ""nanHandling"": ""ON"", ""language"": ""FASTEXPR"", ""visualization"": false}",0,a022ae395a7129b7e024956df2f6ba6a76206f5f327da81b5e43a7f9c5ea6eef,"mul(div(ts_mean(volume,#),adv20),sub(group_rank(div(anl10_analyst_innovation_eps_revise_ratio_to_consensus_fq1,cap),sector),#))","mul(div(ts_mean(FIELD,#),FIELD),sub(group_rank(div(FIELD,FIELD),sector),#))",2026-08-02T11:01:56.204483+00:00
arch_hybrid_level_liq:primary,arch_hybrid_level_liq,proven,8.25,"(group_rank(anl10_analyst_innovation_eps_revise_ratio_to_consensus_fq2/cap,sector)-0.5)*rank(ts_mean(volume,63)/adv20)","{""instrumentType"": ""EQUITY"", ""region"": ""USA"", ""universe"": ""TOP3000"", ""delay"": 1, ""decay"": 4, ""neutralization"": ""MARKET"", ""truncation"": 0.05, ""pasteurization"": ""ON"", ""unitHandling"": ""VERIFY"", ""nanHandling"": ""ON"", ""language"": ""FASTEXPR"", ""visualization"": false}",0,7f1475e36fd35b964443d204ed210cc6e93df8cff8f81b5aeb3a7b635ef81847,"mul(div(ts_mean(volume,#),adv20),sub(group_rank(div(anl10_analyst_innovation_eps_revise_ratio_to_consensus_fq2,cap),sector),#))","mul(div(ts_mean(FIELD,#),FIELD),sub(group_rank(div(FIELD,FIELD),sector),#))",2026-08-02T11:01:56.204483+00:00
arch_hybrid_level_liq:primary,arch_hybrid_level_liq,proven,8.25,"(group_rank(anl10_analyst_innovation_eps_revise_ratio_to_consensus_fy1/cap,industry)-0.5)*rank(ts_mean(volume,63)/adv20)","{""instrumentType"": ""EQUITY"", ""region"": ""USA"", ""universe"": ""TOP3000"", ""delay"": 1, ""decay"": 4, ""neutralization"": ""MARKET"", ""truncation"": 0.05, ""pasteurization"": ""ON"", ""unitHandling"": ""VERIFY"", ""nanHandling"": ""ON"", ""language"": ""FASTEXPR"", ""visualization"": false}",0,bd82039bd8daf680723dcb98417a333f2fab0394a2c6eaa0aa9549e63cdd3975,"mul(div(ts_mean(volume,#),adv20),sub(group_rank(div(anl10_analyst_innovation_eps_revise_ratio_to_consensus_fy1,cap),industry),#))","mul(div(ts_mean(FIELD,#),FIELD),sub(group_rank(div(FIELD,FIELD),industry),#))",2026-08-02T11:01:56.204483+00:00
arch_hybrid_level_liq:primary,arch_hybrid_level_liq,proven,8.25,"(group_rank(anl10_analyst_innovation_eps_revise_ratio_to_consensus_fy2/cap,industry)-0.5)*rank(ts_mean(volume,63)/adv20)","{""instrumentType"": ""EQUITY"", ""region"": ""USA"", ""universe"": ""TOP3000"", ""delay"": 1, ""decay"": 4, ""neutralization"": ""MARKET"", ""truncation"": 0.05, ""pasteurization"": ""ON"", ""unitHandling"": ""VERIFY"", ""nanHandling"": ""ON"", ""language"": ""FASTEXPR"", ""visualization"": false}",0,7815575400c1bc7996cfeacff7fea1bba5f46a2db1682d0b4f740bfcc17ec796,"mul(div(ts_mean(volume,#),adv20),sub(group_rank(div(anl10_analyst_innovation_eps_revise_ratio_to_consensus_fy2,cap),industry),#))","mul(div(ts_mean(FIELD,#),FIELD),sub(group_rank(div(FIELD,FIELD),industry),#))",2026-08-02T11:01:56.204483+00:00
arch_vol_price_div:primary,arch_vol_price_div,proven,8.2,"group_neutralize(ts_rank(ts_mean(volume,63)/adv20,126)*-rank(ts_delta(close,126)),industry)","{""instrumentType"": ""EQUITY"", ""region"": ""USA"", ""universe"": ""TOP3000"", ""delay"": 1, ""decay"": 4, ""neutralization"": ""MARKET"", ""truncation"": 0.06, ""pasteurization"": ""ON"", ""unitHandling"": ""VERIFY"", ""nanHandling"": ""ON"", ""language"": ""FASTEXPR"", ""visualization"": false}",0,07d19fd25ccb60708c85bf7aafe8b7063cd9315b768843b339eafdec87ac2da1,"group_neutralize(mul(neg(ts_delta(close,#)),ts_rank(div(ts_mean(volume,#),adv20),#)),industry)","group_neutralize(mul(neg(ts_delta(FIELD,#)),ts_rank(div(ts_mean(FIELD,#),FIELD),#)),industry)",2026-08-02T11:01:56.204483+00:00
arch_vol_price_div:primary,arch_vol_price_div,proven,8.1,"group_neutralize(ts_rank(ts_mean(volume,42)/adv20,126)*-rank(ts_delta(close,126)),industry)","{""instrumentType"": ""EQUITY"", ""region"": ""USA"", ""universe"": ""TOP3000"", ""delay"": 1, ""decay"": 4, ""neutralization"": ""MARKET"", ""truncation"": 0.06, ""pasteurization"": ""ON"", ""unitHandling"": ""VERIFY"", ""nanHandling"": ""ON"", ""language"": ""FASTEXPR"", ""visualization"": false}",0,00040dba450cab3ea19bccf85c39239496d5b08dbfd6254085f6a8f2554abfec,"group_neutralize(mul(neg(ts_delta(close,#)),ts_rank(div(ts_mean(volume,#),adv20),#)),industry)","group_neutralize(mul(neg(ts_delta(FIELD,#)),ts_rank(div(ts_mean(FIELD,#),FIELD),#)),industry)",2026-08-02T11:01:56.204483+00:00
arch_spread:primary,arch_spread,proven,8.1,"group_neutralize(ts_zscore(anl14_stddev_ebitda_fy5/cap,126)-ts_zscore(anl14_numofests_ndebt_fp2/cap,126),industry)","{""instrumentType"": ""EQUITY"", ""region"": ""USA"", ""universe"": ""TOP3000"", ""delay"": 1, ""decay"": 6, ""neutralization"": ""MARKET"", ""truncation"": 0.05, ""pasteurization"": ""ON"", ""unitHandling"": ""VERIFY"", ""nanHandling"": ""ON"", ""language"": ""FASTEXPR"", ""visualization"": false}",0,b5593c799388a0f28b2a4103c698994ab56e929443d381a14f7f9edc281d407b,"group_neutralize(sub(ts_zscore(div(anl14_stddev_ebitda_fy5,cap),#),ts_zscore(div(anl14_numofests_ndebt_fp2,cap),#)),industry)","group_neutralize(sub(ts_zscore(div(FIELD,FIELD),#),ts_zscore(div(FIELD,FIELD),#)),industry)",2026-08-02T11:01:56.204483+00:00
arch_spread:primary,arch_spread,proven,8.1,"group_neutralize(ts_zscore(anl14_stddev_ebitda_fp5/cap,126)-ts_zscore(anl14_numofests_revenue_fy5/cap,126),market)","{""instrumentType"": ""EQUITY"", ""region"": ""USA"", ""universe"": ""TOP3000"", ""delay"": 1, ""decay"": 6, ""neutralization"": ""MARKET"", ""truncation"": 0.05, ""pasteurization"": ""ON"", ""unitHandling"": ""VERIFY"", ""nanHandling"": ""ON"", ""language"": ""FASTEXPR"", ""visualization"": false}",0,0baff7f6520c22baf7b6f6500a4fd4145b88d67dd43c33c5e11d60eba2e5e08d,"group_neutralize(sub(ts_zscore(div(anl14_stddev_ebitda_fp5,cap),#),ts_zscore(div(anl14_numofests_revenue_fy5,cap),#)),market)","group_neutralize(sub(ts_zscore(div(FIELD,FIELD),#),ts_zscore(div(FIELD,FIELD),#)),market)",2026-08-02T11:01:56.204483+00:00
arch_spread:primary,arch_spread,proven,8.1,"group_neutralize(ts_zscore(anl14_numofests_ebitda_fp5/cap,126)-ts_zscore(anl14_stddev_revenue_fy5/cap,126),sector)","{""instrumentType"": ""EQUITY"", ""region"": ""USA"", ""universe"": ""TOP3000"", ""delay"": 1, ""decay"": 6, ""neutralization"": ""MARKET"", ""truncation"": 0.05, ""pasteurization"": ""ON"", ""unitHandling"": ""VERIFY"", ""nanHandling"": ""ON"", ""language"": ""FASTEXPR"", ""visualization"": false}",0,8a28abde901cdcc3f4644917fd9f4c0acacdbad545c7afdba5f32eb4a7df0651,"group_neutralize(sub(ts_zscore(div(anl14_numofests_ebitda_fp5,cap),#),ts_zscore(div(anl14_stddev_revenue_fy5,cap),#)),sector)","group_neutralize(sub(ts_zscore(div(FIELD,FIELD),#),ts_zscore(div(FIELD,FIELD),#)),sector)",2026-08-02T11:01:56.204483+00:00
arch_spread:primary,arch_spread,proven,8.1,"group_neutralize(ts_zscore(anl14_numofests_ebitda_fp2/cap,126)-ts_zscore(anl14_median_revenue_fy5/cap,126),sector)","{""instrumentType"": ""EQUITY"", ""region"": ""USA"", ""universe"": ""TOP3000"", ""delay"": 1, ""decay"": 6, ""neutralization"": ""MARKET"", ""truncation"": 0.05, ""pasteurization"": ""ON"", ""unitHandling"": ""VERIFY"", ""nanHandling"": ""ON"", ""language"": ""FASTEXPR"", ""visualization"": false}",0,d90c3b03b50e069dadec7bd4db9c9253f219c05f8b48d4f95906c98b3bea9687,"group_neutralize(sub(ts_zscore(div(anl14_numofests_ebitda_fp2,cap),#),ts_zscore(div(anl14_median_revenue_fy5,cap),#)),sector)","group_neutralize(sub(ts_zscore(div(FIELD,FIELD),#),ts_zscore(div(FIELD,FIELD),#)),sector)",2026-08-02T11:01:56.204483+00:00
arch_spread:primary,arch_spread,proven,8.1,"group_neutralize(ts_zscore(anl14_numofests_ebitda_fy3/cap,126)-ts_zscore(anl14_median_ndebt_fp3/cap,126),industry)","{""instrumentType"": ""EQUITY"", ""region"": ""USA"", ""universe"": ""TOP3000"", ""delay"": 1, ""decay"": 6, ""neutralization"": ""MARKET"", ""truncation"": 0.05, ""pasteurization"": ""ON"", ""unitHandling"": ""VERIFY"", ""nanHandling"": ""ON"", ""language"": ""FASTEXPR"", ""visualization"": false}",0,ae531a0ba8556bc8fdfb9aac0b1a7d00046088ce8b3af903e39fc3a241ee472b,"group_neutralize(sub(ts_zscore(div(anl14_numofests_ebitda_fy3,cap),#),ts_zscore(div(anl14_median_ndebt_fp3,cap),#)),industry)","group_neutralize(sub(ts_zscore(div(FIELD,FIELD),#),ts_zscore(div(FIELD,FIELD),#)),industry)",2026-08-02T11:01:56.204483+00:00
arch_spread:primary,arch_spread,proven,8.1,"group_neutralize(ts_zscore(anl14_median_ebitda_fy3/cap,126)-ts_zscore(anl14_numofests_revenue_fy4/cap,126),sector)","{""instrumentType"": ""EQUITY"", ""region"": ""USA"", ""universe"": ""TOP3000"", ""delay"": 1, ""decay"": 6, ""neutralization"": ""MARKET"", ""truncation"": 0.05, ""pasteurization"": ""ON"", ""unitHandling"": ""VERIFY"", ""nanHandling"": ""ON"", ""language"": ""FASTEXPR"", ""visualization"": false}",0,bcb5e730a805dd0c8aab668aef5bf97a85d4e09eacad6bcc807b0d9fb611a050,"group_neutralize(sub(ts_zscore(div(anl14_median_ebitda_fy3,cap),#),ts_zscore(div(anl14_numofests_revenue_fy4,cap),#)),sector)","group_neutralize(sub(ts_zscore(div(FIELD,FIELD),#),ts_zscore(div(FIELD,FIELD),#)),sector)",2026-08-02T11:01:56.204483+00:00
arch_spread:primary,arch_spread,proven,8.1,"group_neutralize(ts_zscore(anl14_numofests_ebitda_fy5/cap,126)-ts_zscore(anl14_numofests_capex_fy4/cap,126),market)","{""instrumentType"": ""EQUITY"", ""region"": ""USA"", ""universe"": ""TOP3000"", ""delay"": 1, ""decay"": 6, ""neutralization"": ""MARKET"", ""truncation"": 0.05, ""pasteurization"": ""ON"", ""unitHandling"": ""VERIFY"", ""nanHandling"": ""ON"", ""language"": ""FASTEXPR"", ""visualization"": false}",0,baf7f8b197a2dc8dbc5e4000c9139862d9d4995d02c63d5e26338a2936d46ec8,"group_neutralize(sub(ts_zscore(div(anl14_numofests_ebitda_fy5,cap),#),ts_zscore(div(anl14_numofests_capex_fy4,cap),#)),market)","group_neutralize(sub(ts_zscore(div(FIELD,FIELD),#),ts_zscore(div(FIELD,FIELD),#)),market)",2026-08-02T11:01:56.204483+00:00
arch_spread:primary,arch_spread,proven,8.1,"group_neutralize(ts_zscore(anl14_numofests_ebitda_fy4/cap,126)-ts_zscore(anl14_numofests_ndebt_fp3/cap,126),market)","{""instrumentType"": ""EQUITY"", ""region"": ""USA"", ""universe"": ""TOP3000"", ""delay"": 1, ""decay"": 6, ""neutralization"": ""MARKET"", ""truncation"": 0.05, ""pasteurization"": ""ON"", ""unitHandling"": ""VERIFY"", ""nanHandling"": ""ON"", ""language"": ""FASTEXPR"", ""visualization"": false}",0,eefc36f9ad15d78ee3dc85ce2faded453da24526c91f8d03ce2c6a34e0ff0813,"group_neutralize(sub(ts_zscore(div(anl14_numofests_ebitda_fy4,cap),#),ts_zscore(div(anl14_numofests_ndebt_fp3,cap),#)),market)","group_neutralize(sub(ts_zscore(div(FIELD,FIELD),#),ts_zscore(div(FIELD,FIELD),#)),market)",2026-08-02T11:01:56.204483+00:00
arch_vol_price_div:primary,arch_vol_price_div,proven,8.05,"group_neutralize(ts_rank(ts_mean(volume,126)/adv20,63)*-rank(ts_delta(close,63)),industry)","{""instrumentType"": ""EQUITY"", ""region"": ""USA"", ""universe"": ""TOP3000"", ""delay"": 1, ""decay"": 4, ""neutralization"": ""MARKET"", ""truncation"": 0.06, ""pasteurization"": ""ON"", ""unitHandling"": ""VERIFY"", ""nanHandling"": ""ON"", ""language"": ""FASTEXPR"", ""visualization"": false}",0,9a7a1aa08fc5bfee9677b0796fdecff5135acc24be58e05bd012cc997ec97932,"group_neutralize(mul(neg(ts_delta(close,#)),ts_rank(div(ts_mean(volume,#),adv20),#)),industry)","group_neutralize(mul(neg(ts_delta(FIELD,#)),ts_rank(div(ts_mean(FIELD,#),FIELD),#)),industry)",2026-08-02T11:01:56.204483+00:00
arch_vol_scaled:primary,arch_vol_scaled,proven,8.0,"group_neutralize(ts_zscore(anl10_analyst_innovation_eps_innovate_decrease_fy1/cap,126)*-rank(ts_std_dev(returns,126)),sector)","{""instrumentType"": ""EQUITY"", ""region"": ""USA"", ""universe"": ""TOP3000"", ""delay"": 1, ""decay"": 6, ""neutralization"": ""MARKET"", ""truncation"": 0.05, ""pasteurization"": ""ON"", ""unitHandling"": ""VERIFY"", ""nanHandling"": ""ON"", ""language"": ""FASTEXPR"", ""visualization"": false}",0,d4c4dcf2d4e5f03a909159c806d443136f18436e79521c28a4e2d26271084b71,"group_neutralize(mul(neg(ts_std_dev(returns,#)),ts_zscore(div(anl10_analyst_innovation_eps_innovate_decrease_fy1,cap),#)),sector)","group_neutralize(mul(neg(ts_std_dev(FIELD,#)),ts_zscore(div(FIELD,FIELD),#)),sector)",2026-08-02T11:01:56.204483+00:00
arch_vol_scaled:primary,arch_vol_scaled,proven,8.0,"group_neutralize(ts_zscore(anl10_analyst_innovation_eps_normal_decrease_fy1/cap,126)*-rank(ts_std_dev(returns,126)),industry)","{""instrumentType"": ""EQUITY"", ""region"": ""USA"", ""universe"": ""TOP3000"", ""delay"": 1, ""decay"": 6, ""neutralization"": ""MARKET"", ""truncation"": 0.05, ""pasteurization"": ""ON"", ""unitHandling"": ""VERIFY"", ""nanHandling"": ""ON"", ""language"": ""FASTEXPR"", ""visualization"": false}",0,a1be93f77853fa2488be759e3d9f497f13f93667da5e3ca6d61c46006e2a41c9,"group_neutralize(mul(neg(ts_std_dev(returns,#)),ts_zscore(div(anl10_analyst_innovation_eps_normal_decrease_fy1,cap),#)),industry)","group_neutralize(mul(neg(ts_std_dev(FIELD,#)),ts_zscore(div(FIELD,FIELD),#)),industry)",2026-08-02T11:01:56.204483+00:00
arch_vol_scaled:primary,arch_vol_scaled,proven,8.0,"group_neutralize(ts_zscore(anl10_analyst_innovation_eps_innovate_decrease_fy2/cap,126)*-rank(ts_std_dev(returns,126)),industry)","{""instrumentType"": ""EQUITY"", ""region"": ""USA"", ""universe"": ""TOP3000"", ""delay"": 1, ""decay"": 6, ""neutralization"": ""MARKET"", ""truncation"": 0.05, ""pasteurization"": ""ON"", ""unitHandling"": ""VERIFY"", ""nanHandling"": ""ON"", ""language"": ""FASTEXPR"", ""visualization"": false}",0,a3ffa57babf1be3019e470977df43a140ad4ce050b298f9919a66bad726d7d05,"group_neutralize(mul(neg(ts_std_dev(returns,#)),ts_zscore(div(anl10_analyst_innovation_eps_innovate_decrease_fy2,cap),#)),industry)","group_neutralize(mul(neg(ts_std_dev(FIELD,#)),ts_zscore(div(FIELD,FIELD),#)),industry)",2026-08-02T11:01:56.204483+00:00
arch_vol_scaled:primary,arch_vol_scaled,proven,8.0,"group_neutralize(ts_zscore(anl10_analyst_innovation_eps_revise_ratio_to_close_fy1/cap,126)*-rank(ts_std_dev(returns,126)),sector)","{""instrumentType"": ""EQUITY"", ""region"": ""USA"", ""universe"": ""TOP3000"", ""delay"": 1, ""decay"": 6, ""neutralization"": ""MARKET"", ""truncation"": 0.05, ""pasteurization"": ""ON"", ""unitHandling"": ""VERIFY"", ""nanHandling"": ""ON"", ""language"": ""FASTEXPR"", ""visualization"": false}",0,4e739def96d3b8205eb2b2979842a9fc35dd5c8c29d08741c913e386db41fe64,"group_neutralize(mul(neg(ts_std_dev(returns,#)),ts_zscore(div(anl10_analyst_innovation_eps_revise_ratio_to_close_fy1,cap),#)),sector)","group_neutralize(mul(neg(ts_std_dev(FIELD,#)),ts_zscore(div(FIELD,FIELD),#)),sector)",2026-08-02T11:01:56.204483+00:00
arch_vol_scaled:primary,arch_vol_scaled,proven,8.0,"group_neutralize(ts_zscore(anl10_analyst_innovation_eps_revise_ratio_to_close_fy2/cap,126)*-rank(ts_std_dev(returns,126)),industry)","{""instrumentType"": ""EQUITY"", ""region"": ""USA"", ""universe"": ""TOP3000"", ""delay"": 1, ""decay"": 6, ""neutralization"": ""MARKET"", ""truncation"": 0.05, ""pasteurization"": ""ON"", ""unitHandling"": ""VERIFY"", ""nanHandling"": ""ON"", ""language"": ""FASTEXPR"", ""visualization"": false}",0,37cb3ae59500f15ac79323949fbc80a5de5e4aebbf45135e9a6e652a194e4b1d,"group_neutralize(mul(neg(ts_std_dev(returns,#)),ts_zscore(div(anl10_analyst_innovation_eps_revise_ratio_to_close_fy2,cap),#)),industry)","group_neutralize(mul(neg(ts_std_dev(FIELD,#)),ts_zscore(div(FIELD,FIELD),#)),industry)",2026-08-02T11:01:56.204483+00:00
arch_vol_scaled:primary,arch_vol_scaled,proven,8.0,"group_neutralize(ts_zscore(anl10_analyst_innovation_eps_revise_ratio_to_close_fq1/cap,126)*-rank(ts_std_dev(returns,126)),industry)","{""instrumentType"": ""EQUITY"", ""region"": ""USA"", ""universe"": ""TOP3000"", ""delay"": 1, ""decay"": 6, ""neutralization"": ""MARKET"", ""truncation"": 0.05, ""pasteurization"": ""ON"", ""unitHandling"": ""VERIFY"", ""nanHandling"": ""ON"", ""language"": ""FASTEXPR"", ""visualization"": false}",0,f823a1b70ecb3786c1f084a2bf7598ac4117184fbe1dac7f3640e1a0bbe8a40b,"group_neutralize(mul(neg(ts_std_dev(returns,#)),ts_zscore(div(anl10_analyst_innovation_eps_revise_ratio_to_close_fq1,cap),#)),industry)","group_neutralize(mul(neg(ts_std_dev(FIELD,#)),ts_zscore(div(FIELD,FIELD),#)),industry)",2026-08-02T11:01:56.204483+00:00
arch_vol_scaled:primary,arch_vol_scaled,proven,8.0,"group_neutralize(ts_zscore(anl10_analyst_innovation_eps_revise_ratio_to_consensus_fy1/cap,126)*-rank(ts_std_dev(returns,126)),market)","{""instrumentType"": ""EQUITY"", ""region"": ""USA"", ""universe"": ""TOP3000"", ""delay"": 1, ""decay"": 6, ""neutralization"": ""MARKET"", ""truncation"": 0.05, ""pasteurization"": ""ON"", ""unitHandling"": ""VERIFY"", ""nanHandling"": ""ON"", ""language"": ""FASTEXPR"", ""visualization"": false}",0,5ae533fcecf7bf1b0a2deb5eead2f9f09290b84b0215ce9d83ca0a379792af18,"group_neutralize(mul(neg(ts_std_dev(returns,#)),ts_zscore(div(anl10_analyst_innovation_eps_revise_ratio_to_consensus_fy1,cap),#)),market)","group_neutralize(mul(neg(ts_std_dev(FIELD,#)),ts_zscore(div(FIELD,FIELD),#)),market)",2026-08-02T11:01:56.204483+00:00
arch_vol_scaled:primary,arch_vol_scaled,proven,8.0,"group_neutralize(ts_zscore(anl10_analyst_innovation_eps_revise_ratio_to_consensus_fy2/cap,126)*-rank(ts_std_dev(returns,126)),market)","{""instrumentType"": ""EQUITY"", ""region"": ""USA"", ""universe"": ""TOP3000"", ""delay"": 1, ""decay"": 6, ""neutralization"": ""MARKET"", ""truncation"": 0.05, ""pasteurization"": ""ON"", ""unitHandling"": ""VERIFY"", ""nanHandling"": ""ON"", ""language"": ""FASTEXPR"", ""visualization"": false}",0,37b8d6b8421621bb435f05a199ec714ade9321303a4ac561ffbbba768a2b3082,"group_neutralize(mul(neg(ts_std_dev(returns,#)),ts_zscore(div(anl10_analyst_innovation_eps_revise_ratio_to_consensus_fy2,cap),#)),market)","group_neutralize(mul(neg(ts_std_dev(FIELD,#)),ts_zscore(div(FIELD,FIELD),#)),market)",2026-08-02T11:01:56.204483+00:00
arch_vol_price_div:primary,arch_vol_price_div,proven,7.9,"group_neutralize(ts_rank(ts_mean(volume,63)/adv20,63)*-rank(ts_delta(close,63)),industry)","{""instrumentType"": ""EQUITY"", ""region"": ""USA"", ""universe"": ""TOP3000"", ""delay"": 1, ""decay"": 4, ""neutralization"": ""MARKET"", ""truncation"": 0.06, ""pasteurization"": ""ON"", ""unitHandling"": ""VERIFY"", ""nanHandling"": ""ON"", ""language"": ""FASTEXPR"", ""visualization"": false}",0,3592299efb35c95d672d9f37ec9046fc54ef8852eef37bf3ecc894eb9030b394,"group_neutralize(mul(neg(ts_delta(close,#)),ts_rank(div(ts_mean(volume,#),adv20),#)),industry)","group_neutralize(mul(neg(ts_delta(FIELD,#)),ts_rank(div(ts_mean(FIELD,#),FIELD),#)),industry)",2026-08-02T11:01:56.204483+00:00
arch_pv_vol:primary,arch_pv_vol,proven,7.800000000000001,"group_neutralize(rank(ts_mean(volume,126)/adv20)*-rank(ts_delta(close,126)),sector)","{""instrumentType"": ""EQUITY"", ""region"": ""USA"", ""universe"": ""TOP3000"", ""delay"": 1, ""decay"": 6, ""neutralization"": ""MARKET"", ""truncation"": 0.06, ""pasteurization"": ""ON"", ""unitHandling"": ""VERIFY"", ""nanHandling"": ""ON"", ""language"": ""FASTEXPR"", ""visualization"": false}",0,40cc01bceea0e9b1cec3504135cad112aa94ebd5b743534c2e7a65bd0338be27,"group_neutralize(mul(div(ts_mean(volume,#),adv20),neg(ts_delta(close,#))),sector)","group_neutralize(mul(div(ts_mean(FIELD,#),FIELD),neg(ts_delta(FIELD,#))),sector)",2026-08-02T11:01:56.204483+00:00
arch_vol_price_div:primary,arch_vol_price_div,proven,7.8,"group_neutralize(ts_rank(ts_mean(volume,42)/adv20,63)*-rank(ts_delta(close,63)),industry)","{""instrumentType"": ""EQUITY"", ""region"": ""USA"", ""universe"": ""TOP3000"", ""delay"": 1, ""decay"": 4, ""neutralization"": ""MARKET"", ""truncation"": 0.06, ""pasteurization"": ""ON"", ""unitHandling"": ""VERIFY"", ""nanHandling"": ""ON"", ""language"": ""FASTEXPR"", ""visualization"": false}",0,09ee8ac2f84c8b556f1e4e7ef99c86ce48f134d611791b3c0bb22c39c5526fab,"group_neutralize(mul(neg(ts_delta(close,#)),ts_rank(div(ts_mean(volume,#),adv20),#)),industry)","group_neutralize(mul(neg(ts_delta(FIELD,#)),ts_rank(div(ts_mean(FIELD,#),FIELD),#)),industry)",2026-08-02T11:01:56.204483+00:00
arch_spread:primary,arch_spread,proven,7.8,"group_neutralize(ts_rank(anl14_stddev_ebitda_fy5/cap,126)-ts_rank(anl14_numofests_ndebt_fp2/cap,126),industry)","{""instrumentType"": ""EQUITY"", ""region"": ""USA"", ""universe"": ""TOP3000"", ""delay"": 1, ""decay"": 6, ""neutralization"": ""MARKET"", ""truncation"": 0.05, ""pasteurization"": ""ON"", ""unitHandling"": ""VERIFY"", ""nanHandling"": ""ON"", ""language"": ""FASTEXPR"", ""visualization"": false}",0,a21205e12a2185d06385949f5103a7d1256c28463f1b207fed158e9eb9eb8d3c,"group_neutralize(sub(ts_rank(div(anl14_stddev_ebitda_fy5,cap),#),ts_rank(div(anl14_numofests_ndebt_fp2,cap),#)),industry)","group_neutralize(sub(ts_rank(div(FIELD,FIELD),#),ts_rank(div(FIELD,FIELD),#)),industry)",2026-08-02T11:01:56.204483+00:00
arch_spread:primary,arch_spread,proven,7.8,"group_neutralize(ts_rank(anl14_stddev_ebitda_fp5/cap,126)-ts_rank(anl14_numofests_revenue_fy5/cap,126),market)","{""instrumentType"": ""EQUITY"", ""region"": ""USA"", ""universe"": ""TOP3000"", ""delay"": 1, ""decay"": 6, ""neutralization"": ""MARKET"", ""truncation"": 0.05, ""pasteurization"": ""ON"", ""unitHandling"": ""VERIFY"", ""nanHandling"": ""ON"", ""language"": ""FASTEXPR"", ""visualization"": false}",0,33377d1a64d45d04bed20585ce8c96c8bd9035d7eaafb80869204dcfc41191e6,"group_neutralize(sub(ts_rank(div(anl14_stddev_ebitda_fp5,cap),#),ts_rank(div(anl14_numofests_revenue_fy5,cap),#)),market)","group_neutralize(sub(ts_rank(div(FIELD,FIELD),#),ts_rank(div(FIELD,FIELD),#)),market)",2026-08-02T11:01:56.204483+00:00
arch_spread:primary,arch_spread,proven,7.8,"group_neutralize(ts_rank(anl14_numofests_ebitda_fp5/cap,126)-ts_rank(anl14_stddev_revenue_fy5/cap,126),sector)","{""instrumentType"": ""EQUITY"", ""region"": ""USA"", ""universe"": ""TOP3000"", ""delay"": 1, ""decay"": 6, ""neutralization"": ""MARKET"", ""truncation"": 0.05, ""pasteurization"": ""ON"", ""unitHandling"": ""VERIFY"", ""nanHandling"": ""ON"", ""language"": ""FASTEXPR"", ""visualization"": false}",0,a451b5969e8bd0ca3c29dd190498620a87efb2945fdf972b82ff6d207c0cea73,"group_neutralize(sub(ts_rank(div(anl14_numofests_ebitda_fp5,cap),#),ts_rank(div(anl14_stddev_revenue_fy5,cap),#)),sector)","group_neutralize(sub(ts_rank(div(FIELD,FIELD),#),ts_rank(div(FIELD,FIELD),#)),sector)",2026-08-02T11:01:56.204483+00:00
arch_spread:primary,arch_spread,proven,7.8,"group_neutralize(ts_rank(anl14_numofests_ebitda_fp2/cap,126)-ts_rank(anl14_median_revenue_fy5/cap,126),sector)","{""instrumentType"": ""EQUITY"", ""region"": ""USA"", ""universe"": ""TOP3000"", ""delay"": 1, ""decay"": 6, ""neutralization"": ""MARKET"", ""truncation"": 0.05, ""pasteurization"": ""ON"", ""unitHandling"": ""VERIFY"", ""nanHandling"": ""ON"", ""language"": ""FASTEXPR"", ""visualization"": false}",0,c8a96a2a39c19b737ade6fc987a0438be6b0cf695295b48549da4b35cd08d39b,"group_neutralize(sub(ts_rank(div(anl14_numofests_ebitda_fp2,cap),#),ts_rank(div(anl14_median_revenue_fy5,cap),#)),sector)","group_neutralize(sub(ts_rank(div(FIELD,FIELD),#),ts_rank(div(FIELD,FIELD),#)),sector)",2026-08-02T11:01:56.204483+00:00
arch_spread:primary,arch_spread,proven,7.8,"group_neutralize(ts_rank(anl14_numofests_ebitda_fy3/cap,126)-ts_rank(anl14_median_ndebt_fp3/cap,126),industry)","{""instrumentType"": ""EQUITY"", ""region"": ""USA"", ""universe"": ""TOP3000"", ""delay"": 1, ""decay"": 6, ""neutralization"": ""MARKET"", ""truncation"": 0.05, ""pasteurization"": ""ON"", ""unitHandling"": ""VERIFY"", ""nanHandling"": ""ON"", ""language"": ""FASTEXPR"", ""visualization"": false}",0,aa008c091ba5b4c60b60b80783c19ab127f7c874d59820acd9efcdaa906f52f9,"group_neutralize(sub(ts_rank(div(anl14_numofests_ebitda_fy3,cap),#),ts_rank(div(anl14_median_ndebt_fp3,cap),#)),industry)","group_neutralize(sub(ts_rank(div(FIELD,FIELD),#),ts_rank(div(FIELD,FIELD),#)),industry)",2026-08-02T11:01:56.204483+00:00
arch_spread:primary,arch_spread,proven,7.8,"group_neutralize(ts_rank(anl14_median_ebitda_fy3/cap,126)-ts_rank(anl14_numofests_revenue_fy4/cap,126),sector)","{""instrumentType"": ""EQUITY"", ""region"": ""USA"", ""universe"": ""TOP3000"", ""delay"": 1, ""decay"": 6, ""neutralization"": ""MARKET"", ""truncation"": 0.05, ""pasteurization"": ""ON"", ""unitHandling"": ""VERIFY"", ""nanHandling"": ""ON"", ""language"": ""FASTEXPR"", ""visualization"": false}",0,7dbedd08fa35819042c82b5ed4915187fb72db58188f494ffc9b5fe9316e88e1,"group_neutralize(sub(ts_rank(div(anl14_median_ebitda_fy3,cap),#),ts_rank(div(anl14_numofests_revenue_fy4,cap),#)),sector)","group_neutralize(sub(ts_rank(div(FIELD,FIELD),#),ts_rank(div(FIELD,FIELD),#)),sector)",2026-08-02T11:01:56.204483+00:00
arch_spread:primary,arch_spread,proven,7.8,"group_neutralize(ts_rank(anl14_numofests_ebitda_fy5/cap,126)-ts_rank(anl14_numofests_capex_fy4/cap,126),market)","{""instrumentType"": ""EQUITY"", ""region"": ""USA"", ""universe"": ""TOP3000"", ""delay"": 1, ""decay"": 6, ""neutralization"": ""MARKET"", ""truncation"": 0.05, ""pasteurization"": ""ON"", ""unitHandling"": ""VERIFY"", ""nanHandling"": ""ON"", ""language"": ""FASTEXPR"", ""visualization"": false}",0,568bad488defb2ed2d0085f31cec717c964764a6b7c5ebc976b238e66e371641,"group_neutralize(sub(ts_rank(div(anl14_numofests_ebitda_fy5,cap),#),ts_rank(div(anl14_numofests_capex_fy4,cap),#)),market)","group_neutralize(sub(ts_rank(div(FIELD,FIELD),#),ts_rank(div(FIELD,FIELD),#)),market)",2026-08-02T11:01:56.204483+00:00
arch_spread:primary,arch_spread,proven,7.8,"group_neutralize(ts_rank(anl14_numofests_ebitda_fy4/cap,126)-ts_rank(anl14_numofests_ndebt_fp3/cap,126),market)","{""instrumentType"": ""EQUITY"", ""region"": ""USA"", ""universe"": ""TOP3000"", ""delay"": 1, ""decay"": 6, ""neutralization"": ""MARKET"", ""truncation"": 0.05, ""pasteurization"": ""ON"", ""unitHandling"": ""VERIFY"", ""nanHandling"": ""ON"", ""language"": ""FASTEXPR"", ""visualization"": false}",0,086ea8c1993cbf0009db3dfddb9fec03496ba32e1c00a1285bcbd5a4e1ffab6b,"group_neutralize(sub(ts_rank(div(anl14_numofests_ebitda_fy4,cap),#),ts_rank(div(anl14_numofests_ndebt_fp3,cap),#)),market)","group_neutralize(sub(ts_rank(div(FIELD,FIELD),#),ts_rank(div(FIELD,FIELD),#)),market)",2026-08-02T11:01:56.204483+00:00
arch_vol_liq:primary,arch_vol_liq,proven,7.700000000000001,"group_neutralize(-rank(ts_std_dev(returns,126))*rank(ts_mean(volume,63)/adv20),market)","{""instrumentType"": ""EQUITY"", ""region"": ""USA"", ""universe"": ""TOP3000"", ""delay"": 1, ""decay"": 4, ""neutralization"": ""MARKET"", ""truncation"": 0.06, ""pasteurization"": ""ON"", ""unitHandling"": ""VERIFY"", ""nanHandling"": ""ON"", ""language"": ""FASTEXPR"", ""visualization"": false}",0,3a9de6f956db52da97bb7116be1b6b10d4975db837e3aa5a74d5acb36b933665,"group_neutralize(neg(mul(div(ts_mean(volume,#),adv20),ts_std_dev(returns,#))),market)","group_neutralize(neg(mul(div(ts_mean(FIELD,#),FIELD),ts_std_dev(FIELD,#))),market)",2026-08-02T11:01:56.204483+00:00
arch_pv_vol:primary,arch_pv_vol,proven,7.7,"group_neutralize(rank(ts_mean(volume,126)/adv20)*-rank(ts_delta(close,126)),industry)","{""instrumentType"": ""EQUITY"", ""region"": ""USA"", ""universe"": ""TOP3000"", ""delay"": 1, ""decay"": 6, ""neutralization"": ""MARKET"", ""truncation"": 0.06, ""pasteurization"": ""ON"", ""unitHandling"": ""VERIFY"", ""nanHandling"": ""ON"", ""language"": ""FASTEXPR"", ""visualization"": false}",0,e9e30abcb52d4c24d1652b79ed41cbeca09ed7fe2d4f0766e1d14af40982cc0f,"group_neutralize(mul(div(ts_mean(volume,#),adv20),neg(ts_delta(close,#))),industry)","group_neutralize(mul(div(ts_mean(FIELD,#),FIELD),neg(ts_delta(FIELD,#))),industry)",2026-08-02T11:01:56.204483+00:00
arch_pv_vol:primary,arch_pv_vol,proven,7.550000000000001,"group_neutralize(rank(ts_mean(volume,42)/adv20)*-rank(ts_delta(close,126)),sector)","{""instrumentType"": ""EQUITY"", ""region"": ""USA"", ""universe"": ""TOP3000"", ""delay"": 1, ""decay"": 6, ""neutralization"": ""MARKET"", ""truncation"": 0.06, ""pasteurization"": ""ON"", ""unitHandling"": ""VERIFY"", ""nanHandling"": ""ON"", ""language"": ""FASTEXPR"", ""visualization"": false}",0,be18cada7bbc7e0c7256b0a06564fb6291d7c501068cb4658c84a152f02d19ac,"group_neutralize(mul(div(ts_mean(volume,#),adv20),neg(ts_delta(close,#))),sector)","group_neutralize(mul(div(ts_mean(FIELD,#),FIELD),neg(ts_delta(FIELD,#))),sector)",2026-08-02T11:01:56.204483+00:00
arch_pv_vol:primary,arch_pv_vol,proven,7.550000000000001,"group_neutralize(rank(ts_mean(volume,63)/adv20)*-rank(ts_delta(close,126)),industry)","{""instrumentType"": ""EQUITY"", ""region"": ""USA"", ""universe"": ""TOP3000"", ""delay"": 1, ""decay"": 6, ""neutralization"": ""MARKET"", ""truncation"": 0.06, ""pasteurization"": ""ON"", ""unitHandling"": ""VERIFY"", ""nanHandling"": ""ON"", ""language"": ""FASTEXPR"", ""visualization"": false}",0,3ea1e783a47021e99da963c0a7f3871bfd4e0a8acda1756601f4a3c970cd406e,"group_neutralize(mul(div(ts_mean(volume,#),adv20),neg(ts_delta(close,#))),industry)","group_neutralize(mul(div(ts_mean(FIELD,#),FIELD),neg(ts_delta(FIELD,#))),industry)",2026-08-02T11:01:56.204483+00:00
arch_pv_vol:primary,arch_pv_vol,proven,7.550000000000001,"group_neutralize(rank(ts_mean(volume,126)/adv20)*-rank(ts_delta(close,63)),industry)","{""instrumentType"": ""EQUITY"", ""region"": ""USA"", ""universe"": ""TOP3000"", ""delay"": 1, ""decay"": 6, ""neutralization"": ""MARKET"", ""truncation"": 0.06, ""pasteurization"": ""ON"", ""unitHandling"": ""VERIFY"", ""nanHandling"": ""ON"", ""language"": ""FASTEXPR"", ""visualization"": false}",0,6d5dd125b42951e9647eee9211b9bb20594fcee77fdff61f8788d25ff2dffca6,"group_neutralize(mul(div(ts_mean(volume,#),adv20),neg(ts_delta(close,#))),industry)","group_neutralize(mul(div(ts_mean(FIELD,#),FIELD),neg(ts_delta(FIELD,#))),industry)",2026-08-02T11:01:56.204483+00:00
arch_vol_liq:primary,arch_vol_liq,proven,7.5,"group_neutralize(-rank(ts_std_dev(returns,126))*rank(ts_mean(volume,63)/adv20),industry)","{""instrumentType"": ""EQUITY"", ""region"": ""USA"", ""universe"": ""TOP3000"", ""delay"": 1, ""decay"": 4, ""neutralization"": ""MARKET"", ""truncation"": 0.06, ""pasteurization"": ""ON"", ""unitHandling"": ""VERIFY"", ""nanHandling"": ""ON"", ""language"": ""FASTEXPR"", ""visualization"": false}",0,b506500f34a5249e2f316fe8514b9f35309dddbfe70dbf404e86f781ccaf9490,"group_neutralize(neg(mul(div(ts_mean(volume,#),adv20),ts_std_dev(returns,#))),industry)","group_neutralize(neg(mul(div(ts_mean(FIELD,#),FIELD),ts_std_dev(FIELD,#))),industry)",2026-08-02T11:01:56.204483+00:00
arch_delta_ts_rank:primary,arch_delta_ts_rank,proven,7.5,"group_neutralize(ts_rank(ts_delta(anl10_analyst_innovation_eps_revise_ratio_to_close_fy1,126)/cap,126)-0.5,sector)","{""instrumentType"": ""EQUITY"", ""region"": ""USA"", ""universe"": ""TOP3000"", ""delay"": 1, ""decay"": 6, ""neutralization"": ""MARKET"", ""truncation"": 0.05, ""pasteurization"": ""ON"", ""unitHandling"": ""VERIFY"", ""nanHandling"": ""ON"", ""language"": ""FASTEXPR"", ""visualization"": false}",0,d896785cad5bb43c5a468c734631fcc725b8680feafe8fa42781929050b65c37,"group_neutralize(sub(ts_rank(div(ts_delta(anl10_analyst_innovation_eps_revise_ratio_to_close_fy1,#),cap),#),#),sector)","group_neutralize(sub(ts_rank(div(ts_delta(FIELD,#),FIELD),#),#),sector)",2026-08-02T11:01:56.204483+00:00
arch_delta_ts_rank:primary,arch_delta_ts_rank,proven,7.5,"group_neutralize(ts_rank(ts_delta(anl10_analyst_innovation_eps_revise_ratio_to_close_fq2,126)/cap,126)-0.5,sector)","{""instrumentType"": ""EQUITY"", ""region"": ""USA"", ""universe"": ""TOP3000"", ""delay"": 1, ""decay"": 6, ""neutralization"": ""MARKET"", ""truncation"": 0.05, ""pasteurization"": ""ON"", ""unitHandling"": ""VERIFY"", ""nanHandling"": ""ON"", ""language"": ""FASTEXPR"", ""visualization"": false}",0,cb6bab61c0239af398f06eed1f1179a939cbe071bd660ad61def781265bec224,"group_neutralize(sub(ts_rank(div(ts_delta(anl10_analyst_innovation_eps_revise_ratio_to_close_fq2,#),cap),#),#),sector)","group_neutralize(sub(ts_rank(div(ts_delta(FIELD,#),FIELD),#),#),sector)",2026-08-02T11:01:56.204483+00:00
arch_delta_ts_rank:primary,arch_delta_ts_rank,proven,7.5,"group_neutralize(ts_rank(ts_delta(anl10_analyst_innovation_eps_revise_ratio_to_close_fy2,126)/cap,126)-0.5,industry)","{""instrumentType"": ""EQUITY"", ""region"": ""USA"", ""universe"": ""TOP3000"", ""delay"": 1, ""decay"": 6, ""neutralization"": ""MARKET"", ""truncation"": 0.05, ""pasteurization"": ""ON"", ""unitHandling"": ""VERIFY"", ""nanHandling"": ""ON"", ""language"": ""FASTEXPR"", ""visualization"": false}",0,345013588029f6f1efd26daead2f0a601ac95ad0c6792304dedc659d37d4b878,"group_neutralize(sub(ts_rank(div(ts_delta(anl10_analyst_innovation_eps_revise_ratio_to_close_fy2,#),cap),#),#),industry)","group_neutralize(sub(ts_rank(div(ts_delta(FIELD,#),FIELD),#),#),industry)",2026-08-02T11:01:56.204483+00:00
arch_delta_ts_rank:primary,arch_delta_ts_rank,proven,7.5,"group_neutralize(ts_rank(ts_delta(anl10_analyst_innovation_eps_revise_ratio_to_close_fq1,126)/cap,126)-0.5,industry)","{""instrumentType"": ""EQUITY"", ""region"": ""USA"", ""universe"": ""TOP3000"", ""delay"": 1, ""decay"": 6, ""neutralization"": ""MARKET"", ""truncation"": 0.05, ""pasteurization"": ""ON"", ""unitHandling"": ""VERIFY"", ""nanHandling"": ""ON"", ""language"": ""FASTEXPR"", ""visualization"": false}",0,cec72d88ebfc558af73d8d665ba0d36687fd0d2fac1d15b74b830cbfa7ffc15b,"group_neutralize(sub(ts_rank(div(ts_delta(anl10_analyst_innovation_eps_revise_ratio_to_close_fq1,#),cap),#),#),industry)","group_neutralize(sub(ts_rank(div(ts_delta(FIELD,#),FIELD),#),#),industry)",2026-08-02T11:01:56.204483+00:00
arch_delta_ts_rank:primary,arch_delta_ts_rank,proven,7.5,"group_neutralize(ts_rank(ts_delta(anl10_analyst_innovation_eps_revise_ratio_to_consensus_fy1,126)/cap,126)-0.5,market)","{""instrumentType"": ""EQUITY"", ""region"": ""USA"", ""universe"": ""TOP3000"", ""delay"": 1, ""decay"": 6, ""neutralization"": ""MARKET"", ""truncation"": 0.05, ""pasteurization"": ""ON"", ""unitHandling"": ""VERIFY"", ""nanHandling"": ""ON"", ""language"": ""FASTEXPR"", ""visualization"": false}",0,9b7287349a3bc289fe6069b87d3f39bd583a97d3d4c516cad8b2ee7f3d65512a,"group_neutralize(sub(ts_rank(div(ts_delta(anl10_analyst_innovation_eps_revise_ratio_to_consensus_fy1,#),cap),#),#),market)","group_neutralize(sub(ts_rank(div(ts_delta(FIELD,#),FIELD),#),#),market)",2026-08-02T11:01:56.204483+00:00
arch_delta_ts_rank:primary,arch_delta_ts_rank,proven,7.5,"group_neutralize(ts_rank(ts_delta(anl10_analyst_innovation_eps_revise_ratio_to_consensus_fy2,126)/cap,126)-0.5,market)","{""instrumentType"": ""EQUITY"", ""region"": ""USA"", ""universe"": ""TOP3000"", ""delay"": 1, ""decay"": 6, ""neutralization"": ""MARKET"", ""truncation"": 0.05, ""pasteurization"": ""ON"", ""unitHandling"": ""VERIFY"", ""nanHandling"": ""ON"", ""language"": ""FASTEXPR"", ""visualization"": false}",0,8eac88a1add63bf4bd44acfdf4e50506cb7059ba67345180de477ef9fa5bb302,"group_neutralize(sub(ts_rank(div(ts_delta(anl10_analyst_innovation_eps_revise_ratio_to_consensus_fy2,#),cap),#),#),market)","group_neutralize(sub(ts_rank(div(ts_delta(FIELD,#),FIELD),#),#),market)",2026-08-02T11:01:56.204483+00:00
arch_delta_ts_rank:primary,arch_delta_ts_rank,proven,7.5,"group_neutralize(ts_rank(ts_delta(anl10_analyst_innovation_eps_revise_ratio_to_consensus_fq1,126)/cap,126)-0.5,market)","{""instrumentType"": ""EQUITY"", ""region"": ""USA"", ""universe"": ""TOP3000"", ""delay"": 1, ""decay"": 6, ""neutralization"": ""MARKET"", ""truncation"": 0.05, ""pasteurization"": ""ON"", ""unitHandling"": ""VERIFY"", ""nanHandling"": ""ON"", ""language"": ""FASTEXPR"", ""visualization"": false}",0,554eda3ec5db6031b6ecfb48b0063fc23b57d8034341180a0ccb0921291d18d3,"group_neutralize(sub(ts_rank(div(ts_delta(anl10_analyst_innovation_eps_revise_ratio_to_consensus_fq1,#),cap),#),#),market)","group_neutralize(sub(ts_rank(div(ts_delta(FIELD,#),FIELD),#),#),market)",2026-08-02T11:01:56.204483+00:00
arch_delta_ts_rank:primary,arch_delta_ts_rank,proven,7.5,"group_neutralize(ts_rank(ts_delta(anl10_analyst_innovation_eps_revise_ratio_to_consensus_fq2,126)/cap,126)-0.5,market)","{""instrumentType"": ""EQUITY"", ""region"": ""USA"", ""universe"": ""TOP3000"", ""delay"": 1, ""decay"": 6, ""neutralization"": ""MARKET"", ""truncation"": 0.05, ""pasteurization"": ""ON"", ""unitHandling"": ""VERIFY"", ""nanHandling"": ""ON"", ""language"": ""FASTEXPR"", ""visualization"": false}",0,842724866bc3699a454cf12fc528c5519d811748409f1dbe415a92ecbb1a8892,"group_neutralize(sub(ts_rank(div(ts_delta(anl10_analyst_innovation_eps_revise_ratio_to_consensus_fq2,#),cap),#),#),market)","group_neutralize(sub(ts_rank(div(ts_delta(FIELD,#),FIELD),#),#),market)",2026-08-02T11:01:56.204483+00:00
arch_pv_vol:primary,arch_pv_vol,proven,7.45,"group_neutralize(rank(ts_mean(volume,42)/adv20)*-rank(ts_delta(close,126)),industry)","{""instrumentType"": ""EQUITY"", ""region"": ""USA"", ""universe"": ""TOP3000"", ""delay"": 1, ""decay"": 6, ""neutralization"": ""MARKET"", ""truncation"": 0.06, ""pasteurization"": ""ON"", ""unitHandling"": ""VERIFY"", ""nanHandling"": ""ON"", ""language"": ""FASTEXPR"", ""visualization"": false}",0,8a5ab17e11748f2b77116efa80720b6be819c803797e6eb149273e0dd616ed84,"group_neutralize(mul(div(ts_mean(volume,#),adv20),neg(ts_delta(close,#))),industry)","group_neutralize(mul(div(ts_mean(FIELD,#),FIELD),neg(ts_delta(FIELD,#))),industry)",2026-08-02T11:01:56.204483+00:00
arch_vol_liq:primary,arch_vol_liq,proven,7.45,"group_neutralize(-rank(ts_std_dev(returns,63))*rank(ts_mean(volume,63)/adv20),market)","{""instrumentType"": ""EQUITY"", ""region"": ""USA"", ""universe"": ""TOP3000"", ""delay"": 1, ""decay"": 4, ""neutralization"": ""MARKET"", ""truncation"": 0.06, ""pasteurization"": ""ON"", ""unitHandling"": ""VERIFY"", ""nanHandling"": ""ON"", ""language"": ""FASTEXPR"", ""visualization"": false}",0,c36b03000f05900f8ad0230a10f6f35617bfcde86a46d0577181407f91949abf,"group_neutralize(neg(mul(div(ts_mean(volume,#),adv20),ts_std_dev(returns,#))),market)","group_neutralize(neg(mul(div(ts_mean(FIELD,#),FIELD),ts_std_dev(FIELD,#))),market)",2026-08-02T11:01:56.204483+00:00
arch_vol_liq:primary,arch_vol_liq,proven,7.45,"group_neutralize(-rank(ts_std_dev(returns,63))*rank(ts_mean(volume,63)/adv20),sector)","{""instrumentType"": ""EQUITY"", ""region"": ""USA"", ""universe"": ""TOP3000"", ""delay"": 1, ""decay"": 4, ""neutralization"": ""MARKET"", ""truncation"": 0.06, ""pasteurization"": ""ON"", ""unitHandling"": ""VERIFY"", ""nanHandling"": ""ON"", ""language"": ""FASTEXPR"", ""visualization"": false}",0,c5b05e567610affe9f0e4a453c06bd130a1cdc380624041fc4559927e0d77848,"group_neutralize(neg(mul(div(ts_mean(volume,#),adv20),ts_std_dev(returns,#))),sector)","group_neutralize(neg(mul(div(ts_mean(FIELD,#),FIELD),ts_std_dev(FIELD,#))),sector)",2026-08-02T11:01:56.204483+00:00
arch_pv_vol:primary,arch_pv_vol,proven,7.4,"group_neutralize(rank(ts_mean(volume,63)/adv20)*-rank(ts_delta(close,63)),industry)","{""instrumentType"": ""EQUITY"", ""region"": ""USA"", ""universe"": ""TOP3000"", ""delay"": 1, ""decay"": 6, ""neutralization"": ""MARKET"", ""truncation"": 0.06, ""pasteurization"": ""ON"", ""unitHandling"": ""VERIFY"", ""nanHandling"": ""ON"", ""language"": ""FASTEXPR"", ""visualization"": false}",0,8c6cde19aa21d596350f6f0ee4d3f1626c70b92cc4ae7c3790718527b0343933,"group_neutralize(mul(div(ts_mean(volume,#),adv20),neg(ts_delta(close,#))),industry)","group_neutralize(mul(div(ts_mean(FIELD,#),FIELD),neg(ts_delta(FIELD,#))),industry)",2026-08-02T11:01:56.204483+00:00
arch_pv_vol:primary,arch_pv_vol,proven,7.300000000000001,"group_neutralize(rank(ts_mean(volume,42)/adv20)*-rank(ts_delta(close,63)),industry)","{""instrumentType"": ""EQUITY"", ""region"": ""USA"", ""universe"": ""TOP3000"", ""delay"": 1, ""decay"": 6, ""neutralization"": ""MARKET"", ""truncation"": 0.06, ""pasteurization"": ""ON"", ""unitHandling"": ""VERIFY"", ""nanHandling"": ""ON"", ""language"": ""FASTEXPR"", ""visualization"": false}",0,2b6b5d1ba6147ba4a791f57e7e5c5d039938d88a372421c43599021e4725fb40,"group_neutralize(mul(div(ts_mean(volume,#),adv20),neg(ts_delta(close,#))),industry)","group_neutralize(mul(div(ts_mean(FIELD,#),FIELD),neg(ts_delta(FIELD,#))),industry)",2026-08-02T11:01:56.204483+00:00
arch_level_liquid:primary,arch_level_liquid,proven,7.3,"(group_rank(anl10_epsrevise_ratio_to_close_fy2/cap,sector)-0.5)*rank(ts_mean(volume,63)/adv20)","{""instrumentType"": ""EQUITY"", ""region"": ""USA"", ""universe"": ""TOP3000"", ""delay"": 1, ""decay"": 4, ""neutralization"": ""MARKET"", ""truncation"": 0.05, ""pasteurization"": ""ON"", ""unitHandling"": ""VERIFY"", ""nanHandling"": ""ON"", ""language"": ""FASTEXPR"", ""visualization"": false}",0,2df19036c9337a8c276ee14928b7b270e80dc7bc74b2d6f427cc494922944953,"mul(div(ts_mean(volume,#),adv20),sub(group_rank(div(anl10_epsrevise_ratio_to_close_fy2,cap),sector),#))","mul(div(ts_mean(FIELD,#),FIELD),sub(group_rank(div(FIELD,FIELD),sector),#))",2026-08-02T11:01:56.204483+00:00
arch_level_liquid:primary,arch_level_liquid,proven,7.3,"(group_rank(anl10_epsrevise_ratio_to_close_fy1/cap,sector)-0.5)*rank(ts_mean(volume,63)/adv20)","{""instrumentType"": ""EQUITY"", ""region"": ""USA"", ""universe"": ""TOP3000"", ""delay"": 1, ""decay"": 4, ""neutralization"": ""MARKET"", ""truncation"": 0.05, ""pasteurization"": ""ON"", ""unitHandling"": ""VERIFY"", ""nanHandling"": ""ON"", ""language"": ""FASTEXPR"", ""visualization"": false}",0,bc102a47da5d9e52b16af5021964fa48b5537d622cf278fe0a6ced42cf0197fd,"mul(div(ts_mean(volume,#),adv20),sub(group_rank(div(anl10_epsrevise_ratio_to_close_fy1,cap),sector),#))","mul(div(ts_mean(FIELD,#),FIELD),sub(group_rank(div(FIELD,FIELD),sector),#))",2026-08-02T11:01:56.204483+00:00
arch_level_liquid:primary,arch_level_liquid,proven,7.3,"(group_rank(anl10_epsrevise_ratio_to_consensus_fy1/cap,market)-0.5)*rank(ts_mean(volume,63)/adv20)","{""instrumentType"": ""EQUITY"", ""region"": ""USA"", ""universe"": ""TOP3000"", ""delay"": 1, ""decay"": 4, ""neutralization"": ""MARKET"", ""truncation"": 0.05, ""pasteurization"": ""ON"", ""unitHandling"": ""VERIFY"", ""nanHandling"": ""ON"", ""language"": ""FASTEXPR"", ""visualization"": false}",0,a461123c85f568ea49b0ba7c500edffbef0322a48cdc1dc40e4f415e2a7fa1d0,"mul(div(ts_mean(volume,#),adv20),sub(group_rank(div(anl10_epsrevise_ratio_to_consensus_fy1,cap),market),#))","mul(div(ts_mean(FIELD,#),FIELD),sub(group_rank(div(FIELD,FIELD),market),#))",2026-08-02T11:01:56.204483+00:00
arch_level_liquid:primary,arch_level_liquid,proven,7.3,"(group_rank(anl10_epsrevise_ratio_to_consensus_fy2/cap,sector)-0.5)*rank(ts_mean(volume,63)/adv20)","{""instrumentType"": ""EQUITY"", ""region"": ""USA"", ""universe"": ""TOP3000"", ""delay"": 1, ""decay"": 4, ""neutralization"": ""MARKET"", ""truncation"": 0.05, ""pasteurization"": ""ON"", ""unitHandling"": ""VERIFY"", ""nanHandling"": ""ON"", ""language"": ""FASTEXPR"", ""visualization"": false}",0,195dbd89eb8d9e39f8fbe62d3a34ba1538f1922ab90fb80f0c48ffb3e2812520,"mul(div(ts_mean(volume,#),adv20),sub(group_rank(div(anl10_epsrevise_ratio_to_consensus_fy2,cap),sector),#))","mul(div(ts_mean(FIELD,#),FIELD),sub(group_rank(div(FIELD,FIELD),sector),#))",2026-08-02T11:01:56.204483+00:00
arch_level_liquid:primary,arch_level_liquid,proven,7.3,"(group_rank(anl10_epsrevise_ratio_to_consensus_fq1/cap,sector)-0.5)*rank(ts_mean(volume,63)/adv20)","{""instrumentType"": ""EQUITY"", ""region"": ""USA"", ""universe"": ""TOP3000"", ""delay"": 1, ""decay"": 4, ""neutralization"": ""MARKET"", ""truncation"": 0.05, ""pasteurization"": ""ON"", ""unitHandling"": ""VERIFY"", ""nanHandling"": ""ON"", ""language"": ""FASTEXPR"", ""visualization"": false}",0,4f801e80135d14103708a9e21e0190d62bcec8afe2b8f46af7ead4d591d8691e,"mul(div(ts_mean(volume,#),adv20),sub(group_rank(div(anl10_epsrevise_ratio_to_consensus_fq1,cap),sector),#))","mul(div(ts_mean(FIELD,#),FIELD),sub(group_rank(div(FIELD,FIELD),sector),#))",2026-08-02T11:01:56.204483+00:00
arch_level_liquid:primary,arch_level_liquid,proven,7.3,"(group_rank(anl10_epsrevise_ratio_to_consensus_fq2/cap,market)-0.5)*rank(ts_mean(volume,63)/adv20)","{""instrumentType"": ""EQUITY"", ""region"": ""USA"", ""universe"": ""TOP3000"", ""delay"": 1, ""decay"": 4, ""neutralization"": ""MARKET"", ""truncation"": 0.05, ""pasteurization"": ""ON"", ""unitHandling"": ""VERIFY"", ""nanHandling"": ""ON"", ""language"": ""FASTEXPR"", ""visualization"": false}",0,21ed10981c95d9250f4d1ed09f93121e56c907b67437d33eb971c0b8b6e4abd0,"mul(div(ts_mean(volume,#),adv20),sub(group_rank(div(anl10_epsrevise_ratio_to_consensus_fq2,cap),market),#))","mul(div(ts_mean(FIELD,#),FIELD),sub(group_rank(div(FIELD,FIELD),market),#))",2026-08-02T11:01:56.204483+00:00
arch_level_liquid:primary,arch_level_liquid,proven,7.3,"(group_rank(anl10_analyst_innovation_eps_revise_value_fy1/cap,market)-0.5)*rank(ts_mean(volume,63)/adv20)","{""instrumentType"": ""EQUITY"", ""region"": ""USA"", ""universe"": ""TOP3000"", ""delay"": 1, ""decay"": 4, ""neutralization"": ""MARKET"", ""truncation"": 0.05, ""pasteurization"": ""ON"", ""unitHandling"": ""VERIFY"", ""nanHandling"": ""ON"", ""language"": ""FASTEXPR"", ""visualization"": false}",0,9216775e7bae9e451425b2244bd3ab4faa004511f693437e19663585227c3ed0,"mul(div(ts_mean(volume,#),adv20),sub(group_rank(div(anl10_analyst_innovation_eps_revise_value_fy1,cap),market),#))","mul(div(ts_mean(FIELD,#),FIELD),sub(group_rank(div(FIELD,FIELD),market),#))",2026-08-02T11:01:56.204483+00:00
arch_level_liquid:primary,arch_level_liquid,proven,7.3,"(group_rank(anl10_analyst_innovation_eps_normal_increase_fy1/cap,industry)-0.5)*rank(ts_mean(volume,63)/adv20)","{""instrumentType"": ""EQUITY"", ""region"": ""USA"", ""universe"": ""TOP3000"", ""delay"": 1, ""decay"": 4, ""neutralization"": ""MARKET"", ""truncation"": 0.05, ""pasteurization"": ""ON"", ""unitHandling"": ""VERIFY"", ""nanHandling"": ""ON"", ""language"": ""FASTEXPR"", ""visualization"": false}",0,1b2b8de230bbc04c85e27c96a4eb91028f95bdf0b7e891b4e0b2cda31cdc81c5,"mul(div(ts_mean(volume,#),adv20),sub(group_rank(div(anl10_analyst_innovation_eps_normal_increase_fy1,cap),industry),#))","mul(div(ts_mean(FIELD,#),FIELD),sub(group_rank(div(FIELD,FIELD),industry),#))",2026-08-02T11:01:56.204483+00:00
arch_vol_liq:primary,arch_vol_liq,proven,7.25,"group_neutralize(-rank(ts_std_dev(returns,42))*rank(ts_mean(volume,63)/adv20),market)","{""instrumentType"": ""EQUITY"", ""region"": ""USA"", ""universe"": ""TOP3000"", ""delay"": 1, ""decay"": 4, ""neutralization"": ""MARKET"", ""truncation"": 0.06, ""pasteurization"": ""ON"", ""unitHandling"": ""VERIFY"", ""nanHandling"": ""ON"", ""language"": ""FASTEXPR"", ""visualization"": false}",0,75a59b5939e0f614a7c9d749fe26bc6ff24ce53800acbdb4f68222f0944d5fd9,"group_neutralize(neg(mul(div(ts_mean(volume,#),adv20),ts_std_dev(returns,#))),market)","group_neutralize(neg(mul(div(ts_mean(FIELD,#),FIELD),ts_std_dev(FIELD,#))),market)",2026-08-02T11:01:56.204483+00:00
arch_vol_liq:primary,arch_vol_liq,proven,7.25,"group_neutralize(-rank(ts_std_dev(returns,42))*rank(ts_mean(volume,63)/adv20),sector)","{""instrumentType"": ""EQUITY"", ""region"": ""USA"", ""universe"": ""TOP3000"", ""delay"": 1, ""decay"": 4, ""neutralization"": ""MARKET"", ""truncation"": 0.06, ""pasteurization"": ""ON"", ""unitHandling"": ""VERIFY"", ""nanHandling"": ""ON"", ""language"": ""FASTEXPR"", ""visualization"": false}",0,bbc98ced0d3424b96f55a0779ac1859a26a85a8e739e307ff16c714f1475c8ab,"group_neutralize(neg(mul(div(ts_mean(volume,#),adv20),ts_std_dev(returns,#))),sector)","group_neutralize(neg(mul(div(ts_mean(FIELD,#),FIELD),ts_std_dev(FIELD,#))),sector)",2026-08-02T11:01:56.204483+00:00
arch_vol_liq:primary,arch_vol_liq,proven,7.25,"group_neutralize(-rank(ts_std_dev(returns,63))*rank(ts_mean(volume,63)/adv20),industry)","{""instrumentType"": ""EQUITY"", ""region"": ""USA"", ""universe"": ""TOP3000"", ""delay"": 1, ""decay"": 4, ""neutralization"": ""MARKET"", ""truncation"": 0.06, ""pasteurization"": ""ON"", ""unitHandling"": ""VERIFY"", ""nanHandling"": ""ON"", ""language"": ""FASTEXPR"", ""visualization"": false}",0,79ed35deedf682333c61f4da4072b69f04f83013a0c434fc6df964d2dc045ddc,"group_neutralize(neg(mul(div(ts_mean(volume,#),adv20),ts_std_dev(returns,#))),industry)","group_neutralize(neg(mul(div(ts_mean(FIELD,#),FIELD),ts_std_dev(FIELD,#))),industry)",2026-08-02T11:01:56.204483+00:00
arch_vol_liq:primary,arch_vol_liq,proven,7.050000000000001,"group_neutralize(-rank(ts_std_dev(returns,42))*rank(ts_mean(volume,63)/adv20),industry)","{""instrumentType"": ""EQUITY"", ""region"": ""USA"", ""universe"": ""TOP3000"", ""delay"": 1, ""decay"": 4, ""neutralization"": ""MARKET"", ""truncation"": 0.06, ""pasteurization"": ""ON"", ""unitHandling"": ""VERIFY"", ""nanHandling"": ""ON"", ""language"": ""FASTEXPR"", ""visualization"": false}",0,02a0d6444f005dba3df5527e77b056ea2ff6136ce732a1dbaa75fc7c66e8e684,"group_neutralize(neg(mul(div(ts_mean(volume,#),adv20),ts_std_dev(returns,#))),industry)","group_neutralize(neg(mul(div(ts_mean(FIELD,#),FIELD),ts_std_dev(FIELD,#))),industry)",2026-08-02T11:01:56.204483+00:00
arch_regime_shift:primary,arch_regime_shift,proven,7.050000000000001,"group_neutralize(ts_zscore(anl10_roeff_2323/cap,126)-ts_zscore(anl10_roeff_2323/cap,252),industry)","{""instrumentType"": ""EQUITY"", ""region"": ""USA"", ""universe"": ""TOP3000"", ""delay"": 1, ""decay"": 6, ""neutralization"": ""MARKET"", ""truncation"": 0.05, ""pasteurization"": ""ON"", ""unitHandling"": ""VERIFY"", ""nanHandling"": ""ON"", ""language"": ""FASTEXPR"", ""visualization"": false}",0,cac1c705ef2172c7d61f196b2a5b9af928fc13f689fedf97031383a9e2fd4cfc,"group_neutralize(sub(ts_zscore(div(anl10_roeff_2323,cap),#),ts_zscore(div(anl10_roeff_2323,cap),#)),industry)","group_neutralize(sub(ts_zscore(div(FIELD,FIELD),#),ts_zscore(div(FIELD,FIELD),#)),industry)",2026-08-02T11:01:56.204483+00:00
arch_regime_shift:primary,arch_regime_shift,proven,7.050000000000001,"group_neutralize(ts_zscore(anl10_smartest_roe_ff/cap,126)-ts_zscore(anl10_smartest_roe_ff/cap,252),market)","{""instrumentType"": ""EQUITY"", ""region"": ""USA"", ""universe"": ""TOP3000"", ""delay"": 1, ""decay"": 6, ""neutralization"": ""MARKET"", ""truncation"": 0.05, ""pasteurization"": ""ON"", ""unitHandling"": ""VERIFY"", ""nanHandling"": ""ON"", ""language"": ""FASTEXPR"", ""visualization"": false}",0,1e0aea71b938eeabd226abbefc648ae82ad2e27ac9dd540b86674bdcdc99cd5a,"group_neutralize(sub(ts_zscore(div(anl10_smartest_roe_ff,cap),#),ts_zscore(div(anl10_smartest_roe_ff,cap),#)),market)","group_neutralize(sub(ts_zscore(div(FIELD,FIELD),#),ts_zscore(div(FIELD,FIELD),#)),market)",2026-08-02T11:01:56.204483+00:00
arch_regime_shift:primary,arch_regime_shift,proven,7.050000000000001,"group_neutralize(ts_zscore(anl10_smartest_roa_ff/cap,126)-ts_zscore(anl10_smartest_roa_ff/cap,252),sector)","{""instrumentType"": ""EQUITY"", ""region"": ""USA"", ""universe"": ""TOP3000"", ""delay"": 1, ""decay"": 6, ""neutralization"": ""MARKET"", ""truncation"": 0.05, ""pasteurization"": ""ON"", ""unitHandling"": ""VERIFY"", ""nanHandling"": ""ON"", ""language"": ""FASTEXPR"", ""visualization"": false}",0,88b666a343dba8a677c88b1f8bec71e185057717c42add73a4c10bd8a218a527,"group_neutralize(sub(ts_zscore(div(anl10_smartest_roa_ff,cap),#),ts_zscore(div(anl10_smartest_roa_ff,cap),#)),sector)","group_neutralize(sub(ts_zscore(div(FIELD,FIELD),#),ts_zscore(div(FIELD,FIELD),#)),sector)",2026-08-02T11:01:56.204483+00:00
arch_vwap_vol:primary,arch_vwap_vol,proven,7.0,"group_neutralize(rank((vwap-close)/close)*rank(ts_mean(volume,126)/adv20),market)","{""instrumentType"": ""EQUITY"", ""region"": ""USA"", ""universe"": ""TOP3000"", ""delay"": 1, ""decay"": 6, ""neutralization"": ""MARKET"", ""truncation"": 0.06, ""pasteurization"": ""ON"", ""unitHandling"": ""VERIFY"", ""nanHandling"": ""ON"", ""language"": ""FASTEXPR"", ""visualization"": false}",0,3959948357639b253e3c1af7f1632f3099c5c3172ec4d922df65b002bd4d632d,"group_neutralize(mul(div(sub(vwap,close),close),div(ts_mean(volume,#),adv20)),market)","group_neutralize(mul(div(sub(FIELD,FIELD),FIELD),div(ts_mean(FIELD,#),FIELD)),market)",2026-08-02T11:01:56.204483+00:00
arch_vwap_vol:primary,arch_vwap_vol,proven,7.0,"group_neutralize(rank((vwap-close)/close)*rank(ts_mean(volume,126)/adv20),sector)","{""instrumentType"": ""EQUITY"", ""region"": ""USA"", ""universe"": ""TOP3000"", ""delay"": 1, ""decay"": 6, ""neutralization"": ""MARKET"", ""truncation"": 0.06, ""pasteurization"": ""ON"", ""unitHandling"": ""VERIFY"", ""nanHandling"": ""ON"", ""language"": ""FASTEXPR"", ""visualization"": false}",0,fc5f47f91ee8ad5cc465feadc7284b16b8f1a9439ec14c226dff4cad074df4ca,"group_neutralize(mul(div(sub(vwap,close),close),div(ts_mean(volume,#),adv20)),sector)","group_neutralize(mul(div(sub(FIELD,FIELD),FIELD),div(ts_mean(FIELD,#),FIELD)),sector)",2026-08-02T11:01:56.204483+00:00
arch_regime_shift:primary,arch_regime_shift,proven,6.9,"group_neutralize(ts_zscore(anl10_roeff_2323/cap,63)-ts_zscore(anl10_roeff_2323/cap,252),industry)","{""instrumentType"": ""EQUITY"", ""region"": ""USA"", ""universe"": ""TOP3000"", ""delay"": 1, ""decay"": 6, ""neutralization"": ""MARKET"", ""truncation"": 0.05, ""pasteurization"": ""ON"", ""unitHandling"": ""VERIFY"", ""nanHandling"": ""ON"", ""language"": ""FASTEXPR"", ""visualization"": false}",0,8b3ba775e17d9348a0fd6c2bb0b68f3e9e788cab8d06db71fe61f5c02fbd8309,"group_neutralize(sub(ts_zscore(div(anl10_roeff_2323,cap),#),ts_zscore(div(anl10_roeff_2323,cap),#)),industry)","group_neutralize(sub(ts_zscore(div(FIELD,FIELD),#),ts_zscore(div(FIELD,FIELD),#)),industry)",2026-08-02T11:01:56.204483+00:00
arch_regime_shift:primary,arch_regime_shift,proven,6.9,"group_neutralize(ts_zscore(anl10_smartest_roe_ff/cap,63)-ts_zscore(anl10_smartest_roe_ff/cap,252),market)","{""instrumentType"": ""EQUITY"", ""region"": ""USA"", ""universe"": ""TOP3000"", ""delay"": 1, ""decay"": 6, ""neutralization"": ""MARKET"", ""truncation"": 0.05, ""pasteurization"": ""ON"", ""unitHandling"": ""VERIFY"", ""nanHandling"": ""ON"", ""language"": ""FASTEXPR"", ""visualization"": false}",0,39f4836fdf568a45a85f190edbae1bd180bb994123f5643a6372122d05826448,"group_neutralize(sub(ts_zscore(div(anl10_smartest_roe_ff,cap),#),ts_zscore(div(anl10_smartest_roe_ff,cap),#)),market)","group_neutralize(sub(ts_zscore(div(FIELD,FIELD),#),ts_zscore(div(FIELD,FIELD),#)),market)",2026-08-02T11:01:56.204483+00:00
arch_regime_shift:primary,arch_regime_shift,proven,6.9,"group_neutralize(ts_zscore(anl10_smartest_roa_ff/cap,63)-ts_zscore(anl10_smartest_roa_ff/cap,252),sector)","{""instrumentType"": ""EQUITY"", ""region"": ""USA"", ""universe"": ""TOP3000"", ""delay"": 1, ""decay"": 6, ""neutralization"": ""MARKET"", ""truncation"": 0.05, ""pasteurization"": ""ON"", ""unitHandling"": ""VERIFY"", ""nanHandling"": ""ON"", ""language"": ""FASTEXPR"", ""visualization"": false}",0,993c969d797988f0aa9c9b5203255a19c020ba57c35af9c32cc7ce42fdfa94e3,"group_neutralize(sub(ts_zscore(div(anl10_smartest_roa_ff,cap),#),ts_zscore(div(anl10_smartest_roa_ff,cap),#)),sector)","group_neutralize(sub(ts_zscore(div(FIELD,FIELD),#),ts_zscore(div(FIELD,FIELD),#)),sector)",2026-08-02T11:01:56.204483+00:00
arch_vwap_vol:primary,arch_vwap_vol,proven,6.85,"group_neutralize(rank((vwap-close)/close)*rank(ts_mean(volume,63)/adv20),market)","{""instrumentType"": ""EQUITY"", ""region"": ""USA"", ""universe"": ""TOP3000"", ""delay"": 1, ""decay"": 6, ""neutralization"": ""MARKET"", ""truncation"": 0.06, ""pasteurization"": ""ON"", ""unitHandling"": ""VERIFY"", ""nanHandling"": ""ON"", ""language"": ""FASTEXPR"", ""visualization"": false}",0,9e3d01dfd3e21db217ffe6c87269fa1acf45f5072cb6238525c29aae3078eeed,"group_neutralize(mul(div(sub(vwap,close),close),div(ts_mean(volume,#),adv20)),market)","group_neutralize(mul(div(sub(FIELD,FIELD),FIELD),div(ts_mean(FIELD,#),FIELD)),market)",2026-08-02T11:01:56.204483+00:00
arch_vwap_vol:primary,arch_vwap_vol,proven,6.85,"group_neutralize(rank((vwap-close)/close)*rank(ts_mean(volume,63)/adv20),sector)","{""instrumentType"": ""EQUITY"", ""region"": ""USA"", ""universe"": ""TOP3000"", ""delay"": 1, ""decay"": 6, ""neutralization"": ""MARKET"", ""truncation"": 0.06, ""pasteurization"": ""ON"", ""unitHandling"": ""VERIFY"", ""nanHandling"": ""ON"", ""language"": ""FASTEXPR"", ""visualization"": false}",0,6d970cd0bc0caf3b6abdcd926b36eddb34056722c80c40e435578b6d6d15be33,"group_neutralize(mul(div(sub(vwap,close),close),div(ts_mean(volume,#),adv20)),sector)","group_neutralize(mul(div(sub(FIELD,FIELD),FIELD),div(ts_mean(FIELD,#),FIELD)),sector)",2026-08-02T11:01:56.204483+00:00
arch_vwap_vol:primary,arch_vwap_vol,proven,6.800000000000001,"group_neutralize(rank((vwap-close)/close)*rank(ts_mean(volume,126)/adv20),industry)","{""instrumentType"": ""EQUITY"", ""region"": ""USA"", ""universe"": ""TOP3000"", ""delay"": 1, ""decay"": 6, ""neutralization"": ""MARKET"", ""truncation"": 0.06, ""pasteurization"": ""ON"", ""unitHandling"": ""VERIFY"", ""nanHandling"": ""ON"", ""language"": ""FASTEXPR"", ""visualization"": false}",0,98af5506477fedee3ddc8550f309191d0f2217c15ddf4fc2b711a00010dbf12f,"group_neutralize(mul(div(sub(vwap,close),close),div(ts_mean(volume,#),adv20)),industry)","group_neutralize(mul(div(sub(FIELD,FIELD),FIELD),div(ts_mean(FIELD,#),FIELD)),industry)",2026-08-02T11:01:56.204483+00:00
arch_regime_shift:primary,arch_regime_shift,proven,6.75,"group_neutralize(ts_zscore(anl10_smartest_roe_ff/cap,63)-ts_zscore(anl10_smartest_roe_ff/cap,126),market)","{""instrumentType"": ""EQUITY"", ""region"": ""USA"", ""universe"": ""TOP3000"", ""delay"": 1, ""decay"": 6, ""neutralization"": ""MARKET"", ""truncation"": 0.05, ""pasteurization"": ""ON"", ""unitHandling"": ""VERIFY"", ""nanHandling"": ""ON"", ""language"": ""FASTEXPR"", ""visualization"": false}",0,1f964ce19dd243d42076b6b8a76946d9f482a182f758be5d8f09edb3dc04ab59,"group_neutralize(sub(ts_zscore(div(anl10_smartest_roe_ff,cap),#),ts_zscore(div(anl10_smartest_roe_ff,cap),#)),market)","group_neutralize(sub(ts_zscore(div(FIELD,FIELD),#),ts_zscore(div(FIELD,FIELD),#)),market)",2026-08-02T11:01:56.204483+00:00
arch_regime_shift:primary,arch_regime_shift,proven,6.75,"group_neutralize(ts_zscore(anl10_smartest_roa_ff/cap,63)-ts_zscore(anl10_smartest_roa_ff/cap,126),sector)","{""instrumentType"": ""EQUITY"", ""region"": ""USA"", ""universe"": ""TOP3000"", ""delay"": 1, ""decay"": 6, ""neutralization"": ""MARKET"", ""truncation"": 0.05, ""pasteurization"": ""ON"", ""unitHandling"": ""VERIFY"", ""nanHandling"": ""ON"", ""language"": ""FASTEXPR"", ""visualization"": false}",0,a27b7207b629419749aeab3288d371fc7817c8479099152a627f8385dbe7697e,"group_neutralize(sub(ts_zscore(div(anl10_smartest_roa_ff,cap),#),ts_zscore(div(anl10_smartest_roa_ff,cap),#)),sector)","group_neutralize(sub(ts_zscore(div(FIELD,FIELD),#),ts_zscore(div(FIELD,FIELD),#)),sector)",2026-08-02T11:01:56.204483+00:00
arch_ret_vol_corr:primary,arch_ret_vol_corr,proven,6.65,"group_neutralize(-rank(ts_corr(rank(returns),rank(volume),126)),market)","{""instrumentType"": ""EQUITY"", ""region"": ""USA"", ""universe"": ""TOP3000"", ""delay"": 1, ""decay"": 4, ""neutralization"": ""MARKET"", ""truncation"": 0.07, ""pasteurization"": ""ON"", ""unitHandling"": ""VERIFY"", ""nanHandling"": ""ON"", ""language"": ""FASTEXPR"", ""visualization"": false}",0,7a8907a135ff3518b13ae4fc9a87f2d86b97fd59a3ea669b2da30dfe313fc831,"group_neutralize(neg(ts_corr(returns,volume,#)),market)","group_neutralize(neg(ts_corr(FIELD,FIELD,#)),market)",2026-08-02T11:01:56.204483+00:00
arch_vwap_vol:primary,arch_vwap_vol,proven,6.65,"group_neutralize(rank((vwap-close)/close)*rank(ts_mean(volume,63)/adv20),industry)","{""instrumentType"": ""EQUITY"", ""region"": ""USA"", ""universe"": ""TOP3000"", ""delay"": 1, ""decay"": 6, ""neutralization"": ""MARKET"", ""truncation"": 0.06, ""pasteurization"": ""ON"", ""unitHandling"": ""VERIFY"", ""nanHandling"": ""ON"", ""language"": ""FASTEXPR"", ""visualization"": false}",0,81172288313ec8bc4770390bf44f0e0e4c7e9375467f089b969f9f32a6d0fd79,"group_neutralize(mul(div(sub(vwap,close),close),div(ts_mean(volume,#),adv20)),industry)","group_neutralize(mul(div(sub(FIELD,FIELD),FIELD),div(ts_mean(FIELD,#),FIELD)),industry)",2026-08-02T11:01:56.204483+00:00
arch_ret_vol_corr:primary,arch_ret_vol_corr,proven,6.550000000000001,"group_neutralize(-rank(ts_corr(abs(returns),volume,126)),market)","{""instrumentType"": ""EQUITY"", ""region"": ""USA"", ""universe"": ""TOP3000"", ""delay"": 1, ""decay"": 4, ""neutralization"": ""MARKET"", ""truncation"": 0.07, ""pasteurization"": ""ON"", ""unitHandling"": ""VERIFY"", ""nanHandling"": ""ON"", ""language"": ""FASTEXPR"", ""visualization"": false}",0,8b711112088cc48de3c8bb3987c691889b12fd0cd2171acd2bf8e1b994673cf8,"group_neutralize(neg(ts_corr(abs(returns),volume,#)),market)","group_neutralize(neg(ts_corr(abs(FIELD),FIELD,#)),market)",2026-08-02T11:01:56.204483+00:00
arch_ret_vol_corr:primary,arch_ret_vol_corr,proven,6.450000000000001,"group_neutralize(-rank(ts_corr(rank(returns),rank(volume),126)),industry)","{""instrumentType"": ""EQUITY"", ""region"": ""USA"", ""universe"": ""TOP3000"", ""delay"": 1, ""decay"": 4, ""neutralization"": ""MARKET"", ""truncation"": 0.07, ""pasteurization"": ""ON"", ""unitHandling"": ""VERIFY"", ""nanHandling"": ""ON"", ""language"": ""FASTEXPR"", ""visualization"": false}",0,44b152ef2398ec85b22964b723e8462946bc3e1ab6d870ec638ec93bfd9092ef,"group_neutralize(neg(ts_corr(returns,volume,#)),industry)","group_neutralize(neg(ts_corr(FIELD,FIELD,#)),industry)",2026-08-02T11:01:56.204483+00:00
arch_zscore:primary,arch_zscore,proven,6.45,"group_neutralize(ts_zscore(anl10_roeff_2323/cap,126),industry)","{""instrumentType"": ""EQUITY"", ""region"": ""USA"", ""universe"": ""TOP3000"", ""delay"": 1, ""decay"": 6, ""neutralization"": ""MARKET"", ""truncation"": 0.05, ""pasteurization"": ""ON"", ""unitHandling"": ""VERIFY"", ""nanHandling"": ""ON"", ""language"": ""FASTEXPR"", ""visualization"": false}",0,1778dce85e8020b60ede49459630d4dd79b3e8b7274f28587f0fa9d627471943,"group_neutralize(ts_zscore(div(anl10_roeff_2323,cap),#),industry)","group_neutralize(ts_zscore(div(FIELD,FIELD),#),industry)",2026-08-02T11:01:56.204483+00:00
arch_zscore:primary,arch_zscore,proven,6.45,"group_neutralize(ts_zscore(anl10_smartest_roe_ff/cap,126),market)","{""instrumentType"": ""EQUITY"", ""region"": ""USA"", ""universe"": ""TOP3000"", ""delay"": 1, ""decay"": 6, ""neutralization"": ""MARKET"", ""truncation"": 0.05, ""pasteurization"": ""ON"", ""unitHandling"": ""VERIFY"", ""nanHandling"": ""ON"", ""language"": ""FASTEXPR"", ""visualization"": false}",0,036ce896455143349f2c504bdabdd63b1435f16675ab822c2fb16d50ef04cbaf,"group_neutralize(ts_zscore(div(anl10_smartest_roe_ff,cap),#),market)","group_neutralize(ts_zscore(div(FIELD,FIELD),#),market)",2026-08-02T11:01:56.204483+00:00
arch_zscore:primary,arch_zscore,proven,6.45,"group_neutralize(ts_zscore(anl10_smartest_roa_ff/cap,126),sector)","{""instrumentType"": ""EQUITY"", ""region"": ""USA"", ""universe"": ""TOP3000"", ""delay"": 1, ""decay"": 6, ""neutralization"": ""MARKET"", ""truncation"": 0.05, ""pasteurization"": ""ON"", ""unitHandling"": ""VERIFY"", ""nanHandling"": ""ON"", ""language"": ""FASTEXPR"", ""visualization"": false}",0,e49f4e3f8fbfe6dfabaf40622bfc05646df3c12b78153bb43b87a48f08512c96,"group_neutralize(ts_zscore(div(anl10_smartest_roa_ff,cap),#),sector)","group_neutralize(ts_zscore(div(FIELD,FIELD),#),sector)",2026-08-02T11:01:56.204483+00:00
arch_ret_vol_corr:primary,arch_ret_vol_corr,proven,6.4,"group_neutralize(-rank(ts_corr(rank(returns),rank(volume),63)),market)","{""instrumentType"": ""EQUITY"", ""region"": ""USA"", ""universe"": ""TOP3000"", ""delay"": 1, ""decay"": 4, ""neutralization"": ""MARKET"", ""truncation"": 0.07, ""pasteurization"": ""ON"", ""unitHandling"": ""VERIFY"", ""nanHandling"": ""ON"", ""language"": ""FASTEXPR"", ""visualization"": false}",0,259b2a9bf65fa9600f950dd399da50fe7d96476a4c4b0abf92cb342ef5c5fc86,"group_neutralize(neg(ts_corr(returns,volume,#)),market)","group_neutralize(neg(ts_corr(FIELD,FIELD,#)),market)",2026-08-02T11:01:56.204483+00:00
arch_ret_vol_corr:primary,arch_ret_vol_corr,proven,6.4,"group_neutralize(-rank(ts_corr(rank(returns),rank(volume),63)),sector)","{""instrumentType"": ""EQUITY"", ""region"": ""USA"", ""universe"": ""TOP3000"", ""delay"": 1, ""decay"": 4, ""neutralization"": ""MARKET"", ""truncation"": 0.07, ""pasteurization"": ""ON"", ""unitHandling"": ""VERIFY"", ""nanHandling"": ""ON"", ""language"": ""FASTEXPR"", ""visualization"": false}",0,42c8706afcd664f9a00f9e789a619c9124ff84c57fe1e10c33c84c96f6798152,"group_neutralize(neg(ts_corr(returns,volume,#)),sector)","group_neutralize(neg(ts_corr(FIELD,FIELD,#)),sector)",2026-08-02T11:01:56.204483+00:00
arch_analyst:primary,arch_analyst,proven,6.4,"group_neutralize(ts_zscore(industry_18mo_marketcap_percent,126),industry)","{""instrumentType"": ""EQUITY"", ""region"": ""USA"", ""universe"": ""TOP3000"", ""delay"": 1, ""decay"": 4, ""neutralization"": ""MARKET"", ""truncation"": 0.06, ""pasteurization"": ""ON"", ""unitHandling"": ""VERIFY"", ""nanHandling"": ""ON"", ""language"": ""FASTEXPR"", ""visualization"": false}",0,432694982a638f7a982bde6e9a54423cb61f93da393e09cdaad2a44ef87e35e0,"group_neutralize(ts_zscore(industry_18mo_marketcap_percent,#),industry)","group_neutralize(ts_zscore(FIELD,#),industry)",2026-08-02T11:01:56.204483+00:00
arch_analyst:primary,arch_analyst,proven,6.4,"group_neutralize(ts_zscore(governance_pillar_composite_score,126),sector)","{""instrumentType"": ""EQUITY"", ""region"": ""USA"", ""universe"": ""TOP3000"", ""delay"": 1, ""decay"": 4, ""neutralization"": ""MARKET"", ""truncation"": 0.06, ""pasteurization"": ""ON"", ""unitHandling"": ""VERIFY"", ""nanHandling"": ""ON"", ""language"": ""FASTEXPR"", ""visualization"": false}",0,7136bf39744d27366f43b0b32be83b2978a8ca6b98ce550a47088372649add4d,"group_neutralize(ts_zscore(governance_pillar_composite_score,#),sector)","group_neutralize(ts_zscore(FIELD,#),sector)",2026-08-02T11:01:56.204483+00:00
arch_analyst:primary,arch_analyst,proven,6.4,"group_neutralize(ts_zscore(workplace_diversity_labor_rights_score,126),market)","{""instrumentType"": ""EQUITY"", ""region"": ""USA"", ""universe"": ""TOP3000"", ""delay"": 1, ""decay"": 4, ""neutralization"": ""MARKET"", ""truncation"": 0.06, ""pasteurization"": ""ON"", ""unitHandling"": ""VERIFY"", ""nanHandling"": ""ON"", ""language"": ""FASTEXPR"", ""visualization"": false}",0,7dd549907ad6e976aeefa2714cde87c1b740b2dfeb1f50a611f5b371242e2a79,"group_neutralize(ts_zscore(workplace_diversity_labor_rights_score,#),market)","group_neutralize(ts_zscore(FIELD,#),market)",2026-08-02T11:01:56.204483+00:00
arch_analyst:primary,arch_analyst,proven,6.4,"group_neutralize(ts_zscore(group_longterm_growth_marketcap_percent,126),market)","{""instrumentType"": ""EQUITY"", ""region"": ""USA"", ""universe"": ""TOP3000"", ""delay"": 1, ""decay"": 4, ""neutralization"": ""MARKET"", ""truncation"": 0.06, ""pasteurization"": ""ON"", ""unitHandling"": ""VERIFY"", ""nanHandling"": ""ON"", ""language"": ""FASTEXPR"", ""visualization"": false}",0,8f266b0fe3bad4e97e298d2b360dd194d07294a1af7aa19015f66039b5631af9,"group_neutralize(ts_zscore(group_longterm_growth_marketcap_percent,#),market)","group_neutralize(ts_zscore(FIELD,#),market)",2026-08-02T11:01:56.204483+00:00
arch_analyst:primary,arch_analyst,proven,6.4,"group_neutralize(ts_zscore(sector_longterm_growth_marketcap_percent,126),industry)","{""instrumentType"": ""EQUITY"", ""region"": ""USA"", ""universe"": ""TOP3000"", ""delay"": 1, ""decay"": 4, ""neutralization"": ""MARKET"", ""truncation"": 0.06, ""pasteurization"": ""ON"", ""unitHandling"": ""VERIFY"", ""nanHandling"": ""ON"", ""language"": ""FASTEXPR"", ""visualization"": false}",0,7a024f4098b8decfe61ee59f58af6039c4152c9c8453a31ace31bb5eeadeb442,"group_neutralize(ts_zscore(sector_longterm_growth_marketcap_percent,#),industry)","group_neutralize(ts_zscore(FIELD,#),industry)",2026-08-02T11:01:56.204483+00:00
arch_ret_vol_corr:primary,arch_ret_vol_corr,proven,6.3500000000000005,"group_neutralize(-rank(ts_corr(abs(returns),volume,126)),industry)","{""instrumentType"": ""EQUITY"", ""region"": ""USA"", ""universe"": ""TOP3000"", ""delay"": 1, ""decay"": 4, ""neutralization"": ""MARKET"", ""truncation"": 0.07, ""pasteurization"": ""ON"", ""unitHandling"": ""VERIFY"", ""nanHandling"": ""ON"", ""language"": ""FASTEXPR"", ""visualization"": false}",0,506857a6ebb78f334ec49edf921aae73b4f63f178023c89996bac99f22492586,"group_neutralize(neg(ts_corr(abs(returns),volume,#)),industry)","group_neutralize(neg(ts_corr(abs(FIELD),FIELD,#)),industry)",2026-08-02T11:01:56.204483+00:00
arch_zscore:primary,arch_zscore,proven,6.35,"group_neutralize(ts_zscore(anl10_roeff_2323/cap,63),sector)","{""instrumentType"": ""EQUITY"", ""region"": ""USA"", ""universe"": ""TOP3000"", ""delay"": 1, ""decay"": 6, ""neutralization"": ""MARKET"", ""truncation"": 0.05, ""pasteurization"": ""ON"", ""unitHandling"": ""VERIFY"", ""nanHandling"": ""ON"", ""language"": ""FASTEXPR"", ""visualization"": false}",0,00a6fcfce6577f3f6b76d997fd310622ce4b7beeec73548927294118362ce574,"group_neutralize(ts_zscore(div(anl10_roeff_2323,cap),#),sector)","group_neutralize(ts_zscore(div(FIELD,FIELD),#),sector)",2026-08-02T11:01:56.204483+00:00
arch_zscore:primary,arch_zscore,proven,6.35,"group_neutralize(ts_zscore(anl10_smartest_roe_ff/cap,63),sector)","{""instrumentType"": ""EQUITY"", ""region"": ""USA"", ""universe"": ""TOP3000"", ""delay"": 1, ""decay"": 6, ""neutralization"": ""MARKET"", ""truncation"": 0.05, ""pasteurization"": ""ON"", ""unitHandling"": ""VERIFY"", ""nanHandling"": ""ON"", ""language"": ""FASTEXPR"", ""visualization"": false}",0,97b01971c184ad7aed2d0c4e25b77ba04573681ce514cdc6dd204a7031d29634,"group_neutralize(ts_zscore(div(anl10_smartest_roe_ff,cap),#),sector)","group_neutralize(ts_zscore(div(FIELD,FIELD),#),sector)",2026-08-02T11:01:56.204483+00:00
arch_analyst_hybrid:primary,arch_analyst_hybrid,proven,6.35,"group_neutralize(ts_zscore(workforce_pillar_composite_score,63)+ts_decay_linear(zscore(vwap/close),42)*0.3,market)","{""instrumentType"": ""EQUITY"", ""region"": ""USA"", ""universe"": ""TOP3000"", ""delay"": 1, ""decay"": 4, ""neutralization"": ""MARKET"", ""truncation"": 0.06, ""pasteurization"": ""ON"", ""unitHandling"": ""VERIFY"", ""nanHandling"": ""ON"", ""language"": ""FASTEXPR"", ""visualization"": false}",0,cd0b2d72d1a3f33a871c31e339ea9e03678cc20a314f9c2de0df724772a81e83,"group_neutralize(add(mul(#,ts_decay_linear(div(vwap,close),#)),ts_zscore(workforce_pillar_composite_score,#)),market)","group_neutralize(add(mul(#,ts_decay_linear(div(FIELD,FIELD),#)),ts_zscore(FIELD,#)),market)",2026-08-02T11:01:56.204483+00:00
arch_analyst_hybrid:primary,arch_analyst_hybrid,proven,6.35,"group_neutralize(ts_zscore(industry_fy3_marketcap_percent,63)+ts_decay_linear(zscore(vwap/close),42)*0.3,industry)","{""instrumentType"": ""EQUITY"", ""region"": ""USA"", ""universe"": ""TOP3000"", ""delay"": 1, ""decay"": 4, ""neutralization"": ""MARKET"", ""truncation"": 0.06, ""pasteurization"": ""ON"", ""unitHandling"": ""VERIFY"", ""nanHandling"": ""ON"", ""language"": ""FASTEXPR"", ""visualization"": false}",0,82b4e4a712cb4c5226df37969e765a51e3b10e6b2d805e6c15806689bde99426,"group_neutralize(add(mul(#,ts_decay_linear(div(vwap,close),#)),ts_zscore(industry_fy3_marketcap_percent,#)),industry)","group_neutralize(add(mul(#,ts_decay_linear(div(FIELD,FIELD),#)),ts_zscore(FIELD,#)),industry)",2026-08-02T11:01:56.204483+00:00
arch_analyst_hybrid:primary,arch_analyst_hybrid,proven,6.35,"group_neutralize(ts_zscore(industry_12mo_marketcap_percent,63)+ts_decay_linear(zscore(vwap/close),42)*0.3,industry)","{""instrumentType"": ""EQUITY"", ""region"": ""USA"", ""universe"": ""TOP3000"", ""delay"": 1, ""decay"": 4, ""neutralization"": ""MARKET"", ""truncation"": 0.06, ""pasteurization"": ""ON"", ""unitHandling"": ""VERIFY"", ""nanHandling"": ""ON"", ""language"": ""FASTEXPR"", ""visualization"": false}",0,20a044a670556fd4fc2760695ea11268de13275d45aa8fd1da4901ed5b355c8c,"group_neutralize(add(mul(#,ts_decay_linear(div(vwap,close),#)),ts_zscore(industry_12mo_marketcap_percent,#)),industry)","group_neutralize(add(mul(#,ts_decay_linear(div(FIELD,FIELD),#)),ts_zscore(FIELD,#)),industry)",2026-08-02T11:01:56.204483+00:00
arch_analyst_hybrid:primary,arch_analyst_hybrid,proven,6.35,"group_neutralize(ts_zscore(governance_pillar_composite_score,63)+ts_decay_linear(zscore(vwap/close),42)*0.3,market)","{""instrumentType"": ""EQUITY"", ""region"": ""USA"", ""universe"": ""TOP3000"", ""delay"": 1, ""decay"": 4, ""neutralization"": ""MARKET"", ""truncation"": 0.06, ""pasteurization"": ""ON"", ""unitHandling"": ""VERIFY"", ""nanHandling"": ""ON"", ""language"": ""FASTEXPR"", ""visualization"": false}",0,097872c92e1d968f53da560adc370f886d48f586fe77f41505bd275a42af28e0,"group_neutralize(add(mul(#,ts_decay_linear(div(vwap,close),#)),ts_zscore(governance_pillar_composite_score,#)),market)","group_neutralize(add(mul(#,ts_decay_linear(div(FIELD,FIELD),#)),ts_zscore(FIELD,#)),market)",2026-08-02T11:01:56.204483+00:00
arch_analyst_hybrid:primary,arch_analyst_hybrid,proven,6.35,"group_neutralize(ts_zscore(management_ethics_standards_score,63)+ts_decay_linear(zscore(vwap/close),42)*0.3,sector)","{""instrumentType"": ""EQUITY"", ""region"": ""USA"", ""universe"": ""TOP3000"", ""delay"": 1, ""decay"": 4, ""neutralization"": ""MARKET"", ""truncation"": 0.06, ""pasteurization"": ""ON"", ""unitHandling"": ""VERIFY"", ""nanHandling"": ""ON"", ""language"": ""FASTEXPR"", ""visualization"": false}",0,b0715f376da49443dc4b2597cb93b4087d987044047116283aec5f9bf67cd66d,"group_neutralize(add(mul(#,ts_decay_linear(div(vwap,close),#)),ts_zscore(management_ethics_standards_score,#)),sector)","group_neutralize(add(mul(#,ts_decay_linear(div(FIELD,FIELD),#)),ts_zscore(FIELD,#)),sector)",2026-08-02T11:01:56.204483+00:00
arch_analyst_hybrid:primary,arch_analyst_hybrid,proven,6.35,"group_neutralize(ts_zscore(workplace_diversity_labor_rights_score,63)+ts_decay_linear(zscore(vwap/close),42)*0.3,market)","{""instrumentType"": ""EQUITY"", ""region"": ""USA"", ""universe"": ""TOP3000"", ""delay"": 1, ""decay"": 4, ""neutralization"": ""MARKET"", ""truncation"": 0.06, ""pasteurization"": ""ON"", ""unitHandling"": ""VERIFY"", ""nanHandling"": ""ON"", ""language"": ""FASTEXPR"", ""visualization"": false}",0,d02bec8db6106c47c0fc4fa5b7a12b6bd5b7af5e683e172d4bf7272e39706e4c,"group_neutralize(add(mul(#,ts_decay_linear(div(vwap,close),#)),ts_zscore(workplace_diversity_labor_rights_score,#)),market)","group_neutralize(add(mul(#,ts_decay_linear(div(FIELD,FIELD),#)),ts_zscore(FIELD,#)),market)",2026-08-02T11:01:56.204483+00:00
arch_analyst_hybrid:primary,arch_analyst_hybrid,proven,6.35,"group_neutralize(ts_zscore(group_longterm_growth_marketcap_percent,63)+ts_decay_linear(zscore(vwap/close),42)*0.3,sector)","{""instrumentType"": ""EQUITY"", ""region"": ""USA"", ""universe"": ""TOP3000"", ""delay"": 1, ""decay"": 4, ""neutralization"": ""MARKET"", ""truncation"": 0.06, ""pasteurization"": ""ON"", ""unitHandling"": ""VERIFY"", ""nanHandling"": ""ON"", ""language"": ""FASTEXPR"", ""visualization"": false}",0,f4707f14cb2ae328345cb0639abcc079bb408f7ed2098aeaa6ea0556ffa024db,"group_neutralize(add(mul(#,ts_decay_linear(div(vwap,close),#)),ts_zscore(group_longterm_growth_marketcap_percent,#)),sector)","group_neutralize(add(mul(#,ts_decay_linear(div(FIELD,FIELD),#)),ts_zscore(FIELD,#)),sector)",2026-08-02T11:01:56.204483+00:00
arch_analyst_hybrid:primary,arch_analyst_hybrid,proven,6.35,"group_neutralize(ts_zscore(sector_longterm_growth_marketcap_percent,63)+ts_decay_linear(zscore(vwap/close),42)*0.3,market)","{""instrumentType"": ""EQUITY"", ""region"": ""USA"", ""universe"": ""TOP3000"", ""delay"": 1, ""decay"": 4, ""neutralization"": ""MARKET"", ""truncation"": 0.06, ""pasteurization"": ""ON"", ""unitHandling"": ""VERIFY"", ""nanHandling"": ""ON"", ""language"": ""FASTEXPR"", ""visualization"": false}",0,86128263301c8755dc4b582c7e938b409ce7c558365396e1e5676e8777ec928a,"group_neutralize(add(mul(#,ts_decay_linear(div(vwap,close),#)),ts_zscore(sector_longterm_growth_marketcap_percent,#)),market)","group_neutralize(add(mul(#,ts_decay_linear(div(FIELD,FIELD),#)),ts_zscore(FIELD,#)),market)",2026-08-02T11:01:56.204483+00:00
arch_vol_scaled_rank:primary,arch_vol_scaled_rank,proven,6.35,"group_neutralize((group_rank(anl10_analyst_innovation_eps_innovate_decrease_fy1/cap,sector)-0.5)*-rank(ts_std_dev(returns,126)),sector)","{""instrumentType"": ""EQUITY"", ""region"": ""USA"", ""universe"": ""TOP3000"", ""delay"": 1, ""decay"": 6, ""neutralization"": ""MARKET"", ""truncation"": 0.05, ""pasteurization"": ""ON"", ""unitHandling"": ""VERIFY"", ""nanHandling"": ""ON"", ""language"": ""FASTEXPR"", ""visualization"": false}",0,710ac2f935b996a9ab9382a3167781f82a0af219c067e9e68da0e91c92c9e7b8,"group_neutralize(mul(neg(ts_std_dev(returns,#)),sub(group_rank(div(anl10_analyst_innovation_eps_innovate_decrease_fy1,cap),sector),#)),sector)","group_neutralize(mul(neg(ts_std_dev(FIELD,#)),sub(group_rank(div(FIELD,FIELD),sector),#)),sector)",2026-08-02T11:01:56.204483+00:00
arch_vol_scaled_rank:primary,arch_vol_scaled_rank,proven,6.35,"group_neutralize((group_rank(anl10_analyst_innovation_eps_normal_decrease_fy1/cap,industry)-0.5)*-rank(ts_std_dev(returns,126)),industry)","{""instrumentType"": ""EQUITY"", ""region"": ""USA"", ""universe"": ""TOP3000"", ""delay"": 1, ""decay"": 6, ""neutralization"": ""MARKET"", ""truncation"": 0.05, ""pasteurization"": ""ON"", ""unitHandling"": ""VERIFY"", ""nanHandling"": ""ON"", ""language"": ""FASTEXPR"", ""visualization"": false}",0,d2384365db5bd96a1dc8e7133677632c94ba895576cdfe54d8bf07eec4bcd883,"group_neutralize(mul(neg(ts_std_dev(returns,#)),sub(group_rank(div(anl10_analyst_innovation_eps_normal_decrease_fy1,cap),industry),#)),industry)","group_neutralize(mul(neg(ts_std_dev(FIELD,#)),sub(group_rank(div(FIELD,FIELD),industry),#)),industry)",2026-08-02T11:01:56.204483+00:00
arch_vol_scaled_rank:primary,arch_vol_scaled_rank,proven,6.35,"group_neutralize((group_rank(anl10_analyst_innovation_eps_revise_ratio_to_close_fy1/cap,sector)-0.5)*-rank(ts_std_dev(returns,126)),sector)","{""instrumentType"": ""EQUITY"", ""region"": ""USA"", ""universe"": ""TOP3000"", ""delay"": 1, ""decay"": 6, ""neutralization"": ""MARKET"", ""truncation"": 0.05, ""pasteurization"": ""ON"", ""unitHandling"": ""VERIFY"", ""nanHandling"": ""ON"", ""language"": ""FASTEXPR"", ""visualization"": false}",0,b7c5cb90a603564eccbfc0c877e06f66571e090719484dac5d7aa6999a99e47e,"group_neutralize(mul(neg(ts_std_dev(returns,#)),sub(group_rank(div(anl10_analyst_innovation_eps_revise_ratio_to_close_fy1,cap),sector),#)),sector)","group_neutralize(mul(neg(ts_std_dev(FIELD,#)),sub(group_rank(div(FIELD,FIELD),sector),#)),sector)",2026-08-02T11:01:56.204483+00:00
arch_vol_scaled_rank:primary,arch_vol_scaled_rank,proven,6.35,"group_neutralize((group_rank(anl10_analyst_innovation_eps_innovate_decrease_fy2/cap,industry)-0.5)*-rank(ts_std_dev(returns,126)),industry)","{""instrumentType"": ""EQUITY"", ""region"": ""USA"", ""universe"": ""TOP3000"", ""delay"": 1, ""decay"": 6, ""neutralization"": ""MARKET"", ""truncation"": 0.05, ""pasteurization"": ""ON"", ""unitHandling"": ""VERIFY"", ""nanHandling"": ""ON"", ""language"": ""FASTEXPR"", ""visualization"": false}",0,b6bca33ec2630d982e71f796d2404b334f9647fb205d930af7a81b04f4d54fe3,"group_neutralize(mul(neg(ts_std_dev(returns,#)),sub(group_rank(div(anl10_analyst_innovation_eps_innovate_decrease_fy2,cap),industry),#)),industry)","group_neutralize(mul(neg(ts_std_dev(FIELD,#)),sub(group_rank(div(FIELD,FIELD),industry),#)),industry)",2026-08-02T11:01:56.204483+00:00
arch_vol_scaled_rank:primary,arch_vol_scaled_rank,proven,6.35,"group_neutralize((group_rank(anl10_analyst_innovation_eps_revise_ratio_to_consensus_fy1/cap,market)-0.5)*-rank(ts_std_dev(returns,126)),market)","{""instrumentType"": ""EQUITY"", ""region"": ""USA"", ""universe"": ""TOP3000"", ""delay"": 1, ""decay"": 6, ""neutralization"": ""MARKET"", ""truncation"": 0.05, ""pasteurization"": ""ON"", ""unitHandling"": ""VERIFY"", ""nanHandling"": ""ON"", ""language"": ""FASTEXPR"", ""visualization"": false}",0,f3aaa426c0916c35e2acd2bf0a07d4f1e07b55e1de92ebfa3f2a24253fde02d4,"group_neutralize(mul(neg(ts_std_dev(returns,#)),sub(group_rank(div(anl10_analyst_innovation_eps_revise_ratio_to_consensus_fy1,cap),market),#)),market)","group_neutralize(mul(neg(ts_std_dev(FIELD,#)),sub(group_rank(div(FIELD,FIELD),market),#)),market)",2026-08-02T11:01:56.204483+00:00
arch_vol_scaled_rank:primary,arch_vol_scaled_rank,proven,6.35,"group_neutralize((group_rank(anl10_analyst_innovation_eps_revise_ratio_to_consensus_fy2/cap,market)-0.5)*-rank(ts_std_dev(returns,126)),market)","{""instrumentType"": ""EQUITY"", ""region"": ""USA"", ""universe"": ""TOP3000"", ""delay"": 1, ""decay"": 6, ""neutralization"": ""MARKET"", ""truncation"": 0.05, ""pasteurization"": ""ON"", ""unitHandling"": ""VERIFY"", ""nanHandling"": ""ON"", ""language"": ""FASTEXPR"", ""visualization"": false}",0,237744c9d2eac69d720891c0f9b71e055a938861006237d83caf5f7a33a1cc41,"group_neutralize(mul(neg(ts_std_dev(returns,#)),sub(group_rank(div(anl10_analyst_innovation_eps_revise_ratio_to_consensus_fy2,cap),market),#)),market)","group_neutralize(mul(neg(ts_std_dev(FIELD,#)),sub(group_rank(div(FIELD,FIELD),market),#)),market)",2026-08-02T11:01:56.204483+00:00
arch_vol_scaled_rank:primary,arch_vol_scaled_rank,proven,6.35,"group_neutralize((group_rank(anl10_analyst_innovation_eps_revise_ratio_to_close_fy2/cap,industry)-0.5)*-rank(ts_std_dev(returns,126)),industry)","{""instrumentType"": ""EQUITY"", ""region"": ""USA"", ""universe"": ""TOP3000"", ""delay"": 1, ""decay"": 6, ""neutralization"": ""MARKET"", ""truncation"": 0.05, ""pasteurization"": ""ON"", ""unitHandling"": ""VERIFY"", ""nanHandling"": ""ON"", ""language"": ""FASTEXPR"", ""visualization"": false}",0,8d686343267ec250e4579b829d68d7540f5120b6f3ad144d3a500e01140da591,"group_neutralize(mul(neg(ts_std_dev(returns,#)),sub(group_rank(div(anl10_analyst_innovation_eps_revise_ratio_to_close_fy2,cap),industry),#)),industry)","group_neutralize(mul(neg(ts_std_dev(FIELD,#)),sub(group_rank(div(FIELD,FIELD),industry),#)),industry)",2026-08-02T11:01:56.204483+00:00
arch_vol_scaled_rank:primary,arch_vol_scaled_rank,proven,6.35,"group_neutralize((group_rank(anl10_analyst_innovation_eps_revise_ratio_to_close_fq1/cap,industry)-0.5)*-rank(ts_std_dev(returns,126)),industry)","{""instrumentType"": ""EQUITY"", ""region"": ""USA"", ""universe"": ""TOP3000"", ""delay"": 1, ""decay"": 6, ""neutralization"": ""MARKET"", ""truncation"": 0.05, ""pasteurization"": ""ON"", ""unitHandling"": ""VERIFY"", ""nanHandling"": ""ON"", ""language"": ""FASTEXPR"", ""visualization"": false}",0,af82dba800a06247dde064040f8f0af49ae6dd125e2c6aa777e2fdcb5e2a3145,"group_neutralize(mul(neg(ts_std_dev(returns,#)),sub(group_rank(div(anl10_analyst_innovation_eps_revise_ratio_to_close_fq1,cap),industry),#)),industry)","group_neutralize(mul(neg(ts_std_dev(FIELD,#)),sub(group_rank(div(FIELD,FIELD),industry),#)),industry)",2026-08-02T11:01:56.204483+00:00
arch_ret_vol_corr:primary,arch_ret_vol_corr,proven,6.300000000000001,"group_neutralize(-rank(ts_corr(abs(returns),volume,63)),market)","{""instrumentType"": ""EQUITY"", ""region"": ""USA"", ""universe"": ""TOP3000"", ""delay"": 1, ""decay"": 4, ""neutralization"": ""MARKET"", ""truncation"": 0.07, ""pasteurization"": ""ON"", ""unitHandling"": ""VERIFY"", ""nanHandling"": ""ON"", ""language"": ""FASTEXPR"", ""visualization"": false}",0,151edf7dd31fee44effb6a7e092860f8c1c3d7f1b1f48395d72bebb3cf86caa0,"group_neutralize(neg(ts_corr(abs(returns),volume,#)),market)","group_neutralize(neg(ts_corr(abs(FIELD),FIELD,#)),market)",2026-08-02T11:01:56.204483+00:00
arch_ret_vol_corr:primary,arch_ret_vol_corr,proven,6.300000000000001,"group_neutralize(-rank(ts_corr(abs(returns),volume,63)),sector)","{""instrumentType"": ""EQUITY"", ""region"": ""USA"", ""universe"": ""TOP3000"", ""delay"": 1, ""decay"": 4, ""neutralization"": ""MARKET"", ""truncation"": 0.07, ""pasteurization"": ""ON"", ""unitHandling"": ""VERIFY"", ""nanHandling"": ""ON"", ""language"": ""FASTEXPR"", ""visualization"": false}",0,f79a11bcaeb1e35711324cf27245e10377aa8c7607cd85c12301715af179022d,"group_neutralize(neg(ts_corr(abs(returns),volume,#)),sector)","group_neutralize(neg(ts_corr(abs(FIELD),FIELD,#)),sector)",2026-08-02T11:01:56.204483+00:00
arch_analyst:primary,arch_analyst,proven,6.25,"group_neutralize(ts_zscore(workplace_diversity_labor_rights_score,63),market)","{""instrumentType"": ""EQUITY"", ""region"": ""USA"", ""universe"": ""TOP3000"", ""delay"": 1, ""decay"": 4, ""neutralization"": ""MARKET"", ""truncation"": 0.06, ""pasteurization"": ""ON"", ""unitHandling"": ""VERIFY"", ""nanHandling"": ""ON"", ""language"": ""FASTEXPR"", ""visualization"": false}",0,b466d6cd706839fc0590209759837971828757287d4a5162d61e9afe6c9caf05,"group_neutralize(ts_zscore(workplace_diversity_labor_rights_score,#),market)","group_neutralize(ts_zscore(FIELD,#),market)",2026-08-02T11:01:56.204483+00:00
arch_analyst:primary,arch_analyst,proven,6.25,"group_neutralize(ts_zscore(group_longterm_growth_marketcap_percent,63),market)","{""instrumentType"": ""EQUITY"", ""region"": ""USA"", ""universe"": ""TOP3000"", ""delay"": 1, ""decay"": 4, ""neutralization"": ""MARKET"", ""truncation"": 0.06, ""pasteurization"": ""ON"", ""unitHandling"": ""VERIFY"", ""nanHandling"": ""ON"", ""language"": ""FASTEXPR"", ""visualization"": false}",0,5e2b286445e1830b73fd4393c5561d5b118472b8a3f1fb30f269d12c3a49022c,"group_neutralize(ts_zscore(group_longterm_growth_marketcap_percent,#),market)","group_neutralize(ts_zscore(FIELD,#),market)",2026-08-02T11:01:56.204483+00:00
arch_analyst:primary,arch_analyst,proven,6.25,"group_neutralize(ts_zscore(sector_longterm_growth_marketcap_percent,63),industry)","{""instrumentType"": ""EQUITY"", ""region"": ""USA"", ""universe"": ""TOP3000"", ""delay"": 1, ""decay"": 4, ""neutralization"": ""MARKET"", ""truncation"": 0.06, ""pasteurization"": ""ON"", ""unitHandling"": ""VERIFY"", ""nanHandling"": ""ON"", ""language"": ""FASTEXPR"", ""visualization"": false}",0,c516151d5a11db719652597f9bd7cbc000aab11879288f543ed91d3816b1aa00,"group_neutralize(ts_zscore(sector_longterm_growth_marketcap_percent,#),industry)","group_neutralize(ts_zscore(FIELD,#),industry)",2026-08-02T11:01:56.204483+00:00
arch_ret_vol_corr:primary,arch_ret_vol_corr,proven,6.200000000000001,"group_neutralize(-rank(ts_corr(rank(returns),rank(volume),42)),market)","{""instrumentType"": ""EQUITY"", ""region"": ""USA"", ""universe"": ""TOP3000"", ""delay"": 1, ""decay"": 4, ""neutralization"": ""MARKET"", ""truncation"": 0.07, ""pasteurization"": ""ON"", ""unitHandling"": ""VERIFY"", ""nanHandling"": ""ON"", ""language"": ""FASTEXPR"", ""visualization"": false}",0,76f22098f64c1832ca851af72d6d84af7989d7b97fb1fb2bafd116bedb6484ef,"group_neutralize(neg(ts_corr(returns,volume,#)),market)","group_neutralize(neg(ts_corr(FIELD,FIELD,#)),market)",2026-08-02T11:01:56.204483+00:00
arch_ret_vol_corr:primary,arch_ret_vol_corr,proven,6.200000000000001,"group_neutralize(-rank(ts_corr(rank(returns),rank(volume),42)),sector)","{""instrumentType"": ""EQUITY"", ""region"": ""USA"", ""universe"": ""TOP3000"", ""delay"": 1, ""decay"": 4, ""neutralization"": ""MARKET"", ""truncation"": 0.07, ""pasteurization"": ""ON"", ""unitHandling"": ""VERIFY"", ""nanHandling"": ""ON"", ""language"": ""FASTEXPR"", ""visualization"": false}",0,daa742e0bf80f9f2baca0a5a8a9c593edb5db5f2ea3e9b6279a6fdb073b060be,"group_neutralize(neg(ts_corr(returns,volume,#)),sector)","group_neutralize(neg(ts_corr(FIELD,FIELD,#)),sector)",2026-08-02T11:01:56.204483+00:00
arch_zscore:primary,arch_zscore,proven,6.2,"group_neutralize(ts_zscore(anl10_roeff_2323/cap,63),industry)","{""instrumentType"": ""EQUITY"", ""region"": ""USA"", ""universe"": ""TOP3000"", ""delay"": 1, ""decay"": 6, ""neutralization"": ""MARKET"", ""truncation"": 0.05, ""pasteurization"": ""ON"", ""unitHandling"": ""VERIFY"", ""nanHandling"": ""ON"", ""language"": ""FASTEXPR"", ""visualization"": false}",0,56646c9cffacb02071bb480a19477fcb38c84a8f5cd3c85592e3d306bc94be4f,"group_neutralize(ts_zscore(div(anl10_roeff_2323,cap),#),industry)","group_neutralize(ts_zscore(div(FIELD,FIELD),#),industry)",2026-08-02T11:01:56.204483+00:00
arch_zscore:primary,arch_zscore,proven,6.2,"group_neutralize(ts_zscore(anl10_smartest_roe_ff/cap,63),market)","{""instrumentType"": ""EQUITY"", ""region"": ""USA"", ""universe"": ""TOP3000"", ""delay"": 1, ""decay"": 6, ""neutralization"": ""MARKET"", ""truncation"": 0.05, ""pasteurization"": ""ON"", ""unitHandling"": ""VERIFY"", ""nanHandling"": ""ON"", ""language"": ""FASTEXPR"", ""visualization"": false}",0,e219dd9574f3590b82d0847c9335c73f5ed053dc84de146ae823a721b72a52bf,"group_neutralize(ts_zscore(div(anl10_smartest_roe_ff,cap),#),market)","group_neutralize(ts_zscore(div(FIELD,FIELD),#),market)",2026-08-02T11:01:56.204483+00:00
arch_zscore:primary,arch_zscore,proven,6.2,"group_neutralize(ts_zscore(anl10_smartest_roa_ff/cap,63),sector)","{""instrumentType"": ""EQUITY"", ""region"": ""USA"", ""universe"": ""TOP3000"", ""delay"": 1, ""decay"": 6, ""neutralization"": ""MARKET"", ""truncation"": 0.05, ""pasteurization"": ""ON"", ""unitHandling"": ""VERIFY"", ""nanHandling"": ""ON"", ""language"": ""FASTEXPR"", ""visualization"": false}",0,4631e088390914cf88e4e3c0968f8bb22466d26f676068e16e788a2028d0d609,"group_neutralize(ts_zscore(div(anl10_smartest_roa_ff,cap),#),sector)","group_neutralize(ts_zscore(div(FIELD,FIELD),#),sector)",2026-08-02T11:01:56.204483+00:00
arch_ret_vol_corr:primary,arch_ret_vol_corr,proven,6.2,"group_neutralize(-rank(ts_corr(rank(returns),rank(volume),63)),industry)","{""instrumentType"": ""EQUITY"", ""region"": ""USA"", ""universe"": ""TOP3000"", ""delay"": 1, ""decay"": 4, ""neutralization"": ""MARKET"", ""truncation"": 0.07, ""pasteurization"": ""ON"", ""unitHandling"": ""VERIFY"", ""nanHandling"": ""ON"", ""language"": ""FASTEXPR"", ""visualization"": false}",0,e09d71180f857abf18805815bdf1cfc30c3e55c0849727e7064d2ac8cdcf0c59,"group_neutralize(neg(ts_corr(returns,volume,#)),industry)","group_neutralize(neg(ts_corr(FIELD,FIELD,#)),industry)",2026-08-02T11:01:56.204483+00:00
arch_ret_vol_corr:primary,arch_ret_vol_corr,proven,6.1000000000000005,"group_neutralize(-rank(ts_corr(abs(returns),volume,42)),market)","{""instrumentType"": ""EQUITY"", ""region"": ""USA"", ""universe"": ""TOP3000"", ""delay"": 1, ""decay"": 4, ""neutralization"": ""MARKET"", ""truncation"": 0.07, ""pasteurization"": ""ON"", ""unitHandling"": ""VERIFY"", ""nanHandling"": ""ON"", ""language"": ""FASTEXPR"", ""visualization"": false}",0,989714073c99529116e1f0114ccd3e665a59f2a1503ef944287992e188bccffd,"group_neutralize(neg(ts_corr(abs(returns),volume,#)),market)","group_neutralize(neg(ts_corr(abs(FIELD),FIELD,#)),market)",2026-08-02T11:01:56.204483+00:00
arch_ret_vol_corr:primary,arch_ret_vol_corr,proven,6.1000000000000005,"group_neutralize(-rank(ts_corr(abs(returns),volume,42)),sector)","{""instrumentType"": ""EQUITY"", ""region"": ""USA"", ""universe"": ""TOP3000"", ""delay"": 1, ""decay"": 4, ""neutralization"": ""MARKET"", ""truncation"": 0.07, ""pasteurization"": ""ON"", ""unitHandling"": ""VERIFY"", ""nanHandling"": ""ON"", ""language"": ""FASTEXPR"", ""visualization"": false}",0,46b43f5c9daaf06bdbd4822eaa43ec297df4b5a46bba502faaa7a404582f7480,"group_neutralize(neg(ts_corr(abs(returns),volume,#)),sector)","group_neutralize(neg(ts_corr(abs(FIELD),FIELD,#)),sector)",2026-08-02T11:01:56.204483+00:00
arch_ret_vol_corr:primary,arch_ret_vol_corr,proven,6.1,"group_neutralize(-rank(ts_corr(abs(returns),volume,63)),industry)","{""instrumentType"": ""EQUITY"", ""region"": ""USA"", ""universe"": ""TOP3000"", ""delay"": 1, ""decay"": 4, ""neutralization"": ""MARKET"", ""truncation"": 0.07, ""pasteurization"": ""ON"", ""unitHandling"": ""VERIFY"", ""nanHandling"": ""ON"", ""language"": ""FASTEXPR"", ""visualization"": false}",0,d0d62834f2860ff3a311a19baedd847c1823419f58751738cda3244420f8d3c5,"group_neutralize(neg(ts_corr(abs(returns),volume,#)),industry)","group_neutralize(neg(ts_corr(abs(FIELD),FIELD,#)),industry)",2026-08-02T11:01:56.204483+00:00
arch_ret_vol_corr:primary,arch_ret_vol_corr,proven,6.0,"group_neutralize(-rank(ts_corr(rank(returns),rank(volume),42)),industry)","{""instrumentType"": ""EQUITY"", ""region"": ""USA"", ""universe"": ""TOP3000"", ""delay"": 1, ""decay"": 4, ""neutralization"": ""MARKET"", ""truncation"": 0.07, ""pasteurization"": ""ON"", ""unitHandling"": ""VERIFY"", ""nanHandling"": ""ON"", ""language"": ""FASTEXPR"", ""visualization"": false}",0,e066a88fc6bfa967bce6b751b3efd3d3a733eab4198aaae8c086b76ceaa907f9,"group_neutralize(neg(ts_corr(returns,volume,#)),industry)","group_neutralize(neg(ts_corr(FIELD,FIELD,#)),industry)",2026-08-02T11:01:56.204483+00:00
arch_pv_slow:primary,arch_pv_slow,proven,5.95,"group_neutralize(ts_rank(ts_mean(close,21)/close,126)-0.5,market)","{""instrumentType"": ""EQUITY"", ""region"": ""USA"", ""universe"": ""TOP3000"", ""delay"": 1, ""decay"": 6, ""neutralization"": ""MARKET"", ""truncation"": 0.06, ""pasteurization"": ""ON"", ""unitHandling"": ""VERIFY"", ""nanHandling"": ""ON"", ""language"": ""FASTEXPR"", ""visualization"": false}",0,0797b0f79b8261ed6d0676145680b692c9b55c3208a67077fa246fad078ef231,"group_neutralize(sub(ts_rank(div(ts_mean(close,#),close),#),#),market)","group_neutralize(sub(ts_rank(div(ts_mean(FIELD,#),FIELD),#),#),market)",2026-08-02T11:01:56.204483+00:00
arch_ret_vol_corr:primary,arch_ret_vol_corr,proven,5.9,"group_neutralize(-rank(ts_corr(abs(returns),volume,42)),industry)","{""instrumentType"": ""EQUITY"", ""region"": ""USA"", ""universe"": ""TOP3000"", ""delay"": 1, ""decay"": 4, ""neutralization"": ""MARKET"", ""truncation"": 0.07, ""pasteurization"": ""ON"", ""unitHandling"": ""VERIFY"", ""nanHandling"": ""ON"", ""language"": ""FASTEXPR"", ""visualization"": false}",0,0c24f9f2a4ab6ec62854c80de9b6d3660cf68b424c86c524724c1bc2a4dbf53a,"group_neutralize(neg(ts_corr(abs(returns),volume,#)),industry)","group_neutralize(neg(ts_corr(abs(FIELD),FIELD,#)),industry)",2026-08-02T11:01:56.204483+00:00
arch_pv_slow:primary,arch_pv_slow,proven,5.8500000000000005,"group_neutralize(ts_rank(ts_mean(close,21)/close,126)-0.5,sector)","{""instrumentType"": ""EQUITY"", ""region"": ""USA"", ""universe"": ""TOP3000"", ""delay"": 1, ""decay"": 6, ""neutralization"": ""MARKET"", ""truncation"": 0.06, ""pasteurization"": ""ON"", ""unitHandling"": ""VERIFY"", ""nanHandling"": ""ON"", ""language"": ""FASTEXPR"", ""visualization"": false}",0,9f036636f2a5a778893212a8ece72286bdf318918bdfa10975a7da498efe1d38,"group_neutralize(sub(ts_rank(div(ts_mean(close,#),close),#),#),sector)","group_neutralize(sub(ts_rank(div(ts_mean(FIELD,#),FIELD),#),#),sector)",2026-08-02T11:01:56.204483+00:00
arch_pv_slow:primary,arch_pv_slow,proven,5.800000000000001,"group_neutralize(ts_rank(ts_mean(close,21)/close,63)-0.5,market)","{""instrumentType"": ""EQUITY"", ""region"": ""USA"", ""universe"": ""TOP3000"", ""delay"": 1, ""decay"": 6, ""neutralization"": ""MARKET"", ""truncation"": 0.06, ""pasteurization"": ""ON"", ""unitHandling"": ""VERIFY"", ""nanHandling"": ""ON"", ""language"": ""FASTEXPR"", ""visualization"": false}",0,4bdd478bcebd18da41b86d3ca0c491b0c9b06fd001cf2904a4652942ec06c445,"group_neutralize(sub(ts_rank(div(ts_mean(close,#),close),#),#),market)","group_neutralize(sub(ts_rank(div(ts_mean(FIELD,#),FIELD),#),#),market)",2026-08-02T11:01:56.204483+00:00
arch_pv_slow:primary,arch_pv_slow,proven,5.75,"group_neutralize(ts_rank(ts_mean(close,21)/close,126)-0.5,industry)","{""instrumentType"": ""EQUITY"", ""region"": ""USA"", ""universe"": ""TOP3000"", ""delay"": 1, ""decay"": 6, ""neutralization"": ""MARKET"", ""truncation"": 0.06, ""pasteurization"": ""ON"", ""unitHandling"": ""VERIFY"", ""nanHandling"": ""ON"", ""language"": ""FASTEXPR"", ""visualization"": false}",0,b67905265b47f3e111f568a4b078ccf396521c444de87c286a6cbab1a8e837db,"group_neutralize(sub(ts_rank(div(ts_mean(close,#),close),#),#),industry)","group_neutralize(sub(ts_rank(div(ts_mean(FIELD,#),FIELD),#),#),industry)",2026-08-02T11:01:56.204483+00:00
arch_analyst_delta:primary,arch_analyst_delta,proven,5.75,"group_neutralize(rank(ts_delta(workforce_pillar_composite_score,63)),sector)","{""instrumentType"": ""EQUITY"", ""region"": ""USA"", ""universe"": ""TOP3000"", ""delay"": 1, ""decay"": 4, ""neutralization"": ""MARKET"", ""truncation"": 0.06, ""pasteurization"": ""ON"", ""unitHandling"": ""VERIFY"", ""nanHandling"": ""ON"", ""language"": ""FASTEXPR"", ""visualization"": false}",0,b1a54cb2ce2aa508c8e725b0f80129cb7a470c42f6b5d438cc2fc5616d718dd7,"group_neutralize(ts_delta(workforce_pillar_composite_score,#),sector)","group_neutralize(ts_delta(FIELD,#),sector)",2026-08-02T11:01:56.204483+00:00
arch_analyst_delta:primary,arch_analyst_delta,proven,5.75,"group_neutralize(rank(ts_delta(industry_fy2_marketcap_percent,63)),industry)","{""instrumentType"": ""EQUITY"", ""region"": ""USA"", ""universe"": ""TOP3000"", ""delay"": 1, ""decay"": 4, ""neutralization"": ""MARKET"", ""truncation"": 0.06, ""pasteurization"": ""ON"", ""unitHandling"": ""VERIFY"", ""nanHandling"": ""ON"", ""language"": ""FASTEXPR"", ""visualization"": false}",0,49dfc2c306d187067a5d95c4a9853e9b5b152711c47cca5f3e21cdfcb5d04a5f,"group_neutralize(ts_delta(industry_fy2_marketcap_percent,#),industry)","group_neutralize(ts_delta(FIELD,#),industry)",2026-08-02T11:01:56.204483+00:00
arch_analyst_delta:primary,arch_analyst_delta,proven,5.75,"group_neutralize(rank(ts_delta(industry_18mo_marketcap_percent,63)),industry)","{""instrumentType"": ""EQUITY"", ""region"": ""USA"", ""universe"": ""TOP3000"", ""delay"": 1, ""decay"": 4, ""neutralization"": ""MARKET"", ""truncation"": 0.06, ""pasteurization"": ""ON"", ""unitHandling"": ""VERIFY"", ""nanHandling"": ""ON"", ""language"": ""FASTEXPR"", ""visualization"": false}",0,b60c94ef216bed544033585c48a5352eba29375c56001af3bf608a4d7a146fe3,"group_neutralize(ts_delta(industry_18mo_marketcap_percent,#),industry)","group_neutralize(ts_delta(FIELD,#),industry)",2026-08-02T11:01:56.204483+00:00
arch_analyst_delta:primary,arch_analyst_delta,proven,5.75,"group_neutralize(rank(ts_delta(governance_pillar_composite_score,63)),sector)","{""instrumentType"": ""EQUITY"", ""region"": ""USA"", ""universe"": ""TOP3000"", ""delay"": 1, ""decay"": 4, ""neutralization"": ""MARKET"", ""truncation"": 0.06, ""pasteurization"": ""ON"", ""unitHandling"": ""VERIFY"", ""nanHandling"": ""ON"", ""language"": ""FASTEXPR"", ""visualization"": false}",0,c0f367ebd62da68941e497354d27d9a4e00bc74aca0c082badaf0e7d1f91ee15,"group_neutralize(ts_delta(governance_pillar_composite_score,#),sector)","group_neutralize(ts_delta(FIELD,#),sector)",2026-08-02T11:01:56.204483+00:00
arch_analyst_delta:primary,arch_analyst_delta,proven,5.75,"group_neutralize(rank(ts_delta(management_ethics_standards_score,63)),sector)","{""instrumentType"": ""EQUITY"", ""region"": ""USA"", ""universe"": ""TOP3000"", ""delay"": 1, ""decay"": 4, ""neutralization"": ""MARKET"", ""truncation"": 0.06, ""pasteurization"": ""ON"", ""unitHandling"": ""VERIFY"", ""nanHandling"": ""ON"", ""language"": ""FASTEXPR"", ""visualization"": false}",0,ba46c2428c359d94819bb3cee97290c260f224f1441a96671327eaea783b7c23,"group_neutralize(ts_delta(management_ethics_standards_score,#),sector)","group_neutralize(ts_delta(FIELD,#),sector)",2026-08-02T11:01:56.204483+00:00
arch_analyst_delta:primary,arch_analyst_delta,proven,5.75,"group_neutralize(rank(ts_delta(workplace_diversity_labor_rights_score,63)),market)","{""instrumentType"": ""EQUITY"", ""region"": ""USA"", ""universe"": ""TOP3000"", ""delay"": 1, ""decay"": 4, ""neutralization"": ""MARKET"", ""truncation"": 0.06, ""pasteurization"": ""ON"", ""unitHandling"": ""VERIFY"", ""nanHandling"": ""ON"", ""language"": ""FASTEXPR"", ""visualization"": false}",0,811be40519c8ac0dbea6e28e7a8e232cf8c50a71cac5dac81f439b25d8fbe842,"group_neutralize(ts_delta(workplace_diversity_labor_rights_score,#),market)","group_neutralize(ts_delta(FIELD,#),market)",2026-08-02T11:01:56.204483+00:00
arch_analyst_delta:primary,arch_analyst_delta,proven,5.75,"group_neutralize(rank(ts_delta(group_longterm_growth_marketcap_percent,63)),market)","{""instrumentType"": ""EQUITY"", ""region"": ""USA"", ""universe"": ""TOP3000"", ""delay"": 1, ""decay"": 4, ""neutralization"": ""MARKET"", ""truncation"": 0.06, ""pasteurization"": ""ON"", ""unitHandling"": ""VERIFY"", ""nanHandling"": ""ON"", ""language"": ""FASTEXPR"", ""visualization"": false}",0,d7ecc8b3919a022063fcf647c07a30d6ed189ad8f65d1fe352ecbe40efb2517c,"group_neutralize(ts_delta(group_longterm_growth_marketcap_percent,#),market)","group_neutralize(ts_delta(FIELD,#),market)",2026-08-02T11:01:56.204483+00:00
arch_analyst_delta:primary,arch_analyst_delta,proven,5.75,"group_neutralize(rank(ts_delta(sector_longterm_growth_marketcap_percent,63)),industry)","{""instrumentType"": ""EQUITY"", ""region"": ""USA"", ""universe"": ""TOP3000"", ""delay"": 1, ""decay"": 4, ""neutralization"": ""MARKET"", ""truncation"": 0.06, ""pasteurization"": ""ON"", ""unitHandling"": ""VERIFY"", ""nanHandling"": ""ON"", ""language"": ""FASTEXPR"", ""visualization"": false}",0,a3ab91eeac66b54fdd9bd82b21028d3b5a6334796cfb3d3e2be80f762b656073,"group_neutralize(ts_delta(sector_longterm_growth_marketcap_percent,#),industry)","group_neutralize(ts_delta(FIELD,#),industry)",2026-08-02T11:01:56.204483+00:00
arch_pv_slow:primary,arch_pv_slow,proven,5.700000000000001,"group_neutralize(ts_rank(ts_mean(close,21)/close,63)-0.5,sector)","{""instrumentType"": ""EQUITY"", ""region"": ""USA"", ""universe"": ""TOP3000"", ""delay"": 1, ""decay"": 6, ""neutralization"": ""MARKET"", ""truncation"": 0.06, ""pasteurization"": ""ON"", ""unitHandling"": ""VERIFY"", ""nanHandling"": ""ON"", ""language"": ""FASTEXPR"", ""visualization"": false}",0,d21a12ebc1ba01e853bde512b56306b36267f9b93060c91e509843cd18c80a97,"group_neutralize(sub(ts_rank(div(ts_mean(close,#),close),#),#),sector)","group_neutralize(sub(ts_rank(div(ts_mean(FIELD,#),FIELD),#),#),sector)",2026-08-02T11:01:56.204483+00:00
arch_pv_slow:primary,arch_pv_slow,proven,5.65,"group_neutralize(ts_decay_linear(zscore(vwap/close),63),market)","{""instrumentType"": ""EQUITY"", ""region"": ""USA"", ""universe"": ""TOP3000"", ""delay"": 1, ""decay"": 6, ""neutralization"": ""MARKET"", ""truncation"": 0.06, ""pasteurization"": ""ON"", ""unitHandling"": ""VERIFY"", ""nanHandling"": ""ON"", ""language"": ""FASTEXPR"", ""visualization"": false}",0,712e1e60f0cfcdeab30f211ace897a97592917c7196076a2f87ffc8759290183,"group_neutralize(ts_decay_linear(div(vwap,close),#),market)","group_neutralize(ts_decay_linear(div(FIELD,FIELD),#),market)",2026-08-02T11:01:56.204483+00:00
arch_ts_rank:primary,arch_ts_rank,proven,5.65,"group_neutralize(ts_rank(anl10_roeff_2323/cap,126)-0.5,industry)","{""instrumentType"": ""EQUITY"", ""region"": ""USA"", ""universe"": ""TOP3000"", ""delay"": 1, ""decay"": 6, ""neutralization"": ""MARKET"", ""truncation"": 0.05, ""pasteurization"": ""ON"", ""unitHandling"": ""VERIFY"", ""nanHandling"": ""ON"", ""language"": ""FASTEXPR"", ""visualization"": false}",0,f1e4750ea4cf8f04d6ec478c2db74cac5c1b7b2631d4300150d091419e96162c,"group_neutralize(sub(ts_rank(div(anl10_roeff_2323,cap),#),#),industry)","group_neutralize(sub(ts_rank(div(FIELD,FIELD),#),#),industry)",2026-08-02T11:01:56.204483+00:00
arch_ts_rank:primary,arch_ts_rank,proven,5.65,"group_neutralize(ts_rank(anl10_smartest_roe_ff/cap,126)-0.5,market)","{""instrumentType"": ""EQUITY"", ""region"": ""USA"", ""universe"": ""TOP3000"", ""delay"": 1, ""decay"": 6, ""neutralization"": ""MARKET"", ""truncation"": 0.05, ""pasteurization"": ""ON"", ""unitHandling"": ""VERIFY"", ""nanHandling"": ""ON"", ""language"": ""FASTEXPR"", ""visualization"": false}",0,9a4b1dee6fa8dd651b4c9eb69c07ff82e2f708a22f84625439556f1e8cb50443,"group_neutralize(sub(ts_rank(div(anl10_smartest_roe_ff,cap),#),#),market)","group_neutralize(sub(ts_rank(div(FIELD,FIELD),#),#),market)",2026-08-02T11:01:56.204483+00:00
arch_ts_rank:primary,arch_ts_rank,proven,5.65,"group_neutralize(ts_rank(anl10_smartest_roa_ff/cap,126)-0.5,sector)","{""instrumentType"": ""EQUITY"", ""region"": ""USA"", ""universe"": ""TOP3000"", ""delay"": 1, ""decay"": 6, ""neutralization"": ""MARKET"", ""truncation"": 0.05, ""pasteurization"": ""ON"", ""unitHandling"": ""VERIFY"", ""nanHandling"": ""ON"", ""language"": ""FASTEXPR"", ""visualization"": false}",0,f099a49d055bf7889a1fe59917b2659bd652629c53f24669986224231afb277b,"group_neutralize(sub(ts_rank(div(anl10_smartest_roa_ff,cap),#),#),sector)","group_neutralize(sub(ts_rank(div(FIELD,FIELD),#),#),sector)",2026-08-02T11:01:56.204483+00:00
arch_pv_slow:primary,arch_pv_slow,proven,5.6000000000000005,"group_neutralize(ts_rank(vwap/close,252)-0.5,sector)","{""instrumentType"": ""EQUITY"", ""region"": ""USA"", ""universe"": ""TOP3000"", ""delay"": 1, ""decay"": 6, ""neutralization"": ""MARKET"", ""truncation"": 0.06, ""pasteurization"": ""ON"", ""unitHandling"": ""VERIFY"", ""nanHandling"": ""ON"", ""language"": ""FASTEXPR"", ""visualization"": false}",0,891258f0cdd0a1cd12ab5b540c0017c4dcea97addc5362a452f6ebec791b212c,"group_neutralize(sub(ts_rank(div(vwap,close),#),#),sector)","group_neutralize(sub(ts_rank(div(FIELD,FIELD),#),#),sector)",2026-08-02T11:01:56.204483+00:00
arch_pv_slow:primary,arch_pv_slow,proven,5.6000000000000005,"group_neutralize(ts_rank(ts_mean(close,21)/close,63)-0.5,industry)","{""instrumentType"": ""EQUITY"", ""region"": ""USA"", ""universe"": ""TOP3000"", ""delay"": 1, ""decay"": 6, ""neutralization"": ""MARKET"", ""truncation"": 0.06, ""pasteurization"": ""ON"", ""unitHandling"": ""VERIFY"", ""nanHandling"": ""ON"", ""language"": ""FASTEXPR"", ""visualization"": false}",0,2fae46a1ec23e3ee13da5dc4efb042370938d1ee549a00cb7b16b13582aaa2e3,"group_neutralize(sub(ts_rank(div(ts_mean(close,#),close),#),#),industry)","group_neutralize(sub(ts_rank(div(ts_mean(FIELD,#),FIELD),#),#),industry)",2026-08-02T11:01:56.204483+00:00
arch_ts_rank:primary,arch_ts_rank,proven,5.550000000000001,"group_neutralize(ts_rank(anl10_roeff_2323/cap,63)-0.5,sector)","{""instrumentType"": ""EQUITY"", ""region"": ""USA"", ""universe"": ""TOP3000"", ""delay"": 1, ""decay"": 6, ""neutralization"": ""MARKET"", ""truncation"": 0.05, ""pasteurization"": ""ON"", ""unitHandling"": ""VERIFY"", ""nanHandling"": ""ON"", ""language"": ""FASTEXPR"", ""visualization"": false}",0,29d4bf83831f2cfa0801eda72165478be675d99ff32be37a50b614c558a32554,"group_neutralize(sub(ts_rank(div(anl10_roeff_2323,cap),#),#),sector)","group_neutralize(sub(ts_rank(div(FIELD,FIELD),#),#),sector)",2026-08-02T11:01:56.204483+00:00
arch_pv_slow:primary,arch_pv_slow,proven,5.550000000000001,"group_neutralize(ts_decay_linear(zscore(vwap/close),63),sector)","{""instrumentType"": ""EQUITY"", ""region"": ""USA"", ""universe"": ""TOP3000"", ""delay"": 1, ""decay"": 6, ""neutralization"": ""MARKET"", ""truncation"": 0.06, ""pasteurization"": ""ON"", ""unitHandling"": ""VERIFY"", ""nanHandling"": ""ON"", ""language"": ""FASTEXPR"", ""visualization"": false}",0,fcb9db5fd09f361ea3e255a5480b8e5c89abf37d8c77d9e3bc09c9ba08d224f4,"group_neutralize(ts_decay_linear(div(vwap,close),#),sector)","group_neutralize(ts_decay_linear(div(FIELD,FIELD),#),sector)",2026-08-02T11:01:56.204483+00:00
arch_ts_rank:primary,arch_ts_rank,proven,5.550000000000001,"group_neutralize(ts_rank(anl10_smartest_roe_ff/cap,63)-0.5,sector)","{""instrumentType"": ""EQUITY"", ""region"": ""USA"", ""universe"": ""TOP3000"", ""delay"": 1, ""decay"": 6, ""neutralization"": ""MARKET"", ""truncation"": 0.05, ""pasteurization"": ""ON"", ""unitHandling"": ""VERIFY"", ""nanHandling"": ""ON"", ""language"": ""FASTEXPR"", ""visualization"": false}",0,1bd383f00870c63a958488d549f6b2da6bcef76e841a8b21c99dab28cd0334ce,"group_neutralize(sub(ts_rank(div(anl10_smartest_roe_ff,cap),#),#),sector)","group_neutralize(sub(ts_rank(div(FIELD,FIELD),#),#),sector)",2026-08-02T11:01:56.204483+00:00
arch_pv_slow:primary,arch_pv_slow,proven,5.5,"group_neutralize(ts_rank(vwap/close,252)-0.5,industry)","{""instrumentType"": ""EQUITY"", ""region"": ""USA"", ""universe"": ""TOP3000"", ""delay"": 1, ""decay"": 6, ""neutralization"": ""MARKET"", ""truncation"": 0.06, ""pasteurization"": ""ON"", ""unitHandling"": ""VERIFY"", ""nanHandling"": ""ON"", ""language"": ""FASTEXPR"", ""visualization"": false}",0,a8a00e83a2f6e81d35dfed5db9003e7020efc8a7f7cb382a9502ef63363c95a8,"group_neutralize(sub(ts_rank(div(vwap,close),#),#),industry)","group_neutralize(sub(ts_rank(div(FIELD,FIELD),#),#),industry)",2026-08-02T11:01:56.204483+00:00
arch_pv_slow:primary,arch_pv_slow,proven,5.450000000000001,"group_neutralize(ts_decay_linear(zscore(vwap/close),63),industry)","{""instrumentType"": ""EQUITY"", ""region"": ""USA"", ""universe"": ""TOP3000"", ""delay"": 1, ""decay"": 6, ""neutralization"": ""MARKET"", ""truncation"": 0.06, ""pasteurization"": ""ON"", ""unitHandling"": ""VERIFY"", ""nanHandling"": ""ON"", ""language"": ""FASTEXPR"", ""visualization"": false}",0,a53d8d1366cc3c37863bb82467ae1dcdccbb8e4193a9ec8c475e3614da57fda6,"group_neutralize(ts_decay_linear(div(vwap,close),#),industry)","group_neutralize(ts_decay_linear(div(FIELD,FIELD),#),industry)",2026-08-02T11:01:56.204483+00:00
arch_pv_slow:primary,arch_pv_slow,proven,5.45,"group_neutralize(ts_rank(vwap/close,126)-0.5,market)","{""instrumentType"": ""EQUITY"", ""region"": ""USA"", ""universe"": ""TOP3000"", ""delay"": 1, ""decay"": 6, ""neutralization"": ""MARKET"", ""truncation"": 0.06, ""pasteurization"": ""ON"", ""unitHandling"": ""VERIFY"", ""nanHandling"": ""ON"", ""language"": ""FASTEXPR"", ""visualization"": false}",0,dd838d98f26a9c79e750adef98b10fdf526320c5ec19ba7957af0e0c475ea240,"group_neutralize(sub(ts_rank(div(vwap,close),#),#),market)","group_neutralize(sub(ts_rank(div(FIELD,FIELD),#),#),market)",2026-08-02T11:01:56.204483+00:00
arch_ts_rank:primary,arch_ts_rank,proven,5.4,"group_neutralize(ts_rank(anl10_roeff_2323/cap,63)-0.5,industry)","{""instrumentType"": ""EQUITY"", ""region"": ""USA"", ""universe"": ""TOP3000"", ""delay"": 1, ""decay"": 6, ""neutralization"": ""MARKET"", ""truncation"": 0.05, ""pasteurization"": ""ON"", ""unitHandling"": ""VERIFY"", ""nanHandling"": ""ON"", ""language"": ""FASTEXPR"", ""visualization"": false}",0,786f61539c152c7f74c2e0243a85e2fa88f78b4a736d1c6c21a14269d9c3386e,"group_neutralize(sub(ts_rank(div(anl10_roeff_2323,cap),#),#),industry)","group_neutralize(sub(ts_rank(div(FIELD,FIELD),#),#),industry)",2026-08-02T11:01:56.204483+00:00
arch_ts_rank:primary,arch_ts_rank,proven,5.4,"group_neutralize(ts_rank(anl10_smartest_roe_ff/cap,63)-0.5,market)","{""instrumentType"": ""EQUITY"", ""region"": ""USA"", ""universe"": ""TOP3000"", ""delay"": 1, ""decay"": 6, ""neutralization"": ""MARKET"", ""truncation"": 0.05, ""pasteurization"": ""ON"", ""unitHandling"": ""VERIFY"", ""nanHandling"": ""ON"", ""language"": ""FASTEXPR"", ""visualization"": false}",0,10593237b967910b207d5b13423f1eae777cea54707abffb5cb84f77e807b9bf,"group_neutralize(sub(ts_rank(div(anl10_smartest_roe_ff,cap),#),#),market)","group_neutralize(sub(ts_rank(div(FIELD,FIELD),#),#),market)",2026-08-02T11:01:56.204483+00:00
arch_ts_rank:primary,arch_ts_rank,proven,5.4,"group_neutralize(ts_rank(anl10_smartest_roa_ff/cap,63)-0.5,sector)","{""instrumentType"": ""EQUITY"", ""region"": ""USA"", ""universe"": ""TOP3000"", ""delay"": 1, ""decay"": 6, ""neutralization"": ""MARKET"", ""truncation"": 0.05, ""pasteurization"": ""ON"", ""unitHandling"": ""VERIFY"", ""nanHandling"": ""ON"", ""language"": ""FASTEXPR"", ""visualization"": false}",0,5e7ddb6d0bb649f2ad04a7dac7b6c9c047dba89128324c1f37f0bc17c737db61,"group_neutralize(sub(ts_rank(div(anl10_smartest_roa_ff,cap),#),#),sector)","group_neutralize(sub(ts_rank(div(FIELD,FIELD),#),#),sector)",2026-08-02T11:01:56.204483+00:00
arch_pv_slow:primary,arch_pv_slow,proven,5.3500000000000005,"group_neutralize(ts_rank(vwap/close,126)-0.5,sector)","{""instrumentType"": ""EQUITY"", ""region"": ""USA"", ""universe"": ""TOP3000"", ""delay"": 1, ""decay"": 6, ""neutralization"": ""MARKET"", ""truncation"": 0.06, ""pasteurization"": ""ON"", ""unitHandling"": ""VERIFY"", ""nanHandling"": ""ON"", ""language"": ""FASTEXPR"", ""visualization"": false}",0,edbb7a1d436fbf9fd3eb7b14ff43b3500af3baf49aac7c91b95701325da879e8,"group_neutralize(sub(ts_rank(div(vwap,close),#),#),sector)","group_neutralize(sub(ts_rank(div(FIELD,FIELD),#),#),sector)",2026-08-02T11:01:56.204483+00:00
arch_analyst_ts:primary,arch_analyst_ts,proven,5.35,"group_neutralize(ts_rank(workforce_pillar_composite_score,126)-0.5,sector)","{""instrumentType"": ""EQUITY"", ""region"": ""USA"", ""universe"": ""TOP3000"", ""delay"": 1, ""decay"": 4, ""neutralization"": ""MARKET"", ""truncation"": 0.06, ""pasteurization"": ""ON"", ""unitHandling"": ""VERIFY"", ""nanHandling"": ""ON"", ""language"": ""FASTEXPR"", ""visualization"": false}",0,ef84359c96b952a7644f4c8ea9bd54fb68f70497741f122cbc721daac1b294af,"group_neutralize(sub(ts_rank(workforce_pillar_composite_score,#),#),sector)","group_neutralize(sub(ts_rank(FIELD,#),#),sector)",2026-08-02T11:01:56.204483+00:00
arch_analyst_ts:primary,arch_analyst_ts,proven,5.35,"group_neutralize(ts_rank(industry_fy2_marketcap_percent,126)-0.5,industry)","{""instrumentType"": ""EQUITY"", ""region"": ""USA"", ""universe"": ""TOP3000"", ""delay"": 1, ""decay"": 4, ""neutralization"": ""MARKET"", ""truncation"": 0.06, ""pasteurization"": ""ON"", ""unitHandling"": ""VERIFY"", ""nanHandling"": ""ON"", ""language"": ""FASTEXPR"", ""visualization"": false}",0,7d805b510985e2bb0e5feefde9f3b873efeff9c5a2b5a851ef612be71463fdde,"group_neutralize(sub(ts_rank(industry_fy2_marketcap_percent,#),#),industry)","group_neutralize(sub(ts_rank(FIELD,#),#),industry)",2026-08-02T11:01:56.204483+00:00
arch_analyst_ts:primary,arch_analyst_ts,proven,5.35,"group_neutralize(ts_rank(industry_18mo_marketcap_percent,126)-0.5,industry)","{""instrumentType"": ""EQUITY"", ""region"": ""USA"", ""universe"": ""TOP3000"", ""delay"": 1, ""decay"": 4, ""neutralization"": ""MARKET"", ""truncation"": 0.06, ""pasteurization"": ""ON"", ""unitHandling"": ""VERIFY"", ""nanHandling"": ""ON"", ""language"": ""FASTEXPR"", ""visualization"": false}",0,a86fed42e054423fed16c729986fef2c2dc92b9682341c29d842156c8f18681f,"group_neutralize(sub(ts_rank(industry_18mo_marketcap_percent,#),#),industry)","group_neutralize(sub(ts_rank(FIELD,#),#),industry)",2026-08-02T11:01:56.204483+00:00
arch_analyst_ts:primary,arch_analyst_ts,proven,5.35,"group_neutralize(ts_rank(governance_pillar_composite_score,126)-0.5,sector)","{""instrumentType"": ""EQUITY"", ""region"": ""USA"", ""universe"": ""TOP3000"", ""delay"": 1, ""decay"": 4, ""neutralization"": ""MARKET"", ""truncation"": 0.06, ""pasteurization"": ""ON"", ""unitHandling"": ""VERIFY"", ""nanHandling"": ""ON"", ""language"": ""FASTEXPR"", ""visualization"": false}",0,8e3216d7a81ac194d4dc43902acb6411f761172f1f74e4f3bd00235a6038f2bb,"group_neutralize(sub(ts_rank(governance_pillar_composite_score,#),#),sector)","group_neutralize(sub(ts_rank(FIELD,#),#),sector)",2026-08-02T11:01:56.204483+00:00
arch_analyst_ts:primary,arch_analyst_ts,proven,5.35,"group_neutralize(ts_rank(management_ethics_standards_score,126)-0.5,sector)","{""instrumentType"": ""EQUITY"", ""region"": ""USA"", ""universe"": ""TOP3000"", ""delay"": 1, ""decay"": 4, ""neutralization"": ""MARKET"", ""truncation"": 0.06, ""pasteurization"": ""ON"", ""unitHandling"": ""VERIFY"", ""nanHandling"": ""ON"", ""language"": ""FASTEXPR"", ""visualization"": false}",0,088e53f61f12111c41f9c403a7fe7e9e2568486039b7d37c8d60cde9ef88c641,"group_neutralize(sub(ts_rank(management_ethics_standards_score,#),#),sector)","group_neutralize(sub(ts_rank(FIELD,#),#),sector)",2026-08-02T11:01:56.204483+00:00
arch_analyst_ts:primary,arch_analyst_ts,proven,5.35,"group_neutralize(ts_rank(workplace_diversity_labor_rights_score,126)-0.5,market)","{""instrumentType"": ""EQUITY"", ""region"": ""USA"", ""universe"": ""TOP3000"", ""delay"": 1, ""decay"": 4, ""neutralization"": ""MARKET"", ""truncation"": 0.06, ""pasteurization"": ""ON"", ""unitHandling"": ""VERIFY"", ""nanHandling"": ""ON"", ""language"": ""FASTEXPR"", ""visualization"": false}",0,3e562ad26ce0ff89ca96113b5b546376233de1662c5681a3e9389294e0f9dda4,"group_neutralize(sub(ts_rank(workplace_diversity_labor_rights_score,#),#),market)","group_neutralize(sub(ts_rank(FIELD,#),#),market)",2026-08-02T11:01:56.204483+00:00
arch_analyst_ts:primary,arch_analyst_ts,proven,5.35,"group_neutralize(ts_rank(group_longterm_growth_marketcap_percent,126)-0.5,market)","{""instrumentType"": ""EQUITY"", ""region"": ""USA"", ""universe"": ""TOP3000"", ""delay"": 1, ""decay"": 4, ""neutralization"": ""MARKET"", ""truncation"": 0.06, ""pasteurization"": ""ON"", ""unitHandling"": ""VERIFY"", ""nanHandling"": ""ON"", ""language"": ""FASTEXPR"", ""visualization"": false}",0,168ac06cf04ad56e1eab77633f325917bceab9c31256b5eda088e1e6cd48b272,"group_neutralize(sub(ts_rank(group_longterm_growth_marketcap_percent,#),#),market)","group_neutralize(sub(ts_rank(FIELD,#),#),market)",2026-08-02T11:01:56.204483+00:00
arch_analyst_ts:primary,arch_analyst_ts,proven,5.35,"group_neutralize(ts_rank(sector_longterm_growth_marketcap_percent,126)-0.5,industry)","{""instrumentType"": ""EQUITY"", ""region"": ""USA"", ""universe"": ""TOP3000"", ""delay"": 1, ""decay"": 4, ""neutralization"": ""MARKET"", ""truncation"": 0.06, ""pasteurization"": ""ON"", ""unitHandling"": ""VERIFY"", ""nanHandling"": ""ON"", ""language"": ""FASTEXPR"", ""visualization"": false}",0,80a9f7b5a3c323385f83a21ce52b19c197a7c8e4929e3f65a3382c35effbce66,"group_neutralize(sub(ts_rank(sector_longterm_growth_marketcap_percent,#),#),industry)","group_neutralize(sub(ts_rank(FIELD,#),#),industry)",2026-08-02T11:01:56.204483+00:00
arch_pv_slow:primary,arch_pv_slow,proven,5.25,"group_neutralize(ts_rank(vwap/close,126)-0.5,industry)","{""instrumentType"": ""EQUITY"", ""region"": ""USA"", ""universe"": ""TOP3000"", ""delay"": 1, ""decay"": 6, ""neutralization"": ""MARKET"", ""truncation"": 0.06, ""pasteurization"": ""ON"", ""unitHandling"": ""VERIFY"", ""nanHandling"": ""ON"", ""language"": ""FASTEXPR"", ""visualization"": false}",0,281f38536f8521503a99de5cb1ce4e5272f382652dedd361b5df5f3156f53b80,"group_neutralize(sub(ts_rank(div(vwap,close),#),#),industry)","group_neutralize(sub(ts_rank(div(FIELD,FIELD),#),#),industry)",2026-08-02T11:01:56.204483+00:00
arch_pv_slow:primary,arch_pv_slow,proven,5.2,"group_neutralize(ts_rank(vwap/close,63)-0.5,market)","{""instrumentType"": ""EQUITY"", ""region"": ""USA"", ""universe"": ""TOP3000"", ""delay"": 1, ""decay"": 6, ""neutralization"": ""MARKET"", ""truncation"": 0.06, ""pasteurization"": ""ON"", ""unitHandling"": ""VERIFY"", ""nanHandling"": ""ON"", ""language"": ""FASTEXPR"", ""visualization"": false}",0,f37e6e8689a061763ad938cd99757f5c68197d3106c6bcb928788af3ad5d85b9,"group_neutralize(sub(ts_rank(div(vwap,close),#),#),market)","group_neutralize(sub(ts_rank(div(FIELD,FIELD),#),#),market)",2026-08-02T11:01:56.204483+00:00
arch_pv_slow:primary,arch_pv_slow,proven,5.1000000000000005,"group_neutralize(ts_rank(vwap/close,63)-0.5,sector)","{""instrumentType"": ""EQUITY"", ""region"": ""USA"", ""universe"": ""TOP3000"", ""delay"": 1, ""decay"": 6, ""neutralization"": ""MARKET"", ""truncation"": 0.06, ""pasteurization"": ""ON"", ""unitHandling"": ""VERIFY"", ""nanHandling"": ""ON"", ""language"": ""FASTEXPR"", ""visualization"": false}",0,44e41839a4ecec575629086542910e6971bfb2105b14838f71d33d1a5659c6a3,"group_neutralize(sub(ts_rank(div(vwap,close),#),#),sector)","group_neutralize(sub(ts_rank(div(FIELD,FIELD),#),#),sector)",2026-08-02T11:01:56.204483+00:00
arch_vwap_dev:primary,arch_vwap_dev,proven,5.050000000000001,"group_neutralize(ts_rank((vwap-close)/close,126)-0.5,market)","{""instrumentType"": ""EQUITY"", ""region"": ""USA"", ""universe"": ""TOP3000"", ""delay"": 1, ""decay"": 6, ""neutralization"": ""MARKET"", ""truncation"": 0.06, ""pasteurization"": ""ON"", ""unitHandling"": ""VERIFY"", ""nanHandling"": ""ON"", ""language"": ""FASTEXPR"", ""visualization"": false}",0,a76055be75fc57a7ab19b97acff1df989461d93d423bedad827381028c57cf60,"group_neutralize(sub(ts_rank(div(sub(vwap,close),close),#),#),market)","group_neutralize(sub(ts_rank(div(sub(FIELD,FIELD),FIELD),#),#),market)",2026-08-02T11:01:56.204483+00:00
arch_vwap_dev:primary,arch_vwap_dev,proven,5.050000000000001,"group_neutralize(ts_rank((vwap-close)/close,126)-0.5,sector)","{""instrumentType"": ""EQUITY"", ""region"": ""USA"", ""universe"": ""TOP3000"", ""delay"": 1, ""decay"": 6, ""neutralization"": ""MARKET"", ""truncation"": 0.06, ""pasteurization"": ""ON"", ""unitHandling"": ""VERIFY"", ""nanHandling"": ""ON"", ""language"": ""FASTEXPR"", ""visualization"": false}",0,7d73d557274caf917de1181a2a62e2e2f20a498b6bbaa701d59eff6ac52a00de,"group_neutralize(sub(ts_rank(div(sub(vwap,close),close),#),#),sector)","group_neutralize(sub(ts_rank(div(sub(FIELD,FIELD),FIELD),#),#),sector)",2026-08-02T11:01:56.204483+00:00
arch_pv_slow:primary,arch_pv_slow,proven,5.0,"group_neutralize(ts_rank(vwap/close,63)-0.5,industry)","{""instrumentType"": ""EQUITY"", ""region"": ""USA"", ""universe"": ""TOP3000"", ""delay"": 1, ""decay"": 6, ""neutralization"": ""MARKET"", ""truncation"": 0.06, ""pasteurization"": ""ON"", ""unitHandling"": ""VERIFY"", ""nanHandling"": ""ON"", ""language"": ""FASTEXPR"", ""visualization"": false}",0,702040d12a0cc8ce64c5b3112605dd29d6cd960caf579d09e4ee6edc6f4bae22,"group_neutralize(sub(ts_rank(div(vwap,close),#),#),industry)","group_neutralize(sub(ts_rank(div(FIELD,FIELD),#),#),industry)",2026-08-02T11:01:56.204483+00:00
arch_vwap_dev:primary,arch_vwap_dev,proven,4.9,"group_neutralize(ts_rank((vwap-close)/close,63)-0.5,market)","{""instrumentType"": ""EQUITY"", ""region"": ""USA"", ""universe"": ""TOP3000"", ""delay"": 1, ""decay"": 6, ""neutralization"": ""MARKET"", ""truncation"": 0.06, ""pasteurization"": ""ON"", ""unitHandling"": ""VERIFY"", ""nanHandling"": ""ON"", ""language"": ""FASTEXPR"", ""visualization"": false}",0,01ab475af26c9c7794dd2de49c4c8013fe16c90e453a67d3b41fa49e5d9db031,"group_neutralize(sub(ts_rank(div(sub(vwap,close),close),#),#),market)","group_neutralize(sub(ts_rank(div(sub(FIELD,FIELD),FIELD),#),#),market)",2026-08-02T11:01:56.204483+00:00
arch_vwap_dev:primary,arch_vwap_dev,proven,4.9,"group_neutralize(ts_rank((vwap-close)/close,63)-0.5,sector)","{""instrumentType"": ""EQUITY"", ""region"": ""USA"", ""universe"": ""TOP3000"", ""delay"": 1, ""decay"": 6, ""neutralization"": ""MARKET"", ""truncation"": 0.06, ""pasteurization"": ""ON"", ""unitHandling"": ""VERIFY"", ""nanHandling"": ""ON"", ""language"": ""FASTEXPR"", ""visualization"": false}",0,20bd7ea022de2aaf235a6a3be46b784549faa344cd0732df59fcdec5357c544e,"group_neutralize(sub(ts_rank(div(sub(vwap,close),close),#),#),sector)","group_neutralize(sub(ts_rank(div(sub(FIELD,FIELD),FIELD),#),#),sector)",2026-08-02T11:01:56.204483+00:00
arch_vwap_dev:primary,arch_vwap_dev,proven,4.85,"group_neutralize(ts_rank((vwap-close)/close,126)-0.5,industry)","{""instrumentType"": ""EQUITY"", ""region"": ""USA"", ""universe"": ""TOP3000"", ""delay"": 1, ""decay"": 6, ""neutralization"": ""MARKET"", ""truncation"": 0.06, ""pasteurization"": ""ON"", ""unitHandling"": ""VERIFY"", ""nanHandling"": ""ON"", ""language"": ""FASTEXPR"", ""visualization"": false}",0,fcff35d7913f10f525a401a4ed788d7aa9ff39ebca2efde694d1c746020db70b,"group_neutralize(sub(ts_rank(div(sub(vwap,close),close),#),#),industry)","group_neutralize(sub(ts_rank(div(sub(FIELD,FIELD),FIELD),#),#),industry)",2026-08-02T11:01:56.204483+00:00
arch_vwap_dev:primary,arch_vwap_dev,proven,4.7,"group_neutralize(ts_rank((vwap-close)/close,63)-0.5,industry)","{""instrumentType"": ""EQUITY"", ""region"": ""USA"", ""universe"": ""TOP3000"", ""delay"": 1, ""decay"": 6, ""neutralization"": ""MARKET"", ""truncation"": 0.06, ""pasteurization"": ""ON"", ""unitHandling"": ""VERIFY"", ""nanHandling"": ""ON"", ""language"": ""FASTEXPR"", ""visualization"": false}",0,f0a3189a57cfb5f91982cfb42c0bc156df8143911e262b7767bee49e6522c17c,"group_neutralize(sub(ts_rank(div(sub(vwap,close),close),#),#),industry)","group_neutralize(sub(ts_rank(div(sub(FIELD,FIELD),FIELD),#),#),industry)",2026-08-02T11:01:56.204483+00:00
arch_hybrid_z_liq:primary,arch_hybrid_z_liq,proven,11.35,"group_neutralize(ts_zscore(anl14_numofests_ebitda_fy5/cap,126)*rank(ts_mean(volume,63)/adv20),market)","{""instrumentType"": ""EQUITY"", ""region"": ""USA"", ""universe"": ""TOP3000"", ""delay"": 1, ""decay"": 4, ""neutralization"": ""MARKET"", ""truncation"": 0.05, ""pasteurization"": ""ON"", ""unitHandling"": ""VERIFY"", ""nanHandling"": ""ON"", ""language"": ""FASTEXPR"", ""visualization"": false}",0,637ffd4a20b93def5f78944ed37f7b83cf9cd67d1029a0efb06c6e301e54a8c2,"group_neutralize(mul(div(ts_mean(volume,#),adv20),ts_zscore(div(anl14_numofests_ebitda_fy5,cap),#)),market)","group_neutralize(mul(div(ts_mean(FIELD,#),FIELD),ts_zscore(div(FIELD,FIELD),#)),market)",2026-08-02T11:09:03.687577+00:00
arch_hybrid_z_liq:primary,arch_hybrid_z_liq,proven,11.35,"group_neutralize(ts_zscore(anl14_numofests_ebitda_fy4/cap,126)*rank(ts_mean(volume,63)/adv20),market)","{""instrumentType"": ""EQUITY"", ""region"": ""USA"", ""universe"": ""TOP3000"", ""delay"": 1, ""decay"": 4, ""neutralization"": ""MARKET"", ""truncation"": 0.05, ""pasteurization"": ""ON"", ""unitHandling"": ""VERIFY"", ""nanHandling"": ""ON"", ""language"": ""FASTEXPR"", ""visualization"": false}",0,6628a7523877624f59b09d49cefa694b09a9d82f387288cc4a56da74051942dd,"group_neutralize(mul(div(ts_mean(volume,#),adv20),ts_zscore(div(anl14_numofests_ebitda_fy4,cap),#)),market)","group_neutralize(mul(div(ts_mean(FIELD,#),FIELD),ts_zscore(div(FIELD,FIELD),#)),market)",2026-08-02T11:09:03.687577+00:00
arch_hybrid_z_liq:primary,arch_hybrid_z_liq,proven,11.35,"group_neutralize(ts_zscore(anl14_numofests_ebitda_fp5/cap,126)*rank(ts_mean(volume,63)/adv20),sector)","{""instrumentType"": ""EQUITY"", ""region"": ""USA"", ""universe"": ""TOP3000"", ""delay"": 1, ""decay"": 4, ""neutralization"": ""MARKET"", ""truncation"": 0.05, ""pasteurization"": ""ON"", ""unitHandling"": ""VERIFY"", ""nanHandling"": ""ON"", ""language"": ""FASTEXPR"", ""visualization"": false}",0,9a6fc370919ed528ac146d66cd55a753da568c8ae99e1ebadb650d2ad8dc992d,"group_neutralize(mul(div(ts_mean(volume,#),adv20),ts_zscore(div(anl14_numofests_ebitda_fp5,cap),#)),sector)","group_neutralize(mul(div(ts_mean(FIELD,#),FIELD),ts_zscore(div(FIELD,FIELD),#)),sector)",2026-08-02T11:09:03.687577+00:00
arch_hybrid_z_liq:primary,arch_hybrid_z_liq,proven,11.35,"group_neutralize(ts_zscore(anl14_numofests_ebitda_fp2/cap,126)*rank(ts_mean(volume,63)/adv20),sector)","{""instrumentType"": ""EQUITY"", ""region"": ""USA"", ""universe"": ""TOP3000"", ""delay"": 1, ""decay"": 4, ""neutralization"": ""MARKET"", ""truncation"": 0.05, ""pasteurization"": ""ON"", ""unitHandling"": ""VERIFY"", ""nanHandling"": ""ON"", ""language"": ""FASTEXPR"", ""visualization"": false}",0,736ec961c08d6228771ee30bc9623f35c8440ee3b5149f8b443550df2234e7d0,"group_neutralize(mul(div(ts_mean(volume,#),adv20),ts_zscore(div(anl14_numofests_ebitda_fp2,cap),#)),sector)","group_neutralize(mul(div(ts_mean(FIELD,#),FIELD),ts_zscore(div(FIELD,FIELD),#)),sector)",2026-08-02T11:09:03.687577+00:00
arch_hybrid_z_liq:primary,arch_hybrid_z_liq,proven,11.35,"group_neutralize(ts_zscore(anl14_numofests_ebitda_fp4/cap,126)*rank(ts_mean(volume,63)/adv20),market)","{""instrumentType"": ""EQUITY"", ""region"": ""USA"", ""universe"": ""TOP3000"", ""delay"": 1, ""decay"": 4, ""neutralization"": ""MARKET"", ""truncation"": 0.05, ""pasteurization"": ""ON"", ""unitHandling"": ""VERIFY"", ""nanHandling"": ""ON"", ""language"": ""FASTEXPR"", ""visualization"": false}",0,1f327f333293667a6a128d9aa583a7551314a7ac445b5d72157275559e0314c2,"group_neutralize(mul(div(ts_mean(volume,#),adv20),ts_zscore(div(anl14_numofests_ebitda_fp4,cap),#)),market)","group_neutralize(mul(div(ts_mean(FIELD,#),FIELD),ts_zscore(div(FIELD,FIELD),#)),market)",2026-08-02T11:09:03.687577+00:00
arch_hybrid_z_liq:primary,arch_hybrid_z_liq,proven,11.35,"group_neutralize(ts_zscore(anl14_actvalue_ebitda_fy0/cap,126)*rank(ts_mean(volume,63)/adv20),industry)","{""instrumentType"": ""EQUITY"", ""region"": ""USA"", ""universe"": ""TOP3000"", ""delay"": 1, ""decay"": 4, ""neutralization"": ""MARKET"", ""truncation"": 0.05, ""pasteurization"": ""ON"", ""unitHandling"": ""VERIFY"", ""nanHandling"": ""ON"", ""language"": ""FASTEXPR"", ""visualization"": false}",0,dec49676a970ff5a838120f7383118d31536ff310db7b3a678aa72a13cced903,"group_neutralize(mul(div(ts_mean(volume,#),adv20),ts_zscore(div(anl14_actvalue_ebitda_fy0,cap),#)),industry)","group_neutralize(mul(div(ts_mean(FIELD,#),FIELD),ts_zscore(div(FIELD,FIELD),#)),industry)",2026-08-02T11:09:03.687577+00:00
arch_hybrid_z_liq:primary,arch_hybrid_z_liq,proven,11.35,"group_neutralize(ts_zscore(anl14_actvalue_ebitda_fp0/cap,126)*rank(ts_mean(volume,63)/adv20),industry)","{""instrumentType"": ""EQUITY"", ""region"": ""USA"", ""universe"": ""TOP3000"", ""delay"": 1, ""decay"": 4, ""neutralization"": ""MARKET"", ""truncation"": 0.05, ""pasteurization"": ""ON"", ""unitHandling"": ""VERIFY"", ""nanHandling"": ""ON"", ""language"": ""FASTEXPR"", ""visualization"": false}",0,587622d7a694ba6dac46b9670359db3952f73f2f6a2e26ebad23a15a16ee17c1,"group_neutralize(mul(div(ts_mean(volume,#),adv20),ts_zscore(div(anl14_actvalue_ebitda_fp0,cap),#)),industry)","group_neutralize(mul(div(ts_mean(FIELD,#),FIELD),ts_zscore(div(FIELD,FIELD),#)),industry)",2026-08-02T11:09:03.687577+00:00
arch_hybrid_z_liq:primary,arch_hybrid_z_liq,proven,11.35,"group_neutralize(ts_zscore(anl14_numofests_ebitda_fy3/cap,126)*rank(ts_mean(volume,63)/adv20),industry)","{""instrumentType"": ""EQUITY"", ""region"": ""USA"", ""universe"": ""TOP3000"", ""delay"": 1, ""decay"": 4, ""neutralization"": ""MARKET"", ""truncation"": 0.05, ""pasteurization"": ""ON"", ""unitHandling"": ""VERIFY"", ""nanHandling"": ""ON"", ""language"": ""FASTEXPR"", ""visualization"": false}",0,a586542bdbef7158e5fe89d1cee8c4670b3154c49f179274b5c174a83ae51245,"group_neutralize(mul(div(ts_mean(volume,#),adv20),ts_zscore(div(anl14_numofests_ebitda_fy3,cap),#)),industry)","group_neutralize(mul(div(ts_mean(FIELD,#),FIELD),ts_zscore(div(FIELD,FIELD),#)),industry)",2026-08-02T11:09:03.687577+00:00
arch_level_liquid:primary,arch_level_liquid,proven,9.850000000000001,"group_neutralize(ts_zscore(anl10_analyst_innovation_eps_revise_value_fy1/cap,252)*rank(ts_mean(volume,126)/adv20),sector)","{""instrumentType"": ""EQUITY"", ""region"": ""USA"", ""universe"": ""TOP3000"", ""delay"": 1, ""decay"": 4, ""neutralization"": ""MARKET"", ""truncation"": 0.05, ""pasteurization"": ""ON"", ""unitHandling"": ""VERIFY"", ""nanHandling"": ""ON"", ""language"": ""FASTEXPR"", ""visualization"": false}",0,89a523817da2ea338e0a7a22d1c53cf174f25ce4b386bfbefa80f7a0839f462e,"group_neutralize(mul(div(ts_mean(volume,#),adv20),ts_zscore(div(anl10_analyst_innovation_eps_revise_value_fy1,cap),#)),sector)","group_neutralize(mul(div(ts_mean(FIELD,#),FIELD),ts_zscore(div(FIELD,FIELD),#)),sector)",2026-08-02T11:09:03.687577+00:00
arch_level_liquid:primary,arch_level_liquid,proven,9.850000000000001,"group_neutralize(ts_zscore(anl10_analyst_innovation_eps_normal_increase_fy1/cap,252)*rank(ts_mean(volume,126)/adv20),market)","{""instrumentType"": ""EQUITY"", ""region"": ""USA"", ""universe"": ""TOP3000"", ""delay"": 1, ""decay"": 4, ""neutralization"": ""MARKET"", ""truncation"": 0.05, ""pasteurization"": ""ON"", ""unitHandling"": ""VERIFY"", ""nanHandling"": ""ON"", ""language"": ""FASTEXPR"", ""visualization"": false}",0,f87d985866d3eb3a4392063799b4e01fc43f5a299e9ae9b14cd318479d7f4b71,"group_neutralize(mul(div(ts_mean(volume,#),adv20),ts_zscore(div(anl10_analyst_innovation_eps_normal_increase_fy1,cap),#)),market)","group_neutralize(mul(div(ts_mean(FIELD,#),FIELD),ts_zscore(div(FIELD,FIELD),#)),market)",2026-08-02T11:09:03.687577+00:00
arch_level_liquid:primary,arch_level_liquid,proven,9.7,"group_neutralize(ts_zscore(anl10_analyst_innovation_eps_revise_value_fy1/cap,252)*rank(ts_mean(volume,63)/adv20),sector)","{""instrumentType"": ""EQUITY"", ""region"": ""USA"", ""universe"": ""TOP3000"", ""delay"": 1, ""decay"": 4, ""neutralization"": ""MARKET"", ""truncation"": 0.05, ""pasteurization"": ""ON"", ""unitHandling"": ""VERIFY"", ""nanHandling"": ""ON"", ""language"": ""FASTEXPR"", ""visualization"": false}",0,6b76ee3d8d02727e4a8c362f40a2cfb6fe4a5f12c0e7d71f0269c1e005703bcd,"group_neutralize(mul(div(ts_mean(volume,#),adv20),ts_zscore(div(anl10_analyst_innovation_eps_revise_value_fy1,cap),#)),sector)","group_neutralize(mul(div(ts_mean(FIELD,#),FIELD),ts_zscore(div(FIELD,FIELD),#)),sector)",2026-08-02T11:09:03.687577+00:00
arch_level_liquid:primary,arch_level_liquid,proven,9.7,"group_neutralize(ts_zscore(anl10_analyst_innovation_eps_revise_value_fy1/cap,126)*rank(ts_mean(volume,126)/adv20),sector)","{""instrumentType"": ""EQUITY"", ""region"": ""USA"", ""universe"": ""TOP3000"", ""delay"": 1, ""decay"": 4, ""neutralization"": ""MARKET"", ""truncation"": 0.05, ""pasteurization"": ""ON"", ""unitHandling"": ""VERIFY"", ""nanHandling"": ""ON"", ""language"": ""FASTEXPR"", ""visualization"": false}",0,ee7007e486f4e33bc919627b5b09e83881f23e7aaeb9170bd5ccdf07e46e7157,"group_neutralize(mul(div(ts_mean(volume,#),adv20),ts_zscore(div(anl10_analyst_innovation_eps_revise_value_fy1,cap),#)),sector)","group_neutralize(mul(div(ts_mean(FIELD,#),FIELD),ts_zscore(div(FIELD,FIELD),#)),sector)",2026-08-02T11:09:03.687577+00:00
arch_level_liquid:primary,arch_level_liquid,proven,9.7,"group_neutralize(ts_zscore(anl10_analyst_innovation_eps_normal_increase_fy1/cap,252)*rank(ts_mean(volume,63)/adv20),market)","{""instrumentType"": ""EQUITY"", ""region"": ""USA"", ""universe"": ""TOP3000"", ""delay"": 1, ""decay"": 4, ""neutralization"": ""MARKET"", ""truncation"": 0.05, ""pasteurization"": ""ON"", ""unitHandling"": ""VERIFY"", ""nanHandling"": ""ON"", ""language"": ""FASTEXPR"", ""visualization"": false}",0,45587dca97575615c04031803743606196610e9bd202e4b689c4e701a391d46f,"group_neutralize(mul(div(ts_mean(volume,#),adv20),ts_zscore(div(anl10_analyst_innovation_eps_normal_increase_fy1,cap),#)),market)","group_neutralize(mul(div(ts_mean(FIELD,#),FIELD),ts_zscore(div(FIELD,FIELD),#)),market)",2026-08-02T11:09:03.687577+00:00
arch_level_liquid:primary,arch_level_liquid,proven,9.7,"group_neutralize(ts_zscore(anl10_analyst_innovation_eps_normal_increase_fy1/cap,126)*rank(ts_mean(volume,126)/adv20),market)","{""instrumentType"": ""EQUITY"", ""region"": ""USA"", ""universe"": ""TOP3000"", ""delay"": 1, ""decay"": 4, ""neutralization"": ""MARKET"", ""truncation"": 0.05, ""pasteurization"": ""ON"", ""unitHandling"": ""VERIFY"", ""nanHandling"": ""ON"", ""language"": ""FASTEXPR"", ""visualization"": false}",0,acbe2abbc0df758f95cfc616216156ff810ebce006fa0d3493340ff1a14ea8b9,"group_neutralize(mul(div(ts_mean(volume,#),adv20),ts_zscore(div(anl10_analyst_innovation_eps_normal_increase_fy1,cap),#)),market)","group_neutralize(mul(div(ts_mean(FIELD,#),FIELD),ts_zscore(div(FIELD,FIELD),#)),market)",2026-08-02T11:09:03.687577+00:00
arch_level_liquid:primary,arch_level_liquid,proven,9.55,"group_neutralize(ts_zscore(anl10_analyst_innovation_eps_revise_value_fy1/cap,126)*rank(ts_mean(volume,63)/adv20),sector)","{""instrumentType"": ""EQUITY"", ""region"": ""USA"", ""universe"": ""TOP3000"", ""delay"": 1, ""decay"": 4, ""neutralization"": ""MARKET"", ""truncation"": 0.05, ""pasteurization"": ""ON"", ""unitHandling"": ""VERIFY"", ""nanHandling"": ""ON"", ""language"": ""FASTEXPR"", ""visualization"": false}",0,e991673b482eadae9470eb141252234fd39e39c221ad3aab4f0b6ee2af986714,"group_neutralize(mul(div(ts_mean(volume,#),adv20),ts_zscore(div(anl10_analyst_innovation_eps_revise_value_fy1,cap),#)),sector)","group_neutralize(mul(div(ts_mean(FIELD,#),FIELD),ts_zscore(div(FIELD,FIELD),#)),sector)",2026-08-02T11:09:03.687577+00:00
arch_level_liquid:primary,arch_level_liquid,proven,9.55,"group_neutralize(ts_zscore(anl10_analyst_innovation_eps_normal_increase_fy1/cap,126)*rank(ts_mean(volume,63)/adv20),market)","{""instrumentType"": ""EQUITY"", ""region"": ""USA"", ""universe"": ""TOP3000"", ""delay"": 1, ""decay"": 4, ""neutralization"": ""MARKET"", ""truncation"": 0.05, ""pasteurization"": ""ON"", ""unitHandling"": ""VERIFY"", ""nanHandling"": ""ON"", ""language"": ""FASTEXPR"", ""visualization"": false}",0,938a42b3f659acd4a80567d1ca586959b5fc0a6c80348b5b70add6cd6b513e4b,"group_neutralize(mul(div(ts_mean(volume,#),adv20),ts_zscore(div(anl10_analyst_innovation_eps_normal_increase_fy1,cap),#)),market)","group_neutralize(mul(div(ts_mean(FIELD,#),FIELD),ts_zscore(div(FIELD,FIELD),#)),market)",2026-08-02T11:09:03.687577+00:00
arch_hybrid_z_pv:primary,arch_hybrid_z_pv,proven,7.65,"group_neutralize(ts_zscore(anl10_analyst_innovation_eps_revise_ratio_to_close_fy1/cap,126)+(ts_rank(vwap/close,126)-0.5)*0.3,sector)","{""instrumentType"": ""EQUITY"", ""region"": ""USA"", ""universe"": ""TOP3000"", ""delay"": 1, ""decay"": 4, ""neutralization"": ""MARKET"", ""truncation"": 0.05, ""pasteurization"": ""ON"", ""unitHandling"": ""VERIFY"", ""nanHandling"": ""ON"", ""language"": ""FASTEXPR"", ""visualization"": false}",0,3c849b352728285ad87a58cb46b3337c2d9e1914d78cd4a0a617d44376fb4208,"group_neutralize(add(mul(#,sub(ts_rank(div(vwap,close),#),#)),ts_zscore(div(anl10_analyst_innovation_eps_revise_ratio_to_close_fy1,cap),#)),sector)","group_neutralize(add(mul(#,sub(ts_rank(div(FIELD,FIELD),#),#)),ts_zscore(div(FIELD,FIELD),#)),sector)",2026-08-02T11:09:03.687577+00:00
arch_hybrid_z_pv:primary,arch_hybrid_z_pv,proven,7.65,"group_neutralize(ts_zscore(anl10_analyst_innovation_eps_revise_ratio_to_close_fq2/cap,126)+(ts_rank(vwap/close,126)-0.5)*0.3,sector)","{""instrumentType"": ""EQUITY"", ""region"": ""USA"", ""universe"": ""TOP3000"", ""delay"": 1, ""decay"": 4, ""neutralization"": ""MARKET"", ""truncation"": 0.05, ""pasteurization"": ""ON"", ""unitHandling"": ""VERIFY"", ""nanHandling"": ""ON"", ""language"": ""FASTEXPR"", ""visualization"": false}",0,da546603cc5cb36002ecec80526199ef7244cbceddd045ae20e69b916170936b,"group_neutralize(add(mul(#,sub(ts_rank(div(vwap,close),#),#)),ts_zscore(div(anl10_analyst_innovation_eps_revise_ratio_to_close_fq2,cap),#)),sector)","group_neutralize(add(mul(#,sub(ts_rank(div(FIELD,FIELD),#),#)),ts_zscore(div(FIELD,FIELD),#)),sector)",2026-08-02T11:09:03.687577+00:00
arch_hybrid_z_pv:primary,arch_hybrid_z_pv,proven,7.65,"group_neutralize(ts_zscore(anl10_analyst_innovation_eps_revise_ratio_to_close_fy2/cap,126)+(ts_rank(vwap/close,126)-0.5)*0.3,industry)","{""instrumentType"": ""EQUITY"", ""region"": ""USA"", ""universe"": ""TOP3000"", ""delay"": 1, ""decay"": 4, ""neutralization"": ""MARKET"", ""truncation"": 0.05, ""pasteurization"": ""ON"", ""unitHandling"": ""VERIFY"", ""nanHandling"": ""ON"", ""language"": ""FASTEXPR"", ""visualization"": false}",0,a7ad5b450bc0108822a963a4e36df2f388d284274acd16e85d6c06ed753339b1,"group_neutralize(add(mul(#,sub(ts_rank(div(vwap,close),#),#)),ts_zscore(div(anl10_analyst_innovation_eps_revise_ratio_to_close_fy2,cap),#)),industry)","group_neutralize(add(mul(#,sub(ts_rank(div(FIELD,FIELD),#),#)),ts_zscore(div(FIELD,FIELD),#)),industry)",2026-08-02T11:09:03.687577+00:00
arch_hybrid_z_pv:primary,arch_hybrid_z_pv,proven,7.65,"group_neutralize(ts_zscore(anl10_analyst_innovation_eps_revise_ratio_to_close_fq1/cap,126)+(ts_rank(vwap/close,126)-0.5)*0.3,industry)","{""instrumentType"": ""EQUITY"", ""region"": ""USA"", ""universe"": ""TOP3000"", ""delay"": 1, ""decay"": 4, ""neutralization"": ""MARKET"", ""truncation"": 0.05, ""pasteurization"": ""ON"", ""unitHandling"": ""VERIFY"", ""nanHandling"": ""ON"", ""language"": ""FASTEXPR"", ""visualization"": false}",0,816a2ac103984822b4041b40b3aecbdb46bb97bc3b601f932247646cbcc90bfb,"group_neutralize(add(mul(#,sub(ts_rank(div(vwap,close),#),#)),ts_zscore(div(anl10_analyst_innovation_eps_revise_ratio_to_close_fq1,cap),#)),industry)","group_neutralize(add(mul(#,sub(ts_rank(div(FIELD,FIELD),#),#)),ts_zscore(div(FIELD,FIELD),#)),industry)",2026-08-02T11:09:03.687577+00:00
arch_hybrid_z_pv:primary,arch_hybrid_z_pv,proven,7.65,"group_neutralize(ts_zscore(anl10_analyst_innovation_eps_revise_ratio_to_consensus_fy1/cap,126)+(ts_rank(vwap/close,126)-0.5)*0.3,market)","{""instrumentType"": ""EQUITY"", ""region"": ""USA"", ""universe"": ""TOP3000"", ""delay"": 1, ""decay"": 4, ""neutralization"": ""MARKET"", ""truncation"": 0.05, ""pasteurization"": ""ON"", ""unitHandling"": ""VERIFY"", ""nanHandling"": ""ON"", ""language"": ""FASTEXPR"", ""visualization"": false}",0,f533de51e162d558aca0498eae0f738c58c3abff16ca7018a8996e2568a39a07,"group_neutralize(add(mul(#,sub(ts_rank(div(vwap,close),#),#)),ts_zscore(div(anl10_analyst_innovation_eps_revise_ratio_to_consensus_fy1,cap),#)),market)","group_neutralize(add(mul(#,sub(ts_rank(div(FIELD,FIELD),#),#)),ts_zscore(div(FIELD,FIELD),#)),market)",2026-08-02T11:09:03.687577+00:00
arch_hybrid_z_pv:primary,arch_hybrid_z_pv,proven,7.65,"group_neutralize(ts_zscore(anl10_analyst_innovation_eps_revise_ratio_to_consensus_fy2/cap,126)+(ts_rank(vwap/close,126)-0.5)*0.3,market)","{""instrumentType"": ""EQUITY"", ""region"": ""USA"", ""universe"": ""TOP3000"", ""delay"": 1, ""decay"": 4, ""neutralization"": ""MARKET"", ""truncation"": 0.05, ""pasteurization"": ""ON"", ""unitHandling"": ""VERIFY"", ""nanHandling"": ""ON"", ""language"": ""FASTEXPR"", ""visualization"": false}",0,7f7426ac3846fe3bf475f272a31feb0bd4d827cda8a3edc1d4722e4edc8ba566,"group_neutralize(add(mul(#,sub(ts_rank(div(vwap,close),#),#)),ts_zscore(div(anl10_analyst_innovation_eps_revise_ratio_to_consensus_fy2,cap),#)),market)","group_neutralize(add(mul(#,sub(ts_rank(div(FIELD,FIELD),#),#)),ts_zscore(div(FIELD,FIELD),#)),market)",2026-08-02T11:09:03.687577+00:00
arch_hybrid_z_pv:primary,arch_hybrid_z_pv,proven,7.65,"group_neutralize(ts_zscore(anl10_analyst_innovation_eps_revise_ratio_to_consensus_fq1/cap,126)+(ts_rank(vwap/close,126)-0.5)*0.3,market)","{""instrumentType"": ""EQUITY"", ""region"": ""USA"", ""universe"": ""TOP3000"", ""delay"": 1, ""decay"": 4, ""neutralization"": ""MARKET"", ""truncation"": 0.05, ""pasteurization"": ""ON"", ""unitHandling"": ""VERIFY"", ""nanHandling"": ""ON"", ""language"": ""FASTEXPR"", ""visualization"": false}",0,2b9d466d271cf06301110bdbfef6086559826ca6955be598c2de763bcf76959d,"group_neutralize(add(mul(#,sub(ts_rank(div(vwap,close),#),#)),ts_zscore(div(anl10_analyst_innovation_eps_revise_ratio_to_consensus_fq1,cap),#)),market)","group_neutralize(add(mul(#,sub(ts_rank(div(FIELD,FIELD),#),#)),ts_zscore(div(FIELD,FIELD),#)),market)",2026-08-02T11:09:03.687577+00:00
arch_hybrid_z_pv:primary,arch_hybrid_z_pv,proven,7.65,"group_neutralize(ts_zscore(anl10_analyst_innovation_eps_revise_ratio_to_consensus_fq2/cap,126)+(ts_rank(vwap/close,126)-0.5)*0.3,market)","{""instrumentType"": ""EQUITY"", ""region"": ""USA"", ""universe"": ""TOP3000"", ""delay"": 1, ""decay"": 4, ""neutralization"": ""MARKET"", ""truncation"": 0.05, ""pasteurization"": ""ON"", ""unitHandling"": ""VERIFY"", ""nanHandling"": ""ON"", ""language"": ""FASTEXPR"", ""visualization"": false}",0,29bde519069a35efa23baf236039b42f038ec823518d2e19771ac388e1475c84,"group_neutralize(add(mul(#,sub(ts_rank(div(vwap,close),#),#)),ts_zscore(div(anl10_analyst_innovation_eps_revise_ratio_to_consensus_fq2,cap),#)),market)","group_neutralize(add(mul(#,sub(ts_rank(div(FIELD,FIELD),#),#)),ts_zscore(div(FIELD,FIELD),#)),market)",2026-08-02T11:09:03.687577+00:00
arch_hybrid_delta_pv:primary,arch_hybrid_delta_pv,proven,6.8,"(group_rank(ts_delta(anl14_numofests_ebitda_fy5,252)/cap,market)-0.5)*0.7+(ts_rank(vwap/close,126)-0.5)*0.3","{""instrumentType"": ""EQUITY"", ""region"": ""USA"", ""universe"": ""TOP3000"", ""delay"": 1, ""decay"": 4, ""neutralization"": ""MARKET"", ""truncation"": 0.05, ""pasteurization"": ""ON"", ""unitHandling"": ""VERIFY"", ""nanHandling"": ""ON"", ""language"": ""FASTEXPR"", ""visualization"": false}",0,49caa4118e904fbdb7569220ec3fad5b4d81dc43972f5d39b7e641c5f362f8d0,"add(mul(#,sub(group_rank(div(ts_delta(anl14_numofests_ebitda_fy5,#),cap),market),#)),mul(#,sub(ts_rank(div(vwap,close),#),#)))","add(mul(#,sub(group_rank(div(ts_delta(FIELD,#),FIELD),market),#)),mul(#,sub(ts_rank(div(FIELD,FIELD),#),#)))",2026-08-02T11:09:03.687577+00:00
arch_hybrid_delta_pv:primary,arch_hybrid_delta_pv,proven,6.8,"(group_rank(ts_delta(anl14_numofests_ebitda_fy4,252)/cap,market)-0.5)*0.7+(ts_rank(vwap/close,126)-0.5)*0.3","{""instrumentType"": ""EQUITY"", ""region"": ""USA"", ""universe"": ""TOP3000"", ""delay"": 1, ""decay"": 4, ""neutralization"": ""MARKET"", ""truncation"": 0.05, ""pasteurization"": ""ON"", ""unitHandling"": ""VERIFY"", ""nanHandling"": ""ON"", ""language"": ""FASTEXPR"", ""visualization"": false}",0,fdb4171f597d6ba950567173da9a519253ffa74b5942ff2f866ddfabb72062ef,"add(mul(#,sub(group_rank(div(ts_delta(anl14_numofests_ebitda_fy4,#),cap),market),#)),mul(#,sub(ts_rank(div(vwap,close),#),#)))","add(mul(#,sub(group_rank(div(ts_delta(FIELD,#),FIELD),market),#)),mul(#,sub(ts_rank(div(FIELD,FIELD),#),#)))",2026-08-02T11:09:03.687577+00:00
arch_hybrid_delta_pv:primary,arch_hybrid_delta_pv,proven,6.8,"(group_rank(ts_delta(anl14_numofests_ebitda_fp5,252)/cap,market)-0.5)*0.7+(ts_rank(vwap/close,126)-0.5)*0.3","{""instrumentType"": ""EQUITY"", ""region"": ""USA"", ""universe"": ""TOP3000"", ""delay"": 1, ""decay"": 4, ""neutralization"": ""MARKET"", ""truncation"": 0.05, ""pasteurization"": ""ON"", ""unitHandling"": ""VERIFY"", ""nanHandling"": ""ON"", ""language"": ""FASTEXPR"", ""visualization"": false}",0,89d87984ce0fd11c846444bfc4165c8ebe2bb94055a1b27ceeed49635faeb002,"add(mul(#,sub(group_rank(div(ts_delta(anl14_numofests_ebitda_fp5,#),cap),market),#)),mul(#,sub(ts_rank(div(vwap,close),#),#)))","add(mul(#,sub(group_rank(div(ts_delta(FIELD,#),FIELD),market),#)),mul(#,sub(ts_rank(div(FIELD,FIELD),#),#)))",2026-08-02T11:09:03.687577+00:00
arch_hybrid_delta_pv:primary,arch_hybrid_delta_pv,proven,6.8,"(group_rank(ts_delta(anl14_numofests_ebitda_fp2,252)/cap,market)-0.5)*0.7+(ts_rank(vwap/close,126)-0.5)*0.3","{""instrumentType"": ""EQUITY"", ""region"": ""USA"", ""universe"": ""TOP3000"", ""delay"": 1, ""decay"": 4, ""neutralization"": ""MARKET"", ""truncation"": 0.05, ""pasteurization"": ""ON"", ""unitHandling"": ""VERIFY"", ""nanHandling"": ""ON"", ""language"": ""FASTEXPR"", ""visualization"": false}",0,1eac02190940d1b2e743b7be374ccf8f411db4dd49b111e4d380904b918077a3,"add(mul(#,sub(group_rank(div(ts_delta(anl14_numofests_ebitda_fp2,#),cap),market),#)),mul(#,sub(ts_rank(div(vwap,close),#),#)))","add(mul(#,sub(group_rank(div(ts_delta(FIELD,#),FIELD),market),#)),mul(#,sub(ts_rank(div(FIELD,FIELD),#),#)))",2026-08-02T11:09:03.687577+00:00
arch_hybrid_delta_pv:primary,arch_hybrid_delta_pv,proven,6.8,"(group_rank(ts_delta(anl14_numofests_ebitda_fy3,252)/cap,market)-0.5)*0.7+(ts_rank(vwap/close,126)-0.5)*0.3","{""instrumentType"": ""EQUITY"", ""region"": ""USA"", ""universe"": ""TOP3000"", ""delay"": 1, ""decay"": 4, ""neutralization"": ""MARKET"", ""truncation"": 0.05, ""pasteurization"": ""ON"", ""unitHandling"": ""VERIFY"", ""nanHandling"": ""ON"", ""language"": ""FASTEXPR"", ""visualization"": false}",0,a41becf2f15bcc893032d3774f13bcf62dc743f32221e49da390acd8251a3fed,"add(mul(#,sub(group_rank(div(ts_delta(anl14_numofests_ebitda_fy3,#),cap),market),#)),mul(#,sub(ts_rank(div(vwap,close),#),#)))","add(mul(#,sub(group_rank(div(ts_delta(FIELD,#),FIELD),market),#)),mul(#,sub(ts_rank(div(FIELD,FIELD),#),#)))",2026-08-02T11:09:03.687577+00:00
arch_hybrid_delta_pv:primary,arch_hybrid_delta_pv,proven,6.8,"(group_rank(ts_delta(anl14_numofests_ebitda_fy1,252)/cap,sector)-0.5)*0.7+(ts_rank(vwap/close,126)-0.5)*0.3","{""instrumentType"": ""EQUITY"", ""region"": ""USA"", ""universe"": ""TOP3000"", ""delay"": 1, ""decay"": 4, ""neutralization"": ""MARKET"", ""truncation"": 0.05, ""pasteurization"": ""ON"", ""unitHandling"": ""VERIFY"", ""nanHandling"": ""ON"", ""language"": ""FASTEXPR"", ""visualization"": false}",0,31c895d71ddb13441f47e55874c07703f10f0ec8ae45a31c84363fbd9962ef5f,"add(mul(#,sub(group_rank(div(ts_delta(anl14_numofests_ebitda_fy1,#),cap),sector),#)),mul(#,sub(ts_rank(div(vwap,close),#),#)))","add(mul(#,sub(group_rank(div(ts_delta(FIELD,#),FIELD),sector),#)),mul(#,sub(ts_rank(div(FIELD,FIELD),#),#)))",2026-08-02T11:09:03.687577+00:00
arch_hybrid_delta_pv:primary,arch_hybrid_delta_pv,proven,6.8,"(group_rank(ts_delta(anl14_numofests_ebitda_fy2,252)/cap,market)-0.5)*0.7+(ts_rank(vwap/close,126)-0.5)*0.3","{""instrumentType"": ""EQUITY"", ""region"": ""USA"", ""universe"": ""TOP3000"", ""delay"": 1, ""decay"": 4, ""neutralization"": ""MARKET"", ""truncation"": 0.05, ""pasteurization"": ""ON"", ""unitHandling"": ""VERIFY"", ""nanHandling"": ""ON"", ""language"": ""FASTEXPR"", ""visualization"": false}",0,33715f8e6f7657052325bae54bb273c27b6dc72c02e61aa88dcbc21c70ebce8c,"add(mul(#,sub(group_rank(div(ts_delta(anl14_numofests_ebitda_fy2,#),cap),market),#)),mul(#,sub(ts_rank(div(vwap,close),#),#)))","add(mul(#,sub(group_rank(div(ts_delta(FIELD,#),FIELD),market),#)),mul(#,sub(ts_rank(div(FIELD,FIELD),#),#)))",2026-08-02T11:09:03.687577+00:00
arch_hybrid_delta_pv:primary,arch_hybrid_delta_pv,proven,6.8,"(group_rank(ts_delta(anl14_numofests_ebitda_fp4,252)/cap,industry)-0.5)*0.7+(ts_rank(vwap/close,126)-0.5)*0.3","{""instrumentType"": ""EQUITY"", ""region"": ""USA"", ""universe"": ""TOP3000"", ""delay"": 1, ""decay"": 4, ""neutralization"": ""MARKET"", ""truncation"": 0.05, ""pasteurization"": ""ON"", ""unitHandling"": ""VERIFY"", ""nanHandling"": ""ON"", ""language"": ""FASTEXPR"", ""visualization"": false}",0,3bf8076b95591d1f6c5c60be28cf8211b71c9181645bbdbb8a41c971518ab6a0,"add(mul(#,sub(group_rank(div(ts_delta(anl14_numofests_ebitda_fp4,#),cap),industry),#)),mul(#,sub(ts_rank(div(vwap,close),#),#)))","add(mul(#,sub(group_rank(div(ts_delta(FIELD,#),FIELD),industry),#)),mul(#,sub(ts_rank(div(FIELD,FIELD),#),#)))",2026-08-02T11:09:03.687577+00:00
arch_hybrid_z_liq:primary,arch_hybrid_z_liq,proven,11.35,"group_neutralize(ts_zscore(anl14_stddev_ebitda_fy4/cap,126)*rank(ts_mean(volume,63)/adv20),sector)","{""instrumentType"": ""EQUITY"", ""region"": ""USA"", ""universe"": ""TOP3000"", ""delay"": 1, ""decay"": 4, ""neutralization"": ""MARKET"", ""truncation"": 0.05, ""pasteurization"": ""ON"", ""unitHandling"": ""VERIFY"", ""nanHandling"": ""ON"", ""language"": ""FASTEXPR"", ""visualization"": false}",0,cd02d7ddb286c0b265b8ee88cd8eb9acfb530a7e5861159db5b16fc201f5fc80,"group_neutralize(mul(div(ts_mean(volume,#),adv20),ts_zscore(div(anl14_stddev_ebitda_fy4,cap),#)),sector)","group_neutralize(mul(div(ts_mean(FIELD,#),FIELD),ts_zscore(div(FIELD,FIELD),#)),sector)",2026-08-02T11:10:55.183195+00:00
arch_hybrid_z_liq:primary,arch_hybrid_z_liq,proven,11.35,"group_neutralize(ts_zscore(anl14_median_ebitda_fy5/cap,126)*rank(ts_mean(volume,63)/adv20),market)","{""instrumentType"": ""EQUITY"", ""region"": ""USA"", ""universe"": ""TOP3000"", ""delay"": 1, ""decay"": 4, ""neutralization"": ""MARKET"", ""truncation"": 0.05, ""pasteurization"": ""ON"", ""unitHandling"": ""VERIFY"", ""nanHandling"": ""ON"", ""language"": ""FASTEXPR"", ""visualization"": false}",0,a5c7f0c305fd5fe0a1aa08a065f8d1cfc6a08074f8d9ad1be538f757488e1139,"group_neutralize(mul(div(ts_mean(volume,#),adv20),ts_zscore(div(anl14_median_ebitda_fy5,cap),#)),market)","group_neutralize(mul(div(ts_mean(FIELD,#),FIELD),ts_zscore(div(FIELD,FIELD),#)),market)",2026-08-02T11:10:55.183195+00:00
arch_hybrid_z_liq:primary,arch_hybrid_z_liq,proven,11.35,"group_neutralize(ts_zscore(anl14_median_ebitda_fy4/cap,126)*rank(ts_mean(volume,63)/adv20),sector)","{""instrumentType"": ""EQUITY"", ""region"": ""USA"", ""universe"": ""TOP3000"", ""delay"": 1, ""decay"": 4, ""neutralization"": ""MARKET"", ""truncation"": 0.05, ""pasteurization"": ""ON"", ""unitHandling"": ""VERIFY"", ""nanHandling"": ""ON"", ""language"": ""FASTEXPR"", ""visualization"": false}",0,d36950ee4b65c36d120647af9076478b18f4c2796072f8a981dd1cc135e31221,"group_neutralize(mul(div(ts_mean(volume,#),adv20),ts_zscore(div(anl14_median_ebitda_fy4,cap),#)),sector)","group_neutralize(mul(div(ts_mean(FIELD,#),FIELD),ts_zscore(div(FIELD,FIELD),#)),sector)",2026-08-02T11:10:55.183195+00:00
arch_hybrid_z_liq:primary,arch_hybrid_z_liq,proven,11.35,"group_neutralize(ts_zscore(anl14_stddev_ebitda_fp4/cap,126)*rank(ts_mean(volume,63)/adv20),sector)","{""instrumentType"": ""EQUITY"", ""region"": ""USA"", ""universe"": ""TOP3000"", ""delay"": 1, ""decay"": 4, ""neutralization"": ""MARKET"", ""truncation"": 0.05, ""pasteurization"": ""ON"", ""unitHandling"": ""VERIFY"", ""nanHandling"": ""ON"", ""language"": ""FASTEXPR"", ""visualization"": false}",0,c6db0eedc14d841df4c8d9270c99bac3bcf9296411bf7c4511c820d4095a7696,"group_neutralize(mul(div(ts_mean(volume,#),adv20),ts_zscore(div(anl14_stddev_ebitda_fp4,cap),#)),sector)","group_neutralize(mul(div(ts_mean(FIELD,#),FIELD),ts_zscore(div(FIELD,FIELD),#)),sector)",2026-08-02T11:10:55.183195+00:00
arch_hybrid_z_liq:primary,arch_hybrid_z_liq,proven,11.35,"group_neutralize(ts_zscore(anl14_stddev_ebitda_fp5/cap,126)*rank(ts_mean(volume,63)/adv20),market)","{""instrumentType"": ""EQUITY"", ""region"": ""USA"", ""universe"": ""TOP3000"", ""delay"": 1, ""decay"": 4, ""neutralization"": ""MARKET"", ""truncation"": 0.05, ""pasteurization"": ""ON"", ""unitHandling"": ""VERIFY"", ""nanHandling"": ""ON"", ""language"": ""FASTEXPR"", ""visualization"": false}",0,885b05677093977e45a76f492c01c68197a42460459caa15308a702cfcb847f7,"group_neutralize(mul(div(ts_mean(volume,#),adv20),ts_zscore(div(anl14_stddev_ebitda_fp5,cap),#)),market)","group_neutralize(mul(div(ts_mean(FIELD,#),FIELD),ts_zscore(div(FIELD,FIELD),#)),market)",2026-08-02T11:10:55.183195+00:00
arch_hybrid_z_liq:primary,arch_hybrid_z_liq,proven,11.35,"group_neutralize(ts_zscore(anl14_stddev_ebitda_fy1/cap,126)*rank(ts_mean(volume,63)/adv20),market)","{""instrumentType"": ""EQUITY"", ""region"": ""USA"", ""universe"": ""TOP3000"", ""delay"": 1, ""decay"": 4, ""neutralization"": ""MARKET"", ""truncation"": 0.05, ""pasteurization"": ""ON"", ""unitHandling"": ""VERIFY"", ""nanHandling"": ""ON"", ""language"": ""FASTEXPR"", ""visualization"": false}",0,fdffd4dfdda4cf7f92b8d7ce705ca64ed5d3bc2601aeecfc54cf008214326931,"group_neutralize(mul(div(ts_mean(volume,#),adv20),ts_zscore(div(anl14_stddev_ebitda_fy1,cap),#)),market)","group_neutralize(mul(div(ts_mean(FIELD,#),FIELD),ts_zscore(div(FIELD,FIELD),#)),market)",2026-08-02T11:10:55.183195+00:00
arch_hybrid_z_liq:primary,arch_hybrid_z_liq,proven,11.35,"group_neutralize(ts_zscore(anl14_median_ebitda_fp5/cap,126)*rank(ts_mean(volume,63)/adv20),sector)","{""instrumentType"": ""EQUITY"", ""region"": ""USA"", ""universe"": ""TOP3000"", ""delay"": 1, ""decay"": 4, ""neutralization"": ""MARKET"", ""truncation"": 0.05, ""pasteurization"": ""ON"", ""unitHandling"": ""VERIFY"", ""nanHandling"": ""ON"", ""language"": ""FASTEXPR"", ""visualization"": false}",0,80e6f3b78c80cf75f7e02167fe20cf59f08dd092aaec7735e103adcf4cb59fdf,"group_neutralize(mul(div(ts_mean(volume,#),adv20),ts_zscore(div(anl14_median_ebitda_fp5,cap),#)),sector)","group_neutralize(mul(div(ts_mean(FIELD,#),FIELD),ts_zscore(div(FIELD,FIELD),#)),sector)",2026-08-02T11:10:55.183195+00:00
arch_hybrid_z_liq:primary,arch_hybrid_z_liq,proven,11.35,"group_neutralize(ts_zscore(anl14_stddev_ebitda_fy5/cap,126)*rank(ts_mean(volume,63)/adv20),industry)","{""instrumentType"": ""EQUITY"", ""region"": ""USA"", ""universe"": ""TOP3000"", ""delay"": 1, ""decay"": 4, ""neutralization"": ""MARKET"", ""truncation"": 0.05, ""pasteurization"": ""ON"", ""unitHandling"": ""VERIFY"", ""nanHandling"": ""ON"", ""language"": ""FASTEXPR"", ""visualization"": false}",0,e060561ebc553c1dd48cda4cf37a47f324f2ba95e838c69997208770418814b4,"group_neutralize(mul(div(ts_mean(volume,#),adv20),ts_zscore(div(anl14_stddev_ebitda_fy5,cap),#)),industry)","group_neutralize(mul(div(ts_mean(FIELD,#),FIELD),ts_zscore(div(FIELD,FIELD),#)),industry)",2026-08-02T11:10:55.183195+00:00
arch_hybrid_z_liq:primary,arch_hybrid_z_liq,proven,11.35,"group_neutralize(ts_zscore(anl14_numofests_ebitda_fy1/cap,126)*rank(ts_mean(volume,63)/adv20),sector)","{""instrumentType"": ""EQUITY"", ""region"": ""USA"", ""universe"": ""TOP3000"", ""delay"": 1, ""decay"": 4, ""neutralization"": ""MARKET"", ""truncation"": 0.05, ""pasteurization"": ""ON"", ""unitHandling"": ""VERIFY"", ""nanHandling"": ""ON"", ""language"": ""FASTEXPR"", ""visualization"": false}",0,564af49388374059cb68be08fd2e3e2810270d782bb01a9f0a9e60ad8c1076ec,"group_neutralize(mul(div(ts_mean(volume,#),adv20),ts_zscore(div(anl14_numofests_ebitda_fy1,cap),#)),sector)","group_neutralize(mul(div(ts_mean(FIELD,#),FIELD),ts_zscore(div(FIELD,FIELD),#)),sector)",2026-08-02T11:10:55.183195+00:00
arch_hybrid_z_liq:primary,arch_hybrid_z_liq,proven,11.35,"group_neutralize(ts_zscore(anl14_numofests_ebitda_fy2/cap,126)*rank(ts_mean(volume,63)/adv20),market)","{""instrumentType"": ""EQUITY"", ""region"": ""USA"", ""universe"": ""TOP3000"", ""delay"": 1, ""decay"": 4, ""neutralization"": ""MARKET"", ""truncation"": 0.05, ""pasteurization"": ""ON"", ""unitHandling"": ""VERIFY"", ""nanHandling"": ""ON"", ""language"": ""FASTEXPR"", ""visualization"": false}",0,b791d8df47f168bb87d9dcee23218bdb18bfe326af0218a07635a1a1ede1ebbd,"group_neutralize(mul(div(ts_mean(volume,#),adv20),ts_zscore(div(anl14_numofests_ebitda_fy2,cap),#)),market)","group_neutralize(mul(div(ts_mean(FIELD,#),FIELD),ts_zscore(div(FIELD,FIELD),#)),market)",2026-08-02T11:10:55.183195+00:00
arch_hybrid_z_liq:primary,arch_hybrid_z_liq,proven,11.35,"group_neutralize(ts_zscore(anl14_numofests_ebitda_fp1/cap,126)*rank(ts_mean(volume,63)/adv20),market)","{""instrumentType"": ""EQUITY"", ""region"": ""USA"", ""universe"": ""TOP3000"", ""delay"": 1, ""decay"": 4, ""neutralization"": ""MARKET"", ""truncation"": 0.05, ""pasteurization"": ""ON"", ""unitHandling"": ""VERIFY"", ""nanHandling"": ""ON"", ""language"": ""FASTEXPR"", ""visualization"": false}",0,2b77d1d3163c5886a6992547312bd642227ba6c95757521f4da8b9cf02b0871a,"group_neutralize(mul(div(ts_mean(volume,#),adv20),ts_zscore(div(anl14_numofests_ebitda_fp1,cap),#)),market)","group_neutralize(mul(div(ts_mean(FIELD,#),FIELD),ts_zscore(div(FIELD,FIELD),#)),market)",2026-08-02T11:10:55.183195+00:00
arch_hybrid_z_liq:primary,arch_hybrid_z_liq,proven,11.35,"group_neutralize(ts_zscore(anl14_numofests_ebitda_fp3/cap,126)*rank(ts_mean(volume,63)/adv20),market)","{""instrumentType"": ""EQUITY"", ""region"": ""USA"", ""universe"": ""TOP3000"", ""delay"": 1, ""decay"": 4, ""neutralization"": ""MARKET"", ""truncation"": 0.05, ""pasteurization"": ""ON"", ""unitHandling"": ""VERIFY"", ""nanHandling"": ""ON"", ""language"": ""FASTEXPR"", ""visualization"": false}",0,8d3aa3f94458b5df282b7f5c1c997961311c5ba95fe296f6fb549db09f458ada,"group_neutralize(mul(div(ts_mean(volume,#),adv20),ts_zscore(div(anl14_numofests_ebitda_fp3,cap),#)),market)","group_neutralize(mul(div(ts_mean(FIELD,#),FIELD),ts_zscore(div(FIELD,FIELD),#)),market)",2026-08-02T11:10:55.183195+00:00
arch_delta_liquid:primary,arch_delta_liquid,proven,10.7,"group_neutralize(ts_zscore(ts_delta(anl10_analyst_innovation_eps_innovation_score_fy1,126)/cap,126)*rank(ts_mean(volume,63)/adv20),sector)","{""instrumentType"": ""EQUITY"", ""region"": ""USA"", ""universe"": ""TOP3000"", ""delay"": 1, ""decay"": 4, ""neutralization"": ""MARKET"", ""truncation"": 0.05, ""pasteurization"": ""ON"", ""unitHandling"": ""VERIFY"", ""nanHandling"": ""ON"", ""language"": ""FASTEXPR"", ""visualization"": false}",0,fa6b1c5cce0be8310b307822979d958eaf1d3edc8d1cd9e80402ff92cd800b75,"group_neutralize(mul(div(ts_mean(volume,#),adv20),ts_zscore(div(ts_delta(anl10_analyst_innovation_eps_innovation_score_fy1,#),cap),#)),sector)","group_neutralize(mul(div(ts_mean(FIELD,#),FIELD),ts_zscore(div(ts_delta(FIELD,#),FIELD),#)),sector)",2026-08-02T11:10:55.183195+00:00
arch_delta_liquid:primary,arch_delta_liquid,proven,10.7,"group_neutralize(ts_zscore(ts_delta(anl10_analyst_innovation_eps_innovation_score_fy2,126)/cap,126)*rank(ts_mean(volume,63)/adv20),sector)","{""instrumentType"": ""EQUITY"", ""region"": ""USA"", ""universe"": ""TOP3000"", ""delay"": 1, ""decay"": 4, ""neutralization"": ""MARKET"", ""truncation"": 0.05, ""pasteurization"": ""ON"", ""unitHandling"": ""VERIFY"", ""nanHandling"": ""ON"", ""language"": ""FASTEXPR"", ""visualization"": false}",0,f63930d92dca8388a3df8e5596106c5af6d7aec71a3ce0efde25927cd5bd17c7,"group_neutralize(mul(div(ts_mean(volume,#),adv20),ts_zscore(div(ts_delta(anl10_analyst_innovation_eps_innovation_score_fy2,#),cap),#)),sector)","group_neutralize(mul(div(ts_mean(FIELD,#),FIELD),ts_zscore(div(ts_delta(FIELD,#),FIELD),#)),sector)",2026-08-02T11:10:55.183195+00:00
arch_delta_liquid:primary,arch_delta_liquid,proven,10.7,"group_neutralize(ts_zscore(ts_delta(anl10_analyst_innovation_eps_innovation_score_fq1,126)/cap,126)*rank(ts_mean(volume,63)/adv20),sector)","{""instrumentType"": ""EQUITY"", ""region"": ""USA"", ""universe"": ""TOP3000"", ""delay"": 1, ""decay"": 4, ""neutralization"": ""MARKET"", ""truncation"": 0.05, ""pasteurization"": ""ON"", ""unitHandling"": ""VERIFY"", ""nanHandling"": ""ON"", ""language"": ""FASTEXPR"", ""visualization"": false}",0,1b38d8ad5f647921af8b7a90d253648dc3b154441984e5914bee8dafbcd6acaf,"group_neutralize(mul(div(ts_mean(volume,#),adv20),ts_zscore(div(ts_delta(anl10_analyst_innovation_eps_innovation_score_fq1,#),cap),#)),sector)","group_neutralize(mul(div(ts_mean(FIELD,#),FIELD),ts_zscore(div(ts_delta(FIELD,#),FIELD),#)),sector)",2026-08-02T11:10:55.183195+00:00
arch_delta_liquid:primary,arch_delta_liquid,proven,10.7,"group_neutralize(ts_zscore(ts_delta(anl10_analyst_innovation_eps_innovation_score_fq2,126)/cap,126)*rank(ts_mean(volume,63)/adv20),sector)","{""instrumentType"": ""EQUITY"", ""region"": ""USA"", ""universe"": ""TOP3000"", ""delay"": 1, ""decay"": 4, ""neutralization"": ""MARKET"", ""truncation"": 0.05, ""pasteurization"": ""ON"", ""unitHandling"": ""VERIFY"", ""nanHandling"": ""ON"", ""language"": ""FASTEXPR"", ""visualization"": false}",0,d74a1d2098e8c77dc8574bcd384cbe9475171d19fae34516321aeeb6aeaaa46f,"group_neutralize(mul(div(ts_mean(volume,#),adv20),ts_zscore(div(ts_delta(anl10_analyst_innovation_eps_innovation_score_fq2,#),cap),#)),sector)","group_neutralize(mul(div(ts_mean(FIELD,#),FIELD),ts_zscore(div(ts_delta(FIELD,#),FIELD),#)),sector)",2026-08-02T11:10:55.183195+00:00
arch_delta_liquid:primary,arch_delta_liquid,proven,10.7,"group_neutralize(ts_zscore(ts_delta(anl10_analyst_innovation_eps_innovate_decrease_fy1,126)/cap,126)*rank(ts_mean(volume,63)/adv20),sector)","{""instrumentType"": ""EQUITY"", ""region"": ""USA"", ""universe"": ""TOP3000"", ""delay"": 1, ""decay"": 4, ""neutralization"": ""MARKET"", ""truncation"": 0.05, ""pasteurization"": ""ON"", ""unitHandling"": ""VERIFY"", ""nanHandling"": ""ON"", ""language"": ""FASTEXPR"", ""visualization"": false}",0,ebeb9bd778845d32443ecc9ff17a0b12ab0b2b6dca700d6d8e538776da7f18f7,"group_neutralize(mul(div(ts_mean(volume,#),adv20),ts_zscore(div(ts_delta(anl10_analyst_innovation_eps_innovate_decrease_fy1,#),cap),#)),sector)","group_neutralize(mul(div(ts_mean(FIELD,#),FIELD),ts_zscore(div(ts_delta(FIELD,#),FIELD),#)),sector)",2026-08-02T11:10:55.183195+00:00
arch_delta_liquid:primary,arch_delta_liquid,proven,10.7,"group_neutralize(ts_zscore(ts_delta(anl10_analyst_innovation_eps_innovate_increase_fy1,126)/cap,126)*rank(ts_mean(volume,63)/adv20),sector)","{""instrumentType"": ""EQUITY"", ""region"": ""USA"", ""universe"": ""TOP3000"", ""delay"": 1, ""decay"": 4, ""neutralization"": ""MARKET"", ""truncation"": 0.05, ""pasteurization"": ""ON"", ""unitHandling"": ""VERIFY"", ""nanHandling"": ""ON"", ""language"": ""FASTEXPR"", ""visualization"": false}",0,ad447d4822cd5bdfed5e1fd016f38b050a21e18054ba196c2bd41c0751347d4a,"group_neutralize(mul(div(ts_mean(volume,#),adv20),ts_zscore(div(ts_delta(anl10_analyst_innovation_eps_innovate_increase_fy1,#),cap),#)),sector)","group_neutralize(mul(div(ts_mean(FIELD,#),FIELD),ts_zscore(div(ts_delta(FIELD,#),FIELD),#)),sector)",2026-08-02T11:10:55.183195+00:00
arch_delta_liquid:primary,arch_delta_liquid,proven,10.7,"group_neutralize(ts_zscore(ts_delta(anl10_analyst_innovation_eps_innovate_increase_fy2,126)/cap,126)*rank(ts_mean(volume,63)/adv20),sector)","{""instrumentType"": ""EQUITY"", ""region"": ""USA"", ""universe"": ""TOP3000"", ""delay"": 1, ""decay"": 4, ""neutralization"": ""MARKET"", ""truncation"": 0.05, ""pasteurization"": ""ON"", ""unitHandling"": ""VERIFY"", ""nanHandling"": ""ON"", ""language"": ""FASTEXPR"", ""visualization"": false}",0,fefee2f06ad763812591c53520bfeb1c2ba618ca2302017efc697ea677c786df,"group_neutralize(mul(div(ts_mean(volume,#),adv20),ts_zscore(div(ts_delta(anl10_analyst_innovation_eps_innovate_increase_fy2,#),cap),#)),sector)","group_neutralize(mul(div(ts_mean(FIELD,#),FIELD),ts_zscore(div(ts_delta(FIELD,#),FIELD),#)),sector)",2026-08-02T11:10:55.183195+00:00
arch_delta_liquid:primary,arch_delta_liquid,proven,10.7,"group_neutralize(ts_zscore(ts_delta(anl10_analyst_innovation_eps_innovate_decrease_fy2,126)/cap,126)*rank(ts_mean(volume,63)/adv20),sector)","{""instrumentType"": ""EQUITY"", ""region"": ""USA"", ""universe"": ""TOP3000"", ""delay"": 1, ""decay"": 4, ""neutralization"": ""MARKET"", ""truncation"": 0.05, ""pasteurization"": ""ON"", ""unitHandling"": ""VERIFY"", ""nanHandling"": ""ON"", ""language"": ""FASTEXPR"", ""visualization"": false}",0,c8894f97dcee786197eed0aff9e124265a9f8c115c0fadb97cc506d7cf6f8510,"group_neutralize(mul(div(ts_mean(volume,#),adv20),ts_zscore(div(ts_delta(anl10_analyst_innovation_eps_innovate_decrease_fy2,#),cap),#)),sector)","group_neutralize(mul(div(ts_mean(FIELD,#),FIELD),ts_zscore(div(ts_delta(FIELD,#),FIELD),#)),sector)",2026-08-02T11:10:55.183195+00:00
arch_delta_liquid:primary,arch_delta_liquid,proven,10.7,"group_neutralize(ts_zscore(ts_delta(anl10_analyst_innovation_eps_innovate_decrease_fq1,126)/cap,126)*rank(ts_mean(volume,63)/adv20),sector)","{""instrumentType"": ""EQUITY"", ""region"": ""USA"", ""universe"": ""TOP3000"", ""delay"": 1, ""decay"": 4, ""neutralization"": ""MARKET"", ""truncation"": 0.05, ""pasteurization"": ""ON"", ""unitHandling"": ""VERIFY"", ""nanHandling"": ""ON"", ""language"": ""FASTEXPR"", ""visualization"": false}",0,4c1acb84e7b4daf88905c7f9185df3419a246592350e2461111847082ad215c5,"group_neutralize(mul(div(ts_mean(volume,#),adv20),ts_zscore(div(ts_delta(anl10_analyst_innovation_eps_innovate_decrease_fq1,#),cap),#)),sector)","group_neutralize(mul(div(ts_mean(FIELD,#),FIELD),ts_zscore(div(ts_delta(FIELD,#),FIELD),#)),sector)",2026-08-02T11:10:55.183195+00:00
arch_delta_liquid:primary,arch_delta_liquid,proven,10.7,"group_neutralize(ts_zscore(ts_delta(anl10_analyst_innovation_eps_innovate_increase_fq1,126)/cap,126)*rank(ts_mean(volume,63)/adv20),sector)","{""instrumentType"": ""EQUITY"", ""region"": ""USA"", ""universe"": ""TOP3000"", ""delay"": 1, ""decay"": 4, ""neutralization"": ""MARKET"", ""truncation"": 0.05, ""pasteurization"": ""ON"", ""unitHandling"": ""VERIFY"", ""nanHandling"": ""ON"", ""language"": ""FASTEXPR"", ""visualization"": false}",0,1a264a1365e83e31fd462bd2f68236e96f21b8bf5e9f89d7e16506102eb45713,"group_neutralize(mul(div(ts_mean(volume,#),adv20),ts_zscore(div(ts_delta(anl10_analyst_innovation_eps_innovate_increase_fq1,#),cap),#)),sector)","group_neutralize(mul(div(ts_mean(FIELD,#),FIELD),ts_zscore(div(ts_delta(FIELD,#),FIELD),#)),sector)",2026-08-02T11:10:55.183195+00:00
arch_delta_liquid:primary,arch_delta_liquid,proven,10.7,"group_neutralize(ts_zscore(ts_delta(anl10_analyst_innovation_eps_innovate_decrease_fq2,126)/cap,126)*rank(ts_mean(volume,63)/adv20),sector)","{""instrumentType"": ""EQUITY"", ""region"": ""USA"", ""universe"": ""TOP3000"", ""delay"": 1, ""decay"": 4, ""neutralization"": ""MARKET"", ""truncation"": 0.05, ""pasteurization"": ""ON"", ""unitHandling"": ""VERIFY"", ""nanHandling"": ""ON"", ""language"": ""FASTEXPR"", ""visualization"": false}",0,d5bfb68db29ad4637be896df75571f92e5ac5edd5d44a0190e9f59b61cb5546f,"group_neutralize(mul(div(ts_mean(volume,#),adv20),ts_zscore(div(ts_delta(anl10_analyst_innovation_eps_innovate_decrease_fq2,#),cap),#)),sector)","group_neutralize(mul(div(ts_mean(FIELD,#),FIELD),ts_zscore(div(ts_delta(FIELD,#),FIELD),#)),sector)",2026-08-02T11:10:55.183195+00:00
arch_delta_liquid:primary,arch_delta_liquid,proven,10.7,"group_neutralize(ts_zscore(ts_delta(anl10_analyst_innovation_eps_innovate_increase_fq2,126)/cap,126)*rank(ts_mean(volume,63)/adv20),sector)","{""instrumentType"": ""EQUITY"", ""region"": ""USA"", ""universe"": ""TOP3000"", ""delay"": 1, ""decay"": 4, ""neutralization"": ""MARKET"", ""truncation"": 0.05, ""pasteurization"": ""ON"", ""unitHandling"": ""VERIFY"", ""nanHandling"": ""ON"", ""language"": ""FASTEXPR"", ""visualization"": false}",0,365e0210591bcedc777c4fb077040a8b6426c2c07e6918f62fb4fdcadd82a1f1,"group_neutralize(mul(div(ts_mean(volume,#),adv20),ts_zscore(div(ts_delta(anl10_analyst_innovation_eps_innovate_increase_fq2,#),cap),#)),sector)","group_neutralize(mul(div(ts_mean(FIELD,#),FIELD),ts_zscore(div(ts_delta(FIELD,#),FIELD),#)),sector)",2026-08-02T11:10:55.183195+00:00
arch_regime_shift:primary,arch_regime_shift,proven,10.3,"group_neutralize((ts_zscore(anl10_analyst_innovation_eps_revise_ratio_to_consensus_fy1/cap,126)-ts_zscore(anl10_analyst_innovation_eps_revise_ratio_to_consensus_fy1/cap,252))*rank(ts_mean(volume,63)/adv20),market)","{""instrumentType"": ""EQUITY"", ""region"": ""USA"", ""universe"": ""TOP3000"", ""delay"": 1, ""decay"": 6, ""neutralization"": ""MARKET"", ""truncation"": 0.05, ""pasteurization"": ""ON"", ""unitHandling"": ""VERIFY"", ""nanHandling"": ""ON"", ""language"": ""FASTEXPR"", ""visualization"": false}",0,f6ca252e0a550ff8f86b39d176f44cae628a409657c05b649ed10ed576d760c8,"group_neutralize(mul(div(ts_mean(volume,#),adv20),sub(ts_zscore(div(anl10_analyst_innovation_eps_revise_ratio_to_consensus_fy1,cap),#),ts_zscore(div(anl10_analyst_innovation_eps_revise_ratio_to_consensus_fy1,cap),#))),market)","group_neutralize(mul(div(ts_mean(FIELD,#),FIELD),sub(ts_zscore(div(FIELD,FIELD),#),ts_zscore(div(FIELD,FIELD),#))),market)",2026-08-02T11:10:55.183195+00:00
arch_regime_shift:primary,arch_regime_shift,proven,10.3,"group_neutralize((ts_zscore(anl10_analyst_innovation_eps_revise_ratio_to_consensus_fy2/cap,126)-ts_zscore(anl10_analyst_innovation_eps_revise_ratio_to_consensus_fy2/cap,252))*rank(ts_mean(volume,63)/adv20),market)","{""instrumentType"": ""EQUITY"", ""region"": ""USA"", ""universe"": ""TOP3000"", ""delay"": 1, ""decay"": 6, ""neutralization"": ""MARKET"", ""truncation"": 0.05, ""pasteurization"": ""ON"", ""unitHandling"": ""VERIFY"", ""nanHandling"": ""ON"", ""language"": ""FASTEXPR"", ""visualization"": false}",0,dfbfce1bcca8f6acf04a591dcc64f612694c43ad15eb031615c5ca5cfbfaff72,"group_neutralize(mul(div(ts_mean(volume,#),adv20),sub(ts_zscore(div(anl10_analyst_innovation_eps_revise_ratio_to_consensus_fy2,cap),#),ts_zscore(div(anl10_analyst_innovation_eps_revise_ratio_to_consensus_fy2,cap),#))),market)","group_neutralize(mul(div(ts_mean(FIELD,#),FIELD),sub(ts_zscore(div(FIELD,FIELD),#),ts_zscore(div(FIELD,FIELD),#))),market)",2026-08-02T11:10:55.183195+00:00
arch_regime_shift:primary,arch_regime_shift,proven,10.3,"group_neutralize((ts_zscore(anl10_analyst_innovation_eps_revise_ratio_to_consensus_fq1/cap,126)-ts_zscore(anl10_analyst_innovation_eps_revise_ratio_to_consensus_fq1/cap,252))*rank(ts_mean(volume,63)/adv20),market)","{""instrumentType"": ""EQUITY"", ""region"": ""USA"", ""universe"": ""TOP3000"", ""delay"": 1, ""decay"": 6, ""neutralization"": ""MARKET"", ""truncation"": 0.05, ""pasteurization"": ""ON"", ""unitHandling"": ""VERIFY"", ""nanHandling"": ""ON"", ""language"": ""FASTEXPR"", ""visualization"": false}",0,0587ea352b1d9ab4a5b084f191dbd92a211e039e2b8fb3ebcbc32e69d568f3cf,"group_neutralize(mul(div(ts_mean(volume,#),adv20),sub(ts_zscore(div(anl10_analyst_innovation_eps_revise_ratio_to_consensus_fq1,cap),#),ts_zscore(div(anl10_analyst_innovation_eps_revise_ratio_to_consensus_fq1,cap),#))),market)","group_neutralize(mul(div(ts_mean(FIELD,#),FIELD),sub(ts_zscore(div(FIELD,FIELD),#),ts_zscore(div(FIELD,FIELD),#))),market)",2026-08-02T11:10:55.183195+00:00
arch_regime_shift:primary,arch_regime_shift,proven,10.3,"group_neutralize((ts_zscore(anl10_analyst_innovation_eps_revise_ratio_to_consensus_fq2/cap,126)-ts_zscore(anl10_analyst_innovation_eps_revise_ratio_to_consensus_fq2/cap,252))*rank(ts_mean(volume,63)/adv20),market)","{""instrumentType"": ""EQUITY"", ""region"": ""USA"", ""universe"": ""TOP3000"", ""delay"": 1, ""decay"": 6, ""neutralization"": ""MARKET"", ""truncation"": 0.05, ""pasteurization"": ""ON"", ""unitHandling"": ""VERIFY"", ""nanHandling"": ""ON"", ""language"": ""FASTEXPR"", ""visualization"": false}",0,5294c348d120af6ade0e4759db5acf2776ee30e61c3765bfd9412f84ceff4fff,"group_neutralize(mul(div(ts_mean(volume,#),adv20),sub(ts_zscore(div(anl10_analyst_innovation_eps_revise_ratio_to_consensus_fq2,cap),#),ts_zscore(div(anl10_analyst_innovation_eps_revise_ratio_to_consensus_fq2,cap),#))),market)","group_neutralize(mul(div(ts_mean(FIELD,#),FIELD),sub(ts_zscore(div(FIELD,FIELD),#),ts_zscore(div(FIELD,FIELD),#))),market)",2026-08-02T11:10:55.183195+00:00
arch_regime_shift:primary,arch_regime_shift,proven,10.15,"group_neutralize((ts_zscore(anl10_analyst_innovation_eps_revise_ratio_to_consensus_fy1/cap,63)-ts_zscore(anl10_analyst_innovation_eps_revise_ratio_to_consensus_fy1/cap,252))*rank(ts_mean(volume,63)/adv20),market)","{""instrumentType"": ""EQUITY"", ""region"": ""USA"", ""universe"": ""TOP3000"", ""delay"": 1, ""decay"": 6, ""neutralization"": ""MARKET"", ""truncation"": 0.05, ""pasteurization"": ""ON"", ""unitHandling"": ""VERIFY"", ""nanHandling"": ""ON"", ""language"": ""FASTEXPR"", ""visualization"": false}",0,447b60b610c869881e58ef7c9752557bcbbd97a8e4c6c5dee9f57160baf38e75,"group_neutralize(mul(div(ts_mean(volume,#),adv20),sub(ts_zscore(div(anl10_analyst_innovation_eps_revise_ratio_to_consensus_fy1,cap),#),ts_zscore(div(anl10_analyst_innovation_eps_revise_ratio_to_consensus_fy1,cap),#))),market)","group_neutralize(mul(div(ts_mean(FIELD,#),FIELD),sub(ts_zscore(div(FIELD,FIELD),#),ts_zscore(div(FIELD,FIELD),#))),market)",2026-08-02T11:10:55.183195+00:00
arch_regime_shift:primary,arch_regime_shift,proven,10.15,"group_neutralize((ts_zscore(anl10_analyst_innovation_eps_revise_ratio_to_consensus_fy2/cap,63)-ts_zscore(anl10_analyst_innovation_eps_revise_ratio_to_consensus_fy2/cap,252))*rank(ts_mean(volume,63)/adv20),market)","{""instrumentType"": ""EQUITY"", ""region"": ""USA"", ""universe"": ""TOP3000"", ""delay"": 1, ""decay"": 6, ""neutralization"": ""MARKET"", ""truncation"": 0.05, ""pasteurization"": ""ON"", ""unitHandling"": ""VERIFY"", ""nanHandling"": ""ON"", ""language"": ""FASTEXPR"", ""visualization"": false}",0,fe1a900c522c03f4c69f0e307ab3226a20104a65c7ddf745953e9eff130eadb0,"group_neutralize(mul(div(ts_mean(volume,#),adv20),sub(ts_zscore(div(anl10_analyst_innovation_eps_revise_ratio_to_consensus_fy2,cap),#),ts_zscore(div(anl10_analyst_innovation_eps_revise_ratio_to_consensus_fy2,cap),#))),market)","group_neutralize(mul(div(ts_mean(FIELD,#),FIELD),sub(ts_zscore(div(FIELD,FIELD),#),ts_zscore(div(FIELD,FIELD),#))),market)",2026-08-02T11:10:55.183195+00:00
arch_regime_shift:primary,arch_regime_shift,proven,10.15,"group_neutralize((ts_zscore(anl10_analyst_innovation_eps_revise_ratio_to_consensus_fq1/cap,63)-ts_zscore(anl10_analyst_innovation_eps_revise_ratio_to_consensus_fq1/cap,252))*rank(ts_mean(volume,63)/adv20),market)","{""instrumentType"": ""EQUITY"", ""region"": ""USA"", ""universe"": ""TOP3000"", ""delay"": 1, ""decay"": 6, ""neutralization"": ""MARKET"", ""truncation"": 0.05, ""pasteurization"": ""ON"", ""unitHandling"": ""VERIFY"", ""nanHandling"": ""ON"", ""language"": ""FASTEXPR"", ""visualization"": false}",0,7c09a3bd18b2caeceb95a41f25084a3b2696064bf7b231415c5f0c476e53913c,"group_neutralize(mul(div(ts_mean(volume,#),adv20),sub(ts_zscore(div(anl10_analyst_innovation_eps_revise_ratio_to_consensus_fq1,cap),#),ts_zscore(div(anl10_analyst_innovation_eps_revise_ratio_to_consensus_fq1,cap),#))),market)","group_neutralize(mul(div(ts_mean(FIELD,#),FIELD),sub(ts_zscore(div(FIELD,FIELD),#),ts_zscore(div(FIELD,FIELD),#))),market)",2026-08-02T11:10:55.183195+00:00
arch_regime_shift:primary,arch_regime_shift,proven,10.15,"group_neutralize((ts_zscore(anl10_analyst_innovation_eps_revise_ratio_to_consensus_fq2/cap,63)-ts_zscore(anl10_analyst_innovation_eps_revise_ratio_to_consensus_fq2/cap,252))*rank(ts_mean(volume,63)/adv20),market)","{""instrumentType"": ""EQUITY"", ""region"": ""USA"", ""universe"": ""TOP3000"", ""delay"": 1, ""decay"": 6, ""neutralization"": ""MARKET"", ""truncation"": 0.05, ""pasteurization"": ""ON"", ""unitHandling"": ""VERIFY"", ""nanHandling"": ""ON"", ""language"": ""FASTEXPR"", ""visualization"": false}",0,3511041cedb2fb17b6bbf58fc57225b814bea713ccfcda81ddb0923d2e82f552,"group_neutralize(mul(div(ts_mean(volume,#),adv20),sub(ts_zscore(div(anl10_analyst_innovation_eps_revise_ratio_to_consensus_fq2,cap),#),ts_zscore(div(anl10_analyst_innovation_eps_revise_ratio_to_consensus_fq2,cap),#))),market)","group_neutralize(mul(div(ts_mean(FIELD,#),FIELD),sub(ts_zscore(div(FIELD,FIELD),#),ts_zscore(div(FIELD,FIELD),#))),market)",2026-08-02T11:10:55.183195+00:00
arch_regime_shift:primary,arch_regime_shift,proven,10.0,"group_neutralize((ts_zscore(anl10_analyst_innovation_eps_revise_ratio_to_consensus_fy1/cap,63)-ts_zscore(anl10_analyst_innovation_eps_revise_ratio_to_consensus_fy1/cap,126))*rank(ts_mean(volume,63)/adv20),market)","{""instrumentType"": ""EQUITY"", ""region"": ""USA"", ""universe"": ""TOP3000"", ""delay"": 1, ""decay"": 6, ""neutralization"": ""MARKET"", ""truncation"": 0.05, ""pasteurization"": ""ON"", ""unitHandling"": ""VERIFY"", ""nanHandling"": ""ON"", ""language"": ""FASTEXPR"", ""visualization"": false}",0,93534c51f0d9afb881ce42f405259079f3d0da3736e59c53341ca1d765f6aba4,"group_neutralize(mul(div(ts_mean(volume,#),adv20),sub(ts_zscore(div(anl10_analyst_innovation_eps_revise_ratio_to_consensus_fy1,cap),#),ts_zscore(div(anl10_analyst_innovation_eps_revise_ratio_to_consensus_fy1,cap),#))),market)","group_neutralize(mul(div(ts_mean(FIELD,#),FIELD),sub(ts_zscore(div(FIELD,FIELD),#),ts_zscore(div(FIELD,FIELD),#))),market)",2026-08-02T11:10:55.183195+00:00
arch_regime_shift:primary,arch_regime_shift,proven,10.0,"group_neutralize((ts_zscore(anl10_analyst_innovation_eps_revise_ratio_to_consensus_fy2/cap,63)-ts_zscore(anl10_analyst_innovation_eps_revise_ratio_to_consensus_fy2/cap,126))*rank(ts_mean(volume,63)/adv20),market)","{""instrumentType"": ""EQUITY"", ""region"": ""USA"", ""universe"": ""TOP3000"", ""delay"": 1, ""decay"": 6, ""neutralization"": ""MARKET"", ""truncation"": 0.05, ""pasteurization"": ""ON"", ""unitHandling"": ""VERIFY"", ""nanHandling"": ""ON"", ""language"": ""FASTEXPR"", ""visualization"": false}",0,726a1a13ed60cc72b979414dd4954352921d3d12978bc22bd044abdd3c6c8443,"group_neutralize(mul(div(ts_mean(volume,#),adv20),sub(ts_zscore(div(anl10_analyst_innovation_eps_revise_ratio_to_consensus_fy2,cap),#),ts_zscore(div(anl10_analyst_innovation_eps_revise_ratio_to_consensus_fy2,cap),#))),market)","group_neutralize(mul(div(ts_mean(FIELD,#),FIELD),sub(ts_zscore(div(FIELD,FIELD),#),ts_zscore(div(FIELD,FIELD),#))),market)",2026-08-02T11:10:55.183195+00:00
arch_regime_shift:primary,arch_regime_shift,proven,10.0,"group_neutralize((ts_zscore(anl10_analyst_innovation_eps_revise_ratio_to_consensus_fq1/cap,63)-ts_zscore(anl10_analyst_innovation_eps_revise_ratio_to_consensus_fq1/cap,126))*rank(ts_mean(volume,63)/adv20),market)","{""instrumentType"": ""EQUITY"", ""region"": ""USA"", ""universe"": ""TOP3000"", ""delay"": 1, ""decay"": 6, ""neutralization"": ""MARKET"", ""truncation"": 0.05, ""pasteurization"": ""ON"", ""unitHandling"": ""VERIFY"", ""nanHandling"": ""ON"", ""language"": ""FASTEXPR"", ""visualization"": false}",0,dc5da67e88b9f2e90c30db8d6a2ca0c10b1f017f824e90a54702deee5506eb73,"group_neutralize(mul(div(ts_mean(volume,#),adv20),sub(ts_zscore(div(anl10_analyst_innovation_eps_revise_ratio_to_consensus_fq1,cap),#),ts_zscore(div(anl10_analyst_innovation_eps_revise_ratio_to_consensus_fq1,cap),#))),market)","group_neutralize(mul(div(ts_mean(FIELD,#),FIELD),sub(ts_zscore(div(FIELD,FIELD),#),ts_zscore(div(FIELD,FIELD),#))),market)",2026-08-02T11:10:55.183195+00:00
arch_hybrid_lowvol:primary,arch_hybrid_lowvol,proven,9.95,"group_neutralize(ts_zscore(anl14_stddev_ebitda_fy4/cap,126)*-rank(ts_std_dev(returns,126)),sector)","{""instrumentType"": ""EQUITY"", ""region"": ""USA"", ""universe"": ""TOP3000"", ""delay"": 1, ""decay"": 4, ""neutralization"": ""MARKET"", ""truncation"": 0.05, ""pasteurization"": ""ON"", ""unitHandling"": ""VERIFY"", ""nanHandling"": ""ON"", ""language"": ""FASTEXPR"", ""visualization"": false}",0,d95ae49e46f1a43d8642c3e547d9ae174277321b941edb6d6f35f0bbca41ff5e,"group_neutralize(mul(neg(ts_std_dev(returns,#)),ts_zscore(div(anl14_stddev_ebitda_fy4,cap),#)),sector)","group_neutralize(mul(neg(ts_std_dev(FIELD,#)),ts_zscore(div(FIELD,FIELD),#)),sector)",2026-08-02T11:10:55.183195+00:00
arch_hybrid_lowvol:primary,arch_hybrid_lowvol,proven,9.95,"group_neutralize(ts_zscore(anl14_median_ebitda_fy5/cap,126)*-rank(ts_std_dev(returns,126)),market)","{""instrumentType"": ""EQUITY"", ""region"": ""USA"", ""universe"": ""TOP3000"", ""delay"": 1, ""decay"": 4, ""neutralization"": ""MARKET"", ""truncation"": 0.05, ""pasteurization"": ""ON"", ""unitHandling"": ""VERIFY"", ""nanHandling"": ""ON"", ""language"": ""FASTEXPR"", ""visualization"": false}",0,d3ebd0ce537cff698a33d2133e8ece56b15ea6f5655a7c721023821b2b6d1a98,"group_neutralize(mul(neg(ts_std_dev(returns,#)),ts_zscore(div(anl14_median_ebitda_fy5,cap),#)),market)","group_neutralize(mul(neg(ts_std_dev(FIELD,#)),ts_zscore(div(FIELD,FIELD),#)),market)",2026-08-02T11:10:55.183195+00:00
arch_hybrid_lowvol:primary,arch_hybrid_lowvol,proven,9.95,"group_neutralize(ts_zscore(anl14_median_ebitda_fy4/cap,126)*-rank(ts_std_dev(returns,126)),sector)","{""instrumentType"": ""EQUITY"", ""region"": ""USA"", ""universe"": ""TOP3000"", ""delay"": 1, ""decay"": 4, ""neutralization"": ""MARKET"", ""truncation"": 0.05, ""pasteurization"": ""ON"", ""unitHandling"": ""VERIFY"", ""nanHandling"": ""ON"", ""language"": ""FASTEXPR"", ""visualization"": false}",0,48f4ef2d12d32beba7bee88098a272557581ba836d1b44694ea2bb67406b6b72,"group_neutralize(mul(neg(ts_std_dev(returns,#)),ts_zscore(div(anl14_median_ebitda_fy4,cap),#)),sector)","group_neutralize(mul(neg(ts_std_dev(FIELD,#)),ts_zscore(div(FIELD,FIELD),#)),sector)",2026-08-02T11:10:55.183195+00:00
arch_hybrid_lowvol:primary,arch_hybrid_lowvol,proven,9.95,"group_neutralize(ts_zscore(anl14_stddev_ebitda_fp4/cap,126)*-rank(ts_std_dev(returns,126)),sector)","{""instrumentType"": ""EQUITY"", ""region"": ""USA"", ""universe"": ""TOP3000"", ""delay"": 1, ""decay"": 4, ""neutralization"": ""MARKET"", ""truncation"": 0.05, ""pasteurization"": ""ON"", ""unitHandling"": ""VERIFY"", ""nanHandling"": ""ON"", ""language"": ""FASTEXPR"", ""visualization"": false}",0,91bb8f8d34058cfb3e3be21de3a9ea8dd96857a2f5771b04ff84f8e55238d6d4,"group_neutralize(mul(neg(ts_std_dev(returns,#)),ts_zscore(div(anl14_stddev_ebitda_fp4,cap),#)),sector)","group_neutralize(mul(neg(ts_std_dev(FIELD,#)),ts_zscore(div(FIELD,FIELD),#)),sector)",2026-08-02T11:10:55.183195+00:00
arch_hybrid_lowvol:primary,arch_hybrid_lowvol,proven,9.95,"group_neutralize(ts_zscore(anl14_stddev_ebitda_fp5/cap,126)*-rank(ts_std_dev(returns,126)),market)","{""instrumentType"": ""EQUITY"", ""region"": ""USA"", ""universe"": ""TOP3000"", ""delay"": 1, ""decay"": 4, ""neutralization"": ""MARKET"", ""truncation"": 0.05, ""pasteurization"": ""ON"", ""unitHandling"": ""VERIFY"", ""nanHandling"": ""ON"", ""language"": ""FASTEXPR"", ""visualization"": false}",0,00a2cc434f6f0979113fdaf8103cde555b116e660fed2b83675b7670d4d55c52,"group_neutralize(mul(neg(ts_std_dev(returns,#)),ts_zscore(div(anl14_stddev_ebitda_fp5,cap),#)),market)","group_neutralize(mul(neg(ts_std_dev(FIELD,#)),ts_zscore(div(FIELD,FIELD),#)),market)",2026-08-02T11:10:55.183195+00:00
arch_hybrid_lowvol:primary,arch_hybrid_lowvol,proven,9.95,"group_neutralize(ts_zscore(anl14_stddev_ebitda_fy1/cap,126)*-rank(ts_std_dev(returns,126)),market)","{""instrumentType"": ""EQUITY"", ""region"": ""USA"", ""universe"": ""TOP3000"", ""delay"": 1, ""decay"": 4, ""neutralization"": ""MARKET"", ""truncation"": 0.05, ""pasteurization"": ""ON"", ""unitHandling"": ""VERIFY"", ""nanHandling"": ""ON"", ""language"": ""FASTEXPR"", ""visualization"": false}",0,da53e71896eae01197a738ae52cd39fa85c6d56390858607e3aedb383f866847,"group_neutralize(mul(neg(ts_std_dev(returns,#)),ts_zscore(div(anl14_stddev_ebitda_fy1,cap),#)),market)","group_neutralize(mul(neg(ts_std_dev(FIELD,#)),ts_zscore(div(FIELD,FIELD),#)),market)",2026-08-02T11:10:55.183195+00:00
arch_hybrid_lowvol:primary,arch_hybrid_lowvol,proven,9.95,"group_neutralize(ts_zscore(anl14_median_ebitda_fp5/cap,126)*-rank(ts_std_dev(returns,126)),sector)","{""instrumentType"": ""EQUITY"", ""region"": ""USA"", ""universe"": ""TOP3000"", ""delay"": 1, ""decay"": 4, ""neutralization"": ""MARKET"", ""truncation"": 0.05, ""pasteurization"": ""ON"", ""unitHandling"": ""VERIFY"", ""nanHandling"": ""ON"", ""language"": ""FASTEXPR"", ""visualization"": false}",0,0a1f58e26d78c0dbc1b86a232cb90986474fa522069f63248b09b22fd097a85d,"group_neutralize(mul(neg(ts_std_dev(returns,#)),ts_zscore(div(anl14_median_ebitda_fp5,cap),#)),sector)","group_neutralize(mul(neg(ts_std_dev(FIELD,#)),ts_zscore(div(FIELD,FIELD),#)),sector)",2026-08-02T11:10:55.183195+00:00
arch_hybrid_lowvol:primary,arch_hybrid_lowvol,proven,9.95,"group_neutralize(ts_zscore(anl14_stddev_ebitda_fp3/cap,126)*-rank(ts_std_dev(returns,126)),market)","{""instrumentType"": ""EQUITY"", ""region"": ""USA"", ""universe"": ""TOP3000"", ""delay"": 1, ""decay"": 4, ""neutralization"": ""MARKET"", ""truncation"": 0.05, ""pasteurization"": ""ON"", ""unitHandling"": ""VERIFY"", ""nanHandling"": ""ON"", ""language"": ""FASTEXPR"", ""visualization"": false}",0,54a707a657c52218f51a2ef959b3785971f4d30efd4a23d76aea99e7168fab26,"group_neutralize(mul(neg(ts_std_dev(returns,#)),ts_zscore(div(anl14_stddev_ebitda_fp3,cap),#)),market)","group_neutralize(mul(neg(ts_std_dev(FIELD,#)),ts_zscore(div(FIELD,FIELD),#)),market)",2026-08-02T11:10:55.183195+00:00
arch_hybrid_lowvol:primary,arch_hybrid_lowvol,proven,9.95,"group_neutralize(ts_zscore(anl14_stddev_ebitda_fy3/cap,126)*-rank(ts_std_dev(returns,126)),market)","{""instrumentType"": ""EQUITY"", ""region"": ""USA"", ""universe"": ""TOP3000"", ""delay"": 1, ""decay"": 4, ""neutralization"": ""MARKET"", ""truncation"": 0.05, ""pasteurization"": ""ON"", ""unitHandling"": ""VERIFY"", ""nanHandling"": ""ON"", ""language"": ""FASTEXPR"", ""visualization"": false}",0,95ca1e60f247fffd7c7d950c7e397d14dbc9c394a15f6792ec24c5ba7c8e7d20,"group_neutralize(mul(neg(ts_std_dev(returns,#)),ts_zscore(div(anl14_stddev_ebitda_fy3,cap),#)),market)","group_neutralize(mul(neg(ts_std_dev(FIELD,#)),ts_zscore(div(FIELD,FIELD),#)),market)",2026-08-02T11:10:55.183195+00:00
arch_hybrid_lowvol:primary,arch_hybrid_lowvol,proven,9.95,"group_neutralize(ts_zscore(anl14_stddev_ebitda_fy2/cap,126)*-rank(ts_std_dev(returns,126)),market)","{""instrumentType"": ""EQUITY"", ""region"": ""USA"", ""universe"": ""TOP3000"", ""delay"": 1, ""decay"": 4, ""neutralization"": ""MARKET"", ""truncation"": 0.05, ""pasteurization"": ""ON"", ""unitHandling"": ""VERIFY"", ""nanHandling"": ""ON"", ""language"": ""FASTEXPR"", ""visualization"": false}",0,7991e2971e2176a24a5db7130d5c9f78689308c4220b03ae14084f31d61bd4e5,"group_neutralize(mul(neg(ts_std_dev(returns,#)),ts_zscore(div(anl14_stddev_ebitda_fy2,cap),#)),market)","group_neutralize(mul(neg(ts_std_dev(FIELD,#)),ts_zscore(div(FIELD,FIELD),#)),market)",2026-08-02T11:10:55.183195+00:00
arch_hybrid_lowvol:primary,arch_hybrid_lowvol,proven,9.95,"group_neutralize(ts_zscore(anl14_stddev_ebitda_fp2/cap,126)*-rank(ts_std_dev(returns,126)),sector)","{""instrumentType"": ""EQUITY"", ""region"": ""USA"", ""universe"": ""TOP3000"", ""delay"": 1, ""decay"": 4, ""neutralization"": ""MARKET"", ""truncation"": 0.05, ""pasteurization"": ""ON"", ""unitHandling"": ""VERIFY"", ""nanHandling"": ""ON"", ""language"": ""FASTEXPR"", ""visualization"": false}",0,7c7c2f91bc1d64c0063ebf9604b722db88cfa5c7612bca0dc3031eebe1c3281b,"group_neutralize(mul(neg(ts_std_dev(returns,#)),ts_zscore(div(anl14_stddev_ebitda_fp2,cap),#)),sector)","group_neutralize(mul(neg(ts_std_dev(FIELD,#)),ts_zscore(div(FIELD,FIELD),#)),sector)",2026-08-02T11:10:55.183195+00:00
arch_hybrid_lowvol:primary,arch_hybrid_lowvol,proven,9.95,"group_neutralize(ts_zscore(anl14_median_ebitda_fy3/cap,126)*-rank(ts_std_dev(returns,126)),sector)","{""instrumentType"": ""EQUITY"", ""region"": ""USA"", ""universe"": ""TOP3000"", ""delay"": 1, ""decay"": 4, ""neutralization"": ""MARKET"", ""truncation"": 0.05, ""pasteurization"": ""ON"", ""unitHandling"": ""VERIFY"", ""nanHandling"": ""ON"", ""language"": ""FASTEXPR"", ""visualization"": false}",0,9473630eab4ee831ace737aab8fc1e523365b1254b6426951d9c0b0d7d60b068,"group_neutralize(mul(neg(ts_std_dev(returns,#)),ts_zscore(div(anl14_median_ebitda_fy3,cap),#)),sector)","group_neutralize(mul(neg(ts_std_dev(FIELD,#)),ts_zscore(div(FIELD,FIELD),#)),sector)",2026-08-02T11:10:55.183195+00:00
arch_level_liquid:primary,arch_level_liquid,proven,9.850000000000001,"group_neutralize(ts_zscore(anl10_epsrevise_ratio_to_consensus_fy1/cap,252)*rank(ts_mean(volume,126)/adv20),market)","{""instrumentType"": ""EQUITY"", ""region"": ""USA"", ""universe"": ""TOP3000"", ""delay"": 1, ""decay"": 4, ""neutralization"": ""MARKET"", ""truncation"": 0.05, ""pasteurization"": ""ON"", ""unitHandling"": ""VERIFY"", ""nanHandling"": ""ON"", ""language"": ""FASTEXPR"", ""visualization"": false}",0,c9399784eab0e91dc67a16abcff64c7d282adea0512059823cd0f095c980afa4,"group_neutralize(mul(div(ts_mean(volume,#),adv20),ts_zscore(div(anl10_epsrevise_ratio_to_consensus_fy1,cap),#)),market)","group_neutralize(mul(div(ts_mean(FIELD,#),FIELD),ts_zscore(div(FIELD,FIELD),#)),market)",2026-08-02T11:10:55.183195+00:00
arch_level_liquid:primary,arch_level_liquid,proven,9.850000000000001,"group_neutralize(ts_zscore(anl10_epsrevise_ratio_to_consensus_fy2/cap,252)*rank(ts_mean(volume,126)/adv20),sector)","{""instrumentType"": ""EQUITY"", ""region"": ""USA"", ""universe"": ""TOP3000"", ""delay"": 1, ""decay"": 4, ""neutralization"": ""MARKET"", ""truncation"": 0.05, ""pasteurization"": ""ON"", ""unitHandling"": ""VERIFY"", ""nanHandling"": ""ON"", ""language"": ""FASTEXPR"", ""visualization"": false}",0,483ad1c1db917147e1fefb759892e3acfb3856ff750188570ae3ec4cac59bf1f,"group_neutralize(mul(div(ts_mean(volume,#),adv20),ts_zscore(div(anl10_epsrevise_ratio_to_consensus_fy2,cap),#)),sector)","group_neutralize(mul(div(ts_mean(FIELD,#),FIELD),ts_zscore(div(FIELD,FIELD),#)),sector)",2026-08-02T11:10:55.183195+00:00
arch_level_liquid:primary,arch_level_liquid,proven,9.850000000000001,"group_neutralize(ts_zscore(anl10_epsrevise_ratio_to_consensus_fq1/cap,252)*rank(ts_mean(volume,126)/adv20),sector)","{""instrumentType"": ""EQUITY"", ""region"": ""USA"", ""universe"": ""TOP3000"", ""delay"": 1, ""decay"": 4, ""neutralization"": ""MARKET"", ""truncation"": 0.05, ""pasteurization"": ""ON"", ""unitHandling"": ""VERIFY"", ""nanHandling"": ""ON"", ""language"": ""FASTEXPR"", ""visualization"": false}",0,5e27e36d0412f037366cf5f03ecd4fafe2fd70f1ea8fda5daa8d05b0ff498cde,"group_neutralize(mul(div(ts_mean(volume,#),adv20),ts_zscore(div(anl10_epsrevise_ratio_to_consensus_fq1,cap),#)),sector)","group_neutralize(mul(div(ts_mean(FIELD,#),FIELD),ts_zscore(div(FIELD,FIELD),#)),sector)",2026-08-02T11:10:55.183195+00:00
arch_level_liquid:primary,arch_level_liquid,proven,9.850000000000001,"group_neutralize(ts_zscore(anl10_epsrevise_ratio_to_consensus_fq2/cap,252)*rank(ts_mean(volume,126)/adv20),market)","{""instrumentType"": ""EQUITY"", ""region"": ""USA"", ""universe"": ""TOP3000"", ""delay"": 1, ""decay"": 4, ""neutralization"": ""MARKET"", ""truncation"": 0.05, ""pasteurization"": ""ON"", ""unitHandling"": ""VERIFY"", ""nanHandling"": ""ON"", ""language"": ""FASTEXPR"", ""visualization"": false}",0,48937861a440baa7dbb6b98dca5d197ac1fa37be9f774f6b5a78d67a0806896b,"group_neutralize(mul(div(ts_mean(volume,#),adv20),ts_zscore(div(anl10_epsrevise_ratio_to_consensus_fq2,cap),#)),market)","group_neutralize(mul(div(ts_mean(FIELD,#),FIELD),ts_zscore(div(FIELD,FIELD),#)),market)",2026-08-02T11:10:55.183195+00:00
arch_level_liquid:primary,arch_level_liquid,proven,9.7,"group_neutralize(ts_zscore(anl10_epsrevise_ratio_to_consensus_fy1/cap,252)*rank(ts_mean(volume,63)/adv20),market)","{""instrumentType"": ""EQUITY"", ""region"": ""USA"", ""universe"": ""TOP3000"", ""delay"": 1, ""decay"": 4, ""neutralization"": ""MARKET"", ""truncation"": 0.05, ""pasteurization"": ""ON"", ""unitHandling"": ""VERIFY"", ""nanHandling"": ""ON"", ""language"": ""FASTEXPR"", ""visualization"": false}",0,61f2e9ee03a2d5e5d735a69c9821f540cb55e31f818a38b8a6ad27fc2ba45248,"group_neutralize(mul(div(ts_mean(volume,#),adv20),ts_zscore(div(anl10_epsrevise_ratio_to_consensus_fy1,cap),#)),market)","group_neutralize(mul(div(ts_mean(FIELD,#),FIELD),ts_zscore(div(FIELD,FIELD),#)),market)",2026-08-02T11:10:55.183195+00:00
arch_level_liquid:primary,arch_level_liquid,proven,9.7,"group_neutralize(ts_zscore(anl10_epsrevise_ratio_to_consensus_fy2/cap,252)*rank(ts_mean(volume,63)/adv20),sector)","{""instrumentType"": ""EQUITY"", ""region"": ""USA"", ""universe"": ""TOP3000"", ""delay"": 1, ""decay"": 4, ""neutralization"": ""MARKET"", ""truncation"": 0.05, ""pasteurization"": ""ON"", ""unitHandling"": ""VERIFY"", ""nanHandling"": ""ON"", ""language"": ""FASTEXPR"", ""visualization"": false}",0,1b94dec64bc7f0ed437d2c5d3d80312f68940c701962d598b652f02a9ea5bad0,"group_neutralize(mul(div(ts_mean(volume,#),adv20),ts_zscore(div(anl10_epsrevise_ratio_to_consensus_fy2,cap),#)),sector)","group_neutralize(mul(div(ts_mean(FIELD,#),FIELD),ts_zscore(div(FIELD,FIELD),#)),sector)",2026-08-02T11:10:55.183195+00:00
arch_level_liquid:primary,arch_level_liquid,proven,9.7,"group_neutralize(ts_zscore(anl10_epsrevise_ratio_to_consensus_fy1/cap,126)*rank(ts_mean(volume,126)/adv20),market)","{""instrumentType"": ""EQUITY"", ""region"": ""USA"", ""universe"": ""TOP3000"", ""delay"": 1, ""decay"": 4, ""neutralization"": ""MARKET"", ""truncation"": 0.05, ""pasteurization"": ""ON"", ""unitHandling"": ""VERIFY"", ""nanHandling"": ""ON"", ""language"": ""FASTEXPR"", ""visualization"": false}",0,45e25d0aebf697f3505dcfc4a264e7bf5139a6c453d43a5c56e11427ded28e25,"group_neutralize(mul(div(ts_mean(volume,#),adv20),ts_zscore(div(anl10_epsrevise_ratio_to_consensus_fy1,cap),#)),market)","group_neutralize(mul(div(ts_mean(FIELD,#),FIELD),ts_zscore(div(FIELD,FIELD),#)),market)",2026-08-02T11:10:55.183195+00:00
arch_level_liquid:primary,arch_level_liquid,proven,9.7,"group_neutralize(ts_zscore(anl10_epsrevise_ratio_to_consensus_fy2/cap,126)*rank(ts_mean(volume,126)/adv20),sector)","{""instrumentType"": ""EQUITY"", ""region"": ""USA"", ""universe"": ""TOP3000"", ""delay"": 1, ""decay"": 4, ""neutralization"": ""MARKET"", ""truncation"": 0.05, ""pasteurization"": ""ON"", ""unitHandling"": ""VERIFY"", ""nanHandling"": ""ON"", ""language"": ""FASTEXPR"", ""visualization"": false}",0,51a6e7ec4640d0d0abc2f90bd449dc0ae96ac7cea741170c4b1fc5b079e874c0,"group_neutralize(mul(div(ts_mean(volume,#),adv20),ts_zscore(div(anl10_epsrevise_ratio_to_consensus_fy2,cap),#)),sector)","group_neutralize(mul(div(ts_mean(FIELD,#),FIELD),ts_zscore(div(FIELD,FIELD),#)),sector)",2026-08-02T11:10:55.183195+00:00
arch_level_liquid:primary,arch_level_liquid,proven,9.7,"group_neutralize(ts_zscore(anl10_epsrevise_ratio_to_consensus_fq1/cap,126)*rank(ts_mean(volume,126)/adv20),sector)","{""instrumentType"": ""EQUITY"", ""region"": ""USA"", ""universe"": ""TOP3000"", ""delay"": 1, ""decay"": 4, ""neutralization"": ""MARKET"", ""truncation"": 0.05, ""pasteurization"": ""ON"", ""unitHandling"": ""VERIFY"", ""nanHandling"": ""ON"", ""language"": ""FASTEXPR"", ""visualization"": false}",0,b5a2611a6ddb4d8df843c61c08598aca247777e3e723c7b123133a898a20c20f,"group_neutralize(mul(div(ts_mean(volume,#),adv20),ts_zscore(div(anl10_epsrevise_ratio_to_consensus_fq1,cap),#)),sector)","group_neutralize(mul(div(ts_mean(FIELD,#),FIELD),ts_zscore(div(FIELD,FIELD),#)),sector)",2026-08-02T11:10:55.183195+00:00
arch_level_liquid:primary,arch_level_liquid,proven,9.7,"group_neutralize(ts_zscore(anl10_epsrevise_ratio_to_consensus_fq2/cap,126)*rank(ts_mean(volume,126)/adv20),market)","{""instrumentType"": ""EQUITY"", ""region"": ""USA"", ""universe"": ""TOP3000"", ""delay"": 1, ""decay"": 4, ""neutralization"": ""MARKET"", ""truncation"": 0.05, ""pasteurization"": ""ON"", ""unitHandling"": ""VERIFY"", ""nanHandling"": ""ON"", ""language"": ""FASTEXPR"", ""visualization"": false}",0,35cf6e4170852c82ab6790b6c6843e3c22c86fa8b79b4508e936090739612396,"group_neutralize(mul(div(ts_mean(volume,#),adv20),ts_zscore(div(anl10_epsrevise_ratio_to_consensus_fq2,cap),#)),market)","group_neutralize(mul(div(ts_mean(FIELD,#),FIELD),ts_zscore(div(FIELD,FIELD),#)),market)",2026-08-02T11:10:55.183195+00:00
arch_level_liquid:primary,arch_level_liquid,proven,9.55,"group_neutralize(ts_zscore(anl10_epsrevise_ratio_to_consensus_fy1/cap,126)*rank(ts_mean(volume,63)/adv20),market)","{""instrumentType"": ""EQUITY"", ""region"": ""USA"", ""universe"": ""TOP3000"", ""delay"": 1, ""decay"": 4, ""neutralization"": ""MARKET"", ""truncation"": 0.05, ""pasteurization"": ""ON"", ""unitHandling"": ""VERIFY"", ""nanHandling"": ""ON"", ""language"": ""FASTEXPR"", ""visualization"": false}",0,1a75c777458324ef0c2fb8f3f4cf4a02d57b1522e6353b58e34820a5e58d8497,"group_neutralize(mul(div(ts_mean(volume,#),adv20),ts_zscore(div(anl10_epsrevise_ratio_to_consensus_fy1,cap),#)),market)","group_neutralize(mul(div(ts_mean(FIELD,#),FIELD),ts_zscore(div(FIELD,FIELD),#)),market)",2026-08-02T11:10:55.183195+00:00
arch_level_liquid:primary,arch_level_liquid,proven,9.55,"group_neutralize(ts_zscore(anl10_epsrevise_ratio_to_consensus_fy2/cap,126)*rank(ts_mean(volume,63)/adv20),sector)","{""instrumentType"": ""EQUITY"", ""region"": ""USA"", ""universe"": ""TOP3000"", ""delay"": 1, ""decay"": 4, ""neutralization"": ""MARKET"", ""truncation"": 0.05, ""pasteurization"": ""ON"", ""unitHandling"": ""VERIFY"", ""nanHandling"": ""ON"", ""language"": ""FASTEXPR"", ""visualization"": false}",0,83e4b8dbe1037bde0890bb441d2fc9b02f59dd02ecae687b7e5e0446ceb05c4d,"group_neutralize(mul(div(ts_mean(volume,#),adv20),ts_zscore(div(anl10_epsrevise_ratio_to_consensus_fy2,cap),#)),sector)","group_neutralize(mul(div(ts_mean(FIELD,#),FIELD),ts_zscore(div(FIELD,FIELD),#)),sector)",2026-08-02T11:10:55.183195+00:00
arch_regime_shift:primary,arch_regime_shift,proven,9.0,"group_neutralize((ts_zscore(anl10_roeff_2323/cap,63)-ts_zscore(anl10_roeff_2323/cap,126))*rank(ts_mean(volume,63)/adv20),industry)","{""instrumentType"": ""EQUITY"", ""region"": ""USA"", ""universe"": ""TOP3000"", ""delay"": 1, ""decay"": 6, ""neutralization"": ""MARKET"", ""truncation"": 0.05, ""pasteurization"": ""ON"", ""unitHandling"": ""VERIFY"", ""nanHandling"": ""ON"", ""language"": ""FASTEXPR"", ""visualization"": false}",0,7f30a4d4009260dcff2eacbd4910b1e6539e7ab9a5be9e81f0550565a8ae3456,"group_neutralize(mul(div(ts_mean(volume,#),adv20),sub(ts_zscore(div(anl10_roeff_2323,cap),#),ts_zscore(div(anl10_roeff_2323,cap),#))),industry)","group_neutralize(mul(div(ts_mean(FIELD,#),FIELD),sub(ts_zscore(div(FIELD,FIELD),#),ts_zscore(div(FIELD,FIELD),#))),industry)",2026-08-02T11:10:55.183195+00:00
arch_analyst_liquid:primary,arch_analyst_liquid,proven,8.7,"group_neutralize(ts_zscore(social_score_subsector_position,126)*rank(ts_mean(volume,63)/adv20),market)","{""instrumentType"": ""EQUITY"", ""region"": ""USA"", ""universe"": ""TOP3000"", ""delay"": 1, ""decay"": 4, ""neutralization"": ""MARKET"", ""truncation"": 0.06, ""pasteurization"": ""ON"", ""unitHandling"": ""VERIFY"", ""nanHandling"": ""ON"", ""language"": ""FASTEXPR"", ""visualization"": false}",0,d7fcf724789fa40ea036dbc79c386bb6e50cceb26295996df345dc86934c28e3,"group_neutralize(mul(div(ts_mean(volume,#),adv20),ts_zscore(social_score_subsector_position,#)),market)","group_neutralize(mul(div(ts_mean(FIELD,#),FIELD),ts_zscore(FIELD,#)),market)",2026-08-02T11:10:55.183195+00:00
arch_analyst_liquid:primary,arch_analyst_liquid,proven,8.7,"group_neutralize(ts_zscore(industry_18mo_marketcap_percent,126)*rank(ts_mean(volume,63)/adv20),market)","{""instrumentType"": ""EQUITY"", ""region"": ""USA"", ""universe"": ""TOP3000"", ""delay"": 1, ""decay"": 4, ""neutralization"": ""MARKET"", ""truncation"": 0.06, ""pasteurization"": ""ON"", ""unitHandling"": ""VERIFY"", ""nanHandling"": ""ON"", ""language"": ""FASTEXPR"", ""visualization"": false}",0,167fdf7d5285f5618b9853b3944497fb35ef72b497c43672c7f8e5259e326a03,"group_neutralize(mul(div(ts_mean(volume,#),adv20),ts_zscore(industry_18mo_marketcap_percent,#)),market)","group_neutralize(mul(div(ts_mean(FIELD,#),FIELD),ts_zscore(FIELD,#)),market)",2026-08-02T11:10:55.183195+00:00
arch_analyst_liquid:primary,arch_analyst_liquid,proven,8.7,"group_neutralize(ts_zscore(workforce_pillar_composite_score,126)*rank(ts_mean(volume,63)/adv20),market)","{""instrumentType"": ""EQUITY"", ""region"": ""USA"", ""universe"": ""TOP3000"", ""delay"": 1, ""decay"": 4, ""neutralization"": ""MARKET"", ""truncation"": 0.06, ""pasteurization"": ""ON"", ""unitHandling"": ""VERIFY"", ""nanHandling"": ""ON"", ""language"": ""FASTEXPR"", ""visualization"": false}",0,177f977f60a4dc84c7aa44cc1448dff5fc216947ca29db9e53df11c95bc96b6d,"group_neutralize(mul(div(ts_mean(volume,#),adv20),ts_zscore(workforce_pillar_composite_score,#)),market)","group_neutralize(mul(div(ts_mean(FIELD,#),FIELD),ts_zscore(FIELD,#)),market)",2026-08-02T11:10:55.183195+00:00
arch_analyst_liquid:primary,arch_analyst_liquid,proven,8.7,"group_neutralize(ts_zscore(industry_fy3_marketcap_percent,126)*rank(ts_mean(volume,63)/adv20),industry)","{""instrumentType"": ""EQUITY"", ""region"": ""USA"", ""universe"": ""TOP3000"", ""delay"": 1, ""decay"": 4, ""neutralization"": ""MARKET"", ""truncation"": 0.06, ""pasteurization"": ""ON"", ""unitHandling"": ""VERIFY"", ""nanHandling"": ""ON"", ""language"": ""FASTEXPR"", ""visualization"": false}",0,1d99d58047c625bf36cf94163788be7651f5245ca4bab5660c7973e04a14fed1,"group_neutralize(mul(div(ts_mean(volume,#),adv20),ts_zscore(industry_fy3_marketcap_percent,#)),industry)","group_neutralize(mul(div(ts_mean(FIELD,#),FIELD),ts_zscore(FIELD,#)),industry)",2026-08-02T11:10:55.183195+00:00
arch_analyst_liquid:primary,arch_analyst_liquid,proven,8.7,"group_neutralize(ts_zscore(community_pillar_composite_score,126)*rank(ts_mean(volume,63)/adv20),market)","{""instrumentType"": ""EQUITY"", ""region"": ""USA"", ""universe"": ""TOP3000"", ""delay"": 1, ""decay"": 4, ""neutralization"": ""MARKET"", ""truncation"": 0.06, ""pasteurization"": ""ON"", ""unitHandling"": ""VERIFY"", ""nanHandling"": ""ON"", ""language"": ""FASTEXPR"", ""visualization"": false}",0,36e4733cce8bb5d907954f3c5b1ca8f443b28d9e4c9f5b82ff5ec09e93a58cab,"group_neutralize(mul(div(ts_mean(volume,#),adv20),ts_zscore(community_pillar_composite_score,#)),market)","group_neutralize(mul(div(ts_mean(FIELD,#),FIELD),ts_zscore(FIELD,#)),market)",2026-08-02T11:10:55.183195+00:00
arch_analyst_liquid:primary,arch_analyst_liquid,proven,8.7,"group_neutralize(ts_zscore(anl15_dpsgics_ind_18_m_ests_dn,126)*rank(ts_mean(volume,63)/adv20),industry)","{""instrumentType"": ""EQUITY"", ""region"": ""USA"", ""universe"": ""TOP3000"", ""delay"": 1, ""decay"": 4, ""neutralization"": ""MARKET"", ""truncation"": 0.06, ""pasteurization"": ""ON"", ""unitHandling"": ""VERIFY"", ""nanHandling"": ""ON"", ""language"": ""FASTEXPR"", ""visualization"": false}",0,1e16ff9a2c59e73e75c4fee1158eb6abbc6ab078b3593f2bfa2472c7efea53d8,"group_neutralize(mul(div(ts_mean(volume,#),adv20),ts_zscore(anl15_dpsgics_ind_18_m_ests_dn,#)),industry)","group_neutralize(mul(div(ts_mean(FIELD,#),FIELD),ts_zscore(FIELD,#)),industry)",2026-08-02T11:10:55.183195+00:00
arch_analyst_liquid:primary,arch_analyst_liquid,proven,8.7,"group_neutralize(ts_zscore(anl15_salgics_ind_cal_fy3_mean,126)*rank(ts_mean(volume,63)/adv20),industry)","{""instrumentType"": ""EQUITY"", ""region"": ""USA"", ""universe"": ""TOP3000"", ""delay"": 1, ""decay"": 4, ""neutralization"": ""MARKET"", ""truncation"": 0.06, ""pasteurization"": ""ON"", ""unitHandling"": ""VERIFY"", ""nanHandling"": ""ON"", ""language"": ""FASTEXPR"", ""visualization"": false}",0,0607a0eee6ec67bfc642d784329540c6872abc4a45b35421186abeea2ee20d90,"group_neutralize(mul(div(ts_mean(volume,#),adv20),ts_zscore(anl15_salgics_ind_cal_fy3_mean,#)),industry)","group_neutralize(mul(div(ts_mean(FIELD,#),FIELD),ts_zscore(FIELD,#)),industry)",2026-08-02T11:10:55.183195+00:00
arch_analyst_liquid:primary,arch_analyst_liquid,proven,8.7,"group_neutralize(ts_zscore(management_ethics_standards_score,126)*rank(ts_mean(volume,63)/adv20),sector)","{""instrumentType"": ""EQUITY"", ""region"": ""USA"", ""universe"": ""TOP3000"", ""delay"": 1, ""decay"": 4, ""neutralization"": ""MARKET"", ""truncation"": 0.06, ""pasteurization"": ""ON"", ""unitHandling"": ""VERIFY"", ""nanHandling"": ""ON"", ""language"": ""FASTEXPR"", ""visualization"": false}",0,0588db8e5b7eca215e110d95d3fb902f5e1c1db642c2a2c36acb83bd6edff871,"group_neutralize(mul(div(ts_mean(volume,#),adv20),ts_zscore(management_ethics_standards_score,#)),sector)","group_neutralize(mul(div(ts_mean(FIELD,#),FIELD),ts_zscore(FIELD,#)),sector)",2026-08-02T11:10:55.183195+00:00
arch_analyst_liquid:primary,arch_analyst_liquid,proven,8.55,"group_neutralize(ts_zscore(workforce_pillar_composite_score,63)*rank(ts_mean(volume,63)/adv20),market)","{""instrumentType"": ""EQUITY"", ""region"": ""USA"", ""universe"": ""TOP3000"", ""delay"": 1, ""decay"": 4, ""neutralization"": ""MARKET"", ""truncation"": 0.06, ""pasteurization"": ""ON"", ""unitHandling"": ""VERIFY"", ""nanHandling"": ""ON"", ""language"": ""FASTEXPR"", ""visualization"": false}",0,8d1ab98a64569ee84047265db8f848f4cbc602fa5643811cb0434d31e90c5688,"group_neutralize(mul(div(ts_mean(volume,#),adv20),ts_zscore(workforce_pillar_composite_score,#)),market)","group_neutralize(mul(div(ts_mean(FIELD,#),FIELD),ts_zscore(FIELD,#)),market)",2026-08-02T11:10:55.183195+00:00
arch_analyst_liquid:primary,arch_analyst_liquid,proven,8.55,"group_neutralize(ts_zscore(industry_12mo_marketcap_percent,63)*rank(ts_mean(volume,63)/adv20),industry)","{""instrumentType"": ""EQUITY"", ""region"": ""USA"", ""universe"": ""TOP3000"", ""delay"": 1, ""decay"": 4, ""neutralization"": ""MARKET"", ""truncation"": 0.06, ""pasteurization"": ""ON"", ""unitHandling"": ""VERIFY"", ""nanHandling"": ""ON"", ""language"": ""FASTEXPR"", ""visualization"": false}",0,55744033ac75666ab8e0a051e22e5eaa8a27a64eb2cffb3ff396ddbd6a87f796,"group_neutralize(mul(div(ts_mean(volume,#),adv20),ts_zscore(industry_12mo_marketcap_percent,#)),industry)","group_neutralize(mul(div(ts_mean(FIELD,#),FIELD),ts_zscore(FIELD,#)),industry)",2026-08-02T11:10:55.183195+00:00
arch_analyst_liquid:primary,arch_analyst_liquid,proven,8.55,"group_neutralize(ts_zscore(governance_pillar_composite_score,63)*rank(ts_mean(volume,63)/adv20),market)","{""instrumentType"": ""EQUITY"", ""region"": ""USA"", ""universe"": ""TOP3000"", ""delay"": 1, ""decay"": 4, ""neutralization"": ""MARKET"", ""truncation"": 0.06, ""pasteurization"": ""ON"", ""unitHandling"": ""VERIFY"", ""nanHandling"": ""ON"", ""language"": ""FASTEXPR"", ""visualization"": false}",0,8f05ffcc4296fb3ccc5fa9249803d193d48d498ecdd63a6c910f359611fe0aea,"group_neutralize(mul(div(ts_mean(volume,#),adv20),ts_zscore(governance_pillar_composite_score,#)),market)","group_neutralize(mul(div(ts_mean(FIELD,#),FIELD),ts_zscore(FIELD,#)),market)",2026-08-02T11:10:55.183195+00:00
arch_analyst_liquid:primary,arch_analyst_liquid,proven,8.55,"group_neutralize(ts_zscore(management_ethics_standards_score,63)*rank(ts_mean(volume,63)/adv20),sector)","{""instrumentType"": ""EQUITY"", ""region"": ""USA"", ""universe"": ""TOP3000"", ""delay"": 1, ""decay"": 4, ""neutralization"": ""MARKET"", ""truncation"": 0.06, ""pasteurization"": ""ON"", ""unitHandling"": ""VERIFY"", ""nanHandling"": ""ON"", ""language"": ""FASTEXPR"", ""visualization"": false}",0,b7672b2f848a8df3ad4d884153840f8b7f39757985362c35b83c9386fbff0ae0,"group_neutralize(mul(div(ts_mean(volume,#),adv20),ts_zscore(management_ethics_standards_score,#)),sector)","group_neutralize(mul(div(ts_mean(FIELD,#),FIELD),ts_zscore(FIELD,#)),sector)",2026-08-02T11:10:55.183195+00:00
arch_delta_liquid:primary,arch_delta_liquid,proven,8.5,"(group_rank(ts_delta(anl10_analyst_innovation_eps_innovation_score_fy1,126)/cap,industry)-0.5)*rank(ts_mean(volume,63)/adv20)","{""instrumentType"": ""EQUITY"", ""region"": ""USA"", ""universe"": ""TOP3000"", ""delay"": 1, ""decay"": 4, ""neutralization"": ""MARKET"", ""truncation"": 0.05, ""pasteurization"": ""ON"", ""unitHandling"": ""VERIFY"", ""nanHandling"": ""ON"", ""language"": ""FASTEXPR"", ""visualization"": false}",0,36ea4c3a41c4d45ac2e3fed8949c58f608cb80941ff3a146ed406ec13a248655,"mul(div(ts_mean(volume,#),adv20),sub(group_rank(div(ts_delta(anl10_analyst_innovation_eps_innovation_score_fy1,#),cap),industry),#))","mul(div(ts_mean(FIELD,#),FIELD),sub(group_rank(div(ts_delta(FIELD,#),FIELD),industry),#))",2026-08-02T11:10:55.183195+00:00
arch_delta_liquid:primary,arch_delta_liquid,proven,8.5,"(group_rank(ts_delta(anl10_analyst_innovation_eps_innovation_score_fy2,126)/cap,industry)-0.5)*rank(ts_mean(volume,63)/adv20)","{""instrumentType"": ""EQUITY"", ""region"": ""USA"", ""universe"": ""TOP3000"", ""delay"": 1, ""decay"": 4, ""neutralization"": ""MARKET"", ""truncation"": 0.05, ""pasteurization"": ""ON"", ""unitHandling"": ""VERIFY"", ""nanHandling"": ""ON"", ""language"": ""FASTEXPR"", ""visualization"": false}",0,d17e7da056be0d907c37f266370fc7027cd73860ad5c12f22b656c002b118f48,"mul(div(ts_mean(volume,#),adv20),sub(group_rank(div(ts_delta(anl10_analyst_innovation_eps_innovation_score_fy2,#),cap),industry),#))","mul(div(ts_mean(FIELD,#),FIELD),sub(group_rank(div(ts_delta(FIELD,#),FIELD),industry),#))",2026-08-02T11:10:55.183195+00:00
arch_delta_liquid:primary,arch_delta_liquid,proven,8.5,"(group_rank(ts_delta(anl10_analyst_innovation_eps_innovation_score_fq1,126)/cap,industry)-0.5)*rank(ts_mean(volume,63)/adv20)","{""instrumentType"": ""EQUITY"", ""region"": ""USA"", ""universe"": ""TOP3000"", ""delay"": 1, ""decay"": 4, ""neutralization"": ""MARKET"", ""truncation"": 0.05, ""pasteurization"": ""ON"", ""unitHandling"": ""VERIFY"", ""nanHandling"": ""ON"", ""language"": ""FASTEXPR"", ""visualization"": false}",0,5dd48a5b05a26e481dd5e75f3c629df3bc97beb009a79853e20f334ecd4e6996,"mul(div(ts_mean(volume,#),adv20),sub(group_rank(div(ts_delta(anl10_analyst_innovation_eps_innovation_score_fq1,#),cap),industry),#))","mul(div(ts_mean(FIELD,#),FIELD),sub(group_rank(div(ts_delta(FIELD,#),FIELD),industry),#))",2026-08-02T11:10:55.183195+00:00
arch_delta_liquid:primary,arch_delta_liquid,proven,8.5,"(group_rank(ts_delta(anl10_analyst_innovation_eps_innovation_score_fq2,126)/cap,industry)-0.5)*rank(ts_mean(volume,63)/adv20)","{""instrumentType"": ""EQUITY"", ""region"": ""USA"", ""universe"": ""TOP3000"", ""delay"": 1, ""decay"": 4, ""neutralization"": ""MARKET"", ""truncation"": 0.05, ""pasteurization"": ""ON"", ""unitHandling"": ""VERIFY"", ""nanHandling"": ""ON"", ""language"": ""FASTEXPR"", ""visualization"": false}",0,7dd74b2ab6d8f37b8cb12075729cadd726872f876b403c2939f447a10eb7261c,"mul(div(ts_mean(volume,#),adv20),sub(group_rank(div(ts_delta(anl10_analyst_innovation_eps_innovation_score_fq2,#),cap),industry),#))","mul(div(ts_mean(FIELD,#),FIELD),sub(group_rank(div(ts_delta(FIELD,#),FIELD),industry),#))",2026-08-02T11:10:55.183195+00:00
arch_delta_liquid:primary,arch_delta_liquid,proven,8.5,"(group_rank(ts_delta(anl10_analyst_innovation_eps_innovate_decrease_fy1,126)/cap,industry)-0.5)*rank(ts_mean(volume,63)/adv20)","{""instrumentType"": ""EQUITY"", ""region"": ""USA"", ""universe"": ""TOP3000"", ""delay"": 1, ""decay"": 4, ""neutralization"": ""MARKET"", ""truncation"": 0.05, ""pasteurization"": ""ON"", ""unitHandling"": ""VERIFY"", ""nanHandling"": ""ON"", ""language"": ""FASTEXPR"", ""visualization"": false}",0,447e8c0ecc9970431540a8740d0aad6b98a859f0567b4f054c76c196b511be76,"mul(div(ts_mean(volume,#),adv20),sub(group_rank(div(ts_delta(anl10_analyst_innovation_eps_innovate_decrease_fy1,#),cap),industry),#))","mul(div(ts_mean(FIELD,#),FIELD),sub(group_rank(div(ts_delta(FIELD,#),FIELD),industry),#))",2026-08-02T11:10:55.183195+00:00
arch_delta_liquid:primary,arch_delta_liquid,proven,8.5,"(group_rank(ts_delta(anl10_analyst_innovation_eps_innovate_increase_fy1,126)/cap,industry)-0.5)*rank(ts_mean(volume,63)/adv20)","{""instrumentType"": ""EQUITY"", ""region"": ""USA"", ""universe"": ""TOP3000"", ""delay"": 1, ""decay"": 4, ""neutralization"": ""MARKET"", ""truncation"": 0.05, ""pasteurization"": ""ON"", ""unitHandling"": ""VERIFY"", ""nanHandling"": ""ON"", ""language"": ""FASTEXPR"", ""visualization"": false}",0,e529dd9dd326a9f17315633cb7bd5b151d9758ddf59c408ab3508926d565ce0f,"mul(div(ts_mean(volume,#),adv20),sub(group_rank(div(ts_delta(anl10_analyst_innovation_eps_innovate_increase_fy1,#),cap),industry),#))","mul(div(ts_mean(FIELD,#),FIELD),sub(group_rank(div(ts_delta(FIELD,#),FIELD),industry),#))",2026-08-02T11:10:55.183195+00:00
arch_delta_liquid:primary,arch_delta_liquid,proven,8.5,"(group_rank(ts_delta(anl10_analyst_innovation_eps_innovate_increase_fy2,126)/cap,industry)-0.5)*rank(ts_mean(volume,63)/adv20)","{""instrumentType"": ""EQUITY"", ""region"": ""USA"", ""universe"": ""TOP3000"", ""delay"": 1, ""decay"": 4, ""neutralization"": ""MARKET"", ""truncation"": 0.05, ""pasteurization"": ""ON"", ""unitHandling"": ""VERIFY"", ""nanHandling"": ""ON"", ""language"": ""FASTEXPR"", ""visualization"": false}",0,ccb8df4c6f817c489babb91fda6d67fedb466a39b31026a4b3fad12c8791f3f9,"mul(div(ts_mean(volume,#),adv20),sub(group_rank(div(ts_delta(anl10_analyst_innovation_eps_innovate_increase_fy2,#),cap),industry),#))","mul(div(ts_mean(FIELD,#),FIELD),sub(group_rank(div(ts_delta(FIELD,#),FIELD),industry),#))",2026-08-02T11:10:55.183195+00:00
arch_delta_liquid:primary,arch_delta_liquid,proven,8.5,"(group_rank(ts_delta(anl10_analyst_innovation_eps_innovate_decrease_fy2,126)/cap,industry)-0.5)*rank(ts_mean(volume,63)/adv20)","{""instrumentType"": ""EQUITY"", ""region"": ""USA"", ""universe"": ""TOP3000"", ""delay"": 1, ""decay"": 4, ""neutralization"": ""MARKET"", ""truncation"": 0.05, ""pasteurization"": ""ON"", ""unitHandling"": ""VERIFY"", ""nanHandling"": ""ON"", ""language"": ""FASTEXPR"", ""visualization"": false}",0,bd8f4ba47f55bc973e52eb8248e24d155d5da8a46eaa08e111224b22889121d0,"mul(div(ts_mean(volume,#),adv20),sub(group_rank(div(ts_delta(anl10_analyst_innovation_eps_innovate_decrease_fy2,#),cap),industry),#))","mul(div(ts_mean(FIELD,#),FIELD),sub(group_rank(div(ts_delta(FIELD,#),FIELD),industry),#))",2026-08-02T11:10:55.183195+00:00
arch_delta_liquid:primary,arch_delta_liquid,proven,8.5,"(group_rank(ts_delta(anl10_analyst_innovation_eps_innovate_decrease_fq1,126)/cap,industry)-0.5)*rank(ts_mean(volume,63)/adv20)","{""instrumentType"": ""EQUITY"", ""region"": ""USA"", ""universe"": ""TOP3000"", ""delay"": 1, ""decay"": 4, ""neutralization"": ""MARKET"", ""truncation"": 0.05, ""pasteurization"": ""ON"", ""unitHandling"": ""VERIFY"", ""nanHandling"": ""ON"", ""language"": ""FASTEXPR"", ""visualization"": false}",0,c64c66df2ce7013be14999a0784eb64e76e367c16d1a08a903a111efd4fc86d8,"mul(div(ts_mean(volume,#),adv20),sub(group_rank(div(ts_delta(anl10_analyst_innovation_eps_innovate_decrease_fq1,#),cap),industry),#))","mul(div(ts_mean(FIELD,#),FIELD),sub(group_rank(div(ts_delta(FIELD,#),FIELD),industry),#))",2026-08-02T11:10:55.183195+00:00
arch_delta_liquid:primary,arch_delta_liquid,proven,8.5,"(group_rank(ts_delta(anl10_analyst_innovation_eps_innovate_increase_fq1,126)/cap,industry)-0.5)*rank(ts_mean(volume,63)/adv20)","{""instrumentType"": ""EQUITY"", ""region"": ""USA"", ""universe"": ""TOP3000"", ""delay"": 1, ""decay"": 4, ""neutralization"": ""MARKET"", ""truncation"": 0.05, ""pasteurization"": ""ON"", ""unitHandling"": ""VERIFY"", ""nanHandling"": ""ON"", ""language"": ""FASTEXPR"", ""visualization"": false}",0,e2ce79f148c10032b53e20fd66c76704e8ee3f1512f233ab96ff7c15d44eeb04,"mul(div(ts_mean(volume,#),adv20),sub(group_rank(div(ts_delta(anl10_analyst_innovation_eps_innovate_increase_fq1,#),cap),industry),#))","mul(div(ts_mean(FIELD,#),FIELD),sub(group_rank(div(ts_delta(FIELD,#),FIELD),industry),#))",2026-08-02T11:10:55.183195+00:00
arch_delta_liquid:primary,arch_delta_liquid,proven,8.5,"(group_rank(ts_delta(anl10_analyst_innovation_eps_innovate_decrease_fq2,126)/cap,industry)-0.5)*rank(ts_mean(volume,63)/adv20)","{""instrumentType"": ""EQUITY"", ""region"": ""USA"", ""universe"": ""TOP3000"", ""delay"": 1, ""decay"": 4, ""neutralization"": ""MARKET"", ""truncation"": 0.05, ""pasteurization"": ""ON"", ""unitHandling"": ""VERIFY"", ""nanHandling"": ""ON"", ""language"": ""FASTEXPR"", ""visualization"": false}",0,d262e12ab425c90464d40b7047592b7576bed449e2d3fbee9bf6e0543d26414b,"mul(div(ts_mean(volume,#),adv20),sub(group_rank(div(ts_delta(anl10_analyst_innovation_eps_innovate_decrease_fq2,#),cap),industry),#))","mul(div(ts_mean(FIELD,#),FIELD),sub(group_rank(div(ts_delta(FIELD,#),FIELD),industry),#))",2026-08-02T11:10:55.183195+00:00
arch_delta_liquid:primary,arch_delta_liquid,proven,8.5,"(group_rank(ts_delta(anl10_analyst_innovation_eps_innovate_increase_fq2,126)/cap,industry)-0.5)*rank(ts_mean(volume,63)/adv20)","{""instrumentType"": ""EQUITY"", ""region"": ""USA"", ""universe"": ""TOP3000"", ""delay"": 1, ""decay"": 4, ""neutralization"": ""MARKET"", ""truncation"": 0.05, ""pasteurization"": ""ON"", ""unitHandling"": ""VERIFY"", ""nanHandling"": ""ON"", ""language"": ""FASTEXPR"", ""visualization"": false}",0,9c9e5c47178443753488c16b4cd33f0fe3a8e537a13b22bc4b2d4c5ca0731d83,"mul(div(ts_mean(volume,#),adv20),sub(group_rank(div(ts_delta(anl10_analyst_innovation_eps_innovate_increase_fq2,#),cap),industry),#))","mul(div(ts_mean(FIELD,#),FIELD),sub(group_rank(div(ts_delta(FIELD,#),FIELD),industry),#))",2026-08-02T11:10:55.183195+00:00
arch_vol_price_div:primary,arch_vol_price_div,proven,8.399999999999999,"group_neutralize(ts_rank(ts_mean(volume,63)/adv20,126)*-rank(ts_delta(close,126)),market)","{""instrumentType"": ""EQUITY"", ""region"": ""USA"", ""universe"": ""TOP3000"", ""delay"": 1, ""decay"": 4, ""neutralization"": ""MARKET"", ""truncation"": 0.06, ""pasteurization"": ""ON"", ""unitHandling"": ""VERIFY"", ""nanHandling"": ""ON"", ""language"": ""FASTEXPR"", ""visualization"": false}",0,b7b3c209ba384e2b33058b9e9bc266fee8e6c7caf70418c74e6a05856b7d1d14,"group_neutralize(mul(neg(ts_delta(close,#)),ts_rank(div(ts_mean(volume,#),adv20),#)),market)","group_neutralize(mul(neg(ts_delta(FIELD,#)),ts_rank(div(ts_mean(FIELD,#),FIELD),#)),market)",2026-08-02T11:10:55.183195+00:00
arch_vol_price_div:primary,arch_vol_price_div,proven,8.399999999999999,"group_neutralize(ts_rank(ts_mean(volume,63)/adv20,126)*-rank(ts_delta(close,126)),sector)","{""instrumentType"": ""EQUITY"", ""region"": ""USA"", ""universe"": ""TOP3000"", ""delay"": 1, ""decay"": 4, ""neutralization"": ""MARKET"", ""truncation"": 0.06, ""pasteurization"": ""ON"", ""unitHandling"": ""VERIFY"", ""nanHandling"": ""ON"", ""language"": ""FASTEXPR"", ""visualization"": false}",0,3cf42f0572b17a7ade60d43e6ea575fbad6a01b9d62247c0dac7aa809080e5df,"group_neutralize(mul(neg(ts_delta(close,#)),ts_rank(div(ts_mean(volume,#),adv20),#)),sector)","group_neutralize(mul(neg(ts_delta(FIELD,#)),ts_rank(div(ts_mean(FIELD,#),FIELD),#)),sector)",2026-08-02T11:10:55.183195+00:00
arch_vol_price_div:primary,arch_vol_price_div,proven,8.3,"group_neutralize(ts_rank(ts_mean(volume,42)/adv20,126)*-rank(ts_delta(close,126)),market)","{""instrumentType"": ""EQUITY"", ""region"": ""USA"", ""universe"": ""TOP3000"", ""delay"": 1, ""decay"": 4, ""neutralization"": ""MARKET"", ""truncation"": 0.06, ""pasteurization"": ""ON"", ""unitHandling"": ""VERIFY"", ""nanHandling"": ""ON"", ""language"": ""FASTEXPR"", ""visualization"": false}",0,9dced409fcf1c75a884cd36a95f4b0022a5dac99a082a70160b6330330209f62,"group_neutralize(mul(neg(ts_delta(close,#)),ts_rank(div(ts_mean(volume,#),adv20),#)),market)","group_neutralize(mul(neg(ts_delta(FIELD,#)),ts_rank(div(ts_mean(FIELD,#),FIELD),#)),market)",2026-08-02T11:10:55.183195+00:00
arch_vol_price_div:primary,arch_vol_price_div,proven,8.3,"group_neutralize(ts_rank(ts_mean(volume,42)/adv20,126)*-rank(ts_delta(close,126)),sector)","{""instrumentType"": ""EQUITY"", ""region"": ""USA"", ""universe"": ""TOP3000"", ""delay"": 1, ""decay"": 4, ""neutralization"": ""MARKET"", ""truncation"": 0.06, ""pasteurization"": ""ON"", ""unitHandling"": ""VERIFY"", ""nanHandling"": ""ON"", ""language"": ""FASTEXPR"", ""visualization"": false}",0,ae1ed6dbb2f1d605adebb036d72c993a2b7738bc633dff95fd176d313b6c4510,"group_neutralize(mul(neg(ts_delta(close,#)),ts_rank(div(ts_mean(volume,#),adv20),#)),sector)","group_neutralize(mul(neg(ts_delta(FIELD,#)),ts_rank(div(ts_mean(FIELD,#),FIELD),#)),sector)",2026-08-02T11:10:55.183195+00:00
arch_vol_price_div:primary,arch_vol_price_div,proven,8.25,"group_neutralize(ts_rank(ts_mean(volume,126)/adv20,63)*-rank(ts_delta(close,63)),market)","{""instrumentType"": ""EQUITY"", ""region"": ""USA"", ""universe"": ""TOP3000"", ""delay"": 1, ""decay"": 4, ""neutralization"": ""MARKET"", ""truncation"": 0.06, ""pasteurization"": ""ON"", ""unitHandling"": ""VERIFY"", ""nanHandling"": ""ON"", ""language"": ""FASTEXPR"", ""visualization"": false}",0,62b2a8684d00997117aca0949de17dffc291abf7e20c5025cc3f76a4e11a56d8,"group_neutralize(mul(neg(ts_delta(close,#)),ts_rank(div(ts_mean(volume,#),adv20),#)),market)","group_neutralize(mul(neg(ts_delta(FIELD,#)),ts_rank(div(ts_mean(FIELD,#),FIELD),#)),market)",2026-08-02T11:10:55.183195+00:00
arch_vol_price_div:primary,arch_vol_price_div,proven,8.25,"group_neutralize(ts_rank(ts_mean(volume,126)/adv20,63)*-rank(ts_delta(close,63)),sector)","{""instrumentType"": ""EQUITY"", ""region"": ""USA"", ""universe"": ""TOP3000"", ""delay"": 1, ""decay"": 4, ""neutralization"": ""MARKET"", ""truncation"": 0.06, ""pasteurization"": ""ON"", ""unitHandling"": ""VERIFY"", ""nanHandling"": ""ON"", ""language"": ""FASTEXPR"", ""visualization"": false}",0,05fb3639573ee0399ca132c8d087e1294517d9cd15b59e98364f8cef2a151f06,"group_neutralize(mul(neg(ts_delta(close,#)),ts_rank(div(ts_mean(volume,#),adv20),#)),sector)","group_neutralize(mul(neg(ts_delta(FIELD,#)),ts_rank(div(ts_mean(FIELD,#),FIELD),#)),sector)",2026-08-02T11:10:55.183195+00:00
arch_hybrid_level_liq:primary,arch_hybrid_level_liq,proven,8.25,"(group_rank(anl10_analyst_innovation_eps_innovation_score_fy1/cap,sector)-0.5)*rank(ts_mean(volume,63)/adv20)","{""instrumentType"": ""EQUITY"", ""region"": ""USA"", ""universe"": ""TOP3000"", ""delay"": 1, ""decay"": 4, ""neutralization"": ""MARKET"", ""truncation"": 0.05, ""pasteurization"": ""ON"", ""unitHandling"": ""VERIFY"", ""nanHandling"": ""ON"", ""language"": ""FASTEXPR"", ""visualization"": false}",0,e34b5aa96798cacc1248a9304b98084c43ec278e828a66e46f3c8b7b92165dff,"mul(div(ts_mean(volume,#),adv20),sub(group_rank(div(anl10_analyst_innovation_eps_innovation_score_fy1,cap),sector),#))","mul(div(ts_mean(FIELD,#),FIELD),sub(group_rank(div(FIELD,FIELD),sector),#))",2026-08-02T11:10:55.183195+00:00
arch_hybrid_level_liq:primary,arch_hybrid_level_liq,proven,8.25,"(group_rank(anl10_analyst_innovation_eps_innovation_score_fy2/cap,sector)-0.5)*rank(ts_mean(volume,63)/adv20)","{""instrumentType"": ""EQUITY"", ""region"": ""USA"", ""universe"": ""TOP3000"", ""delay"": 1, ""decay"": 4, ""neutralization"": ""MARKET"", ""truncation"": 0.05, ""pasteurization"": ""ON"", ""unitHandling"": ""VERIFY"", ""nanHandling"": ""ON"", ""language"": ""FASTEXPR"", ""visualization"": false}",0,cff0f22ad2b9eae9f9005ca2bee20874aca51696e31193e7b64562f654db4a95,"mul(div(ts_mean(volume,#),adv20),sub(group_rank(div(anl10_analyst_innovation_eps_innovation_score_fy2,cap),sector),#))","mul(div(ts_mean(FIELD,#),FIELD),sub(group_rank(div(FIELD,FIELD),sector),#))",2026-08-02T11:10:55.183195+00:00
arch_hybrid_level_liq:primary,arch_hybrid_level_liq,proven,8.25,"(group_rank(anl10_analyst_innovation_eps_innovation_score_fq1/cap,sector)-0.5)*rank(ts_mean(volume,63)/adv20)","{""instrumentType"": ""EQUITY"", ""region"": ""USA"", ""universe"": ""TOP3000"", ""delay"": 1, ""decay"": 4, ""neutralization"": ""MARKET"", ""truncation"": 0.05, ""pasteurization"": ""ON"", ""unitHandling"": ""VERIFY"", ""nanHandling"": ""ON"", ""language"": ""FASTEXPR"", ""visualization"": false}",0,f165f9a86d93dc2a96646ac754a114157e2f54d318baa59db1ddb4aafd95f5c5,"mul(div(ts_mean(volume,#),adv20),sub(group_rank(div(anl10_analyst_innovation_eps_innovation_score_fq1,cap),sector),#))","mul(div(ts_mean(FIELD,#),FIELD),sub(group_rank(div(FIELD,FIELD),sector),#))",2026-08-02T11:10:55.183195+00:00
arch_hybrid_level_liq:primary,arch_hybrid_level_liq,proven,8.25,"(group_rank(anl10_analyst_innovation_eps_innovate_decrease_fy1/cap,sector)-0.5)*rank(ts_mean(volume,63)/adv20)","{""instrumentType"": ""EQUITY"", ""region"": ""USA"", ""universe"": ""TOP3000"", ""delay"": 1, ""decay"": 4, ""neutralization"": ""MARKET"", ""truncation"": 0.05, ""pasteurization"": ""ON"", ""unitHandling"": ""VERIFY"", ""nanHandling"": ""ON"", ""language"": ""FASTEXPR"", ""visualization"": false}",0,18f430b3a899941cb3dd87c698256cc8d0439dbde6e101e33565ff04821f3151,"mul(div(ts_mean(volume,#),adv20),sub(group_rank(div(anl10_analyst_innovation_eps_innovate_decrease_fy1,cap),sector),#))","mul(div(ts_mean(FIELD,#),FIELD),sub(group_rank(div(FIELD,FIELD),sector),#))",2026-08-02T11:10:55.183195+00:00
arch_hybrid_level_liq:primary,arch_hybrid_level_liq,proven,8.25,"(group_rank(anl10_analyst_innovation_eps_innovate_increase_fy1/cap,market)-0.5)*rank(ts_mean(volume,63)/adv20)","{""instrumentType"": ""EQUITY"", ""region"": ""USA"", ""universe"": ""TOP3000"", ""delay"": 1, ""decay"": 4, ""neutralization"": ""MARKET"", ""truncation"": 0.05, ""pasteurization"": ""ON"", ""unitHandling"": ""VERIFY"", ""nanHandling"": ""ON"", ""language"": ""FASTEXPR"", ""visualization"": false}",0,9e2f36aeab38e8de7ecb388f75ab35bf049ed0c1ffc3c3c0fbfd9a914051bc85,"mul(div(ts_mean(volume,#),adv20),sub(group_rank(div(anl10_analyst_innovation_eps_innovate_increase_fy1,cap),market),#))","mul(div(ts_mean(FIELD,#),FIELD),sub(group_rank(div(FIELD,FIELD),market),#))",2026-08-02T11:10:55.183195+00:00
arch_hybrid_level_liq:primary,arch_hybrid_level_liq,proven,8.25,"(group_rank(anl10_analyst_innovation_eps_innovate_increase_fy2/cap,sector)-0.5)*rank(ts_mean(volume,63)/adv20)","{""instrumentType"": ""EQUITY"", ""region"": ""USA"", ""universe"": ""TOP3000"", ""delay"": 1, ""decay"": 4, ""neutralization"": ""MARKET"", ""truncation"": 0.05, ""pasteurization"": ""ON"", ""unitHandling"": ""VERIFY"", ""nanHandling"": ""ON"", ""language"": ""FASTEXPR"", ""visualization"": false}",0,efab004731644f9e1f6d81977bcc314f87628b702ecbbcaa99186a3fd13cfad2,"mul(div(ts_mean(volume,#),adv20),sub(group_rank(div(anl10_analyst_innovation_eps_innovate_increase_fy2,cap),sector),#))","mul(div(ts_mean(FIELD,#),FIELD),sub(group_rank(div(FIELD,FIELD),sector),#))",2026-08-02T11:10:55.183195+00:00
arch_hybrid_level_liq:primary,arch_hybrid_level_liq,proven,8.25,"(group_rank(anl10_analyst_innovation_eps_innovate_decrease_fy2/cap,market)-0.5)*rank(ts_mean(volume,63)/adv20)","{""instrumentType"": ""EQUITY"", ""region"": ""USA"", ""universe"": ""TOP3000"", ""delay"": 1, ""decay"": 4, ""neutralization"": ""MARKET"", ""truncation"": 0.05, ""pasteurization"": ""ON"", ""unitHandling"": ""VERIFY"", ""nanHandling"": ""ON"", ""language"": ""FASTEXPR"", ""visualization"": false}",0,b196d1e24358e7ddc14617fe46489a3272e1e444355ea6f7ec62e9bf7ae502a2,"mul(div(ts_mean(volume,#),adv20),sub(group_rank(div(anl10_analyst_innovation_eps_innovate_decrease_fy2,cap),market),#))","mul(div(ts_mean(FIELD,#),FIELD),sub(group_rank(div(FIELD,FIELD),market),#))",2026-08-02T11:10:55.183195+00:00
arch_hybrid_level_liq:primary,arch_hybrid_level_liq,proven,8.25,"(group_rank(anl10_analyst_innovation_eps_innovate_decrease_fq1/cap,market)-0.5)*rank(ts_mean(volume,63)/adv20)","{""instrumentType"": ""EQUITY"", ""region"": ""USA"", ""universe"": ""TOP3000"", ""delay"": 1, ""decay"": 4, ""neutralization"": ""MARKET"", ""truncation"": 0.05, ""pasteurization"": ""ON"", ""unitHandling"": ""VERIFY"", ""nanHandling"": ""ON"", ""language"": ""FASTEXPR"", ""visualization"": false}",0,2f2c34372cf92f4bb9773249cf87407492c716be1dd5ccf930f6b24fa6f92aca,"mul(div(ts_mean(volume,#),adv20),sub(group_rank(div(anl10_analyst_innovation_eps_innovate_decrease_fq1,cap),market),#))","mul(div(ts_mean(FIELD,#),FIELD),sub(group_rank(div(FIELD,FIELD),market),#))",2026-08-02T11:10:55.183195+00:00
arch_hybrid_level_liq:primary,arch_hybrid_level_liq,proven,8.25,"(group_rank(anl10_analyst_innovation_eps_innovate_decrease_fq2/cap,market)-0.5)*rank(ts_mean(volume,63)/adv20)","{""instrumentType"": ""EQUITY"", ""region"": ""USA"", ""universe"": ""TOP3000"", ""delay"": 1, ""decay"": 4, ""neutralization"": ""MARKET"", ""truncation"": 0.05, ""pasteurization"": ""ON"", ""unitHandling"": ""VERIFY"", ""nanHandling"": ""ON"", ""language"": ""FASTEXPR"", ""visualization"": false}",0,0c87f2ff0130a67fddeedbcb541ce8b693ab934e8f279b04ac081cd95ff5c5a5,"mul(div(ts_mean(volume,#),adv20),sub(group_rank(div(anl10_analyst_innovation_eps_innovate_decrease_fq2,cap),market),#))","mul(div(ts_mean(FIELD,#),FIELD),sub(group_rank(div(FIELD,FIELD),market),#))",2026-08-02T11:10:55.183195+00:00
arch_hybrid_level_liq:primary,arch_hybrid_level_liq,proven,8.25,"(group_rank(anl10_analyst_innovation_eps_normal_increase_fq2/cap,industry)-0.5)*rank(ts_mean(volume,63)/adv20)","{""instrumentType"": ""EQUITY"", ""region"": ""USA"", ""universe"": ""TOP3000"", ""delay"": 1, ""decay"": 4, ""neutralization"": ""MARKET"", ""truncation"": 0.05, ""pasteurization"": ""ON"", ""unitHandling"": ""VERIFY"", ""nanHandling"": ""ON"", ""language"": ""FASTEXPR"", ""visualization"": false}",0,a73c3b0cbec25ed6682e5a64fc0f5d5baad95f906f2d3f00074ff6641424ded5,"mul(div(ts_mean(volume,#),adv20),sub(group_rank(div(anl10_analyst_innovation_eps_normal_increase_fq2,cap),industry),#))","mul(div(ts_mean(FIELD,#),FIELD),sub(group_rank(div(FIELD,FIELD),industry),#))",2026-08-02T11:10:55.183195+00:00
arch_hybrid_level_liq:primary,arch_hybrid_level_liq,proven,8.25,"(group_rank(anl10_analyst_innovation_eps_innovate_increase_fq2/cap,sector)-0.5)*rank(ts_mean(volume,63)/adv20)","{""instrumentType"": ""EQUITY"", ""region"": ""USA"", ""universe"": ""TOP3000"", ""delay"": 1, ""decay"": 4, ""neutralization"": ""MARKET"", ""truncation"": 0.05, ""pasteurization"": ""ON"", ""unitHandling"": ""VERIFY"", ""nanHandling"": ""ON"", ""language"": ""FASTEXPR"", ""visualization"": false}",0,ca9ac8ae8e297f8bc50395939bebac0bb0acdbd54a15311ac5bb0483cb8ccf4b,"mul(div(ts_mean(volume,#),adv20),sub(group_rank(div(anl10_analyst_innovation_eps_innovate_increase_fq2,cap),sector),#))","mul(div(ts_mean(FIELD,#),FIELD),sub(group_rank(div(FIELD,FIELD),sector),#))",2026-08-02T11:10:55.183195+00:00
arch_hybrid_level_liq:primary,arch_hybrid_level_liq,proven,8.25,"(group_rank(anl10_analyst_innovation_eps_innovate_increase_fq1/cap,industry)-0.5)*rank(ts_mean(volume,63)/adv20)","{""instrumentType"": ""EQUITY"", ""region"": ""USA"", ""universe"": ""TOP3000"", ""delay"": 1, ""decay"": 4, ""neutralization"": ""MARKET"", ""truncation"": 0.05, ""pasteurization"": ""ON"", ""unitHandling"": ""VERIFY"", ""nanHandling"": ""ON"", ""language"": ""FASTEXPR"", ""visualization"": false}",0,b749ba1df106d7c3125e3da9da4b16d6a7b466f5b1423db9105683caa379a965,"mul(div(ts_mean(volume,#),adv20),sub(group_rank(div(anl10_analyst_innovation_eps_innovate_increase_fq1,cap),industry),#))","mul(div(ts_mean(FIELD,#),FIELD),sub(group_rank(div(FIELD,FIELD),industry),#))",2026-08-02T11:10:55.183195+00:00
arch_vol_price_div:primary,arch_vol_price_div,proven,8.100000000000001,"group_neutralize(ts_rank(ts_mean(volume,63)/adv20,63)*-rank(ts_delta(close,63)),market)","{""instrumentType"": ""EQUITY"", ""region"": ""USA"", ""universe"": ""TOP3000"", ""delay"": 1, ""decay"": 4, ""neutralization"": ""MARKET"", ""truncation"": 0.06, ""pasteurization"": ""ON"", ""unitHandling"": ""VERIFY"", ""nanHandling"": ""ON"", ""language"": ""FASTEXPR"", ""visualization"": false}",0,13b3706adcb1c5b68fc78bbab93dd901ac68516f5b64c0fb69af6f5dc8d41f1e,"group_neutralize(mul(neg(ts_delta(close,#)),ts_rank(div(ts_mean(volume,#),adv20),#)),market)","group_neutralize(mul(neg(ts_delta(FIELD,#)),ts_rank(div(ts_mean(FIELD,#),FIELD),#)),market)",2026-08-02T11:10:55.183195+00:00
arch_vol_price_div:primary,arch_vol_price_div,proven,8.100000000000001,"group_neutralize(ts_rank(ts_mean(volume,63)/adv20,63)*-rank(ts_delta(close,63)),sector)","{""instrumentType"": ""EQUITY"", ""region"": ""USA"", ""universe"": ""TOP3000"", ""delay"": 1, ""decay"": 4, ""neutralization"": ""MARKET"", ""truncation"": 0.06, ""pasteurization"": ""ON"", ""unitHandling"": ""VERIFY"", ""nanHandling"": ""ON"", ""language"": ""FASTEXPR"", ""visualization"": false}",0,58bfda0c43d0da32827035e0b7bd379504fc4091f2732db95c6b12c0dbc8ddd8,"group_neutralize(mul(neg(ts_delta(close,#)),ts_rank(div(ts_mean(volume,#),adv20),#)),sector)","group_neutralize(mul(neg(ts_delta(FIELD,#)),ts_rank(div(ts_mean(FIELD,#),FIELD),#)),sector)",2026-08-02T11:10:55.183195+00:00
arch_spread:primary,arch_spread,proven,8.1,"group_neutralize(ts_zscore(anl14_median_ebitda_fy4/cap,126)-ts_zscore(anl14_mean_capex_fy5/cap,126),sector)","{""instrumentType"": ""EQUITY"", ""region"": ""USA"", ""universe"": ""TOP3000"", ""delay"": 1, ""decay"": 6, ""neutralization"": ""MARKET"", ""truncation"": 0.05, ""pasteurization"": ""ON"", ""unitHandling"": ""VERIFY"", ""nanHandling"": ""ON"", ""language"": ""FASTEXPR"", ""visualization"": false}",0,ba7ee008c67421514ddf6fd6b68b4a1d020d0a5c1abe1794c0c6c175004313bf,"group_neutralize(sub(ts_zscore(div(anl14_median_ebitda_fy4,cap),#),ts_zscore(div(anl14_mean_capex_fy5,cap),#)),sector)","group_neutralize(sub(ts_zscore(div(FIELD,FIELD),#),ts_zscore(div(FIELD,FIELD),#)),sector)",2026-08-02T11:10:55.183195+00:00
arch_spread:primary,arch_spread,proven,8.1,"group_neutralize(ts_zscore(anl14_mean_ebitda_fy4/cap,126)-ts_zscore(anl14_stddev_capex_fp5/cap,126),market)","{""instrumentType"": ""EQUITY"", ""region"": ""USA"", ""universe"": ""TOP3000"", ""delay"": 1, ""decay"": 6, ""neutralization"": ""MARKET"", ""truncation"": 0.05, ""pasteurization"": ""ON"", ""unitHandling"": ""VERIFY"", ""nanHandling"": ""ON"", ""language"": ""FASTEXPR"", ""visualization"": false}",0,5b710214446c5f10ec5b4d572ca4ca947dd94fbf704179d1ab58ad9c5020b5c6,"group_neutralize(sub(ts_zscore(div(anl14_mean_ebitda_fy4,cap),#),ts_zscore(div(anl14_stddev_capex_fp5,cap),#)),market)","group_neutralize(sub(ts_zscore(div(FIELD,FIELD),#),ts_zscore(div(FIELD,FIELD),#)),market)",2026-08-02T11:10:55.183195+00:00
arch_spread:primary,arch_spread,proven,8.1,"group_neutralize(ts_zscore(anl14_low_ebitda_fy4/cap,126)-ts_zscore(anl14_median_capex_fy5/cap,126),industry)","{""instrumentType"": ""EQUITY"", ""region"": ""USA"", ""universe"": ""TOP3000"", ""delay"": 1, ""decay"": 6, ""neutralization"": ""MARKET"", ""truncation"": 0.05, ""pasteurization"": ""ON"", ""unitHandling"": ""VERIFY"", ""nanHandling"": ""ON"", ""language"": ""FASTEXPR"", ""visualization"": false}",0,c28413e0f575818929b0bb60d090aa42205f19e7f5948c1f1a0ce228fc68daef,"group_neutralize(sub(ts_zscore(div(anl14_low_ebitda_fy4,cap),#),ts_zscore(div(anl14_median_capex_fy5,cap),#)),industry)","group_neutralize(sub(ts_zscore(div(FIELD,FIELD),#),ts_zscore(div(FIELD,FIELD),#)),industry)",2026-08-02T11:10:55.183195+00:00
arch_spread:primary,arch_spread,proven,8.1,"group_neutralize(ts_zscore(anl14_stddev_ebitda_fy4/cap,126)-ts_zscore(anl14_stddev_ndebt_fp4/cap,126),sector)","{""instrumentType"": ""EQUITY"", ""region"": ""USA"", ""universe"": ""TOP3000"", ""delay"": 1, ""decay"": 6, ""neutralization"": ""MARKET"", ""truncation"": 0.05, ""pasteurization"": ""ON"", ""unitHandling"": ""VERIFY"", ""nanHandling"": ""ON"", ""language"": ""FASTEXPR"", ""visualization"": false}",0,0fed0dcd4dd1a0f2c459fe400a83b7e3cb58503ece80451d1c6db9b0cdf8211e,"group_neutralize(sub(ts_zscore(div(anl14_stddev_ebitda_fy4,cap),#),ts_zscore(div(anl14_stddev_ndebt_fp4,cap),#)),sector)","group_neutralize(sub(ts_zscore(div(FIELD,FIELD),#),ts_zscore(div(FIELD,FIELD),#)),sector)",2026-08-02T11:10:55.183195+00:00
arch_spread:primary,arch_spread,proven,8.1,"group_neutralize(ts_zscore(anl14_median_ebitda_fy5/cap,126)-ts_zscore(anl14_stddev_capex_fp2/cap,126),market)","{""instrumentType"": ""EQUITY"", ""region"": ""USA"", ""universe"": ""TOP3000"", ""delay"": 1, ""decay"": 6, ""neutralization"": ""MARKET"", ""truncation"": 0.05, ""pasteurization"": ""ON"", ""unitHandling"": ""VERIFY"", ""nanHandling"": ""ON"", ""language"": ""FASTEXPR"", ""visualization"": false}",0,759e2e51c3158bd2d03c7f84640e74b992a0e60852e0a9463925ec633676a9fc,"group_neutralize(sub(ts_zscore(div(anl14_median_ebitda_fy5,cap),#),ts_zscore(div(anl14_stddev_capex_fp2,cap),#)),market)","group_neutralize(sub(ts_zscore(div(FIELD,FIELD),#),ts_zscore(div(FIELD,FIELD),#)),market)",2026-08-02T11:10:55.183195+00:00
arch_spread:primary,arch_spread,proven,8.1,"group_neutralize(ts_zscore(anl14_stddev_ebitda_fy3/cap,126)-ts_zscore(anl14_stddev_capex_fy5/cap,126),market)","{""instrumentType"": ""EQUITY"", ""region"": ""USA"", ""universe"": ""TOP3000"", ""delay"": 1, ""decay"": 6, ""neutralization"": ""MARKET"", ""truncation"": 0.05, ""pasteurization"": ""ON"", ""unitHandling"": ""VERIFY"", ""nanHandling"": ""ON"", ""language"": ""FASTEXPR"", ""visualization"": false}",0,3955cc244750d128b65aff9b7ce82b6c226431d56f3ffc60bbdcc220acf89227,"group_neutralize(sub(ts_zscore(div(anl14_stddev_ebitda_fy3,cap),#),ts_zscore(div(anl14_stddev_capex_fy5,cap),#)),market)","group_neutralize(sub(ts_zscore(div(FIELD,FIELD),#),ts_zscore(div(FIELD,FIELD),#)),market)",2026-08-02T11:10:55.183195+00:00
arch_spread:primary,arch_spread,proven,8.1,"group_neutralize(ts_zscore(anl14_low_ebitda_fy1/cap,126)-ts_zscore(anl14_numofests_ndebt_fp1/cap,126),market)","{""instrumentType"": ""EQUITY"", ""region"": ""USA"", ""universe"": ""TOP3000"", ""delay"": 1, ""decay"": 6, ""neutralization"": ""MARKET"", ""truncation"": 0.05, ""pasteurization"": ""ON"", ""unitHandling"": ""VERIFY"", ""nanHandling"": ""ON"", ""language"": ""FASTEXPR"", ""visualization"": false}",0,40e8117089cdded110a776db6b3bf7aaf27c9c96803a418aef1792fede032b80,"group_neutralize(sub(ts_zscore(div(anl14_low_ebitda_fy1,cap),#),ts_zscore(div(anl14_numofests_ndebt_fp1,cap),#)),market)","group_neutralize(sub(ts_zscore(div(FIELD,FIELD),#),ts_zscore(div(FIELD,FIELD),#)),market)",2026-08-02T11:10:55.183195+00:00
arch_spread:primary,arch_spread,proven,8.1,"group_neutralize(ts_zscore(anl14_mean_ebitda_fp5/cap,126)-ts_zscore(anl14_stddev_revenue_fy4/cap,126),sector)","{""instrumentType"": ""EQUITY"", ""region"": ""USA"", ""universe"": ""TOP3000"", ""delay"": 1, ""decay"": 6, ""neutralization"": ""MARKET"", ""truncation"": 0.05, ""pasteurization"": ""ON"", ""unitHandling"": ""VERIFY"", ""nanHandling"": ""ON"", ""language"": ""FASTEXPR"", ""visualization"": false}",0,4c0dd1f15e52af72d79cfb3d04ebfa8fe836c48f0f413faf7f4f1d0f20fcda04,"group_neutralize(sub(ts_zscore(div(anl14_mean_ebitda_fp5,cap),#),ts_zscore(div(anl14_stddev_revenue_fy4,cap),#)),sector)","group_neutralize(sub(ts_zscore(div(FIELD,FIELD),#),ts_zscore(div(FIELD,FIELD),#)),sector)",2026-08-02T11:10:55.183195+00:00
arch_spread:primary,arch_spread,proven,8.1,"group_neutralize(ts_zscore(anl14_stddev_ebitda_fy2/cap,126)-ts_zscore(anl14_mean_revenue_fy5/cap,126),market)","{""instrumentType"": ""EQUITY"", ""region"": ""USA"", ""universe"": ""TOP3000"", ""delay"": 1, ""decay"": 6, ""neutralization"": ""MARKET"", ""truncation"": 0.05, ""pasteurization"": ""ON"", ""unitHandling"": ""VERIFY"", ""nanHandling"": ""ON"", ""language"": ""FASTEXPR"", ""visualization"": false}",0,bc5c20359793481dc11b347dfa952bb77d533afa2d9069caebab4b9c000f8b5f,"group_neutralize(sub(ts_zscore(div(anl14_stddev_ebitda_fy2,cap),#),ts_zscore(div(anl14_mean_revenue_fy5,cap),#)),market)","group_neutralize(sub(ts_zscore(div(FIELD,FIELD),#),ts_zscore(div(FIELD,FIELD),#)),market)",2026-08-02T11:10:55.183195+00:00
arch_spread:primary,arch_spread,proven,8.1,"group_neutralize(ts_zscore(anl14_mean_ebitda_fp4/cap,126)-ts_zscore(anl14_stddev_capex_fp3/cap,126),industry)","{""instrumentType"": ""EQUITY"", ""region"": ""USA"", ""universe"": ""TOP3000"", ""delay"": 1, ""decay"": 6, ""neutralization"": ""MARKET"", ""truncation"": 0.05, ""pasteurization"": ""ON"", ""unitHandling"": ""VERIFY"", ""nanHandling"": ""ON"", ""language"": ""FASTEXPR"", ""visualization"": false}",0,cf39e0ad20538bc8cabc2d0b2967c84ed78086b7703cf642071488062c2aef77,"group_neutralize(sub(ts_zscore(div(anl14_mean_ebitda_fp4,cap),#),ts_zscore(div(anl14_stddev_capex_fp3,cap),#)),industry)","group_neutralize(sub(ts_zscore(div(FIELD,FIELD),#),ts_zscore(div(FIELD,FIELD),#)),industry)",2026-08-02T11:10:55.183195+00:00
arch_spread:primary,arch_spread,proven,8.1,"group_neutralize(ts_zscore(anl14_stddev_ebitda_fp3/cap,126)-ts_zscore(anl14_numofests_capex_fp5/cap,126),market)","{""instrumentType"": ""EQUITY"", ""region"": ""USA"", ""universe"": ""TOP3000"", ""delay"": 1, ""decay"": 6, ""neutralization"": ""MARKET"", ""truncation"": 0.05, ""pasteurization"": ""ON"", ""unitHandling"": ""VERIFY"", ""nanHandling"": ""ON"", ""language"": ""FASTEXPR"", ""visualization"": false}",0,ea727b15bfe27a8e966627d913a0d51f564f36d3f846c3d02353bc8c68a1008d,"group_neutralize(sub(ts_zscore(div(anl14_stddev_ebitda_fp3,cap),#),ts_zscore(div(anl14_numofests_capex_fp5,cap),#)),market)","group_neutralize(sub(ts_zscore(div(FIELD,FIELD),#),ts_zscore(div(FIELD,FIELD),#)),market)",2026-08-02T11:10:55.183195+00:00
arch_spread:primary,arch_spread,proven,8.1,"group_neutralize(ts_zscore(anl14_numofests_ebitda_fp4/cap,126)-ts_zscore(anl14_median_ndebt_fp4/cap,126),market)","{""instrumentType"": ""EQUITY"", ""region"": ""USA"", ""universe"": ""TOP3000"", ""delay"": 1, ""decay"": 6, ""neutralization"": ""MARKET"", ""truncation"": 0.05, ""pasteurization"": ""ON"", ""unitHandling"": ""VERIFY"", ""nanHandling"": ""ON"", ""language"": ""FASTEXPR"", ""visualization"": false}",0,d33af77a01d0d5dbe565c7805d81167818d8b25785ab58e46a9acdb741fdc62c,"group_neutralize(sub(ts_zscore(div(anl14_numofests_ebitda_fp4,cap),#),ts_zscore(div(anl14_median_ndebt_fp4,cap),#)),market)","group_neutralize(sub(ts_zscore(div(FIELD,FIELD),#),ts_zscore(div(FIELD,FIELD),#)),market)",2026-08-02T11:10:55.183195+00:00
arch_regime_shift:primary,arch_regime_shift,proven,8.05,"group_neutralize(ts_zscore(anl10_analyst_innovation_eps_revise_ratio_to_consensus_fy1/cap,126)-ts_zscore(anl10_analyst_innovation_eps_revise_ratio_to_consensus_fy1/cap,252),market)","{""instrumentType"": ""EQUITY"", ""region"": ""USA"", ""universe"": ""TOP3000"", ""delay"": 1, ""decay"": 6, ""neutralization"": ""MARKET"", ""truncation"": 0.05, ""pasteurization"": ""ON"", ""unitHandling"": ""VERIFY"", ""nanHandling"": ""ON"", ""language"": ""FASTEXPR"", ""visualization"": false}",0,2063677db04b47f7569531b2ddf321b79c77637018ddab3ca21c238601415e19,"group_neutralize(sub(ts_zscore(div(anl10_analyst_innovation_eps_revise_ratio_to_consensus_fy1,cap),#),ts_zscore(div(anl10_analyst_innovation_eps_revise_ratio_to_consensus_fy1,cap),#)),market)","group_neutralize(sub(ts_zscore(div(FIELD,FIELD),#),ts_zscore(div(FIELD,FIELD),#)),market)",2026-08-02T11:10:55.183195+00:00
arch_regime_shift:primary,arch_regime_shift,proven,8.05,"group_neutralize(ts_zscore(anl10_analyst_innovation_eps_revise_ratio_to_consensus_fy2/cap,126)-ts_zscore(anl10_analyst_innovation_eps_revise_ratio_to_consensus_fy2/cap,252),market)","{""instrumentType"": ""EQUITY"", ""region"": ""USA"", ""universe"": ""TOP3000"", ""delay"": 1, ""decay"": 6, ""neutralization"": ""MARKET"", ""truncation"": 0.05, ""pasteurization"": ""ON"", ""unitHandling"": ""VERIFY"", ""nanHandling"": ""ON"", ""language"": ""FASTEXPR"", ""visualization"": false}",0,2f7b68adacd3bac4712b19eb3397dc3cc125e8b55d556ce0b21a080bd56d839d,"group_neutralize(sub(ts_zscore(div(anl10_analyst_innovation_eps_revise_ratio_to_consensus_fy2,cap),#),ts_zscore(div(anl10_analyst_innovation_eps_revise_ratio_to_consensus_fy2,cap),#)),market)","group_neutralize(sub(ts_zscore(div(FIELD,FIELD),#),ts_zscore(div(FIELD,FIELD),#)),market)",2026-08-02T11:10:55.183195+00:00
arch_regime_shift:primary,arch_regime_shift,proven,8.05,"group_neutralize(ts_zscore(anl10_analyst_innovation_eps_revise_ratio_to_consensus_fq1/cap,126)-ts_zscore(anl10_analyst_innovation_eps_revise_ratio_to_consensus_fq1/cap,252),market)","{""instrumentType"": ""EQUITY"", ""region"": ""USA"", ""universe"": ""TOP3000"", ""delay"": 1, ""decay"": 6, ""neutralization"": ""MARKET"", ""truncation"": 0.05, ""pasteurization"": ""ON"", ""unitHandling"": ""VERIFY"", ""nanHandling"": ""ON"", ""language"": ""FASTEXPR"", ""visualization"": false}",0,bee98da640b4d9e541e5594c7700915ec7a1d9a1b7097a032861b67df7e0432b,"group_neutralize(sub(ts_zscore(div(anl10_analyst_innovation_eps_revise_ratio_to_consensus_fq1,cap),#),ts_zscore(div(anl10_analyst_innovation_eps_revise_ratio_to_consensus_fq1,cap),#)),market)","group_neutralize(sub(ts_zscore(div(FIELD,FIELD),#),ts_zscore(div(FIELD,FIELD),#)),market)",2026-08-02T11:10:55.183195+00:00
arch_regime_shift:primary,arch_regime_shift,proven,8.05,"group_neutralize(ts_zscore(anl10_analyst_innovation_eps_revise_ratio_to_consensus_fq2/cap,126)-ts_zscore(anl10_analyst_innovation_eps_revise_ratio_to_consensus_fq2/cap,252),market)","{""instrumentType"": ""EQUITY"", ""region"": ""USA"", ""universe"": ""TOP3000"", ""delay"": 1, ""decay"": 6, ""neutralization"": ""MARKET"", ""truncation"": 0.05, ""pasteurization"": ""ON"", ""unitHandling"": ""VERIFY"", ""nanHandling"": ""ON"", ""language"": ""FASTEXPR"", ""visualization"": false}",0,f2367973dc64c5023116ecce5ad34367c20c8577d755b72bd976e81e28f9444a,"group_neutralize(sub(ts_zscore(div(anl10_analyst_innovation_eps_revise_ratio_to_consensus_fq2,cap),#),ts_zscore(div(anl10_analyst_innovation_eps_revise_ratio_to_consensus_fq2,cap),#)),market)","group_neutralize(sub(ts_zscore(div(FIELD,FIELD),#),ts_zscore(div(FIELD,FIELD),#)),market)",2026-08-02T11:10:55.183195+00:00
arch_vol_price_div:primary,arch_vol_price_div,proven,8.0,"group_neutralize(ts_rank(ts_mean(volume,42)/adv20,63)*-rank(ts_delta(close,63)),market)","{""instrumentType"": ""EQUITY"", ""region"": ""USA"", ""universe"": ""TOP3000"", ""delay"": 1, ""decay"": 4, ""neutralization"": ""MARKET"", ""truncation"": 0.06, ""pasteurization"": ""ON"", ""unitHandling"": ""VERIFY"", ""nanHandling"": ""ON"", ""language"": ""FASTEXPR"", ""visualization"": false}",0,f5e90d488f5f0961730cafac209fa40d4cf0dca70750879f8997f49bdd47c50e,"group_neutralize(mul(neg(ts_delta(close,#)),ts_rank(div(ts_mean(volume,#),adv20),#)),market)","group_neutralize(mul(neg(ts_delta(FIELD,#)),ts_rank(div(ts_mean(FIELD,#),FIELD),#)),market)",2026-08-02T11:10:55.183195+00:00
arch_vol_price_div:primary,arch_vol_price_div,proven,8.0,"group_neutralize(ts_rank(ts_mean(volume,42)/adv20,63)*-rank(ts_delta(close,63)),sector)","{""instrumentType"": ""EQUITY"", ""region"": ""USA"", ""universe"": ""TOP3000"", ""delay"": 1, ""decay"": 4, ""neutralization"": ""MARKET"", ""truncation"": 0.06, ""pasteurization"": ""ON"", ""unitHandling"": ""VERIFY"", ""nanHandling"": ""ON"", ""language"": ""FASTEXPR"", ""visualization"": false}",0,7ccec2bad80493ab2bff1f0a60b4752a1b0da620cfa99be9a7f63a1a87104cc1,"group_neutralize(mul(neg(ts_delta(close,#)),ts_rank(div(ts_mean(volume,#),adv20),#)),sector)","group_neutralize(mul(neg(ts_delta(FIELD,#)),ts_rank(div(ts_mean(FIELD,#),FIELD),#)),sector)",2026-08-02T11:10:55.183195+00:00
arch_vol_scaled:primary,arch_vol_scaled,proven,8.0,"group_neutralize(ts_zscore(anl10_analyst_innovation_eps_normal_increase_fy1/cap,126)*-rank(ts_std_dev(returns,126)),market)","{""instrumentType"": ""EQUITY"", ""region"": ""USA"", ""universe"": ""TOP3000"", ""delay"": 1, ""decay"": 6, ""neutralization"": ""MARKET"", ""truncation"": 0.05, ""pasteurization"": ""ON"", ""unitHandling"": ""VERIFY"", ""nanHandling"": ""ON"", ""language"": ""FASTEXPR"", ""visualization"": false}",0,00a426c920e5ce4d8dc0e3976bb8db6a53a019731590636ccf13284c41e4fd5c,"group_neutralize(mul(neg(ts_std_dev(returns,#)),ts_zscore(div(anl10_analyst_innovation_eps_normal_increase_fy1,cap),#)),market)","group_neutralize(mul(neg(ts_std_dev(FIELD,#)),ts_zscore(div(FIELD,FIELD),#)),market)",2026-08-02T11:10:55.183195+00:00
arch_vol_scaled:primary,arch_vol_scaled,proven,8.0,"group_neutralize(ts_zscore(anl10_analyst_innovation_eps_normal_increase_fy2/cap,126)*-rank(ts_std_dev(returns,126)),market)","{""instrumentType"": ""EQUITY"", ""region"": ""USA"", ""universe"": ""TOP3000"", ""delay"": 1, ""decay"": 6, ""neutralization"": ""MARKET"", ""truncation"": 0.05, ""pasteurization"": ""ON"", ""unitHandling"": ""VERIFY"", ""nanHandling"": ""ON"", ""language"": ""FASTEXPR"", ""visualization"": false}",0,b8e4b42d8c5a63165e18d9833211e7272c87cb7fd1b072b8bb523b18c0978f76,"group_neutralize(mul(neg(ts_std_dev(returns,#)),ts_zscore(div(anl10_analyst_innovation_eps_normal_increase_fy2,cap),#)),market)","group_neutralize(mul(neg(ts_std_dev(FIELD,#)),ts_zscore(div(FIELD,FIELD),#)),market)",2026-08-02T11:10:55.183195+00:00
arch_vol_scaled:primary,arch_vol_scaled,proven,8.0,"group_neutralize(ts_zscore(anl10_analyst_innovation_eps_normal_decrease_fy2/cap,126)*-rank(ts_std_dev(returns,126)),sector)","{""instrumentType"": ""EQUITY"", ""region"": ""USA"", ""universe"": ""TOP3000"", ""delay"": 1, ""decay"": 6, ""neutralization"": ""MARKET"", ""truncation"": 0.05, ""pasteurization"": ""ON"", ""unitHandling"": ""VERIFY"", ""nanHandling"": ""ON"", ""language"": ""FASTEXPR"", ""visualization"": false}",0,a3684e9f287629bdc5fea4de83a354d9e588b697d59ceeed363417efe8857236,"group_neutralize(mul(neg(ts_std_dev(returns,#)),ts_zscore(div(anl10_analyst_innovation_eps_normal_decrease_fy2,cap),#)),sector)","group_neutralize(mul(neg(ts_std_dev(FIELD,#)),ts_zscore(div(FIELD,FIELD),#)),sector)",2026-08-02T11:10:55.183195+00:00
arch_vol_scaled:primary,arch_vol_scaled,proven,8.0,"group_neutralize(ts_zscore(anl10_analyst_innovation_eps_normal_increase_fq1/cap,126)*-rank(ts_std_dev(returns,126)),market)","{""instrumentType"": ""EQUITY"", ""region"": ""USA"", ""universe"": ""TOP3000"", ""delay"": 1, ""decay"": 6, ""neutralization"": ""MARKET"", ""truncation"": 0.05, ""pasteurization"": ""ON"", ""unitHandling"": ""VERIFY"", ""nanHandling"": ""ON"", ""language"": ""FASTEXPR"", ""visualization"": false}",0,d1d4c1e50366c9b6373158234309e1915f77ceae3e26fe9c89538fe50dc55316,"group_neutralize(mul(neg(ts_std_dev(returns,#)),ts_zscore(div(anl10_analyst_innovation_eps_normal_increase_fq1,cap),#)),market)","group_neutralize(mul(neg(ts_std_dev(FIELD,#)),ts_zscore(div(FIELD,FIELD),#)),market)",2026-08-02T11:10:55.183195+00:00
arch_vol_scaled:primary,arch_vol_scaled,proven,8.0,"group_neutralize(ts_zscore(anl10_analyst_innovation_eps_normal_decrease_fq1/cap,126)*-rank(ts_std_dev(returns,126)),sector)","{""instrumentType"": ""EQUITY"", ""region"": ""USA"", ""universe"": ""TOP3000"", ""delay"": 1, ""decay"": 6, ""neutralization"": ""MARKET"", ""truncation"": 0.05, ""pasteurization"": ""ON"", ""unitHandling"": ""VERIFY"", ""nanHandling"": ""ON"", ""language"": ""FASTEXPR"", ""visualization"": false}",0,e0c66cfc024a7758b46dd9625a3625afd396275ed519d17deafb0d14eab53d0e,"group_neutralize(mul(neg(ts_std_dev(returns,#)),ts_zscore(div(anl10_analyst_innovation_eps_normal_decrease_fq1,cap),#)),sector)","group_neutralize(mul(neg(ts_std_dev(FIELD,#)),ts_zscore(div(FIELD,FIELD),#)),sector)",2026-08-02T11:10:55.183195+00:00
arch_vol_scaled:primary,arch_vol_scaled,proven,8.0,"group_neutralize(ts_zscore(anl10_analyst_innovation_eps_innovation_score_fy1/cap,126)*-rank(ts_std_dev(returns,126)),market)","{""instrumentType"": ""EQUITY"", ""region"": ""USA"", ""universe"": ""TOP3000"", ""delay"": 1, ""decay"": 6, ""neutralization"": ""MARKET"", ""truncation"": 0.05, ""pasteurization"": ""ON"", ""unitHandling"": ""VERIFY"", ""nanHandling"": ""ON"", ""language"": ""FASTEXPR"", ""visualization"": false}",0,905fe193adf97ca887ebf53906fd95322b62ee229b9ed243d9c5844358369b47,"group_neutralize(mul(neg(ts_std_dev(returns,#)),ts_zscore(div(anl10_analyst_innovation_eps_innovation_score_fy1,cap),#)),market)","group_neutralize(mul(neg(ts_std_dev(FIELD,#)),ts_zscore(div(FIELD,FIELD),#)),market)",2026-08-02T11:10:55.183195+00:00
arch_vol_scaled:primary,arch_vol_scaled,proven,8.0,"group_neutralize(ts_zscore(anl10_analyst_innovation_eps_innovation_score_fy2/cap,126)*-rank(ts_std_dev(returns,126)),market)","{""instrumentType"": ""EQUITY"", ""region"": ""USA"", ""universe"": ""TOP3000"", ""delay"": 1, ""decay"": 6, ""neutralization"": ""MARKET"", ""truncation"": 0.05, ""pasteurization"": ""ON"", ""unitHandling"": ""VERIFY"", ""nanHandling"": ""ON"", ""language"": ""FASTEXPR"", ""visualization"": false}",0,2471e021db5a1c1795e6fb7bf9d084b1e7a686cade9a4b9239675fa169e5f942,"group_neutralize(mul(neg(ts_std_dev(returns,#)),ts_zscore(div(anl10_analyst_innovation_eps_innovation_score_fy2,cap),#)),market)","group_neutralize(mul(neg(ts_std_dev(FIELD,#)),ts_zscore(div(FIELD,FIELD),#)),market)",2026-08-02T11:10:55.183195+00:00
arch_vol_scaled:primary,arch_vol_scaled,proven,8.0,"group_neutralize(ts_zscore(anl10_analyst_innovation_eps_innovation_score_fq1/cap,126)*-rank(ts_std_dev(returns,126)),market)","{""instrumentType"": ""EQUITY"", ""region"": ""USA"", ""universe"": ""TOP3000"", ""delay"": 1, ""decay"": 6, ""neutralization"": ""MARKET"", ""truncation"": 0.05, ""pasteurization"": ""ON"", ""unitHandling"": ""VERIFY"", ""nanHandling"": ""ON"", ""language"": ""FASTEXPR"", ""visualization"": false}",0,4fb3ccd634385b011aabd13409b4fc58bd69b5da2e11cf6f3ef6e20b1321553a,"group_neutralize(mul(neg(ts_std_dev(returns,#)),ts_zscore(div(anl10_analyst_innovation_eps_innovation_score_fq1,cap),#)),market)","group_neutralize(mul(neg(ts_std_dev(FIELD,#)),ts_zscore(div(FIELD,FIELD),#)),market)",2026-08-02T11:10:55.183195+00:00
arch_vol_scaled:primary,arch_vol_scaled,proven,8.0,"group_neutralize(ts_zscore(anl10_analyst_innovation_eps_innovate_increase_fy1/cap,126)*-rank(ts_std_dev(returns,126)),market)","{""instrumentType"": ""EQUITY"", ""region"": ""USA"", ""universe"": ""TOP3000"", ""delay"": 1, ""decay"": 6, ""neutralization"": ""MARKET"", ""truncation"": 0.05, ""pasteurization"": ""ON"", ""unitHandling"": ""VERIFY"", ""nanHandling"": ""ON"", ""language"": ""FASTEXPR"", ""visualization"": false}",0,4d24d50b74d5ab39c62969f51fb1fbfc821da9844936e018595a8f1320e6ac9a,"group_neutralize(mul(neg(ts_std_dev(returns,#)),ts_zscore(div(anl10_analyst_innovation_eps_innovate_increase_fy1,cap),#)),market)","group_neutralize(mul(neg(ts_std_dev(FIELD,#)),ts_zscore(div(FIELD,FIELD),#)),market)",2026-08-02T11:10:55.183195+00:00
arch_vol_scaled:primary,arch_vol_scaled,proven,8.0,"group_neutralize(ts_zscore(anl10_analyst_innovation_eps_innovate_increase_fy2/cap,126)*-rank(ts_std_dev(returns,126)),sector)","{""instrumentType"": ""EQUITY"", ""region"": ""USA"", ""universe"": ""TOP3000"", ""delay"": 1, ""decay"": 6, ""neutralization"": ""MARKET"", ""truncation"": 0.05, ""pasteurization"": ""ON"", ""unitHandling"": ""VERIFY"", ""nanHandling"": ""ON"", ""language"": ""FASTEXPR"", ""visualization"": false}",0,24398619080771357bc939ad3b41e91610b1801bb8706ebf927cdf38f399f1d9,"group_neutralize(mul(neg(ts_std_dev(returns,#)),ts_zscore(div(anl10_analyst_innovation_eps_innovate_increase_fy2,cap),#)),sector)","group_neutralize(mul(neg(ts_std_dev(FIELD,#)),ts_zscore(div(FIELD,FIELD),#)),sector)",2026-08-02T11:10:55.183195+00:00
arch_vol_scaled:primary,arch_vol_scaled,proven,8.0,"group_neutralize(ts_zscore(anl10_analyst_innovation_eps_innovate_decrease_fq1/cap,126)*-rank(ts_std_dev(returns,126)),sector)","{""instrumentType"": ""EQUITY"", ""region"": ""USA"", ""universe"": ""TOP3000"", ""delay"": 1, ""decay"": 6, ""neutralization"": ""MARKET"", ""truncation"": 0.05, ""pasteurization"": ""ON"", ""unitHandling"": ""VERIFY"", ""nanHandling"": ""ON"", ""language"": ""FASTEXPR"", ""visualization"": false}",0,14a2fc43d6c13d50f77ef086ef8ae815332f9f9e12b8aac6b16f0192c74cd5cb,"group_neutralize(mul(neg(ts_std_dev(returns,#)),ts_zscore(div(anl10_analyst_innovation_eps_innovate_decrease_fq1,cap),#)),sector)","group_neutralize(mul(neg(ts_std_dev(FIELD,#)),ts_zscore(div(FIELD,FIELD),#)),sector)",2026-08-02T11:10:55.183195+00:00
arch_vol_scaled:primary,arch_vol_scaled,proven,8.0,"group_neutralize(ts_zscore(anl10_analyst_innovation_eps_innovate_increase_fq1/cap,126)*-rank(ts_std_dev(returns,126)),market)","{""instrumentType"": ""EQUITY"", ""region"": ""USA"", ""universe"": ""TOP3000"", ""delay"": 1, ""decay"": 6, ""neutralization"": ""MARKET"", ""truncation"": 0.05, ""pasteurization"": ""ON"", ""unitHandling"": ""VERIFY"", ""nanHandling"": ""ON"", ""language"": ""FASTEXPR"", ""visualization"": false}",0,eb8174de52fbe2f05bfbcc0dcd257aa6c0b7fd9b8a0bb5087f3bbe1891eede7f,"group_neutralize(mul(neg(ts_std_dev(returns,#)),ts_zscore(div(anl10_analyst_innovation_eps_innovate_increase_fq1,cap),#)),market)","group_neutralize(mul(neg(ts_std_dev(FIELD,#)),ts_zscore(div(FIELD,FIELD),#)),market)",2026-08-02T11:10:55.183195+00:00
arch_pv_vol:primary,arch_pv_vol,proven,7.9,"group_neutralize(rank(ts_mean(volume,126)/adv20)*-rank(ts_delta(close,126)),market)","{""instrumentType"": ""EQUITY"", ""region"": ""USA"", ""universe"": ""TOP3000"", ""delay"": 1, ""decay"": 6, ""neutralization"": ""MARKET"", ""truncation"": 0.06, ""pasteurization"": ""ON"", ""unitHandling"": ""VERIFY"", ""nanHandling"": ""ON"", ""language"": ""FASTEXPR"", ""visualization"": false}",0,c653ed179d915000d5118b1dc06a70eb6d1606ae1b6f4603640f32fa0487ff8a,"group_neutralize(mul(div(ts_mean(volume,#),adv20),neg(ts_delta(close,#))),market)","group_neutralize(mul(div(ts_mean(FIELD,#),FIELD),neg(ts_delta(FIELD,#))),market)",2026-08-02T11:10:55.183195+00:00
arch_regime_shift:primary,arch_regime_shift,proven,7.9,"group_neutralize(ts_zscore(anl10_analyst_innovation_eps_revise_ratio_to_consensus_fy1/cap,63)-ts_zscore(anl10_analyst_innovation_eps_revise_ratio_to_consensus_fy1/cap,252),market)","{""instrumentType"": ""EQUITY"", ""region"": ""USA"", ""universe"": ""TOP3000"", ""delay"": 1, ""decay"": 6, ""neutralization"": ""MARKET"", ""truncation"": 0.05, ""pasteurization"": ""ON"", ""unitHandling"": ""VERIFY"", ""nanHandling"": ""ON"", ""language"": ""FASTEXPR"", ""visualization"": false}",0,a582c8945ea87233ecfc1aba0d5cbf58ca5d07dc8d8318e26bdd31033bd830a7,"group_neutralize(sub(ts_zscore(div(anl10_analyst_innovation_eps_revise_ratio_to_consensus_fy1,cap),#),ts_zscore(div(anl10_analyst_innovation_eps_revise_ratio_to_consensus_fy1,cap),#)),market)","group_neutralize(sub(ts_zscore(div(FIELD,FIELD),#),ts_zscore(div(FIELD,FIELD),#)),market)",2026-08-02T11:10:55.183195+00:00
arch_regime_shift:primary,arch_regime_shift,proven,7.9,"group_neutralize(ts_zscore(anl10_analyst_innovation_eps_revise_ratio_to_consensus_fy2/cap,63)-ts_zscore(anl10_analyst_innovation_eps_revise_ratio_to_consensus_fy2/cap,252),market)","{""instrumentType"": ""EQUITY"", ""region"": ""USA"", ""universe"": ""TOP3000"", ""delay"": 1, ""decay"": 6, ""neutralization"": ""MARKET"", ""truncation"": 0.05, ""pasteurization"": ""ON"", ""unitHandling"": ""VERIFY"", ""nanHandling"": ""ON"", ""language"": ""FASTEXPR"", ""visualization"": false}",0,e9dd8af4d6178ad6940bd094bdfb4fa7f6ab27b47b426e98c9a25e805032b3ae,"group_neutralize(sub(ts_zscore(div(anl10_analyst_innovation_eps_revise_ratio_to_consensus_fy2,cap),#),ts_zscore(div(anl10_analyst_innovation_eps_revise_ratio_to_consensus_fy2,cap),#)),market)","group_neutralize(sub(ts_zscore(div(FIELD,FIELD),#),ts_zscore(div(FIELD,FIELD),#)),market)",2026-08-02T11:10:55.183195+00:00
arch_regime_shift:primary,arch_regime_shift,proven,7.9,"group_neutralize(ts_zscore(anl10_analyst_innovation_eps_revise_ratio_to_consensus_fq1/cap,63)-ts_zscore(anl10_analyst_innovation_eps_revise_ratio_to_consensus_fq1/cap,252),market)","{""instrumentType"": ""EQUITY"", ""region"": ""USA"", ""universe"": ""TOP3000"", ""delay"": 1, ""decay"": 6, ""neutralization"": ""MARKET"", ""truncation"": 0.05, ""pasteurization"": ""ON"", ""unitHandling"": ""VERIFY"", ""nanHandling"": ""ON"", ""language"": ""FASTEXPR"", ""visualization"": false}",0,8c40663f0ee4421e773653524e614aa7c35891eee4d3490f864abe2a30e26f5d,"group_neutralize(sub(ts_zscore(div(anl10_analyst_innovation_eps_revise_ratio_to_consensus_fq1,cap),#),ts_zscore(div(anl10_analyst_innovation_eps_revise_ratio_to_consensus_fq1,cap),#)),market)","group_neutralize(sub(ts_zscore(div(FIELD,FIELD),#),ts_zscore(div(FIELD,FIELD),#)),market)",2026-08-02T11:10:55.183195+00:00
arch_regime_shift:primary,arch_regime_shift,proven,7.9,"group_neutralize(ts_zscore(anl10_analyst_innovation_eps_revise_ratio_to_consensus_fq2/cap,63)-ts_zscore(anl10_analyst_innovation_eps_revise_ratio_to_consensus_fq2/cap,252),market)","{""instrumentType"": ""EQUITY"", ""region"": ""USA"", ""universe"": ""TOP3000"", ""delay"": 1, ""decay"": 6, ""neutralization"": ""MARKET"", ""truncation"": 0.05, ""pasteurization"": ""ON"", ""unitHandling"": ""VERIFY"", ""nanHandling"": ""ON"", ""language"": ""FASTEXPR"", ""visualization"": false}",0,f6199a1241160bd86bc0fab9a0577bf8c719136bd8f9e0fbd8fde49bcf176c83,"group_neutralize(sub(ts_zscore(div(anl10_analyst_innovation_eps_revise_ratio_to_consensus_fq2,cap),#),ts_zscore(div(anl10_analyst_innovation_eps_revise_ratio_to_consensus_fq2,cap),#)),market)","group_neutralize(sub(ts_zscore(div(FIELD,FIELD),#),ts_zscore(div(FIELD,FIELD),#)),market)",2026-08-02T11:10:55.183195+00:00
arch_spread:primary,arch_spread,proven,7.8,"group_neutralize(ts_rank(anl14_median_ebitda_fy4/cap,126)-ts_rank(anl14_mean_capex_fy5/cap,126),sector)","{""instrumentType"": ""EQUITY"", ""region"": ""USA"", ""universe"": ""TOP3000"", ""delay"": 1, ""decay"": 6, ""neutralization"": ""MARKET"", ""truncation"": 0.05, ""pasteurization"": ""ON"", ""unitHandling"": ""VERIFY"", ""nanHandling"": ""ON"", ""language"": ""FASTEXPR"", ""visualization"": false}",0,2b500fc4a7dd827da8f22b50f34059382a951285d3a4297b707c882ffcf343d2,"group_neutralize(sub(ts_rank(div(anl14_median_ebitda_fy4,cap),#),ts_rank(div(anl14_mean_capex_fy5,cap),#)),sector)","group_neutralize(sub(ts_rank(div(FIELD,FIELD),#),ts_rank(div(FIELD,FIELD),#)),sector)",2026-08-02T11:10:55.183195+00:00
arch_spread:primary,arch_spread,proven,7.8,"group_neutralize(ts_rank(anl14_mean_ebitda_fy4/cap,126)-ts_rank(anl14_stddev_capex_fp5/cap,126),market)","{""instrumentType"": ""EQUITY"", ""region"": ""USA"", ""universe"": ""TOP3000"", ""delay"": 1, ""decay"": 6, ""neutralization"": ""MARKET"", ""truncation"": 0.05, ""pasteurization"": ""ON"", ""unitHandling"": ""VERIFY"", ""nanHandling"": ""ON"", ""language"": ""FASTEXPR"", ""visualization"": false}",0,fb153771f91159ef5798b21501e92c45a29cd720018a185c0ce84e342c9d435d,"group_neutralize(sub(ts_rank(div(anl14_mean_ebitda_fy4,cap),#),ts_rank(div(anl14_stddev_capex_fp5,cap),#)),market)","group_neutralize(sub(ts_rank(div(FIELD,FIELD),#),ts_rank(div(FIELD,FIELD),#)),market)",2026-08-02T11:10:55.183195+00:00
arch_spread:primary,arch_spread,proven,7.8,"group_neutralize(ts_rank(anl14_low_ebitda_fy4/cap,126)-ts_rank(anl14_median_capex_fy5/cap,126),industry)","{""instrumentType"": ""EQUITY"", ""region"": ""USA"", ""universe"": ""TOP3000"", ""delay"": 1, ""decay"": 6, ""neutralization"": ""MARKET"", ""truncation"": 0.05, ""pasteurization"": ""ON"", ""unitHandling"": ""VERIFY"", ""nanHandling"": ""ON"", ""language"": ""FASTEXPR"", ""visualization"": false}",0,f1c9a28a6bf04c3cbcf713a21c7cae3a427e1493992eee4b42121dac6ce01396,"group_neutralize(sub(ts_rank(div(anl14_low_ebitda_fy4,cap),#),ts_rank(div(anl14_median_capex_fy5,cap),#)),industry)","group_neutralize(sub(ts_rank(div(FIELD,FIELD),#),ts_rank(div(FIELD,FIELD),#)),industry)",2026-08-02T11:10:55.183195+00:00
arch_spread:primary,arch_spread,proven,7.8,"group_neutralize(ts_rank(anl14_stddev_ebitda_fy4/cap,126)-ts_rank(anl14_stddev_ndebt_fp4/cap,126),sector)","{""instrumentType"": ""EQUITY"", ""region"": ""USA"", ""universe"": ""TOP3000"", ""delay"": 1, ""decay"": 6, ""neutralization"": ""MARKET"", ""truncation"": 0.05, ""pasteurization"": ""ON"", ""unitHandling"": ""VERIFY"", ""nanHandling"": ""ON"", ""language"": ""FASTEXPR"", ""visualization"": false}",0,8d365c805995b5227e53b4460ac7c74d0276cb38df2867cf33dd56f229038921,"group_neutralize(sub(ts_rank(div(anl14_stddev_ebitda_fy4,cap),#),ts_rank(div(anl14_stddev_ndebt_fp4,cap),#)),sector)","group_neutralize(sub(ts_rank(div(FIELD,FIELD),#),ts_rank(div(FIELD,FIELD),#)),sector)",2026-08-02T11:10:55.183195+00:00
arch_spread:primary,arch_spread,proven,7.8,"group_neutralize(ts_rank(anl14_median_ebitda_fy5/cap,126)-ts_rank(anl14_stddev_capex_fp2/cap,126),market)","{""instrumentType"": ""EQUITY"", ""region"": ""USA"", ""universe"": ""TOP3000"", ""delay"": 1, ""decay"": 6, ""neutralization"": ""MARKET"", ""truncation"": 0.05, ""pasteurization"": ""ON"", ""unitHandling"": ""VERIFY"", ""nanHandling"": ""ON"", ""language"": ""FASTEXPR"", ""visualization"": false}",0,8ab4e3d4007994c5a818da476b9dd42d76275a55d86df6741343701d29554d55,"group_neutralize(sub(ts_rank(div(anl14_median_ebitda_fy5,cap),#),ts_rank(div(anl14_stddev_capex_fp2,cap),#)),market)","group_neutralize(sub(ts_rank(div(FIELD,FIELD),#),ts_rank(div(FIELD,FIELD),#)),market)",2026-08-02T11:10:55.183195+00:00
arch_spread:primary,arch_spread,proven,7.8,"group_neutralize(ts_rank(anl14_stddev_ebitda_fy3/cap,126)-ts_rank(anl14_stddev_capex_fy5/cap,126),market)","{""instrumentType"": ""EQUITY"", ""region"": ""USA"", ""universe"": ""TOP3000"", ""delay"": 1, ""decay"": 6, ""neutralization"": ""MARKET"", ""truncation"": 0.05, ""pasteurization"": ""ON"", ""unitHandling"": ""VERIFY"", ""nanHandling"": ""ON"", ""language"": ""FASTEXPR"", ""visualization"": false}",0,cc6a7bcc0b82405a843ed8ed2a4b86a36bf4932a796e3a51669881caa6df32db,"group_neutralize(sub(ts_rank(div(anl14_stddev_ebitda_fy3,cap),#),ts_rank(div(anl14_stddev_capex_fy5,cap),#)),market)","group_neutralize(sub(ts_rank(div(FIELD,FIELD),#),ts_rank(div(FIELD,FIELD),#)),market)",2026-08-02T11:10:55.183195+00:00
arch_spread:primary,arch_spread,proven,7.8,"group_neutralize(ts_rank(anl14_low_ebitda_fy1/cap,126)-ts_rank(anl14_numofests_ndebt_fp1/cap,126),market)","{""instrumentType"": ""EQUITY"", ""region"": ""USA"", ""universe"": ""TOP3000"", ""delay"": 1, ""decay"": 6, ""neutralization"": ""MARKET"", ""truncation"": 0.05, ""pasteurization"": ""ON"", ""unitHandling"": ""VERIFY"", ""nanHandling"": ""ON"", ""language"": ""FASTEXPR"", ""visualization"": false}",0,f40b0b73c60589ff7c4bf80b1c882bc8bfd3854506dc8da8d4280791baf0023a,"group_neutralize(sub(ts_rank(div(anl14_low_ebitda_fy1,cap),#),ts_rank(div(anl14_numofests_ndebt_fp1,cap),#)),market)","group_neutralize(sub(ts_rank(div(FIELD,FIELD),#),ts_rank(div(FIELD,FIELD),#)),market)",2026-08-02T11:10:55.183195+00:00
arch_spread:primary,arch_spread,proven,7.8,"group_neutralize(ts_rank(anl14_mean_ebitda_fp5/cap,126)-ts_rank(anl14_stddev_revenue_fy4/cap,126),sector)","{""instrumentType"": ""EQUITY"", ""region"": ""USA"", ""universe"": ""TOP3000"", ""delay"": 1, ""decay"": 6, ""neutralization"": ""MARKET"", ""truncation"": 0.05, ""pasteurization"": ""ON"", ""unitHandling"": ""VERIFY"", ""nanHandling"": ""ON"", ""language"": ""FASTEXPR"", ""visualization"": false}",0,86c969ef407c9146d7abc75dd7cba2df03ad801ba1018c76fde92e6643ab7002,"group_neutralize(sub(ts_rank(div(anl14_mean_ebitda_fp5,cap),#),ts_rank(div(anl14_stddev_revenue_fy4,cap),#)),sector)","group_neutralize(sub(ts_rank(div(FIELD,FIELD),#),ts_rank(div(FIELD,FIELD),#)),sector)",2026-08-02T11:10:55.183195+00:00
arch_spread:primary,arch_spread,proven,7.8,"group_neutralize(ts_rank(anl14_stddev_ebitda_fy2/cap,126)-ts_rank(anl14_mean_revenue_fy5/cap,126),market)","{""instrumentType"": ""EQUITY"", ""region"": ""USA"", ""universe"": ""TOP3000"", ""delay"": 1, ""decay"": 6, ""neutralization"": ""MARKET"", ""truncation"": 0.05, ""pasteurization"": ""ON"", ""unitHandling"": ""VERIFY"", ""nanHandling"": ""ON"", ""language"": ""FASTEXPR"", ""visualization"": false}",0,8f990433d6380fe980373fc2eea55cb558467cd06192098b7f474c360633e968,"group_neutralize(sub(ts_rank(div(anl14_stddev_ebitda_fy2,cap),#),ts_rank(div(anl14_mean_revenue_fy5,cap),#)),market)","group_neutralize(sub(ts_rank(div(FIELD,FIELD),#),ts_rank(div(FIELD,FIELD),#)),market)",2026-08-02T11:10:55.183195+00:00
arch_spread:primary,arch_spread,proven,7.8,"group_neutralize(ts_rank(anl14_mean_ebitda_fp4/cap,126)-ts_rank(anl14_stddev_capex_fp3/cap,126),industry)","{""instrumentType"": ""EQUITY"", ""region"": ""USA"", ""universe"": ""TOP3000"", ""delay"": 1, ""decay"": 6, ""neutralization"": ""MARKET"", ""truncation"": 0.05, ""pasteurization"": ""ON"", ""unitHandling"": ""VERIFY"", ""nanHandling"": ""ON"", ""language"": ""FASTEXPR"", ""visualization"": false}",0,63b961bb4ed58d1ab8320ccfb60e78d77e39a1b190b5ec458a604c0413dc376c,"group_neutralize(sub(ts_rank(div(anl14_mean_ebitda_fp4,cap),#),ts_rank(div(anl14_stddev_capex_fp3,cap),#)),industry)","group_neutralize(sub(ts_rank(div(FIELD,FIELD),#),ts_rank(div(FIELD,FIELD),#)),industry)",2026-08-02T11:10:55.183195+00:00
arch_spread:primary,arch_spread,proven,7.8,"group_neutralize(ts_rank(anl14_stddev_ebitda_fp3/cap,126)-ts_rank(anl14_numofests_capex_fp5/cap,126),market)","{""instrumentType"": ""EQUITY"", ""region"": ""USA"", ""universe"": ""TOP3000"", ""delay"": 1, ""decay"": 6, ""neutralization"": ""MARKET"", ""truncation"": 0.05, ""pasteurization"": ""ON"", ""unitHandling"": ""VERIFY"", ""nanHandling"": ""ON"", ""language"": ""FASTEXPR"", ""visualization"": false}",0,ab5bf9d9c028e4934f762266d366433fb415f48e0d024ae8265dba753d5d98e8,"group_neutralize(sub(ts_rank(div(anl14_stddev_ebitda_fp3,cap),#),ts_rank(div(anl14_numofests_capex_fp5,cap),#)),market)","group_neutralize(sub(ts_rank(div(FIELD,FIELD),#),ts_rank(div(FIELD,FIELD),#)),market)",2026-08-02T11:10:55.183195+00:00
arch_spread:primary,arch_spread,proven,7.8,"group_neutralize(ts_rank(anl14_numofests_ebitda_fp4/cap,126)-ts_rank(anl14_median_ndebt_fp4/cap,126),market)","{""instrumentType"": ""EQUITY"", ""region"": ""USA"", ""universe"": ""TOP3000"", ""delay"": 1, ""decay"": 6, ""neutralization"": ""MARKET"", ""truncation"": 0.05, ""pasteurization"": ""ON"", ""unitHandling"": ""VERIFY"", ""nanHandling"": ""ON"", ""language"": ""FASTEXPR"", ""visualization"": false}",0,f8c30aa80cb35d52bd78ea05f912718e83ce1bb4a641ca49bccd8fd2194a79ca,"group_neutralize(sub(ts_rank(div(anl14_numofests_ebitda_fp4,cap),#),ts_rank(div(anl14_median_ndebt_fp4,cap),#)),market)","group_neutralize(sub(ts_rank(div(FIELD,FIELD),#),ts_rank(div(FIELD,FIELD),#)),market)",2026-08-02T11:10:55.183195+00:00
arch_pv_vol:primary,arch_pv_vol,proven,7.75,"group_neutralize(rank(ts_mean(volume,63)/adv20)*-rank(ts_delta(close,126)),market)","{""instrumentType"": ""EQUITY"", ""region"": ""USA"", ""universe"": ""TOP3000"", ""delay"": 1, ""decay"": 6, ""neutralization"": ""MARKET"", ""truncation"": 0.06, ""pasteurization"": ""ON"", ""unitHandling"": ""VERIFY"", ""nanHandling"": ""ON"", ""language"": ""FASTEXPR"", ""visualization"": false}",0,cb5ea76e4c03e662770e84787c9a252a82b757f8ad04907d801dd784fa968ce6,"group_neutralize(mul(div(ts_mean(volume,#),adv20),neg(ts_delta(close,#))),market)","group_neutralize(mul(div(ts_mean(FIELD,#),FIELD),neg(ts_delta(FIELD,#))),market)",2026-08-02T11:10:55.183195+00:00
arch_pv_vol:primary,arch_pv_vol,proven,7.75,"group_neutralize(rank(ts_mean(volume,126)/adv20)*-rank(ts_delta(close,63)),market)","{""instrumentType"": ""EQUITY"", ""region"": ""USA"", ""universe"": ""TOP3000"", ""delay"": 1, ""decay"": 6, ""neutralization"": ""MARKET"", ""truncation"": 0.06, ""pasteurization"": ""ON"", ""unitHandling"": ""VERIFY"", ""nanHandling"": ""ON"", ""language"": ""FASTEXPR"", ""visualization"": false}",0,e319d0abb7c0d100d66267213a20b02875b46fe15cdc5413f46d38efe9a1b61a,"group_neutralize(mul(div(ts_mean(volume,#),adv20),neg(ts_delta(close,#))),market)","group_neutralize(mul(div(ts_mean(FIELD,#),FIELD),neg(ts_delta(FIELD,#))),market)",2026-08-02T11:10:55.183195+00:00
arch_regime_shift:primary,arch_regime_shift,proven,7.75,"group_neutralize(ts_zscore(anl10_analyst_innovation_eps_revise_ratio_to_consensus_fy1/cap,63)-ts_zscore(anl10_analyst_innovation_eps_revise_ratio_to_consensus_fy1/cap,126),market)","{""instrumentType"": ""EQUITY"", ""region"": ""USA"", ""universe"": ""TOP3000"", ""delay"": 1, ""decay"": 6, ""neutralization"": ""MARKET"", ""truncation"": 0.05, ""pasteurization"": ""ON"", ""unitHandling"": ""VERIFY"", ""nanHandling"": ""ON"", ""language"": ""FASTEXPR"", ""visualization"": false}",0,92094415d4fafe93e9bef01d65f637fa3f9fd848da96c26c8de88fbff5ccabf3,"group_neutralize(sub(ts_zscore(div(anl10_analyst_innovation_eps_revise_ratio_to_consensus_fy1,cap),#),ts_zscore(div(anl10_analyst_innovation_eps_revise_ratio_to_consensus_fy1,cap),#)),market)","group_neutralize(sub(ts_zscore(div(FIELD,FIELD),#),ts_zscore(div(FIELD,FIELD),#)),market)",2026-08-02T11:10:55.183195+00:00
arch_regime_shift:primary,arch_regime_shift,proven,7.75,"group_neutralize(ts_zscore(anl10_analyst_innovation_eps_revise_ratio_to_consensus_fy2/cap,63)-ts_zscore(anl10_analyst_innovation_eps_revise_ratio_to_consensus_fy2/cap,126),market)","{""instrumentType"": ""EQUITY"", ""region"": ""USA"", ""universe"": ""TOP3000"", ""delay"": 1, ""decay"": 6, ""neutralization"": ""MARKET"", ""truncation"": 0.05, ""pasteurization"": ""ON"", ""unitHandling"": ""VERIFY"", ""nanHandling"": ""ON"", ""language"": ""FASTEXPR"", ""visualization"": false}",0,38f350d19a1c94e2248a61e6381118436d404e1f913887c2ffa7409331deb121,"group_neutralize(sub(ts_zscore(div(anl10_analyst_innovation_eps_revise_ratio_to_consensus_fy2,cap),#),ts_zscore(div(anl10_analyst_innovation_eps_revise_ratio_to_consensus_fy2,cap),#)),market)","group_neutralize(sub(ts_zscore(div(FIELD,FIELD),#),ts_zscore(div(FIELD,FIELD),#)),market)",2026-08-02T11:10:55.183195+00:00
arch_regime_shift:primary,arch_regime_shift,proven,7.75,"group_neutralize(ts_zscore(anl10_analyst_innovation_eps_revise_ratio_to_consensus_fq1/cap,63)-ts_zscore(anl10_analyst_innovation_eps_revise_ratio_to_consensus_fq1/cap,126),market)","{""instrumentType"": ""EQUITY"", ""region"": ""USA"", ""universe"": ""TOP3000"", ""delay"": 1, ""decay"": 6, ""neutralization"": ""MARKET"", ""truncation"": 0.05, ""pasteurization"": ""ON"", ""unitHandling"": ""VERIFY"", ""nanHandling"": ""ON"", ""language"": ""FASTEXPR"", ""visualization"": false}",0,9e95d9cf24768d33d35ac1d79a9a70729f06c1ccce5f08655b37eed64b300431,"group_neutralize(sub(ts_zscore(div(anl10_analyst_innovation_eps_revise_ratio_to_consensus_fq1,cap),#),ts_zscore(div(anl10_analyst_innovation_eps_revise_ratio_to_consensus_fq1,cap),#)),market)","group_neutralize(sub(ts_zscore(div(FIELD,FIELD),#),ts_zscore(div(FIELD,FIELD),#)),market)",2026-08-02T11:10:55.183195+00:00
arch_vol_liq:primary,arch_vol_liq,proven,7.700000000000001,"group_neutralize(-rank(ts_std_dev(returns,126))*rank(ts_mean(volume,63)/adv20),sector)","{""instrumentType"": ""EQUITY"", ""region"": ""USA"", ""universe"": ""TOP3000"", ""delay"": 1, ""decay"": 4, ""neutralization"": ""MARKET"", ""truncation"": 0.06, ""pasteurization"": ""ON"", ""unitHandling"": ""VERIFY"", ""nanHandling"": ""ON"", ""language"": ""FASTEXPR"", ""visualization"": false}",0,fabde534d87120609c453b1d4fe8697e506a7adda35552a0150d610209bc42d3,"group_neutralize(neg(mul(div(ts_mean(volume,#),adv20),ts_std_dev(returns,#))),sector)","group_neutralize(neg(mul(div(ts_mean(FIELD,#),FIELD),ts_std_dev(FIELD,#))),sector)",2026-08-02T11:10:55.183195+00:00
arch_pv_vol:primary,arch_pv_vol,proven,7.65,"group_neutralize(rank(ts_mean(volume,63)/adv20)*-rank(ts_delta(close,126)),sector)","{""instrumentType"": ""EQUITY"", ""region"": ""USA"", ""universe"": ""TOP3000"", ""delay"": 1, ""decay"": 6, ""neutralization"": ""MARKET"", ""truncation"": 0.06, ""pasteurization"": ""ON"", ""unitHandling"": ""VERIFY"", ""nanHandling"": ""ON"", ""language"": ""FASTEXPR"", ""visualization"": false}",0,129f39268112f7b5f6bb6a358c76b1ed4e9ec151737902d121b9189cb518b3d9,"group_neutralize(mul(div(ts_mean(volume,#),adv20),neg(ts_delta(close,#))),sector)","group_neutralize(mul(div(ts_mean(FIELD,#),FIELD),neg(ts_delta(FIELD,#))),sector)",2026-08-02T11:10:55.183195+00:00
arch_pv_vol:primary,arch_pv_vol,proven,7.65,"group_neutralize(rank(ts_mean(volume,126)/adv20)*-rank(ts_delta(close,63)),sector)","{""instrumentType"": ""EQUITY"", ""region"": ""USA"", ""universe"": ""TOP3000"", ""delay"": 1, ""decay"": 6, ""neutralization"": ""MARKET"", ""truncation"": 0.06, ""pasteurization"": ""ON"", ""unitHandling"": ""VERIFY"", ""nanHandling"": ""ON"", ""language"": ""FASTEXPR"", ""visualization"": false}",0,74e0a38321f37028de41e6f9343cb31412f868b5b0c50447d8d98e25b207edae,"group_neutralize(mul(div(ts_mean(volume,#),adv20),neg(ts_delta(close,#))),sector)","group_neutralize(mul(div(ts_mean(FIELD,#),FIELD),neg(ts_delta(FIELD,#))),sector)",2026-08-02T11:10:55.183195+00:00
arch_pv_vol:primary,arch_pv_vol,proven,7.65,"group_neutralize(rank(ts_mean(volume,42)/adv20)*-rank(ts_delta(close,126)),market)","{""instrumentType"": ""EQUITY"", ""region"": ""USA"", ""universe"": ""TOP3000"", ""delay"": 1, ""decay"": 6, ""neutralization"": ""MARKET"", ""truncation"": 0.06, ""pasteurization"": ""ON"", ""unitHandling"": ""VERIFY"", ""nanHandling"": ""ON"", ""language"": ""FASTEXPR"", ""visualization"": false}",0,edf87b799f917abba22b3eb421740c3e467fc037c6ac5245482ae1446009a406,"group_neutralize(mul(div(ts_mean(volume,#),adv20),neg(ts_delta(close,#))),market)","group_neutralize(mul(div(ts_mean(FIELD,#),FIELD),neg(ts_delta(FIELD,#))),market)",2026-08-02T11:10:55.183195+00:00
arch_hybrid_z_pv:primary,arch_hybrid_z_pv,proven,7.65,"group_neutralize(ts_zscore(anl10_analyst_innovation_eps_innovation_score_fy1/cap,126)+(ts_rank(vwap/close,126)-0.5)*0.3,market)","{""instrumentType"": ""EQUITY"", ""region"": ""USA"", ""universe"": ""TOP3000"", ""delay"": 1, ""decay"": 4, ""neutralization"": ""MARKET"", ""truncation"": 0.05, ""pasteurization"": ""ON"", ""unitHandling"": ""VERIFY"", ""nanHandling"": ""ON"", ""language"": ""FASTEXPR"", ""visualization"": false}",0,62f601ee15c7c6d54eab73339279383581cd027722b180bed0b0311b2555787a,"group_neutralize(add(mul(#,sub(ts_rank(div(vwap,close),#),#)),ts_zscore(div(anl10_analyst_innovation_eps_innovation_score_fy1,cap),#)),market)","group_neutralize(add(mul(#,sub(ts_rank(div(FIELD,FIELD),#),#)),ts_zscore(div(FIELD,FIELD),#)),market)",2026-08-02T11:10:55.183195+00:00
arch_hybrid_z_pv:primary,arch_hybrid_z_pv,proven,7.65,"group_neutralize(ts_zscore(anl10_analyst_innovation_eps_innovation_score_fy2/cap,126)+(ts_rank(vwap/close,126)-0.5)*0.3,market)","{""instrumentType"": ""EQUITY"", ""region"": ""USA"", ""universe"": ""TOP3000"", ""delay"": 1, ""decay"": 4, ""neutralization"": ""MARKET"", ""truncation"": 0.05, ""pasteurization"": ""ON"", ""unitHandling"": ""VERIFY"", ""nanHandling"": ""ON"", ""language"": ""FASTEXPR"", ""visualization"": false}",0,e85e1db76239f174fd60c59c17a9a2e1c6fa2fa7e0a6d90ba36f02793a5e18c0,"group_neutralize(add(mul(#,sub(ts_rank(div(vwap,close),#),#)),ts_zscore(div(anl10_analyst_innovation_eps_innovation_score_fy2,cap),#)),market)","group_neutralize(add(mul(#,sub(ts_rank(div(FIELD,FIELD),#),#)),ts_zscore(div(FIELD,FIELD),#)),market)",2026-08-02T11:10:55.183195+00:00
arch_hybrid_z_pv:primary,arch_hybrid_z_pv,proven,7.65,"group_neutralize(ts_zscore(anl10_analyst_innovation_eps_innovate_decrease_fy1/cap,126)+(ts_rank(vwap/close,126)-0.5)*0.3,sector)","{""instrumentType"": ""EQUITY"", ""region"": ""USA"", ""universe"": ""TOP3000"", ""delay"": 1, ""decay"": 4, ""neutralization"": ""MARKET"", ""truncation"": 0.05, ""pasteurization"": ""ON"", ""unitHandling"": ""VERIFY"", ""nanHandling"": ""ON"", ""language"": ""FASTEXPR"", ""visualization"": false}",0,34419a6fb5ca1d3928092788b53acaaaaa405a0ae00b2c440b75d04d3033b93f,"group_neutralize(add(mul(#,sub(ts_rank(div(vwap,close),#),#)),ts_zscore(div(anl10_analyst_innovation_eps_innovate_decrease_fy1,cap),#)),sector)","group_neutralize(add(mul(#,sub(ts_rank(div(FIELD,FIELD),#),#)),ts_zscore(div(FIELD,FIELD),#)),sector)",2026-08-02T11:10:55.183195+00:00
arch_hybrid_z_pv:primary,arch_hybrid_z_pv,proven,7.65,"group_neutralize(ts_zscore(anl10_analyst_innovation_eps_normal_decrease_fy1/cap,126)+(ts_rank(vwap/close,126)-0.5)*0.3,industry)","{""instrumentType"": ""EQUITY"", ""region"": ""USA"", ""universe"": ""TOP3000"", ""delay"": 1, ""decay"": 4, ""neutralization"": ""MARKET"", ""truncation"": 0.05, ""pasteurization"": ""ON"", ""unitHandling"": ""VERIFY"", ""nanHandling"": ""ON"", ""language"": ""FASTEXPR"", ""visualization"": false}",0,67f6c6aee70a50470ed0879ec3d84f0df7a53c2a32b7a27f18009115331d4244,"group_neutralize(add(mul(#,sub(ts_rank(div(vwap,close),#),#)),ts_zscore(div(anl10_analyst_innovation_eps_normal_decrease_fy1,cap),#)),industry)","group_neutralize(add(mul(#,sub(ts_rank(div(FIELD,FIELD),#),#)),ts_zscore(div(FIELD,FIELD),#)),industry)",2026-08-02T11:10:55.183195+00:00
arch_hybrid_z_pv:primary,arch_hybrid_z_pv,proven,7.65,"group_neutralize(ts_zscore(anl10_analyst_innovation_eps_innovate_increase_fy1/cap,126)+(ts_rank(vwap/close,126)-0.5)*0.3,market)","{""instrumentType"": ""EQUITY"", ""region"": ""USA"", ""universe"": ""TOP3000"", ""delay"": 1, ""decay"": 4, ""neutralization"": ""MARKET"", ""truncation"": 0.05, ""pasteurization"": ""ON"", ""unitHandling"": ""VERIFY"", ""nanHandling"": ""ON"", ""language"": ""FASTEXPR"", ""visualization"": false}",0,a17f69501d6ef4555a400da585fa42c45ace37164ec612fec6b0a75065aa9e9f,"group_neutralize(add(mul(#,sub(ts_rank(div(vwap,close),#),#)),ts_zscore(div(anl10_analyst_innovation_eps_innovate_increase_fy1,cap),#)),market)","group_neutralize(add(mul(#,sub(ts_rank(div(FIELD,FIELD),#),#)),ts_zscore(div(FIELD,FIELD),#)),market)",2026-08-02T11:10:55.183195+00:00
arch_hybrid_z_pv:primary,arch_hybrid_z_pv,proven,7.65,"group_neutralize(ts_zscore(anl10_analyst_innovation_eps_innovate_increase_fy2/cap,126)+(ts_rank(vwap/close,126)-0.5)*0.3,sector)","{""instrumentType"": ""EQUITY"", ""region"": ""USA"", ""universe"": ""TOP3000"", ""delay"": 1, ""decay"": 4, ""neutralization"": ""MARKET"", ""truncation"": 0.05, ""pasteurization"": ""ON"", ""unitHandling"": ""VERIFY"", ""nanHandling"": ""ON"", ""language"": ""FASTEXPR"", ""visualization"": false}",0,21deaebbb48068ca38ceae962975e8af9d3cc346adea6e95e95b91e82cb46dc3,"group_neutralize(add(mul(#,sub(ts_rank(div(vwap,close),#),#)),ts_zscore(div(anl10_analyst_innovation_eps_innovate_increase_fy2,cap),#)),sector)","group_neutralize(add(mul(#,sub(ts_rank(div(FIELD,FIELD),#),#)),ts_zscore(div(FIELD,FIELD),#)),sector)",2026-08-02T11:10:55.183195+00:00
arch_hybrid_z_pv:primary,arch_hybrid_z_pv,proven,7.65,"group_neutralize(ts_zscore(anl10_analyst_innovation_eps_innovate_decrease_fq1/cap,126)+(ts_rank(vwap/close,126)-0.5)*0.3,sector)","{""instrumentType"": ""EQUITY"", ""region"": ""USA"", ""universe"": ""TOP3000"", ""delay"": 1, ""decay"": 4, ""neutralization"": ""MARKET"", ""truncation"": 0.05, ""pasteurization"": ""ON"", ""unitHandling"": ""VERIFY"", ""nanHandling"": ""ON"", ""language"": ""FASTEXPR"", ""visualization"": false}",0,ccdbf892e62df32ab0bc90b1bc34df34c4ef451d58dc4e9ffb32336ea8afbfe9,"group_neutralize(add(mul(#,sub(ts_rank(div(vwap,close),#),#)),ts_zscore(div(anl10_analyst_innovation_eps_innovate_decrease_fq1,cap),#)),sector)","group_neutralize(add(mul(#,sub(ts_rank(div(FIELD,FIELD),#),#)),ts_zscore(div(FIELD,FIELD),#)),sector)",2026-08-02T11:10:55.183195+00:00
arch_hybrid_z_pv:primary,arch_hybrid_z_pv,proven,7.65,"group_neutralize(ts_zscore(anl10_analyst_innovation_eps_innovate_increase_fq1/cap,126)+(ts_rank(vwap/close,126)-0.5)*0.3,market)","{""instrumentType"": ""EQUITY"", ""region"": ""USA"", ""universe"": ""TOP3000"", ""delay"": 1, ""decay"": 4, ""neutralization"": ""MARKET"", ""truncation"": 0.05, ""pasteurization"": ""ON"", ""unitHandling"": ""VERIFY"", ""nanHandling"": ""ON"", ""language"": ""FASTEXPR"", ""visualization"": false}",0,9977e872d070033e8253dda763abf4724b067ef8a4936edc10ebd6af2521009d,"group_neutralize(add(mul(#,sub(ts_rank(div(vwap,close),#),#)),ts_zscore(div(anl10_analyst_innovation_eps_innovate_increase_fq1,cap),#)),market)","group_neutralize(add(mul(#,sub(ts_rank(div(FIELD,FIELD),#),#)),ts_zscore(div(FIELD,FIELD),#)),market)",2026-08-02T11:10:55.183195+00:00
arch_hybrid_z_pv:primary,arch_hybrid_z_pv,proven,7.65,"group_neutralize(ts_zscore(anl10_analyst_innovation_eps_innovate_decrease_fq2/cap,126)+(ts_rank(vwap/close,126)-0.5)*0.3,sector)","{""instrumentType"": ""EQUITY"", ""region"": ""USA"", ""universe"": ""TOP3000"", ""delay"": 1, ""decay"": 4, ""neutralization"": ""MARKET"", ""truncation"": 0.05, ""pasteurization"": ""ON"", ""unitHandling"": ""VERIFY"", ""nanHandling"": ""ON"", ""language"": ""FASTEXPR"", ""visualization"": false}",0,e9a9e79127407f3c7a205f9d01e63371b5be98b2ce89b75cb149a5afb97883fd,"group_neutralize(add(mul(#,sub(ts_rank(div(vwap,close),#),#)),ts_zscore(div(anl10_analyst_innovation_eps_innovate_decrease_fq2,cap),#)),sector)","group_neutralize(add(mul(#,sub(ts_rank(div(FIELD,FIELD),#),#)),ts_zscore(div(FIELD,FIELD),#)),sector)",2026-08-02T11:10:55.183195+00:00
arch_hybrid_z_pv:primary,arch_hybrid_z_pv,proven,7.65,"group_neutralize(ts_zscore(anl10_analyst_innovation_eps_innovate_increase_fq2/cap,126)+(ts_rank(vwap/close,126)-0.5)*0.3,sector)","{""instrumentType"": ""EQUITY"", ""region"": ""USA"", ""universe"": ""TOP3000"", ""delay"": 1, ""decay"": 4, ""neutralization"": ""MARKET"", ""truncation"": 0.05, ""pasteurization"": ""ON"", ""unitHandling"": ""VERIFY"", ""nanHandling"": ""ON"", ""language"": ""FASTEXPR"", ""visualization"": false}",0,8b0fcc26abc703729fc95ba71423eef62404bc60abd5e47bd3f757d64b65469e,"group_neutralize(add(mul(#,sub(ts_rank(div(vwap,close),#),#)),ts_zscore(div(anl10_analyst_innovation_eps_innovate_increase_fq2,cap),#)),sector)","group_neutralize(add(mul(#,sub(ts_rank(div(FIELD,FIELD),#),#)),ts_zscore(div(FIELD,FIELD),#)),sector)",2026-08-02T11:10:55.183195+00:00
arch_hybrid_z_pv:primary,arch_hybrid_z_pv,proven,7.65,"group_neutralize(ts_zscore(anl10_analyst_innovation_eps_innovation_score_fq2/cap,126)+(ts_rank(vwap/close,126)-0.5)*0.3,industry)","{""instrumentType"": ""EQUITY"", ""region"": ""USA"", ""universe"": ""TOP3000"", ""delay"": 1, ""decay"": 4, ""neutralization"": ""MARKET"", ""truncation"": 0.05, ""pasteurization"": ""ON"", ""unitHandling"": ""VERIFY"", ""nanHandling"": ""ON"", ""language"": ""FASTEXPR"", ""visualization"": false}",0,fb7afed598ef43c905b65dc0bd165f1febf51a1a72134360a02637f887ce9174,"group_neutralize(add(mul(#,sub(ts_rank(div(vwap,close),#),#)),ts_zscore(div(anl10_analyst_innovation_eps_innovation_score_fq2,cap),#)),industry)","group_neutralize(add(mul(#,sub(ts_rank(div(FIELD,FIELD),#),#)),ts_zscore(div(FIELD,FIELD),#)),industry)",2026-08-02T11:10:55.183195+00:00
arch_hybrid_z_pv:primary,arch_hybrid_z_pv,proven,7.65,"group_neutralize(ts_zscore(anl10_analyst_innovation_eps_innovate_decrease_fy2/cap,126)+(ts_rank(vwap/close,126)-0.5)*0.3,industry)","{""instrumentType"": ""EQUITY"", ""region"": ""USA"", ""universe"": ""TOP3000"", ""delay"": 1, ""decay"": 4, ""neutralization"": ""MARKET"", ""truncation"": 0.05, ""pasteurization"": ""ON"", ""unitHandling"": ""VERIFY"", ""nanHandling"": ""ON"", ""language"": ""FASTEXPR"", ""visualization"": false}",0,9972b33a4db78752c16844603e1fc2824610daef7e76e326ff43f605df5019cf,"group_neutralize(add(mul(#,sub(ts_rank(div(vwap,close),#),#)),ts_zscore(div(anl10_analyst_innovation_eps_innovate_decrease_fy2,cap),#)),industry)","group_neutralize(add(mul(#,sub(ts_rank(div(FIELD,FIELD),#),#)),ts_zscore(div(FIELD,FIELD),#)),industry)",2026-08-02T11:10:55.183195+00:00
arch_pv_vol:primary,arch_pv_vol,proven,7.6,"group_neutralize(rank(ts_mean(volume,63)/adv20)*-rank(ts_delta(close,63)),market)","{""instrumentType"": ""EQUITY"", ""region"": ""USA"", ""universe"": ""TOP3000"", ""delay"": 1, ""decay"": 6, ""neutralization"": ""MARKET"", ""truncation"": 0.06, ""pasteurization"": ""ON"", ""unitHandling"": ""VERIFY"", ""nanHandling"": ""ON"", ""language"": ""FASTEXPR"", ""visualization"": false}",0,370f1d36bf3657c7e667727216edf6cba1595c8fb5a8858045351d82b17dc124,"group_neutralize(mul(div(ts_mean(volume,#),adv20),neg(ts_delta(close,#))),market)","group_neutralize(mul(div(ts_mean(FIELD,#),FIELD),neg(ts_delta(FIELD,#))),market)",2026-08-02T11:10:55.183195+00:00
arch_pv_vol:primary,arch_pv_vol,proven,7.5,"group_neutralize(rank(ts_mean(volume,63)/adv20)*-rank(ts_delta(close,63)),sector)","{""instrumentType"": ""EQUITY"", ""region"": ""USA"", ""universe"": ""TOP3000"", ""delay"": 1, ""decay"": 6, ""neutralization"": ""MARKET"", ""truncation"": 0.06, ""pasteurization"": ""ON"", ""unitHandling"": ""VERIFY"", ""nanHandling"": ""ON"", ""language"": ""FASTEXPR"", ""visualization"": false}",0,32f98d7f3bc5ebb2fb609aa075450e3c3c4ae9788d3979539a51c49d869d62c1,"group_neutralize(mul(div(ts_mean(volume,#),adv20),neg(ts_delta(close,#))),sector)","group_neutralize(mul(div(ts_mean(FIELD,#),FIELD),neg(ts_delta(FIELD,#))),sector)",2026-08-02T11:10:55.183195+00:00
arch_pv_vol:primary,arch_pv_vol,proven,7.5,"group_neutralize(rank(ts_mean(volume,42)/adv20)*-rank(ts_delta(close,63)),market)","{""instrumentType"": ""EQUITY"", ""region"": ""USA"", ""universe"": ""TOP3000"", ""delay"": 1, ""decay"": 6, ""neutralization"": ""MARKET"", ""truncation"": 0.06, ""pasteurization"": ""ON"", ""unitHandling"": ""VERIFY"", ""nanHandling"": ""ON"", ""language"": ""FASTEXPR"", ""visualization"": false}",0,ac844f55b50e2d2e2f98dd4e19619319d3a7be1d194d9d585606fc1e50abfbd9,"group_neutralize(mul(div(ts_mean(volume,#),adv20),neg(ts_delta(close,#))),market)","group_neutralize(mul(div(ts_mean(FIELD,#),FIELD),neg(ts_delta(FIELD,#))),market)",2026-08-02T11:10:55.183195+00:00
arch_delta_ts_rank:primary,arch_delta_ts_rank,proven,7.5,"group_neutralize(ts_rank(ts_delta(anl10_analyst_innovation_eps_innovation_score_fy1,126)/cap,126)-0.5,market)","{""instrumentType"": ""EQUITY"", ""region"": ""USA"", ""universe"": ""TOP3000"", ""delay"": 1, ""decay"": 6, ""neutralization"": ""MARKET"", ""truncation"": 0.05, ""pasteurization"": ""ON"", ""unitHandling"": ""VERIFY"", ""nanHandling"": ""ON"", ""language"": ""FASTEXPR"", ""visualization"": false}",0,2d1ec92073c0d2600c4daf0462a44bbeafb9cb9541be71be1138ada15a603833,"group_neutralize(sub(ts_rank(div(ts_delta(anl10_analyst_innovation_eps_innovation_score_fy1,#),cap),#),#),market)","group_neutralize(sub(ts_rank(div(ts_delta(FIELD,#),FIELD),#),#),market)",2026-08-02T11:10:55.183195+00:00
arch_delta_ts_rank:primary,arch_delta_ts_rank,proven,7.5,"group_neutralize(ts_rank(ts_delta(anl10_analyst_innovation_eps_innovation_score_fy2,126)/cap,126)-0.5,market)","{""instrumentType"": ""EQUITY"", ""region"": ""USA"", ""universe"": ""TOP3000"", ""delay"": 1, ""decay"": 6, ""neutralization"": ""MARKET"", ""truncation"": 0.05, ""pasteurization"": ""ON"", ""unitHandling"": ""VERIFY"", ""nanHandling"": ""ON"", ""language"": ""FASTEXPR"", ""visualization"": false}",0,b602cc6bed863b88e1839dfecb6f80e0a355726afb12f03a17bc5d339f341b5a,"group_neutralize(sub(ts_rank(div(ts_delta(anl10_analyst_innovation_eps_innovation_score_fy2,#),cap),#),#),market)","group_neutralize(sub(ts_rank(div(ts_delta(FIELD,#),FIELD),#),#),market)",2026-08-02T11:10:55.183195+00:00
arch_delta_ts_rank:primary,arch_delta_ts_rank,proven,7.5,"group_neutralize(ts_rank(ts_delta(anl10_analyst_innovation_eps_innovate_decrease_fy1,126)/cap,126)-0.5,sector)","{""instrumentType"": ""EQUITY"", ""region"": ""USA"", ""universe"": ""TOP3000"", ""delay"": 1, ""decay"": 6, ""neutralization"": ""MARKET"", ""truncation"": 0.05, ""pasteurization"": ""ON"", ""unitHandling"": ""VERIFY"", ""nanHandling"": ""ON"", ""language"": ""FASTEXPR"", ""visualization"": false}",0,a985e8ab37ef4fba4149a8f6770932620ae428b4704263739f23fd20a3ba65bd,"group_neutralize(sub(ts_rank(div(ts_delta(anl10_analyst_innovation_eps_innovate_decrease_fy1,#),cap),#),#),sector)","group_neutralize(sub(ts_rank(div(ts_delta(FIELD,#),FIELD),#),#),sector)",2026-08-02T11:10:55.183195+00:00
arch_delta_ts_rank:primary,arch_delta_ts_rank,proven,7.5,"group_neutralize(ts_rank(ts_delta(anl10_analyst_innovation_eps_normal_decrease_fy1,126)/cap,126)-0.5,industry)","{""instrumentType"": ""EQUITY"", ""region"": ""USA"", ""universe"": ""TOP3000"", ""delay"": 1, ""decay"": 6, ""neutralization"": ""MARKET"", ""truncation"": 0.05, ""pasteurization"": ""ON"", ""unitHandling"": ""VERIFY"", ""nanHandling"": ""ON"", ""language"": ""FASTEXPR"", ""visualization"": false}",0,452634942c500b6403f84a0790050b7b75bebb49afd64b1e6ef8a9b1444933e4,"group_neutralize(sub(ts_rank(div(ts_delta(anl10_analyst_innovation_eps_normal_decrease_fy1,#),cap),#),#),industry)","group_neutralize(sub(ts_rank(div(ts_delta(FIELD,#),FIELD),#),#),industry)",2026-08-02T11:10:55.183195+00:00
arch_delta_ts_rank:primary,arch_delta_ts_rank,proven,7.5,"group_neutralize(ts_rank(ts_delta(anl10_analyst_innovation_eps_innovate_increase_fy1,126)/cap,126)-0.5,market)","{""instrumentType"": ""EQUITY"", ""region"": ""USA"", ""universe"": ""TOP3000"", ""delay"": 1, ""decay"": 6, ""neutralization"": ""MARKET"", ""truncation"": 0.05, ""pasteurization"": ""ON"", ""unitHandling"": ""VERIFY"", ""nanHandling"": ""ON"", ""language"": ""FASTEXPR"", ""visualization"": false}",0,f61e74badd1de423c2fe5e8b6ad6a247e267f17ab6ffd791201ee03e6bda3315,"group_neutralize(sub(ts_rank(div(ts_delta(anl10_analyst_innovation_eps_innovate_increase_fy1,#),cap),#),#),market)","group_neutralize(sub(ts_rank(div(ts_delta(FIELD,#),FIELD),#),#),market)",2026-08-02T11:10:55.183195+00:00
arch_delta_ts_rank:primary,arch_delta_ts_rank,proven,7.5,"group_neutralize(ts_rank(ts_delta(anl10_analyst_innovation_eps_innovate_increase_fy2,126)/cap,126)-0.5,sector)","{""instrumentType"": ""EQUITY"", ""region"": ""USA"", ""universe"": ""TOP3000"", ""delay"": 1, ""decay"": 6, ""neutralization"": ""MARKET"", ""truncation"": 0.05, ""pasteurization"": ""ON"", ""unitHandling"": ""VERIFY"", ""nanHandling"": ""ON"", ""language"": ""FASTEXPR"", ""visualization"": false}",0,98d035d1b7341a1b509c3238936223424ddb109f95bdf5fc4f079efe15acea25,"group_neutralize(sub(ts_rank(div(ts_delta(anl10_analyst_innovation_eps_innovate_increase_fy2,#),cap),#),#),sector)","group_neutralize(sub(ts_rank(div(ts_delta(FIELD,#),FIELD),#),#),sector)",2026-08-02T11:10:55.183195+00:00
arch_delta_ts_rank:primary,arch_delta_ts_rank,proven,7.5,"group_neutralize(ts_rank(ts_delta(anl10_analyst_innovation_eps_innovate_decrease_fq1,126)/cap,126)-0.5,sector)","{""instrumentType"": ""EQUITY"", ""region"": ""USA"", ""universe"": ""TOP3000"", ""delay"": 1, ""decay"": 6, ""neutralization"": ""MARKET"", ""truncation"": 0.05, ""pasteurization"": ""ON"", ""unitHandling"": ""VERIFY"", ""nanHandling"": ""ON"", ""language"": ""FASTEXPR"", ""visualization"": false}",0,15f2fe6f13a17ca204d6937cb7d05c7c7a38512c9c4db4b96161f1dafc6e07fd,"group_neutralize(sub(ts_rank(div(ts_delta(anl10_analyst_innovation_eps_innovate_decrease_fq1,#),cap),#),#),sector)","group_neutralize(sub(ts_rank(div(ts_delta(FIELD,#),FIELD),#),#),sector)",2026-08-02T11:10:55.183195+00:00
arch_hybrid_z_liq:primary,arch_hybrid_z_liq,proven,11.35,"group_neutralize(ts_zscore(anl14_stddev_ebitda_fp3/cap,126)*rank(ts_mean(volume,63)/adv20),market)","{""instrumentType"": ""EQUITY"", ""region"": ""USA"", ""universe"": ""TOP3000"", ""delay"": 1, ""decay"": 4, ""neutralization"": ""MARKET"", ""truncation"": 0.05, ""pasteurization"": ""ON"", ""unitHandling"": ""VERIFY"", ""nanHandling"": ""ON"", ""language"": ""FASTEXPR"", ""visualization"": false}",0,e4f02f57c48bf3e1985c8f49774711d79fa1b23a5cc6121767b5110f3cedf2eb,"group_neutralize(mul(div(ts_mean(volume,#),adv20),ts_zscore(div(anl14_stddev_ebitda_fp3,cap),#)),market)","group_neutralize(mul(div(ts_mean(FIELD,#),FIELD),ts_zscore(div(FIELD,FIELD),#)),market)",2026-08-02T11:11:17.969217+00:00
arch_hybrid_z_liq:primary,arch_hybrid_z_liq,proven,11.35,"group_neutralize(ts_zscore(anl14_stddev_ebitda_fy3/cap,126)*rank(ts_mean(volume,63)/adv20),market)","{""instrumentType"": ""EQUITY"", ""region"": ""USA"", ""universe"": ""TOP3000"", ""delay"": 1, ""decay"": 4, ""neutralization"": ""MARKET"", ""truncation"": 0.05, ""pasteurization"": ""ON"", ""unitHandling"": ""VERIFY"", ""nanHandling"": ""ON"", ""language"": ""FASTEXPR"", ""visualization"": false}",0,c487e1c492066a9ba078bd2d6ca48d17bf6a86fd0ff6007d38a23be3fc6f5755,"group_neutralize(mul(div(ts_mean(volume,#),adv20),ts_zscore(div(anl14_stddev_ebitda_fy3,cap),#)),market)","group_neutralize(mul(div(ts_mean(FIELD,#),FIELD),ts_zscore(div(FIELD,FIELD),#)),market)",2026-08-02T11:11:17.969217+00:00
arch_hybrid_z_liq:primary,arch_hybrid_z_liq,proven,11.35,"group_neutralize(ts_zscore(anl14_stddev_ebitda_fy2/cap,126)*rank(ts_mean(volume,63)/adv20),market)","{""instrumentType"": ""EQUITY"", ""region"": ""USA"", ""universe"": ""TOP3000"", ""delay"": 1, ""decay"": 4, ""neutralization"": ""MARKET"", ""truncation"": 0.05, ""pasteurization"": ""ON"", ""unitHandling"": ""VERIFY"", ""nanHandling"": ""ON"", ""language"": ""FASTEXPR"", ""visualization"": false}",0,7331a2abfa44ada2582748a47e5c713e2c01e2f4d70079c09f118db25d863e46,"group_neutralize(mul(div(ts_mean(volume,#),adv20),ts_zscore(div(anl14_stddev_ebitda_fy2,cap),#)),market)","group_neutralize(mul(div(ts_mean(FIELD,#),FIELD),ts_zscore(div(FIELD,FIELD),#)),market)",2026-08-02T11:11:17.969217+00:00
arch_hybrid_z_liq:primary,arch_hybrid_z_liq,proven,11.35,"group_neutralize(ts_zscore(anl14_stddev_ebitda_fp2/cap,126)*rank(ts_mean(volume,63)/adv20),sector)","{""instrumentType"": ""EQUITY"", ""region"": ""USA"", ""universe"": ""TOP3000"", ""delay"": 1, ""decay"": 4, ""neutralization"": ""MARKET"", ""truncation"": 0.05, ""pasteurization"": ""ON"", ""unitHandling"": ""VERIFY"", ""nanHandling"": ""ON"", ""language"": ""FASTEXPR"", ""visualization"": false}",0,0951349d30d7ccc141e34967df1b2ca40761a7446a5ea7cd17ea5c8117f1586d,"group_neutralize(mul(div(ts_mean(volume,#),adv20),ts_zscore(div(anl14_stddev_ebitda_fp2,cap),#)),sector)","group_neutralize(mul(div(ts_mean(FIELD,#),FIELD),ts_zscore(div(FIELD,FIELD),#)),sector)",2026-08-02T11:11:17.969217+00:00
arch_hybrid_z_liq:primary,arch_hybrid_z_liq,proven,11.35,"group_neutralize(ts_zscore(anl14_median_ebitda_fy3/cap,126)*rank(ts_mean(volume,63)/adv20),sector)","{""instrumentType"": ""EQUITY"", ""region"": ""USA"", ""universe"": ""TOP3000"", ""delay"": 1, ""decay"": 4, ""neutralization"": ""MARKET"", ""truncation"": 0.05, ""pasteurization"": ""ON"", ""unitHandling"": ""VERIFY"", ""nanHandling"": ""ON"", ""language"": ""FASTEXPR"", ""visualization"": false}",0,425b9bc313729bfd4b820b532839a3f1e9d4a2a70ec36e66495d229c5b4bfdc4,"group_neutralize(mul(div(ts_mean(volume,#),adv20),ts_zscore(div(anl14_median_ebitda_fy3,cap),#)),sector)","group_neutralize(mul(div(ts_mean(FIELD,#),FIELD),ts_zscore(div(FIELD,FIELD),#)),sector)",2026-08-02T11:11:17.969217+00:00
arch_hybrid_z_liq:primary,arch_hybrid_z_liq,proven,11.35,"group_neutralize(ts_zscore(anl14_mean_ebitda_fp4/cap,126)*rank(ts_mean(volume,63)/adv20),industry)","{""instrumentType"": ""EQUITY"", ""region"": ""USA"", ""universe"": ""TOP3000"", ""delay"": 1, ""decay"": 4, ""neutralization"": ""MARKET"", ""truncation"": 0.05, ""pasteurization"": ""ON"", ""unitHandling"": ""VERIFY"", ""nanHandling"": ""ON"", ""language"": ""FASTEXPR"", ""visualization"": false}",0,eca2e31f0042f1b550741ea451332843a31062c02dff58a6ad0d194b0b8dd6da,"group_neutralize(mul(div(ts_mean(volume,#),adv20),ts_zscore(div(anl14_mean_ebitda_fp4,cap),#)),industry)","group_neutralize(mul(div(ts_mean(FIELD,#),FIELD),ts_zscore(div(FIELD,FIELD),#)),industry)",2026-08-02T11:11:17.969217+00:00
arch_hybrid_z_liq:primary,arch_hybrid_z_liq,proven,11.35,"group_neutralize(ts_zscore(anl14_median_ebitda_fp4/cap,126)*rank(ts_mean(volume,63)/adv20),market)","{""instrumentType"": ""EQUITY"", ""region"": ""USA"", ""universe"": ""TOP3000"", ""delay"": 1, ""decay"": 4, ""neutralization"": ""MARKET"", ""truncation"": 0.05, ""pasteurization"": ""ON"", ""unitHandling"": ""VERIFY"", ""nanHandling"": ""ON"", ""language"": ""FASTEXPR"", ""visualization"": false}",0,383bbe7b3477dd1710c3cda56792d601b560b846864fe33eaca0dcca2dcd9ab6,"group_neutralize(mul(div(ts_mean(volume,#),adv20),ts_zscore(div(anl14_median_ebitda_fp4,cap),#)),market)","group_neutralize(mul(div(ts_mean(FIELD,#),FIELD),ts_zscore(div(FIELD,FIELD),#)),market)",2026-08-02T11:11:17.969217+00:00
arch_hybrid_z_liq:primary,arch_hybrid_z_liq,proven,11.35,"group_neutralize(ts_zscore(anl14_stddev_ebitda_fp1/cap,126)*rank(ts_mean(volume,63)/adv20),market)","{""instrumentType"": ""EQUITY"", ""region"": ""USA"", ""universe"": ""TOP3000"", ""delay"": 1, ""decay"": 4, ""neutralization"": ""MARKET"", ""truncation"": 0.05, ""pasteurization"": ""ON"", ""unitHandling"": ""VERIFY"", ""nanHandling"": ""ON"", ""language"": ""FASTEXPR"", ""visualization"": false}",0,9eb49d4ceefb09ad2c024110999229dcf5b80b490d2f929c37335a753b3ce457,"group_neutralize(mul(div(ts_mean(volume,#),adv20),ts_zscore(div(anl14_stddev_ebitda_fp1,cap),#)),market)","group_neutralize(mul(div(ts_mean(FIELD,#),FIELD),ts_zscore(div(FIELD,FIELD),#)),market)",2026-08-02T11:11:17.969217+00:00
arch_hybrid_z_liq:primary,arch_hybrid_z_liq,proven,11.35,"group_neutralize(ts_zscore(anl14_median_ebitda_fy1/cap,126)*rank(ts_mean(volume,63)/adv20),sector)","{""instrumentType"": ""EQUITY"", ""region"": ""USA"", ""universe"": ""TOP3000"", ""delay"": 1, ""decay"": 4, ""neutralization"": ""MARKET"", ""truncation"": 0.05, ""pasteurization"": ""ON"", ""unitHandling"": ""VERIFY"", ""nanHandling"": ""ON"", ""language"": ""FASTEXPR"", ""visualization"": false}",0,6769999d760a2264d503c91072e4a8b4630d1c5407a18570c45f99589fbd2c06,"group_neutralize(mul(div(ts_mean(volume,#),adv20),ts_zscore(div(anl14_median_ebitda_fy1,cap),#)),sector)","group_neutralize(mul(div(ts_mean(FIELD,#),FIELD),ts_zscore(div(FIELD,FIELD),#)),sector)",2026-08-02T11:11:17.969217+00:00
arch_hybrid_z_liq:primary,arch_hybrid_z_liq,proven,11.35,"group_neutralize(ts_zscore(anl14_median_ebitda_fy2/cap,126)*rank(ts_mean(volume,63)/adv20),market)","{""instrumentType"": ""EQUITY"", ""region"": ""USA"", ""universe"": ""TOP3000"", ""delay"": 1, ""decay"": 4, ""neutralization"": ""MARKET"", ""truncation"": 0.05, ""pasteurization"": ""ON"", ""unitHandling"": ""VERIFY"", ""nanHandling"": ""ON"", ""language"": ""FASTEXPR"", ""visualization"": false}",0,312cc642e951a23e570eca9b9f5b9913a83f8fec401dd81feb3d8d20ccf8180d,"group_neutralize(mul(div(ts_mean(volume,#),adv20),ts_zscore(div(anl14_median_ebitda_fy2,cap),#)),market)","group_neutralize(mul(div(ts_mean(FIELD,#),FIELD),ts_zscore(div(FIELD,FIELD),#)),market)",2026-08-02T11:11:17.969217+00:00
arch_delta_liquid:primary,arch_delta_liquid,proven,10.7,"group_neutralize(ts_zscore(ts_delta(anl10_analyst_innovation_eps_revise_value_fy1,126)/cap,126)*rank(ts_mean(volume,63)/adv20),sector)","{""instrumentType"": ""EQUITY"", ""region"": ""USA"", ""universe"": ""TOP3000"", ""delay"": 1, ""decay"": 4, ""neutralization"": ""MARKET"", ""truncation"": 0.05, ""pasteurization"": ""ON"", ""unitHandling"": ""VERIFY"", ""nanHandling"": ""ON"", ""language"": ""FASTEXPR"", ""visualization"": false}",0,4bca9f06b12f9809cb649850b7da2fed838aa8720f8a6753e4272e8c880b36c0,"group_neutralize(mul(div(ts_mean(volume,#),adv20),ts_zscore(div(ts_delta(anl10_analyst_innovation_eps_revise_value_fy1,#),cap),#)),sector)","group_neutralize(mul(div(ts_mean(FIELD,#),FIELD),ts_zscore(div(ts_delta(FIELD,#),FIELD),#)),sector)",2026-08-02T11:11:17.969217+00:00
arch_delta_liquid:primary,arch_delta_liquid,proven,10.7,"group_neutralize(ts_zscore(ts_delta(anl10_analyst_innovation_eps_revise_value_fy2,126)/cap,126)*rank(ts_mean(volume,63)/adv20),sector)","{""instrumentType"": ""EQUITY"", ""region"": ""USA"", ""universe"": ""TOP3000"", ""delay"": 1, ""decay"": 4, ""neutralization"": ""MARKET"", ""truncation"": 0.05, ""pasteurization"": ""ON"", ""unitHandling"": ""VERIFY"", ""nanHandling"": ""ON"", ""language"": ""FASTEXPR"", ""visualization"": false}",0,c6fde8d44845e803905313b977e4d7a501f7d662c166ce12cda8cba893b1e757,"group_neutralize(mul(div(ts_mean(volume,#),adv20),ts_zscore(div(ts_delta(anl10_analyst_innovation_eps_revise_value_fy2,#),cap),#)),sector)","group_neutralize(mul(div(ts_mean(FIELD,#),FIELD),ts_zscore(div(ts_delta(FIELD,#),FIELD),#)),sector)",2026-08-02T11:11:17.969217+00:00
arch_delta_liquid:primary,arch_delta_liquid,proven,10.7,"group_neutralize(ts_zscore(ts_delta(anl10_analyst_innovation_eps_normal_increase_fy1,126)/cap,126)*rank(ts_mean(volume,63)/adv20),sector)","{""instrumentType"": ""EQUITY"", ""region"": ""USA"", ""universe"": ""TOP3000"", ""delay"": 1, ""decay"": 4, ""neutralization"": ""MARKET"", ""truncation"": 0.05, ""pasteurization"": ""ON"", ""unitHandling"": ""VERIFY"", ""nanHandling"": ""ON"", ""language"": ""FASTEXPR"", ""visualization"": false}",0,21ebf1a44269c2c94a8a2403e6127b3a03ff67d0cac919b2ac16c4b85ece3bb8,"group_neutralize(mul(div(ts_mean(volume,#),adv20),ts_zscore(div(ts_delta(anl10_analyst_innovation_eps_normal_increase_fy1,#),cap),#)),sector)","group_neutralize(mul(div(ts_mean(FIELD,#),FIELD),ts_zscore(div(ts_delta(FIELD,#),FIELD),#)),sector)",2026-08-02T11:11:17.969217+00:00
arch_delta_liquid:primary,arch_delta_liquid,proven,10.7,"group_neutralize(ts_zscore(ts_delta(anl10_analyst_innovation_eps_normal_decrease_fy1,126)/cap,126)*rank(ts_mean(volume,63)/adv20),sector)","{""instrumentType"": ""EQUITY"", ""region"": ""USA"", ""universe"": ""TOP3000"", ""delay"": 1, ""decay"": 4, ""neutralization"": ""MARKET"", ""truncation"": 0.05, ""pasteurization"": ""ON"", ""unitHandling"": ""VERIFY"", ""nanHandling"": ""ON"", ""language"": ""FASTEXPR"", ""visualization"": false}",0,543ac777354baee4b50a6f0879c938db8f0eaa8740140120e4a027d1bfb504b9,"group_neutralize(mul(div(ts_mean(volume,#),adv20),ts_zscore(div(ts_delta(anl10_analyst_innovation_eps_normal_decrease_fy1,#),cap),#)),sector)","group_neutralize(mul(div(ts_mean(FIELD,#),FIELD),ts_zscore(div(ts_delta(FIELD,#),FIELD),#)),sector)",2026-08-02T11:11:17.969217+00:00
arch_delta_liquid:primary,arch_delta_liquid,proven,10.7,"group_neutralize(ts_zscore(ts_delta(anl10_analyst_innovation_eps_normal_increase_fy2,126)/cap,126)*rank(ts_mean(volume,63)/adv20),sector)","{""instrumentType"": ""EQUITY"", ""region"": ""USA"", ""universe"": ""TOP3000"", ""delay"": 1, ""decay"": 4, ""neutralization"": ""MARKET"", ""truncation"": 0.05, ""pasteurization"": ""ON"", ""unitHandling"": ""VERIFY"", ""nanHandling"": ""ON"", ""language"": ""FASTEXPR"", ""visualization"": false}",0,126709298ee67429a004a3b9f0c2082cce1a5964e6d41af1b6e69d9c6b9ad6ff,"group_neutralize(mul(div(ts_mean(volume,#),adv20),ts_zscore(div(ts_delta(anl10_analyst_innovation_eps_normal_increase_fy2,#),cap),#)),sector)","group_neutralize(mul(div(ts_mean(FIELD,#),FIELD),ts_zscore(div(ts_delta(FIELD,#),FIELD),#)),sector)",2026-08-02T11:11:17.969217+00:00
arch_delta_liquid:primary,arch_delta_liquid,proven,10.7,"group_neutralize(ts_zscore(ts_delta(anl10_analyst_innovation_eps_normal_decrease_fy2,126)/cap,126)*rank(ts_mean(volume,63)/adv20),sector)","{""instrumentType"": ""EQUITY"", ""region"": ""USA"", ""universe"": ""TOP3000"", ""delay"": 1, ""decay"": 4, ""neutralization"": ""MARKET"", ""truncation"": 0.05, ""pasteurization"": ""ON"", ""unitHandling"": ""VERIFY"", ""nanHandling"": ""ON"", ""language"": ""FASTEXPR"", ""visualization"": false}",0,f0692be0df183d89d956a7b465fca998626bccd17a996ebb4ee863727a0c8ae5,"group_neutralize(mul(div(ts_mean(volume,#),adv20),ts_zscore(div(ts_delta(anl10_analyst_innovation_eps_normal_decrease_fy2,#),cap),#)),sector)","group_neutralize(mul(div(ts_mean(FIELD,#),FIELD),ts_zscore(div(ts_delta(FIELD,#),FIELD),#)),sector)",2026-08-02T11:11:17.969217+00:00
arch_delta_liquid:primary,arch_delta_liquid,proven,10.7,"group_neutralize(ts_zscore(ts_delta(anl10_analyst_innovation_eps_normal_increase_fq1,126)/cap,126)*rank(ts_mean(volume,63)/adv20),sector)","{""instrumentType"": ""EQUITY"", ""region"": ""USA"", ""universe"": ""TOP3000"", ""delay"": 1, ""decay"": 4, ""neutralization"": ""MARKET"", ""truncation"": 0.05, ""pasteurization"": ""ON"", ""unitHandling"": ""VERIFY"", ""nanHandling"": ""ON"", ""language"": ""FASTEXPR"", ""visualization"": false}",0,1355239776243f7c277709909176629b23b0984b2a69ff45f287a9d738b56a87,"group_neutralize(mul(div(ts_mean(volume,#),adv20),ts_zscore(div(ts_delta(anl10_analyst_innovation_eps_normal_increase_fq1,#),cap),#)),sector)","group_neutralize(mul(div(ts_mean(FIELD,#),FIELD),ts_zscore(div(ts_delta(FIELD,#),FIELD),#)),sector)",2026-08-02T11:11:17.969217+00:00
arch_delta_liquid:primary,arch_delta_liquid,proven,10.7,"group_neutralize(ts_zscore(ts_delta(anl10_analyst_innovation_eps_normal_decrease_fq1,126)/cap,126)*rank(ts_mean(volume,63)/adv20),sector)","{""instrumentType"": ""EQUITY"", ""region"": ""USA"", ""universe"": ""TOP3000"", ""delay"": 1, ""decay"": 4, ""neutralization"": ""MARKET"", ""truncation"": 0.05, ""pasteurization"": ""ON"", ""unitHandling"": ""VERIFY"", ""nanHandling"": ""ON"", ""language"": ""FASTEXPR"", ""visualization"": false}",0,44d981c4957087337c71a5a92c44c1ddef2258378d455f848c7af9b77dadd1cd,"group_neutralize(mul(div(ts_mean(volume,#),adv20),ts_zscore(div(ts_delta(anl10_analyst_innovation_eps_normal_decrease_fq1,#),cap),#)),sector)","group_neutralize(mul(div(ts_mean(FIELD,#),FIELD),ts_zscore(div(ts_delta(FIELD,#),FIELD),#)),sector)",2026-08-02T11:11:17.969217+00:00
arch_delta_liquid:primary,arch_delta_liquid,proven,10.7,"group_neutralize(ts_zscore(ts_delta(anl10_analyst_innovation_eps_normal_increase_fq2,126)/cap,126)*rank(ts_mean(volume,63)/adv20),sector)","{""instrumentType"": ""EQUITY"", ""region"": ""USA"", ""universe"": ""TOP3000"", ""delay"": 1, ""decay"": 4, ""neutralization"": ""MARKET"", ""truncation"": 0.05, ""pasteurization"": ""ON"", ""unitHandling"": ""VERIFY"", ""nanHandling"": ""ON"", ""language"": ""FASTEXPR"", ""visualization"": false}",0,c2ebcbe61ad7fd7f5d4228d4a7a9541b5c07afabc71fb74b36cb0565d62588f8,"group_neutralize(mul(div(ts_mean(volume,#),adv20),ts_zscore(div(ts_delta(anl10_analyst_innovation_eps_normal_increase_fq2,#),cap),#)),sector)","group_neutralize(mul(div(ts_mean(FIELD,#),FIELD),ts_zscore(div(ts_delta(FIELD,#),FIELD),#)),sector)",2026-08-02T11:11:17.969217+00:00
arch_delta_liquid:primary,arch_delta_liquid,proven,10.7,"group_neutralize(ts_zscore(ts_delta(anl10_analyst_innovation_eps_normal_decrease_fq2,126)/cap,126)*rank(ts_mean(volume,63)/adv20),sector)","{""instrumentType"": ""EQUITY"", ""region"": ""USA"", ""universe"": ""TOP3000"", ""delay"": 1, ""decay"": 4, ""neutralization"": ""MARKET"", ""truncation"": 0.05, ""pasteurization"": ""ON"", ""unitHandling"": ""VERIFY"", ""nanHandling"": ""ON"", ""language"": ""FASTEXPR"", ""visualization"": false}",0,1ba548dd715df1e08fd4ee70dd1bcc364313ee6f1fd75e840bde4358b92c8435,"group_neutralize(mul(div(ts_mean(volume,#),adv20),ts_zscore(div(ts_delta(anl10_analyst_innovation_eps_normal_decrease_fq2,#),cap),#)),sector)","group_neutralize(mul(div(ts_mean(FIELD,#),FIELD),ts_zscore(div(ts_delta(FIELD,#),FIELD),#)),sector)",2026-08-02T11:11:17.969217+00:00
arch_regime_shift:primary,arch_regime_shift,proven,10.3,"group_neutralize((ts_zscore(anl10_analyst_innovation_eps_revise_ratio_to_close_fy1/cap,126)-ts_zscore(anl10_analyst_innovation_eps_revise_ratio_to_close_fy1/cap,252))*rank(ts_mean(volume,63)/adv20),sector)","{""instrumentType"": ""EQUITY"", ""region"": ""USA"", ""universe"": ""TOP3000"", ""delay"": 1, ""decay"": 6, ""neutralization"": ""MARKET"", ""truncation"": 0.05, ""pasteurization"": ""ON"", ""unitHandling"": ""VERIFY"", ""nanHandling"": ""ON"", ""language"": ""FASTEXPR"", ""visualization"": false}",0,799098f8c3799b70aae9047c80f574b78953874c30bc0ea26818a09567425056,"group_neutralize(mul(div(ts_mean(volume,#),adv20),sub(ts_zscore(div(anl10_analyst_innovation_eps_revise_ratio_to_close_fy1,cap),#),ts_zscore(div(anl10_analyst_innovation_eps_revise_ratio_to_close_fy1,cap),#))),sector)","group_neutralize(mul(div(ts_mean(FIELD,#),FIELD),sub(ts_zscore(div(FIELD,FIELD),#),ts_zscore(div(FIELD,FIELD),#))),sector)",2026-08-02T11:11:17.969217+00:00
arch_regime_shift:primary,arch_regime_shift,proven,10.3,"group_neutralize((ts_zscore(anl10_analyst_innovation_eps_revise_ratio_to_close_fq2/cap,126)-ts_zscore(anl10_analyst_innovation_eps_revise_ratio_to_close_fq2/cap,252))*rank(ts_mean(volume,63)/adv20),sector)","{""instrumentType"": ""EQUITY"", ""region"": ""USA"", ""universe"": ""TOP3000"", ""delay"": 1, ""decay"": 6, ""neutralization"": ""MARKET"", ""truncation"": 0.05, ""pasteurization"": ""ON"", ""unitHandling"": ""VERIFY"", ""nanHandling"": ""ON"", ""language"": ""FASTEXPR"", ""visualization"": false}",0,f3eb9ffbbdcf185935a55fca14da8cbafa88c8db54975c6b744032d39885cb57,"group_neutralize(mul(div(ts_mean(volume,#),adv20),sub(ts_zscore(div(anl10_analyst_innovation_eps_revise_ratio_to_close_fq2,cap),#),ts_zscore(div(anl10_analyst_innovation_eps_revise_ratio_to_close_fq2,cap),#))),sector)","group_neutralize(mul(div(ts_mean(FIELD,#),FIELD),sub(ts_zscore(div(FIELD,FIELD),#),ts_zscore(div(FIELD,FIELD),#))),sector)",2026-08-02T11:11:17.969217+00:00
arch_regime_shift:primary,arch_regime_shift,proven,10.3,"group_neutralize((ts_zscore(anl10_analyst_innovation_eps_revise_ratio_to_close_fy2/cap,126)-ts_zscore(anl10_analyst_innovation_eps_revise_ratio_to_close_fy2/cap,252))*rank(ts_mean(volume,63)/adv20),industry)","{""instrumentType"": ""EQUITY"", ""region"": ""USA"", ""universe"": ""TOP3000"", ""delay"": 1, ""decay"": 6, ""neutralization"": ""MARKET"", ""truncation"": 0.05, ""pasteurization"": ""ON"", ""unitHandling"": ""VERIFY"", ""nanHandling"": ""ON"", ""language"": ""FASTEXPR"", ""visualization"": false}",0,5dcedf6ef1696e26de388c612652447da290e6833048bea7545c64eeecf78544,"group_neutralize(mul(div(ts_mean(volume,#),adv20),sub(ts_zscore(div(anl10_analyst_innovation_eps_revise_ratio_to_close_fy2,cap),#),ts_zscore(div(anl10_analyst_innovation_eps_revise_ratio_to_close_fy2,cap),#))),industry)","group_neutralize(mul(div(ts_mean(FIELD,#),FIELD),sub(ts_zscore(div(FIELD,FIELD),#),ts_zscore(div(FIELD,FIELD),#))),industry)",2026-08-02T11:11:17.969217+00:00
arch_regime_shift:primary,arch_regime_shift,proven,10.3,"group_neutralize((ts_zscore(anl10_analyst_innovation_eps_revise_ratio_to_close_fq1/cap,126)-ts_zscore(anl10_analyst_innovation_eps_revise_ratio_to_close_fq1/cap,252))*rank(ts_mean(volume,63)/adv20),industry)","{""instrumentType"": ""EQUITY"", ""region"": ""USA"", ""universe"": ""TOP3000"", ""delay"": 1, ""decay"": 6, ""neutralization"": ""MARKET"", ""truncation"": 0.05, ""pasteurization"": ""ON"", ""unitHandling"": ""VERIFY"", ""nanHandling"": ""ON"", ""language"": ""FASTEXPR"", ""visualization"": false}",0,848869c4b0baa92b0cc9d7123cee94103d479b7e28d74facdc12c04f16164ab3,"group_neutralize(mul(div(ts_mean(volume,#),adv20),sub(ts_zscore(div(anl10_analyst_innovation_eps_revise_ratio_to_close_fq1,cap),#),ts_zscore(div(anl10_analyst_innovation_eps_revise_ratio_to_close_fq1,cap),#))),industry)","group_neutralize(mul(div(ts_mean(FIELD,#),FIELD),sub(ts_zscore(div(FIELD,FIELD),#),ts_zscore(div(FIELD,FIELD),#))),industry)",2026-08-02T11:11:17.969217+00:00
arch_regime_shift:primary,arch_regime_shift,proven,10.15,"group_neutralize((ts_zscore(anl10_analyst_innovation_eps_revise_ratio_to_close_fy1/cap,63)-ts_zscore(anl10_analyst_innovation_eps_revise_ratio_to_close_fy1/cap,252))*rank(ts_mean(volume,63)/adv20),sector)","{""instrumentType"": ""EQUITY"", ""region"": ""USA"", ""universe"": ""TOP3000"", ""delay"": 1, ""decay"": 6, ""neutralization"": ""MARKET"", ""truncation"": 0.05, ""pasteurization"": ""ON"", ""unitHandling"": ""VERIFY"", ""nanHandling"": ""ON"", ""language"": ""FASTEXPR"", ""visualization"": false}",0,91d5c4f53f340549e493a79fc227982d7ffb2bacc5fc598fc9c11d79e32c2426,"group_neutralize(mul(div(ts_mean(volume,#),adv20),sub(ts_zscore(div(anl10_analyst_innovation_eps_revise_ratio_to_close_fy1,cap),#),ts_zscore(div(anl10_analyst_innovation_eps_revise_ratio_to_close_fy1,cap),#))),sector)","group_neutralize(mul(div(ts_mean(FIELD,#),FIELD),sub(ts_zscore(div(FIELD,FIELD),#),ts_zscore(div(FIELD,FIELD),#))),sector)",2026-08-02T11:11:17.969217+00:00
arch_regime_shift:primary,arch_regime_shift,proven,10.15,"group_neutralize((ts_zscore(anl10_analyst_innovation_eps_revise_ratio_to_close_fy2/cap,63)-ts_zscore(anl10_analyst_innovation_eps_revise_ratio_to_close_fy2/cap,252))*rank(ts_mean(volume,63)/adv20),industry)","{""instrumentType"": ""EQUITY"", ""region"": ""USA"", ""universe"": ""TOP3000"", ""delay"": 1, ""decay"": 6, ""neutralization"": ""MARKET"", ""truncation"": 0.05, ""pasteurization"": ""ON"", ""unitHandling"": ""VERIFY"", ""nanHandling"": ""ON"", ""language"": ""FASTEXPR"", ""visualization"": false}",0,aaa2d10e38b60fba59364ceb41140836c7184480c14312c0a0c719252ac47729,"group_neutralize(mul(div(ts_mean(volume,#),adv20),sub(ts_zscore(div(anl10_analyst_innovation_eps_revise_ratio_to_close_fy2,cap),#),ts_zscore(div(anl10_analyst_innovation_eps_revise_ratio_to_close_fy2,cap),#))),industry)","group_neutralize(mul(div(ts_mean(FIELD,#),FIELD),sub(ts_zscore(div(FIELD,FIELD),#),ts_zscore(div(FIELD,FIELD),#))),industry)",2026-08-02T11:11:17.969217+00:00
arch_regime_shift:primary,arch_regime_shift,proven,10.15,"group_neutralize((ts_zscore(anl10_analyst_innovation_eps_revise_ratio_to_close_fq1/cap,63)-ts_zscore(anl10_analyst_innovation_eps_revise_ratio_to_close_fq1/cap,252))*rank(ts_mean(volume,63)/adv20),industry)","{""instrumentType"": ""EQUITY"", ""region"": ""USA"", ""universe"": ""TOP3000"", ""delay"": 1, ""decay"": 6, ""neutralization"": ""MARKET"", ""truncation"": 0.05, ""pasteurization"": ""ON"", ""unitHandling"": ""VERIFY"", ""nanHandling"": ""ON"", ""language"": ""FASTEXPR"", ""visualization"": false}",0,d21a951df07df55d9631de60dc556e3f839042978f657891d9f8fe0f350649b5,"group_neutralize(mul(div(ts_mean(volume,#),adv20),sub(ts_zscore(div(anl10_analyst_innovation_eps_revise_ratio_to_close_fq1,cap),#),ts_zscore(div(anl10_analyst_innovation_eps_revise_ratio_to_close_fq1,cap),#))),industry)","group_neutralize(mul(div(ts_mean(FIELD,#),FIELD),sub(ts_zscore(div(FIELD,FIELD),#),ts_zscore(div(FIELD,FIELD),#))),industry)",2026-08-02T11:11:17.969217+00:00
arch_regime_shift:primary,arch_regime_shift,proven,10.0,"group_neutralize((ts_zscore(anl10_analyst_innovation_eps_revise_ratio_to_close_fy2/cap,63)-ts_zscore(anl10_analyst_innovation_eps_revise_ratio_to_close_fy2/cap,126))*rank(ts_mean(volume,63)/adv20),industry)","{""instrumentType"": ""EQUITY"", ""region"": ""USA"", ""universe"": ""TOP3000"", ""delay"": 1, ""decay"": 6, ""neutralization"": ""MARKET"", ""truncation"": 0.05, ""pasteurization"": ""ON"", ""unitHandling"": ""VERIFY"", ""nanHandling"": ""ON"", ""language"": ""FASTEXPR"", ""visualization"": false}",0,dc5af644ab8c13540b3d0cf9170de479b4b39d8d25d9881e02b9fb893d4f8d9e,"group_neutralize(mul(div(ts_mean(volume,#),adv20),sub(ts_zscore(div(anl10_analyst_innovation_eps_revise_ratio_to_close_fy2,cap),#),ts_zscore(div(anl10_analyst_innovation_eps_revise_ratio_to_close_fy2,cap),#))),industry)","group_neutralize(mul(div(ts_mean(FIELD,#),FIELD),sub(ts_zscore(div(FIELD,FIELD),#),ts_zscore(div(FIELD,FIELD),#))),industry)",2026-08-02T11:11:17.969217+00:00
arch_regime_shift:primary,arch_regime_shift,proven,10.0,"group_neutralize((ts_zscore(anl10_analyst_innovation_eps_revise_ratio_to_close_fq1/cap,63)-ts_zscore(anl10_analyst_innovation_eps_revise_ratio_to_close_fq1/cap,126))*rank(ts_mean(volume,63)/adv20),industry)","{""instrumentType"": ""EQUITY"", ""region"": ""USA"", ""universe"": ""TOP3000"", ""delay"": 1, ""decay"": 6, ""neutralization"": ""MARKET"", ""truncation"": 0.05, ""pasteurization"": ""ON"", ""unitHandling"": ""VERIFY"", ""nanHandling"": ""ON"", ""language"": ""FASTEXPR"", ""visualization"": false}",0,ad099325174529a636ce6cd8da24ec727ff3b84430f6bee4e4af5ea5b3f4a70b,"group_neutralize(mul(div(ts_mean(volume,#),adv20),sub(ts_zscore(div(anl10_analyst_innovation_eps_revise_ratio_to_close_fq1,cap),#),ts_zscore(div(anl10_analyst_innovation_eps_revise_ratio_to_close_fq1,cap),#))),industry)","group_neutralize(mul(div(ts_mean(FIELD,#),FIELD),sub(ts_zscore(div(FIELD,FIELD),#),ts_zscore(div(FIELD,FIELD),#))),industry)",2026-08-02T11:11:17.969217+00:00
arch_regime_shift:primary,arch_regime_shift,proven,10.0,"group_neutralize((ts_zscore(anl10_analyst_innovation_eps_revise_ratio_to_consensus_fq2/cap,63)-ts_zscore(anl10_analyst_innovation_eps_revise_ratio_to_consensus_fq2/cap,126))*rank(ts_mean(volume,63)/adv20),market)","{""instrumentType"": ""EQUITY"", ""region"": ""USA"", ""universe"": ""TOP3000"", ""delay"": 1, ""decay"": 6, ""neutralization"": ""MARKET"", ""truncation"": 0.05, ""pasteurization"": ""ON"", ""unitHandling"": ""VERIFY"", ""nanHandling"": ""ON"", ""language"": ""FASTEXPR"", ""visualization"": false}",0,38f719810e4f29fa0d0ecd3d062688034cacfdd73c5e9c1f93d2556e47ff0436,"group_neutralize(mul(div(ts_mean(volume,#),adv20),sub(ts_zscore(div(anl10_analyst_innovation_eps_revise_ratio_to_consensus_fq2,cap),#),ts_zscore(div(anl10_analyst_innovation_eps_revise_ratio_to_consensus_fq2,cap),#))),market)","group_neutralize(mul(div(ts_mean(FIELD,#),FIELD),sub(ts_zscore(div(FIELD,FIELD),#),ts_zscore(div(FIELD,FIELD),#))),market)",2026-08-02T11:11:17.969217+00:00
arch_hybrid_lowvol:primary,arch_hybrid_lowvol,proven,9.95,"group_neutralize(ts_zscore(anl14_mean_ebitda_fy4/cap,126)*-rank(ts_std_dev(returns,126)),market)","{""instrumentType"": ""EQUITY"", ""region"": ""USA"", ""universe"": ""TOP3000"", ""delay"": 1, ""decay"": 4, ""neutralization"": ""MARKET"", ""truncation"": 0.05, ""pasteurization"": ""ON"", ""unitHandling"": ""VERIFY"", ""nanHandling"": ""ON"", ""language"": ""FASTEXPR"", ""visualization"": false}",0,95f9a23abfb5d1ebc0ee2a0d497d69005abbaa3f62002c42d5bc308b2b1f2cd1,"group_neutralize(mul(neg(ts_std_dev(returns,#)),ts_zscore(div(anl14_mean_ebitda_fy4,cap),#)),market)","group_neutralize(mul(neg(ts_std_dev(FIELD,#)),ts_zscore(div(FIELD,FIELD),#)),market)",2026-08-02T11:11:17.969217+00:00
arch_hybrid_lowvol:primary,arch_hybrid_lowvol,proven,9.95,"group_neutralize(ts_zscore(anl14_high_ebitda_fy4/cap,126)*-rank(ts_std_dev(returns,126)),sector)","{""instrumentType"": ""EQUITY"", ""region"": ""USA"", ""universe"": ""TOP3000"", ""delay"": 1, ""decay"": 4, ""neutralization"": ""MARKET"", ""truncation"": 0.05, ""pasteurization"": ""ON"", ""unitHandling"": ""VERIFY"", ""nanHandling"": ""ON"", ""language"": ""FASTEXPR"", ""visualization"": false}",0,ef112e708d0927d7c68b43ca62b9ab32c6e3357ffd08a8df99d1dbbc0cdbce01,"group_neutralize(mul(neg(ts_std_dev(returns,#)),ts_zscore(div(anl14_high_ebitda_fy4,cap),#)),sector)","group_neutralize(mul(neg(ts_std_dev(FIELD,#)),ts_zscore(div(FIELD,FIELD),#)),sector)",2026-08-02T11:11:17.969217+00:00
arch_hybrid_lowvol:primary,arch_hybrid_lowvol,proven,9.95,"group_neutralize(ts_zscore(anl14_low_ebitda_fy4/cap,126)*-rank(ts_std_dev(returns,126)),industry)","{""instrumentType"": ""EQUITY"", ""region"": ""USA"", ""universe"": ""TOP3000"", ""delay"": 1, ""decay"": 4, ""neutralization"": ""MARKET"", ""truncation"": 0.05, ""pasteurization"": ""ON"", ""unitHandling"": ""VERIFY"", ""nanHandling"": ""ON"", ""language"": ""FASTEXPR"", ""visualization"": false}",0,5569e779720fb4a3046246cf1985ac5dd70c56d778faa0bd742abec8ad8ed705,"group_neutralize(mul(neg(ts_std_dev(returns,#)),ts_zscore(div(anl14_low_ebitda_fy4,cap),#)),industry)","group_neutralize(mul(neg(ts_std_dev(FIELD,#)),ts_zscore(div(FIELD,FIELD),#)),industry)",2026-08-02T11:11:17.969217+00:00
arch_hybrid_lowvol:primary,arch_hybrid_lowvol,proven,9.95,"group_neutralize(ts_zscore(anl14_low_ebitda_fp5/cap,126)*-rank(ts_std_dev(returns,126)),industry)","{""instrumentType"": ""EQUITY"", ""region"": ""USA"", ""universe"": ""TOP3000"", ""delay"": 1, ""decay"": 4, ""neutralization"": ""MARKET"", ""truncation"": 0.05, ""pasteurization"": ""ON"", ""unitHandling"": ""VERIFY"", ""nanHandling"": ""ON"", ""language"": ""FASTEXPR"", ""visualization"": false}",0,80f2c31abe949fc83a2645485cf56d886bf60b9b093e3512f99b12d767a25480,"group_neutralize(mul(neg(ts_std_dev(returns,#)),ts_zscore(div(anl14_low_ebitda_fp5,cap),#)),industry)","group_neutralize(mul(neg(ts_std_dev(FIELD,#)),ts_zscore(div(FIELD,FIELD),#)),industry)",2026-08-02T11:11:17.969217+00:00
arch_hybrid_lowvol:primary,arch_hybrid_lowvol,proven,9.95,"group_neutralize(ts_zscore(anl14_low_ebitda_fy2/cap,126)*-rank(ts_std_dev(returns,126)),industry)","{""instrumentType"": ""EQUITY"", ""region"": ""USA"", ""universe"": ""TOP3000"", ""delay"": 1, ""decay"": 4, ""neutralization"": ""MARKET"", ""truncation"": 0.05, ""pasteurization"": ""ON"", ""unitHandling"": ""VERIFY"", ""nanHandling"": ""ON"", ""language"": ""FASTEXPR"", ""visualization"": false}",0,98b623e99e56cfd4324017735b79cac8f3f461f6b042111a421c099c220adc59,"group_neutralize(mul(neg(ts_std_dev(returns,#)),ts_zscore(div(anl14_low_ebitda_fy2,cap),#)),industry)","group_neutralize(mul(neg(ts_std_dev(FIELD,#)),ts_zscore(div(FIELD,FIELD),#)),industry)",2026-08-02T11:11:17.969217+00:00
arch_hybrid_lowvol:primary,arch_hybrid_lowvol,proven,9.95,"group_neutralize(ts_zscore(anl14_mean_ebitda_fp4/cap,126)*-rank(ts_std_dev(returns,126)),industry)","{""instrumentType"": ""EQUITY"", ""region"": ""USA"", ""universe"": ""TOP3000"", ""delay"": 1, ""decay"": 4, ""neutralization"": ""MARKET"", ""truncation"": 0.05, ""pasteurization"": ""ON"", ""unitHandling"": ""VERIFY"", ""nanHandling"": ""ON"", ""language"": ""FASTEXPR"", ""visualization"": false}",0,15d07d266c997322594799f0753ac49e43652ff424db4857298993ba87fddea3,"group_neutralize(mul(neg(ts_std_dev(returns,#)),ts_zscore(div(anl14_mean_ebitda_fp4,cap),#)),industry)","group_neutralize(mul(neg(ts_std_dev(FIELD,#)),ts_zscore(div(FIELD,FIELD),#)),industry)",2026-08-02T11:11:17.969217+00:00
arch_hybrid_lowvol:primary,arch_hybrid_lowvol,proven,9.95,"group_neutralize(ts_zscore(anl14_median_ebitda_fp4/cap,126)*-rank(ts_std_dev(returns,126)),market)","{""instrumentType"": ""EQUITY"", ""region"": ""USA"", ""universe"": ""TOP3000"", ""delay"": 1, ""decay"": 4, ""neutralization"": ""MARKET"", ""truncation"": 0.05, ""pasteurization"": ""ON"", ""unitHandling"": ""VERIFY"", ""nanHandling"": ""ON"", ""language"": ""FASTEXPR"", ""visualization"": false}",0,918ccb56c581927ead4d22996f8d565fde76df56facdbba0df273ebaf1d57999,"group_neutralize(mul(neg(ts_std_dev(returns,#)),ts_zscore(div(anl14_median_ebitda_fp4,cap),#)),market)","group_neutralize(mul(neg(ts_std_dev(FIELD,#)),ts_zscore(div(FIELD,FIELD),#)),market)",2026-08-02T11:11:17.969217+00:00
arch_hybrid_lowvol:primary,arch_hybrid_lowvol,proven,9.95,"group_neutralize(ts_zscore(anl14_stddev_ebitda_fp1/cap,126)*-rank(ts_std_dev(returns,126)),market)","{""instrumentType"": ""EQUITY"", ""region"": ""USA"", ""universe"": ""TOP3000"", ""delay"": 1, ""decay"": 4, ""neutralization"": ""MARKET"", ""truncation"": 0.05, ""pasteurization"": ""ON"", ""unitHandling"": ""VERIFY"", ""nanHandling"": ""ON"", ""language"": ""FASTEXPR"", ""visualization"": false}",0,7b5600ebd41b03cf94b86d6ba73e62332a27110105ea84572f94cebe5608f1dd,"group_neutralize(mul(neg(ts_std_dev(returns,#)),ts_zscore(div(anl14_stddev_ebitda_fp1,cap),#)),market)","group_neutralize(mul(neg(ts_std_dev(FIELD,#)),ts_zscore(div(FIELD,FIELD),#)),market)",2026-08-02T11:11:17.969217+00:00
arch_hybrid_lowvol:primary,arch_hybrid_lowvol,proven,9.95,"group_neutralize(ts_zscore(anl14_median_ebitda_fy1/cap,126)*-rank(ts_std_dev(returns,126)),sector)","{""instrumentType"": ""EQUITY"", ""region"": ""USA"", ""universe"": ""TOP3000"", ""delay"": 1, ""decay"": 4, ""neutralization"": ""MARKET"", ""truncation"": 0.05, ""pasteurization"": ""ON"", ""unitHandling"": ""VERIFY"", ""nanHandling"": ""ON"", ""language"": ""FASTEXPR"", ""visualization"": false}",0,163fe9c58f3a65cb906cb977011c72d8589e7333b12ffba04d6576d62ca21583,"group_neutralize(mul(neg(ts_std_dev(returns,#)),ts_zscore(div(anl14_median_ebitda_fy1,cap),#)),sector)","group_neutralize(mul(neg(ts_std_dev(FIELD,#)),ts_zscore(div(FIELD,FIELD),#)),sector)",2026-08-02T11:11:17.969217+00:00
arch_hybrid_lowvol:primary,arch_hybrid_lowvol,proven,9.95,"group_neutralize(ts_zscore(anl14_median_ebitda_fy2/cap,126)*-rank(ts_std_dev(returns,126)),market)","{""instrumentType"": ""EQUITY"", ""region"": ""USA"", ""universe"": ""TOP3000"", ""delay"": 1, ""decay"": 4, ""neutralization"": ""MARKET"", ""truncation"": 0.05, ""pasteurization"": ""ON"", ""unitHandling"": ""VERIFY"", ""nanHandling"": ""ON"", ""language"": ""FASTEXPR"", ""visualization"": false}",0,ebd4f2fb444133253af6e40fed5acce36c0e4b3eefe50ef9ea604dd50e7ccda3,"group_neutralize(mul(neg(ts_std_dev(returns,#)),ts_zscore(div(anl14_median_ebitda_fy2,cap),#)),market)","group_neutralize(mul(neg(ts_std_dev(FIELD,#)),ts_zscore(div(FIELD,FIELD),#)),market)",2026-08-02T11:11:17.969217+00:00
arch_level_liquid:primary,arch_level_liquid,proven,9.850000000000001,"group_neutralize(ts_zscore(anl10_epsrevise_ratio_to_close_fq1/cap,252)*rank(ts_mean(volume,126)/adv20),industry)","{""instrumentType"": ""EQUITY"", ""region"": ""USA"", ""universe"": ""TOP3000"", ""delay"": 1, ""decay"": 4, ""neutralization"": ""MARKET"", ""truncation"": 0.05, ""pasteurization"": ""ON"", ""unitHandling"": ""VERIFY"", ""nanHandling"": ""ON"", ""language"": ""FASTEXPR"", ""visualization"": false}",0,fb955784814f6c8fa40312e4e03a1d9b020baec87cd9d22125f6a3b6b14928ac,"group_neutralize(mul(div(ts_mean(volume,#),adv20),ts_zscore(div(anl10_epsrevise_ratio_to_close_fq1,cap),#)),industry)","group_neutralize(mul(div(ts_mean(FIELD,#),FIELD),ts_zscore(div(FIELD,FIELD),#)),industry)",2026-08-02T11:11:17.969217+00:00
arch_level_liquid:primary,arch_level_liquid,proven,9.850000000000001,"group_neutralize(ts_zscore(anl10_epsrevise_ratio_to_close_fq2/cap,252)*rank(ts_mean(volume,126)/adv20),industry)","{""instrumentType"": ""EQUITY"", ""region"": ""USA"", ""universe"": ""TOP3000"", ""delay"": 1, ""decay"": 4, ""neutralization"": ""MARKET"", ""truncation"": 0.05, ""pasteurization"": ""ON"", ""unitHandling"": ""VERIFY"", ""nanHandling"": ""ON"", ""language"": ""FASTEXPR"", ""visualization"": false}",0,b7b1efe36e7060b172b42bc8a47cb70ddde9bd306edaa07db56a1c933131f6a0,"group_neutralize(mul(div(ts_mean(volume,#),adv20),ts_zscore(div(anl10_epsrevise_ratio_to_close_fq2,cap),#)),industry)","group_neutralize(mul(div(ts_mean(FIELD,#),FIELD),ts_zscore(div(FIELD,FIELD),#)),industry)",2026-08-02T11:11:17.969217+00:00
arch_level_liquid:primary,arch_level_liquid,proven,9.7,"group_neutralize(ts_zscore(anl10_epsrevise_ratio_to_close_fq1/cap,252)*rank(ts_mean(volume,63)/adv20),industry)","{""instrumentType"": ""EQUITY"", ""region"": ""USA"", ""universe"": ""TOP3000"", ""delay"": 1, ""decay"": 4, ""neutralization"": ""MARKET"", ""truncation"": 0.05, ""pasteurization"": ""ON"", ""unitHandling"": ""VERIFY"", ""nanHandling"": ""ON"", ""language"": ""FASTEXPR"", ""visualization"": false}",0,a652b0831bc1df2c310c891d192c7174ed0c2e4438e70fb658be96f341c4de9c,"group_neutralize(mul(div(ts_mean(volume,#),adv20),ts_zscore(div(anl10_epsrevise_ratio_to_close_fq1,cap),#)),industry)","group_neutralize(mul(div(ts_mean(FIELD,#),FIELD),ts_zscore(div(FIELD,FIELD),#)),industry)",2026-08-02T11:11:17.969217+00:00
arch_level_liquid:primary,arch_level_liquid,proven,9.7,"group_neutralize(ts_zscore(anl10_epsrevise_ratio_to_close_fq1/cap,126)*rank(ts_mean(volume,126)/adv20),industry)","{""instrumentType"": ""EQUITY"", ""region"": ""USA"", ""universe"": ""TOP3000"", ""delay"": 1, ""decay"": 4, ""neutralization"": ""MARKET"", ""truncation"": 0.05, ""pasteurization"": ""ON"", ""unitHandling"": ""VERIFY"", ""nanHandling"": ""ON"", ""language"": ""FASTEXPR"", ""visualization"": false}",0,f6f4aa9a9c07738d0d92e1bce3feafa6e247647b3c0c00b420b319aaf073b35b,"group_neutralize(mul(div(ts_mean(volume,#),adv20),ts_zscore(div(anl10_epsrevise_ratio_to_close_fq1,cap),#)),industry)","group_neutralize(mul(div(ts_mean(FIELD,#),FIELD),ts_zscore(div(FIELD,FIELD),#)),industry)",2026-08-02T11:11:17.969217+00:00
arch_level_liquid:primary,arch_level_liquid,proven,9.7,"group_neutralize(ts_zscore(anl10_epsrevise_ratio_to_close_fq2/cap,126)*rank(ts_mean(volume,126)/adv20),industry)","{""instrumentType"": ""EQUITY"", ""region"": ""USA"", ""universe"": ""TOP3000"", ""delay"": 1, ""decay"": 4, ""neutralization"": ""MARKET"", ""truncation"": 0.05, ""pasteurization"": ""ON"", ""unitHandling"": ""VERIFY"", ""nanHandling"": ""ON"", ""language"": ""FASTEXPR"", ""visualization"": false}",0,c65986647d8063c921d65ca2ecf6fcae69d9e3eb5461bc2fb80109f92501dd1a,"group_neutralize(mul(div(ts_mean(volume,#),adv20),ts_zscore(div(anl10_epsrevise_ratio_to_close_fq2,cap),#)),industry)","group_neutralize(mul(div(ts_mean(FIELD,#),FIELD),ts_zscore(div(FIELD,FIELD),#)),industry)",2026-08-02T11:11:17.969217+00:00
arch_level_liquid:primary,arch_level_liquid,proven,9.7,"group_neutralize(ts_zscore(anl10_epsrevise_ratio_to_consensus_fq1/cap,252)*rank(ts_mean(volume,63)/adv20),sector)","{""instrumentType"": ""EQUITY"", ""region"": ""USA"", ""universe"": ""TOP3000"", ""delay"": 1, ""decay"": 4, ""neutralization"": ""MARKET"", ""truncation"": 0.05, ""pasteurization"": ""ON"", ""unitHandling"": ""VERIFY"", ""nanHandling"": ""ON"", ""language"": ""FASTEXPR"", ""visualization"": false}",0,c17ce6497ea2d90ec152857474a7eb490dfe3a9b2b0b8f52e15a98647dfc8830,"group_neutralize(mul(div(ts_mean(volume,#),adv20),ts_zscore(div(anl10_epsrevise_ratio_to_consensus_fq1,cap),#)),sector)","group_neutralize(mul(div(ts_mean(FIELD,#),FIELD),ts_zscore(div(FIELD,FIELD),#)),sector)",2026-08-02T11:11:17.969217+00:00
arch_level_liquid:primary,arch_level_liquid,proven,9.7,"group_neutralize(ts_zscore(anl10_epsrevise_ratio_to_consensus_fq2/cap,252)*rank(ts_mean(volume,63)/adv20),market)","{""instrumentType"": ""EQUITY"", ""region"": ""USA"", ""universe"": ""TOP3000"", ""delay"": 1, ""decay"": 4, ""neutralization"": ""MARKET"", ""truncation"": 0.05, ""pasteurization"": ""ON"", ""unitHandling"": ""VERIFY"", ""nanHandling"": ""ON"", ""language"": ""FASTEXPR"", ""visualization"": false}",0,6b3cca32da0f8c1842c4a046f03467633c1f7b4ac7ed0978f851e899502734e7,"group_neutralize(mul(div(ts_mean(volume,#),adv20),ts_zscore(div(anl10_epsrevise_ratio_to_consensus_fq2,cap),#)),market)","group_neutralize(mul(div(ts_mean(FIELD,#),FIELD),ts_zscore(div(FIELD,FIELD),#)),market)",2026-08-02T11:11:17.969217+00:00
arch_level_liquid:primary,arch_level_liquid,proven,9.55,"group_neutralize(ts_zscore(anl10_epsrevise_ratio_to_close_fq1/cap,126)*rank(ts_mean(volume,63)/adv20),industry)","{""instrumentType"": ""EQUITY"", ""region"": ""USA"", ""universe"": ""TOP3000"", ""delay"": 1, ""decay"": 4, ""neutralization"": ""MARKET"", ""truncation"": 0.05, ""pasteurization"": ""ON"", ""unitHandling"": ""VERIFY"", ""nanHandling"": ""ON"", ""language"": ""FASTEXPR"", ""visualization"": false}",0,d1f7ccc9fcb25932f6d7b491d0663a536c6d21fc50731e13c30f0d1b424a1a05,"group_neutralize(mul(div(ts_mean(volume,#),adv20),ts_zscore(div(anl10_epsrevise_ratio_to_close_fq1,cap),#)),industry)","group_neutralize(mul(div(ts_mean(FIELD,#),FIELD),ts_zscore(div(FIELD,FIELD),#)),industry)",2026-08-02T11:11:17.969217+00:00
arch_level_liquid:primary,arch_level_liquid,proven,9.55,"group_neutralize(ts_zscore(anl10_epsrevise_ratio_to_consensus_fq1/cap,126)*rank(ts_mean(volume,63)/adv20),sector)","{""instrumentType"": ""EQUITY"", ""region"": ""USA"", ""universe"": ""TOP3000"", ""delay"": 1, ""decay"": 4, ""neutralization"": ""MARKET"", ""truncation"": 0.05, ""pasteurization"": ""ON"", ""unitHandling"": ""VERIFY"", ""nanHandling"": ""ON"", ""language"": ""FASTEXPR"", ""visualization"": false}",0,afc98c166ca898bf38e3e41dfb274dadfe8293333662d7a497ec4b818c840d4a,"group_neutralize(mul(div(ts_mean(volume,#),adv20),ts_zscore(div(anl10_epsrevise_ratio_to_consensus_fq1,cap),#)),sector)","group_neutralize(mul(div(ts_mean(FIELD,#),FIELD),ts_zscore(div(FIELD,FIELD),#)),sector)",2026-08-02T11:11:17.969217+00:00
arch_level_liquid:primary,arch_level_liquid,proven,9.55,"group_neutralize(ts_zscore(anl10_epsrevise_ratio_to_consensus_fq2/cap,126)*rank(ts_mean(volume,63)/adv20),market)","{""instrumentType"": ""EQUITY"", ""region"": ""USA"", ""universe"": ""TOP3000"", ""delay"": 1, ""decay"": 4, ""neutralization"": ""MARKET"", ""truncation"": 0.05, ""pasteurization"": ""ON"", ""unitHandling"": ""VERIFY"", ""nanHandling"": ""ON"", ""language"": ""FASTEXPR"", ""visualization"": false}",0,d9a89e54c8dfc9c7e53555e169b70b0f3d9c121632e1f265d3ac5cce3ea83423,"group_neutralize(mul(div(ts_mean(volume,#),adv20),ts_zscore(div(anl10_epsrevise_ratio_to_consensus_fq2,cap),#)),market)","group_neutralize(mul(div(ts_mean(FIELD,#),FIELD),ts_zscore(div(FIELD,FIELD),#)),market)",2026-08-02T11:11:17.969217+00:00
arch_analyst_liquid:primary,arch_analyst_liquid,proven,8.7,"group_neutralize(ts_zscore(social_score_industry_position,126)*rank(ts_mean(volume,63)/adv20),market)","{""instrumentType"": ""EQUITY"", ""region"": ""USA"", ""universe"": ""TOP3000"", ""delay"": 1, ""decay"": 4, ""neutralization"": ""MARKET"", ""truncation"": 0.06, ""pasteurization"": ""ON"", ""unitHandling"": ""VERIFY"", ""nanHandling"": ""ON"", ""language"": ""FASTEXPR"", ""visualization"": false}",0,bb2a13ffb0f08939fd2d4ab6bf52dc6148faa1a47cbfec7d1929e4788385906b,"group_neutralize(mul(div(ts_mean(volume,#),adv20),ts_zscore(social_score_industry_position,#)),market)","group_neutralize(mul(div(ts_mean(FIELD,#),FIELD),ts_zscore(FIELD,#)),market)",2026-08-02T11:11:17.969217+00:00
arch_analyst_liquid:primary,arch_analyst_liquid,proven,8.7,"group_neutralize(ts_zscore(industry_government_bond_yield,126)*rank(ts_mean(volume,63)/adv20),sector)","{""instrumentType"": ""EQUITY"", ""region"": ""USA"", ""universe"": ""TOP3000"", ""delay"": 1, ""decay"": 4, ""neutralization"": ""MARKET"", ""truncation"": 0.06, ""pasteurization"": ""ON"", ""unitHandling"": ""VERIFY"", ""nanHandling"": ""ON"", ""language"": ""FASTEXPR"", ""visualization"": false}",0,d4c896c410322e735d17380e7c0136c5eb728b3487df7bf1880f2a4ab9bd089d,"group_neutralize(mul(div(ts_mean(volume,#),adv20),ts_zscore(industry_government_bond_yield,#)),sector)","group_neutralize(mul(div(ts_mean(FIELD,#),FIELD),ts_zscore(FIELD,#)),sector)",2026-08-02T11:11:17.969217+00:00
arch_analyst_liquid:primary,arch_analyst_liquid,proven,8.7,"group_neutralize(ts_zscore(industry_fy2_marketcap_percent,126)*rank(ts_mean(volume,63)/adv20),market)","{""instrumentType"": ""EQUITY"", ""region"": ""USA"", ""universe"": ""TOP3000"", ""delay"": 1, ""decay"": 4, ""neutralization"": ""MARKET"", ""truncation"": 0.06, ""pasteurization"": ""ON"", ""unitHandling"": ""VERIFY"", ""nanHandling"": ""ON"", ""language"": ""FASTEXPR"", ""visualization"": false}",0,9bc4b54cdebd6a22cb0736f65b39d31898b843096a86f6eef164ce116b79ca8f,"group_neutralize(mul(div(ts_mean(volume,#),adv20),ts_zscore(industry_fy2_marketcap_percent,#)),market)","group_neutralize(mul(div(ts_mean(FIELD,#),FIELD),ts_zscore(FIELD,#)),market)",2026-08-02T11:11:17.969217+00:00
arch_analyst_liquid:primary,arch_analyst_liquid,proven,8.7,"group_neutralize(ts_zscore(human_rights_supply_chain_score,126)*rank(ts_mean(volume,63)/adv20),market)","{""instrumentType"": ""EQUITY"", ""region"": ""USA"", ""universe"": ""TOP3000"", ""delay"": 1, ""decay"": 4, ""neutralization"": ""MARKET"", ""truncation"": 0.06, ""pasteurization"": ""ON"", ""unitHandling"": ""VERIFY"", ""nanHandling"": ""ON"", ""language"": ""FASTEXPR"", ""visualization"": false}",0,33f34934ef4c6baa067d114757000b0205ceb3483fe30cac17ee74021d847c6a,"group_neutralize(mul(div(ts_mean(volume,#),adv20),ts_zscore(human_rights_supply_chain_score,#)),market)","group_neutralize(mul(div(ts_mean(FIELD,#),FIELD),ts_zscore(FIELD,#)),market)",2026-08-02T11:11:17.969217+00:00
arch_analyst_liquid:primary,arch_analyst_liquid,proven,8.55,"group_neutralize(ts_zscore(social_score_subsector_position,63)*rank(ts_mean(volume,63)/adv20),market)","{""instrumentType"": ""EQUITY"", ""region"": ""USA"", ""universe"": ""TOP3000"", ""delay"": 1, ""decay"": 4, ""neutralization"": ""MARKET"", ""truncation"": 0.06, ""pasteurization"": ""ON"", ""unitHandling"": ""VERIFY"", ""nanHandling"": ""ON"", ""language"": ""FASTEXPR"", ""visualization"": false}",0,497831a069385538df612883d45033b7ab94f6a714539145c2115592ddddd4fb,"group_neutralize(mul(div(ts_mean(volume,#),adv20),ts_zscore(social_score_subsector_position,#)),market)","group_neutralize(mul(div(ts_mean(FIELD,#),FIELD),ts_zscore(FIELD,#)),market)",2026-08-02T11:11:17.969217+00:00
arch_analyst_liquid:primary,arch_analyst_liquid,proven,8.55,"group_neutralize(ts_zscore(industry_18mo_marketcap_percent,63)*rank(ts_mean(volume,63)/adv20),market)","{""instrumentType"": ""EQUITY"", ""region"": ""USA"", ""universe"": ""TOP3000"", ""delay"": 1, ""decay"": 4, ""neutralization"": ""MARKET"", ""truncation"": 0.06, ""pasteurization"": ""ON"", ""unitHandling"": ""VERIFY"", ""nanHandling"": ""ON"", ""language"": ""FASTEXPR"", ""visualization"": false}",0,7fdb1285cb33f838df9ed139a7ad99da81cf0d57d50bf2d23bd05d4917f5ae57,"group_neutralize(mul(div(ts_mean(volume,#),adv20),ts_zscore(industry_18mo_marketcap_percent,#)),market)","group_neutralize(mul(div(ts_mean(FIELD,#),FIELD),ts_zscore(FIELD,#)),market)",2026-08-02T11:11:17.969217+00:00
arch_analyst_liquid:primary,arch_analyst_liquid,proven,8.55,"group_neutralize(ts_zscore(industry_fy3_marketcap_percent,63)*rank(ts_mean(volume,63)/adv20),industry)","{""instrumentType"": ""EQUITY"", ""region"": ""USA"", ""universe"": ""TOP3000"", ""delay"": 1, ""decay"": 4, ""neutralization"": ""MARKET"", ""truncation"": 0.06, ""pasteurization"": ""ON"", ""unitHandling"": ""VERIFY"", ""nanHandling"": ""ON"", ""language"": ""FASTEXPR"", ""visualization"": false}",0,e2ab600276d80525081bd449cafd141a87fe6f164597fafe5ed82087b5e70fa2,"group_neutralize(mul(div(ts_mean(volume,#),adv20),ts_zscore(industry_fy3_marketcap_percent,#)),industry)","group_neutralize(mul(div(ts_mean(FIELD,#),FIELD),ts_zscore(FIELD,#)),industry)",2026-08-02T11:11:17.969217+00:00
arch_analyst_liquid:primary,arch_analyst_liquid,proven,8.55,"group_neutralize(ts_zscore(community_pillar_composite_score,63)*rank(ts_mean(volume,63)/adv20),market)","{""instrumentType"": ""EQUITY"", ""region"": ""USA"", ""universe"": ""TOP3000"", ""delay"": 1, ""decay"": 4, ""neutralization"": ""MARKET"", ""truncation"": 0.06, ""pasteurization"": ""ON"", ""unitHandling"": ""VERIFY"", ""nanHandling"": ""ON"", ""language"": ""FASTEXPR"", ""visualization"": false}",0,bf7d398b2a9af3845bf458e6d536f8dbe7b1a3bd69270979a7137509b6b4f150,"group_neutralize(mul(div(ts_mean(volume,#),adv20),ts_zscore(community_pillar_composite_score,#)),market)","group_neutralize(mul(div(ts_mean(FIELD,#),FIELD),ts_zscore(FIELD,#)),market)",2026-08-02T11:11:17.969217+00:00
arch_analyst_liquid:primary,arch_analyst_liquid,proven,8.55,"group_neutralize(ts_zscore(anl15_dpsgics_ind_18_m_ests_dn,63)*rank(ts_mean(volume,63)/adv20),industry)","{""instrumentType"": ""EQUITY"", ""region"": ""USA"", ""universe"": ""TOP3000"", ""delay"": 1, ""decay"": 4, ""neutralization"": ""MARKET"", ""truncation"": 0.06, ""pasteurization"": ""ON"", ""unitHandling"": ""VERIFY"", ""nanHandling"": ""ON"", ""language"": ""FASTEXPR"", ""visualization"": false}",0,f966af9b11783a242138107eaf3ca59e75ec0382781b990cbc26f2c51f7b26ea,"group_neutralize(mul(div(ts_mean(volume,#),adv20),ts_zscore(anl15_dpsgics_ind_18_m_ests_dn,#)),industry)","group_neutralize(mul(div(ts_mean(FIELD,#),FIELD),ts_zscore(FIELD,#)),industry)",2026-08-02T11:11:17.969217+00:00
arch_analyst_liquid:primary,arch_analyst_liquid,proven,8.55,"group_neutralize(ts_zscore(anl15_salgics_ind_cal_fy3_mean,63)*rank(ts_mean(volume,63)/adv20),industry)","{""instrumentType"": ""EQUITY"", ""region"": ""USA"", ""universe"": ""TOP3000"", ""delay"": 1, ""decay"": 4, ""neutralization"": ""MARKET"", ""truncation"": 0.06, ""pasteurization"": ""ON"", ""unitHandling"": ""VERIFY"", ""nanHandling"": ""ON"", ""language"": ""FASTEXPR"", ""visualization"": false}",0,c5b82a7f349d745aea818c5fe15362c6c514144cef92fb420db52b331481d57d,"group_neutralize(mul(div(ts_mean(volume,#),adv20),ts_zscore(anl15_salgics_ind_cal_fy3_mean,#)),industry)","group_neutralize(mul(div(ts_mean(FIELD,#),FIELD),ts_zscore(FIELD,#)),industry)",2026-08-02T11:11:17.969217+00:00
arch_delta_liquid:primary,arch_delta_liquid,proven,8.5,"(group_rank(ts_delta(anl10_analyst_innovation_eps_revise_value_fy1,126)/cap,industry)-0.5)*rank(ts_mean(volume,63)/adv20)","{""instrumentType"": ""EQUITY"", ""region"": ""USA"", ""universe"": ""TOP3000"", ""delay"": 1, ""decay"": 4, ""neutralization"": ""MARKET"", ""truncation"": 0.05, ""pasteurization"": ""ON"", ""unitHandling"": ""VERIFY"", ""nanHandling"": ""ON"", ""language"": ""FASTEXPR"", ""visualization"": false}",0,e5a94843e2cc8f42a51a3f99a63db21c4eb6911766c90ac2388d86620c3a8719,"mul(div(ts_mean(volume,#),adv20),sub(group_rank(div(ts_delta(anl10_analyst_innovation_eps_revise_value_fy1,#),cap),industry),#))","mul(div(ts_mean(FIELD,#),FIELD),sub(group_rank(div(ts_delta(FIELD,#),FIELD),industry),#))",2026-08-02T11:11:17.969217+00:00
arch_delta_liquid:primary,arch_delta_liquid,proven,8.5,"(group_rank(ts_delta(anl10_analyst_innovation_eps_revise_value_fy2,126)/cap,industry)-0.5)*rank(ts_mean(volume,63)/adv20)","{""instrumentType"": ""EQUITY"", ""region"": ""USA"", ""universe"": ""TOP3000"", ""delay"": 1, ""decay"": 4, ""neutralization"": ""MARKET"", ""truncation"": 0.05, ""pasteurization"": ""ON"", ""unitHandling"": ""VERIFY"", ""nanHandling"": ""ON"", ""language"": ""FASTEXPR"", ""visualization"": false}",0,a4cca5c4ee9b4a7e3e93e5b4ae5ed4ad9dc97e35978ae36707e0a9552b4f7234,"mul(div(ts_mean(volume,#),adv20),sub(group_rank(div(ts_delta(anl10_analyst_innovation_eps_revise_value_fy2,#),cap),industry),#))","mul(div(ts_mean(FIELD,#),FIELD),sub(group_rank(div(ts_delta(FIELD,#),FIELD),industry),#))",2026-08-02T11:11:17.969217+00:00
arch_delta_liquid:primary,arch_delta_liquid,proven,8.5,"(group_rank(ts_delta(anl10_analyst_innovation_eps_normal_increase_fy1,126)/cap,industry)-0.5)*rank(ts_mean(volume,63)/adv20)","{""instrumentType"": ""EQUITY"", ""region"": ""USA"", ""universe"": ""TOP3000"", ""delay"": 1, ""decay"": 4, ""neutralization"": ""MARKET"", ""truncation"": 0.05, ""pasteurization"": ""ON"", ""unitHandling"": ""VERIFY"", ""nanHandling"": ""ON"", ""language"": ""FASTEXPR"", ""visualization"": false}",0,02d4ec3e2c645c32d4537ac8148b138ca3b21c8840280b3c054d4817359cfa56,"mul(div(ts_mean(volume,#),adv20),sub(group_rank(div(ts_delta(anl10_analyst_innovation_eps_normal_increase_fy1,#),cap),industry),#))","mul(div(ts_mean(FIELD,#),FIELD),sub(group_rank(div(ts_delta(FIELD,#),FIELD),industry),#))",2026-08-02T11:11:17.969217+00:00
arch_delta_liquid:primary,arch_delta_liquid,proven,8.5,"(group_rank(ts_delta(anl10_analyst_innovation_eps_normal_decrease_fy1,126)/cap,industry)-0.5)*rank(ts_mean(volume,63)/adv20)","{""instrumentType"": ""EQUITY"", ""region"": ""USA"", ""universe"": ""TOP3000"", ""delay"": 1, ""decay"": 4, ""neutralization"": ""MARKET"", ""truncation"": 0.05, ""pasteurization"": ""ON"", ""unitHandling"": ""VERIFY"", ""nanHandling"": ""ON"", ""language"": ""FASTEXPR"", ""visualization"": false}",0,7ce9cbc90cc7f617b8c1dbdba0096581628081d679f4b62dd38608838588ef8c,"mul(div(ts_mean(volume,#),adv20),sub(group_rank(div(ts_delta(anl10_analyst_innovation_eps_normal_decrease_fy1,#),cap),industry),#))","mul(div(ts_mean(FIELD,#),FIELD),sub(group_rank(div(ts_delta(FIELD,#),FIELD),industry),#))",2026-08-02T11:11:17.969217+00:00
arch_delta_liquid:primary,arch_delta_liquid,proven,8.5,"(group_rank(ts_delta(anl10_analyst_innovation_eps_normal_increase_fy2,126)/cap,industry)-0.5)*rank(ts_mean(volume,63)/adv20)","{""instrumentType"": ""EQUITY"", ""region"": ""USA"", ""universe"": ""TOP3000"", ""delay"": 1, ""decay"": 4, ""neutralization"": ""MARKET"", ""truncation"": 0.05, ""pasteurization"": ""ON"", ""unitHandling"": ""VERIFY"", ""nanHandling"": ""ON"", ""language"": ""FASTEXPR"", ""visualization"": false}",0,06b82e88ba2c465adbfdfbe40620f102858f4c9cd74d6e2614e29ba15a17f000,"mul(div(ts_mean(volume,#),adv20),sub(group_rank(div(ts_delta(anl10_analyst_innovation_eps_normal_increase_fy2,#),cap),industry),#))","mul(div(ts_mean(FIELD,#),FIELD),sub(group_rank(div(ts_delta(FIELD,#),FIELD),industry),#))",2026-08-02T11:11:17.969217+00:00
arch_delta_liquid:primary,arch_delta_liquid,proven,8.5,"(group_rank(ts_delta(anl10_analyst_innovation_eps_normal_decrease_fy2,126)/cap,industry)-0.5)*rank(ts_mean(volume,63)/adv20)","{""instrumentType"": ""EQUITY"", ""region"": ""USA"", ""universe"": ""TOP3000"", ""delay"": 1, ""decay"": 4, ""neutralization"": ""MARKET"", ""truncation"": 0.05, ""pasteurization"": ""ON"", ""unitHandling"": ""VERIFY"", ""nanHandling"": ""ON"", ""language"": ""FASTEXPR"", ""visualization"": false}",0,46b30f11bf0a368f8e3efcf30b73a51cc09347346c1bf5ede56fe756db48019f,"mul(div(ts_mean(volume,#),adv20),sub(group_rank(div(ts_delta(anl10_analyst_innovation_eps_normal_decrease_fy2,#),cap),industry),#))","mul(div(ts_mean(FIELD,#),FIELD),sub(group_rank(div(ts_delta(FIELD,#),FIELD),industry),#))",2026-08-02T11:11:17.969217+00:00
arch_delta_liquid:primary,arch_delta_liquid,proven,8.5,"(group_rank(ts_delta(anl10_analyst_innovation_eps_normal_increase_fq1,126)/cap,industry)-0.5)*rank(ts_mean(volume,63)/adv20)","{""instrumentType"": ""EQUITY"", ""region"": ""USA"", ""universe"": ""TOP3000"", ""delay"": 1, ""decay"": 4, ""neutralization"": ""MARKET"", ""truncation"": 0.05, ""pasteurization"": ""ON"", ""unitHandling"": ""VERIFY"", ""nanHandling"": ""ON"", ""language"": ""FASTEXPR"", ""visualization"": false}",0,46ab189584b606a1995ad5c46bdd245b53b901c407fd3a9389ba72e43f220a90,"mul(div(ts_mean(volume,#),adv20),sub(group_rank(div(ts_delta(anl10_analyst_innovation_eps_normal_increase_fq1,#),cap),industry),#))","mul(div(ts_mean(FIELD,#),FIELD),sub(group_rank(div(ts_delta(FIELD,#),FIELD),industry),#))",2026-08-02T11:11:17.969217+00:00
arch_delta_liquid:primary,arch_delta_liquid,proven,8.5,"(group_rank(ts_delta(anl10_analyst_innovation_eps_normal_decrease_fq1,126)/cap,industry)-0.5)*rank(ts_mean(volume,63)/adv20)","{""instrumentType"": ""EQUITY"", ""region"": ""USA"", ""universe"": ""TOP3000"", ""delay"": 1, ""decay"": 4, ""neutralization"": ""MARKET"", ""truncation"": 0.05, ""pasteurization"": ""ON"", ""unitHandling"": ""VERIFY"", ""nanHandling"": ""ON"", ""language"": ""FASTEXPR"", ""visualization"": false}",0,8d3d81f463d6b0bb1863fe5cc16b6cd5d5006d75fd37f8ad726ce526f9499ee1,"mul(div(ts_mean(volume,#),adv20),sub(group_rank(div(ts_delta(anl10_analyst_innovation_eps_normal_decrease_fq1,#),cap),industry),#))","mul(div(ts_mean(FIELD,#),FIELD),sub(group_rank(div(ts_delta(FIELD,#),FIELD),industry),#))",2026-08-02T11:11:17.969217+00:00
arch_delta_liquid:primary,arch_delta_liquid,proven,8.5,"(group_rank(ts_delta(anl10_analyst_innovation_eps_normal_increase_fq2,126)/cap,industry)-0.5)*rank(ts_mean(volume,63)/adv20)","{""instrumentType"": ""EQUITY"", ""region"": ""USA"", ""universe"": ""TOP3000"", ""delay"": 1, ""decay"": 4, ""neutralization"": ""MARKET"", ""truncation"": 0.05, ""pasteurization"": ""ON"", ""unitHandling"": ""VERIFY"", ""nanHandling"": ""ON"", ""language"": ""FASTEXPR"", ""visualization"": false}",0,6916a3a323c3dc833d4be74c4cfeddb1f74c3fd84273f452d126544ac5197037,"mul(div(ts_mean(volume,#),adv20),sub(group_rank(div(ts_delta(anl10_analyst_innovation_eps_normal_increase_fq2,#),cap),industry),#))","mul(div(ts_mean(FIELD,#),FIELD),sub(group_rank(div(ts_delta(FIELD,#),FIELD),industry),#))",2026-08-02T11:11:17.969217+00:00
arch_delta_liquid:primary,arch_delta_liquid,proven,8.5,"(group_rank(ts_delta(anl10_analyst_innovation_eps_normal_decrease_fq2,126)/cap,industry)-0.5)*rank(ts_mean(volume,63)/adv20)","{""instrumentType"": ""EQUITY"", ""region"": ""USA"", ""universe"": ""TOP3000"", ""delay"": 1, ""decay"": 4, ""neutralization"": ""MARKET"", ""truncation"": 0.05, ""pasteurization"": ""ON"", ""unitHandling"": ""VERIFY"", ""nanHandling"": ""ON"", ""language"": ""FASTEXPR"", ""visualization"": false}",0,dae943c13fb5ac33dc90e611fbc7ba7db21e787d6e76f9996badc5bf389c27a9,"mul(div(ts_mean(volume,#),adv20),sub(group_rank(div(ts_delta(anl10_analyst_innovation_eps_normal_decrease_fq2,#),cap),industry),#))","mul(div(ts_mean(FIELD,#),FIELD),sub(group_rank(div(ts_delta(FIELD,#),FIELD),industry),#))",2026-08-02T11:11:17.969217+00:00
arch_hybrid_level_liq:primary,arch_hybrid_level_liq,proven,8.25,"(group_rank(anl10_analyst_innovation_eps_revise_value_fy2/cap,sector)-0.5)*rank(ts_mean(volume,63)/adv20)","{""instrumentType"": ""EQUITY"", ""region"": ""USA"", ""universe"": ""TOP3000"", ""delay"": 1, ""decay"": 4, ""neutralization"": ""MARKET"", ""truncation"": 0.05, ""pasteurization"": ""ON"", ""unitHandling"": ""VERIFY"", ""nanHandling"": ""ON"", ""language"": ""FASTEXPR"", ""visualization"": false}",0,53bd6454ecf4c24a2785eee313af2fdb6825de26b07da8f6a31ad7d58284ad3e,"mul(div(ts_mean(volume,#),adv20),sub(group_rank(div(anl10_analyst_innovation_eps_revise_value_fy2,cap),sector),#))","mul(div(ts_mean(FIELD,#),FIELD),sub(group_rank(div(FIELD,FIELD),sector),#))",2026-08-02T11:11:17.969217+00:00
arch_hybrid_level_liq:primary,arch_hybrid_level_liq,proven,8.25,"(group_rank(anl10_analyst_innovation_eps_revise_value_fq1/cap,market)-0.5)*rank(ts_mean(volume,63)/adv20)","{""instrumentType"": ""EQUITY"", ""region"": ""USA"", ""universe"": ""TOP3000"", ""delay"": 1, ""decay"": 4, ""neutralization"": ""MARKET"", ""truncation"": 0.05, ""pasteurization"": ""ON"", ""unitHandling"": ""VERIFY"", ""nanHandling"": ""ON"", ""language"": ""FASTEXPR"", ""visualization"": false}",0,54863e897e3daad7c2482ad1fd179249912c28f89c2f74a868215fccba2a4cd5,"mul(div(ts_mean(volume,#),adv20),sub(group_rank(div(anl10_analyst_innovation_eps_revise_value_fq1,cap),market),#))","mul(div(ts_mean(FIELD,#),FIELD),sub(group_rank(div(FIELD,FIELD),market),#))",2026-08-02T11:11:17.969217+00:00
arch_hybrid_level_liq:primary,arch_hybrid_level_liq,proven,8.25,"(group_rank(anl10_analyst_innovation_eps_revise_value_fq2/cap,market)-0.5)*rank(ts_mean(volume,63)/adv20)","{""instrumentType"": ""EQUITY"", ""region"": ""USA"", ""universe"": ""TOP3000"", ""delay"": 1, ""decay"": 4, ""neutralization"": ""MARKET"", ""truncation"": 0.05, ""pasteurization"": ""ON"", ""unitHandling"": ""VERIFY"", ""nanHandling"": ""ON"", ""language"": ""FASTEXPR"", ""visualization"": false}",0,b0ecd88f8092866e084193d030c6ae4d36ffe83d075aed5d67d05f484a56a66c,"mul(div(ts_mean(volume,#),adv20),sub(group_rank(div(anl10_analyst_innovation_eps_revise_value_fq2,cap),market),#))","mul(div(ts_mean(FIELD,#),FIELD),sub(group_rank(div(FIELD,FIELD),market),#))",2026-08-02T11:11:17.969217+00:00
arch_hybrid_level_liq:primary,arch_hybrid_level_liq,proven,8.25,"(group_rank(anl10_analyst_innovation_eps_normal_decrease_fy1/cap,market)-0.5)*rank(ts_mean(volume,63)/adv20)","{""instrumentType"": ""EQUITY"", ""region"": ""USA"", ""universe"": ""TOP3000"", ""delay"": 1, ""decay"": 4, ""neutralization"": ""MARKET"", ""truncation"": 0.05, ""pasteurization"": ""ON"", ""unitHandling"": ""VERIFY"", ""nanHandling"": ""ON"", ""language"": ""FASTEXPR"", ""visualization"": false}",0,bcfbb9c69f5be494f8cc99b37cd5fd243213a816b6a7dffa52cfa8280fbdf4fc,"mul(div(ts_mean(volume,#),adv20),sub(group_rank(div(anl10_analyst_innovation_eps_normal_decrease_fy1,cap),market),#))","mul(div(ts_mean(FIELD,#),FIELD),sub(group_rank(div(FIELD,FIELD),market),#))",2026-08-02T11:11:17.969217+00:00
arch_hybrid_level_liq:primary,arch_hybrid_level_liq,proven,8.25,"(group_rank(anl10_analyst_innovation_eps_normal_increase_fy2/cap,market)-0.5)*rank(ts_mean(volume,63)/adv20)","{""instrumentType"": ""EQUITY"", ""region"": ""USA"", ""universe"": ""TOP3000"", ""delay"": 1, ""decay"": 4, ""neutralization"": ""MARKET"", ""truncation"": 0.05, ""pasteurization"": ""ON"", ""unitHandling"": ""VERIFY"", ""nanHandling"": ""ON"", ""language"": ""FASTEXPR"", ""visualization"": false}",0,3859b760765e707e9a2ef561674952a8e422a7dc5edc9b13df12a57b61f02237,"mul(div(ts_mean(volume,#),adv20),sub(group_rank(div(anl10_analyst_innovation_eps_normal_increase_fy2,cap),market),#))","mul(div(ts_mean(FIELD,#),FIELD),sub(group_rank(div(FIELD,FIELD),market),#))",2026-08-02T11:11:17.969217+00:00
arch_hybrid_level_liq:primary,arch_hybrid_level_liq,proven,8.25,"(group_rank(anl10_analyst_innovation_eps_normal_decrease_fy2/cap,market)-0.5)*rank(ts_mean(volume,63)/adv20)","{""instrumentType"": ""EQUITY"", ""region"": ""USA"", ""universe"": ""TOP3000"", ""delay"": 1, ""decay"": 4, ""neutralization"": ""MARKET"", ""truncation"": 0.05, ""pasteurization"": ""ON"", ""unitHandling"": ""VERIFY"", ""nanHandling"": ""ON"", ""language"": ""FASTEXPR"", ""visualization"": false}",0,97ebca8addaedd7b05a727cb37fac6337e770b7160ed166a787306509e3098d0,"mul(div(ts_mean(volume,#),adv20),sub(group_rank(div(anl10_analyst_innovation_eps_normal_decrease_fy2,cap),market),#))","mul(div(ts_mean(FIELD,#),FIELD),sub(group_rank(div(FIELD,FIELD),market),#))",2026-08-02T11:11:17.969217+00:00
arch_hybrid_level_liq:primary,arch_hybrid_level_liq,proven,8.25,"(group_rank(anl10_analyst_innovation_eps_normal_increase_fq1/cap,market)-0.5)*rank(ts_mean(volume,63)/adv20)","{""instrumentType"": ""EQUITY"", ""region"": ""USA"", ""universe"": ""TOP3000"", ""delay"": 1, ""decay"": 4, ""neutralization"": ""MARKET"", ""truncation"": 0.05, ""pasteurization"": ""ON"", ""unitHandling"": ""VERIFY"", ""nanHandling"": ""ON"", ""language"": ""FASTEXPR"", ""visualization"": false}",0,e41d7c48f5c245dd21a4dafd579f11301621f1dfd909f2a1c899b734166f2206,"mul(div(ts_mean(volume,#),adv20),sub(group_rank(div(anl10_analyst_innovation_eps_normal_increase_fq1,cap),market),#))","mul(div(ts_mean(FIELD,#),FIELD),sub(group_rank(div(FIELD,FIELD),market),#))",2026-08-02T11:11:17.969217+00:00
arch_hybrid_level_liq:primary,arch_hybrid_level_liq,proven,8.25,"(group_rank(anl10_analyst_innovation_eps_normal_decrease_fq1/cap,sector)-0.5)*rank(ts_mean(volume,63)/adv20)","{""instrumentType"": ""EQUITY"", ""region"": ""USA"", ""universe"": ""TOP3000"", ""delay"": 1, ""decay"": 4, ""neutralization"": ""MARKET"", ""truncation"": 0.05, ""pasteurization"": ""ON"", ""unitHandling"": ""VERIFY"", ""nanHandling"": ""ON"", ""language"": ""FASTEXPR"", ""visualization"": false}",0,6c5561c26f9c570bfc3bf84deeeba662c0d514457597a063fd531efcf6e1e7c4,"mul(div(ts_mean(volume,#),adv20),sub(group_rank(div(anl10_analyst_innovation_eps_normal_decrease_fq1,cap),sector),#))","mul(div(ts_mean(FIELD,#),FIELD),sub(group_rank(div(FIELD,FIELD),sector),#))",2026-08-02T11:11:17.969217+00:00
arch_hybrid_level_liq:primary,arch_hybrid_level_liq,proven,8.25,"(group_rank(anl10_analyst_innovation_eps_normal_decrease_fq2/cap,market)-0.5)*rank(ts_mean(volume,63)/adv20)","{""instrumentType"": ""EQUITY"", ""region"": ""USA"", ""universe"": ""TOP3000"", ""delay"": 1, ""decay"": 4, ""neutralization"": ""MARKET"", ""truncation"": 0.05, ""pasteurization"": ""ON"", ""unitHandling"": ""VERIFY"", ""nanHandling"": ""ON"", ""language"": ""FASTEXPR"", ""visualization"": false}",0,1da98772973bae1ccaff6063ae6c3af235d3d9076a897fcdd596ca3f01158287,"mul(div(ts_mean(volume,#),adv20),sub(group_rank(div(anl10_analyst_innovation_eps_normal_decrease_fq2,cap),market),#))","mul(div(ts_mean(FIELD,#),FIELD),sub(group_rank(div(FIELD,FIELD),market),#))",2026-08-02T11:11:17.969217+00:00
arch_hybrid_level_liq:primary,arch_hybrid_level_liq,proven,8.25,"(group_rank(anl10_analyst_innovation_eps_innovation_score_fq2/cap,market)-0.5)*rank(ts_mean(volume,63)/adv20)","{""instrumentType"": ""EQUITY"", ""region"": ""USA"", ""universe"": ""TOP3000"", ""delay"": 1, ""decay"": 4, ""neutralization"": ""MARKET"", ""truncation"": 0.05, ""pasteurization"": ""ON"", ""unitHandling"": ""VERIFY"", ""nanHandling"": ""ON"", ""language"": ""FASTEXPR"", ""visualization"": false}",0,b5bb4dd0634a2c514cf538d1bc0c3e740ca8a8e5a8ab89276f87e54598f7bd77,"mul(div(ts_mean(volume,#),adv20),sub(group_rank(div(anl10_analyst_innovation_eps_innovation_score_fq2,cap),market),#))","mul(div(ts_mean(FIELD,#),FIELD),sub(group_rank(div(FIELD,FIELD),market),#))",2026-08-02T11:11:17.969217+00:00
arch_spread:primary,arch_spread,proven,8.1,"group_neutralize(ts_zscore(anl14_mean_ebitda_fy5/cap,126)-ts_zscore(anl14_high_ndebt_fp3/cap,126),market)","{""instrumentType"": ""EQUITY"", ""region"": ""USA"", ""universe"": ""TOP3000"", ""delay"": 1, ""decay"": 6, ""neutralization"": ""MARKET"", ""truncation"": 0.05, ""pasteurization"": ""ON"", ""unitHandling"": ""VERIFY"", ""nanHandling"": ""ON"", ""language"": ""FASTEXPR"", ""visualization"": false}",0,87cff2d8dd94f6b6bbbea2810c0ba01891098e57cd07e255dd16de44193cb2c4,"group_neutralize(sub(ts_zscore(div(anl14_mean_ebitda_fy5,cap),#),ts_zscore(div(anl14_high_ndebt_fp3,cap),#)),market)","group_neutralize(sub(ts_zscore(div(FIELD,FIELD),#),ts_zscore(div(FIELD,FIELD),#)),market)",2026-08-02T11:11:17.969217+00:00
arch_spread:primary,arch_spread,proven,8.1,"group_neutralize(ts_zscore(anl14_low_ebitda_fy5/cap,126)-ts_zscore(anl14_stddev_capex_fy4/cap,126),market)","{""instrumentType"": ""EQUITY"", ""region"": ""USA"", ""universe"": ""TOP3000"", ""delay"": 1, ""decay"": 6, ""neutralization"": ""MARKET"", ""truncation"": 0.05, ""pasteurization"": ""ON"", ""unitHandling"": ""VERIFY"", ""nanHandling"": ""ON"", ""language"": ""FASTEXPR"", ""visualization"": false}",0,a01bbfca2a8fd809a6637414ff50c68bac2cdaec53151aa553e0ddcba9d97018,"group_neutralize(sub(ts_zscore(div(anl14_low_ebitda_fy5,cap),#),ts_zscore(div(anl14_stddev_capex_fy4,cap),#)),market)","group_neutralize(sub(ts_zscore(div(FIELD,FIELD),#),ts_zscore(div(FIELD,FIELD),#)),market)",2026-08-02T11:11:17.969217+00:00
arch_spread:primary,arch_spread,proven,8.1,"group_neutralize(ts_zscore(anl14_median_ebitda_fp5/cap,126)-ts_zscore(anl14_low_capex_fy5/cap,126),sector)","{""instrumentType"": ""EQUITY"", ""region"": ""USA"", ""universe"": ""TOP3000"", ""delay"": 1, ""decay"": 6, ""neutralization"": ""MARKET"", ""truncation"": 0.05, ""pasteurization"": ""ON"", ""unitHandling"": ""VERIFY"", ""nanHandling"": ""ON"", ""language"": ""FASTEXPR"", ""visualization"": false}",0,ca0232e08bfef3cdf3422f600c524358f918b6e1122d0db2ec65866922c404fa,"group_neutralize(sub(ts_zscore(div(anl14_median_ebitda_fp5,cap),#),ts_zscore(div(anl14_low_capex_fy5,cap),#)),sector)","group_neutralize(sub(ts_zscore(div(FIELD,FIELD),#),ts_zscore(div(FIELD,FIELD),#)),sector)",2026-08-02T11:11:17.969217+00:00
arch_spread:primary,arch_spread,proven,8.1,"group_neutralize(ts_zscore(anl14_low_ebitda_fp5/cap,126)-ts_zscore(anl14_mean_capex_fy4/cap,126),industry)","{""instrumentType"": ""EQUITY"", ""region"": ""USA"", ""universe"": ""TOP3000"", ""delay"": 1, ""decay"": 6, ""neutralization"": ""MARKET"", ""truncation"": 0.05, ""pasteurization"": ""ON"", ""unitHandling"": ""VERIFY"", ""nanHandling"": ""ON"", ""language"": ""FASTEXPR"", ""visualization"": false}",0,9beca50e88ce7360d8ea48197273167e9785f496c57b88c56a14b0114a409edc,"group_neutralize(sub(ts_zscore(div(anl14_low_ebitda_fp5,cap),#),ts_zscore(div(anl14_mean_capex_fy4,cap),#)),industry)","group_neutralize(sub(ts_zscore(div(FIELD,FIELD),#),ts_zscore(div(FIELD,FIELD),#)),industry)",2026-08-02T11:11:17.969217+00:00
arch_spread:primary,arch_spread,proven,8.1,"group_neutralize(ts_zscore(anl14_high_ebitda_fy4/cap,126)-ts_zscore(anl14_median_capex_fy4/cap,126),sector)","{""instrumentType"": ""EQUITY"", ""region"": ""USA"", ""universe"": ""TOP3000"", ""delay"": 1, ""decay"": 6, ""neutralization"": ""MARKET"", ""truncation"": 0.05, ""pasteurization"": ""ON"", ""unitHandling"": ""VERIFY"", ""nanHandling"": ""ON"", ""language"": ""FASTEXPR"", ""visualization"": false}",0,e104f36e0694d0cceab13aec35c87e214c2c3e98962e059b9b9f5811937e9471,"group_neutralize(sub(ts_zscore(div(anl14_high_ebitda_fy4,cap),#),ts_zscore(div(anl14_median_capex_fy4,cap),#)),sector)","group_neutralize(sub(ts_zscore(div(FIELD,FIELD),#),ts_zscore(div(FIELD,FIELD),#)),sector)",2026-08-02T11:11:17.969217+00:00
arch_spread:primary,arch_spread,proven,8.1,"group_neutralize(ts_zscore(anl14_stddev_ebitda_fp4/cap,126)-ts_zscore(anl14_mean_ndebt_fp4/cap,126),sector)","{""instrumentType"": ""EQUITY"", ""region"": ""USA"", ""universe"": ""TOP3000"", ""delay"": 1, ""decay"": 6, ""neutralization"": ""MARKET"", ""truncation"": 0.05, ""pasteurization"": ""ON"", ""unitHandling"": ""VERIFY"", ""nanHandling"": ""ON"", ""language"": ""FASTEXPR"", ""visualization"": false}",0,44b32c75345fd3592119787a87fa6d816e3964e04ea83106bf9add3dc9d3c944,"group_neutralize(sub(ts_zscore(div(anl14_stddev_ebitda_fp4,cap),#),ts_zscore(div(anl14_mean_ndebt_fp4,cap),#)),sector)","group_neutralize(sub(ts_zscore(div(FIELD,FIELD),#),ts_zscore(div(FIELD,FIELD),#)),sector)",2026-08-02T11:11:17.969217+00:00
arch_spread:primary,arch_spread,proven,8.1,"group_neutralize(ts_zscore(anl14_high_ebitda_fy5/cap,126)-ts_zscore(anl14_stddev_ndebt_fp5/cap,126),market)","{""instrumentType"": ""EQUITY"", ""region"": ""USA"", ""universe"": ""TOP3000"", ""delay"": 1, ""decay"": 6, ""neutralization"": ""MARKET"", ""truncation"": 0.05, ""pasteurization"": ""ON"", ""unitHandling"": ""VERIFY"", ""nanHandling"": ""ON"", ""language"": ""FASTEXPR"", ""visualization"": false}",0,a60ba280f553b486c9a0a44910d189063a0e6d7597b567924b910b2ee3845a44,"group_neutralize(sub(ts_zscore(div(anl14_high_ebitda_fy5,cap),#),ts_zscore(div(anl14_stddev_ndebt_fp5,cap),#)),market)","group_neutralize(sub(ts_zscore(div(FIELD,FIELD),#),ts_zscore(div(FIELD,FIELD),#)),market)",2026-08-02T11:11:17.969217+00:00
arch_spread:primary,arch_spread,proven,8.1,"group_neutralize(ts_zscore(anl14_stddev_ebitda_fy1/cap,126)-ts_zscore(anl14_mean_ndebt_fp5/cap,126),market)","{""instrumentType"": ""EQUITY"", ""region"": ""USA"", ""universe"": ""TOP3000"", ""delay"": 1, ""decay"": 6, ""neutralization"": ""MARKET"", ""truncation"": 0.05, ""pasteurization"": ""ON"", ""unitHandling"": ""VERIFY"", ""nanHandling"": ""ON"", ""language"": ""FASTEXPR"", ""visualization"": false}",0,9cbb8f1e0b6815c9afd51db23ec8f86deb3eaf75f90461000343a17c1998f880,"group_neutralize(sub(ts_zscore(div(anl14_stddev_ebitda_fy1,cap),#),ts_zscore(div(anl14_mean_ndebt_fp5,cap),#)),market)","group_neutralize(sub(ts_zscore(div(FIELD,FIELD),#),ts_zscore(div(FIELD,FIELD),#)),market)",2026-08-02T11:11:17.969217+00:00
arch_spread:primary,arch_spread,proven,8.1,"group_neutralize(ts_zscore(anl14_high_ebitda_fp5/cap,126)-ts_zscore(anl14_stddev_ndebt_fp3/cap,126),market)","{""instrumentType"": ""EQUITY"", ""region"": ""USA"", ""universe"": ""TOP3000"", ""delay"": 1, ""decay"": 6, ""neutralization"": ""MARKET"", ""truncation"": 0.05, ""pasteurization"": ""ON"", ""unitHandling"": ""VERIFY"", ""nanHandling"": ""ON"", ""language"": ""FASTEXPR"", ""visualization"": false}",0,4364cc54be49799b00d3b4da052a8a27eafc97fcc178a177fe910a698228fa2f,"group_neutralize(sub(ts_zscore(div(anl14_high_ebitda_fp5,cap),#),ts_zscore(div(anl14_stddev_ndebt_fp3,cap),#)),market)","group_neutralize(sub(ts_zscore(div(FIELD,FIELD),#),ts_zscore(div(FIELD,FIELD),#)),market)",2026-08-02T11:11:17.969217+00:00
arch_spread:primary,arch_spread,proven,8.1,"group_neutralize(ts_zscore(anl14_stddev_ebitda_fp2/cap,126)-ts_zscore(anl14_mean_ndebt_fp3/cap,126),sector)","{""instrumentType"": ""EQUITY"", ""region"": ""USA"", ""universe"": ""TOP3000"", ""delay"": 1, ""decay"": 6, ""neutralization"": ""MARKET"", ""truncation"": 0.05, ""pasteurization"": ""ON"", ""unitHandling"": ""VERIFY"", ""nanHandling"": ""ON"", ""language"": ""FASTEXPR"", ""visualization"": false}",0,b550f18868f73d23b1e8db2969419d1ba47314536724faaa724441df06e8eb47,"group_neutralize(sub(ts_zscore(div(anl14_stddev_ebitda_fp2,cap),#),ts_zscore(div(anl14_mean_ndebt_fp3,cap),#)),sector)","group_neutralize(sub(ts_zscore(div(FIELD,FIELD),#),ts_zscore(div(FIELD,FIELD),#)),sector)",2026-08-02T11:11:17.969217+00:00
arch_regime_shift:primary,arch_regime_shift,proven,8.05,"group_neutralize(ts_zscore(anl10_analyst_innovation_eps_revise_ratio_to_close_fy1/cap,126)-ts_zscore(anl10_analyst_innovation_eps_revise_ratio_to_close_fy1/cap,252),sector)","{""instrumentType"": ""EQUITY"", ""region"": ""USA"", ""universe"": ""TOP3000"", ""delay"": 1, ""decay"": 6, ""neutralization"": ""MARKET"", ""truncation"": 0.05, ""pasteurization"": ""ON"", ""unitHandling"": ""VERIFY"", ""nanHandling"": ""ON"", ""language"": ""FASTEXPR"", ""visualization"": false}",0,5ade6d630438e205e1c2c1e737f42114bec2f735e48147aa3b086d1e97a68dea,"group_neutralize(sub(ts_zscore(div(anl10_analyst_innovation_eps_revise_ratio_to_close_fy1,cap),#),ts_zscore(div(anl10_analyst_innovation_eps_revise_ratio_to_close_fy1,cap),#)),sector)","group_neutralize(sub(ts_zscore(div(FIELD,FIELD),#),ts_zscore(div(FIELD,FIELD),#)),sector)",2026-08-02T11:11:17.969217+00:00
arch_regime_shift:primary,arch_regime_shift,proven,8.05,"group_neutralize(ts_zscore(anl10_analyst_innovation_eps_revise_ratio_to_close_fq2/cap,126)-ts_zscore(anl10_analyst_innovation_eps_revise_ratio_to_close_fq2/cap,252),sector)","{""instrumentType"": ""EQUITY"", ""region"": ""USA"", ""universe"": ""TOP3000"", ""delay"": 1, ""decay"": 6, ""neutralization"": ""MARKET"", ""truncation"": 0.05, ""pasteurization"": ""ON"", ""unitHandling"": ""VERIFY"", ""nanHandling"": ""ON"", ""language"": ""FASTEXPR"", ""visualization"": false}",0,63090589ce4616b965b94243b63a4636b56b4785bcd62da6ce01caf9a2fa9a0d,"group_neutralize(sub(ts_zscore(div(anl10_analyst_innovation_eps_revise_ratio_to_close_fq2,cap),#),ts_zscore(div(anl10_analyst_innovation_eps_revise_ratio_to_close_fq2,cap),#)),sector)","group_neutralize(sub(ts_zscore(div(FIELD,FIELD),#),ts_zscore(div(FIELD,FIELD),#)),sector)",2026-08-02T11:11:17.969217+00:00
arch_regime_shift:primary,arch_regime_shift,proven,8.05,"group_neutralize(ts_zscore(anl10_analyst_innovation_eps_revise_ratio_to_close_fy2/cap,126)-ts_zscore(anl10_analyst_innovation_eps_revise_ratio_to_close_fy2/cap,252),industry)","{""instrumentType"": ""EQUITY"", ""region"": ""USA"", ""universe"": ""TOP3000"", ""delay"": 1, ""decay"": 6, ""neutralization"": ""MARKET"", ""truncation"": 0.05, ""pasteurization"": ""ON"", ""unitHandling"": ""VERIFY"", ""nanHandling"": ""ON"", ""language"": ""FASTEXPR"", ""visualization"": false}",0,8325ce660a74643ba15da8d0283160a4907ee86699223ee202cd31f84f2b94b7,"group_neutralize(sub(ts_zscore(div(anl10_analyst_innovation_eps_revise_ratio_to_close_fy2,cap),#),ts_zscore(div(anl10_analyst_innovation_eps_revise_ratio_to_close_fy2,cap),#)),industry)","group_neutralize(sub(ts_zscore(div(FIELD,FIELD),#),ts_zscore(div(FIELD,FIELD),#)),industry)",2026-08-02T11:11:17.969217+00:00
arch_regime_shift:primary,arch_regime_shift,proven,8.05,"group_neutralize(ts_zscore(anl10_analyst_innovation_eps_revise_ratio_to_close_fq1/cap,126)-ts_zscore(anl10_analyst_innovation_eps_revise_ratio_to_close_fq1/cap,252),industry)","{""instrumentType"": ""EQUITY"", ""region"": ""USA"", ""universe"": ""TOP3000"", ""delay"": 1, ""decay"": 6, ""neutralization"": ""MARKET"", ""truncation"": 0.05, ""pasteurization"": ""ON"", ""unitHandling"": ""VERIFY"", ""nanHandling"": ""ON"", ""language"": ""FASTEXPR"", ""visualization"": false}",0,e71dc1ff5f692ea95e7db542d5d296438a325c3684963e81e2e554fb13c4ed0c,"group_neutralize(sub(ts_zscore(div(anl10_analyst_innovation_eps_revise_ratio_to_close_fq1,cap),#),ts_zscore(div(anl10_analyst_innovation_eps_revise_ratio_to_close_fq1,cap),#)),industry)","group_neutralize(sub(ts_zscore(div(FIELD,FIELD),#),ts_zscore(div(FIELD,FIELD),#)),industry)",2026-08-02T11:11:17.969217+00:00
