候选ID,策略家族,来源,分数,表达式,模拟设置JSON,变体序号,精确哈希,参数骨架,字段骨架,生成时间
near_pass_variant:primary,near_pass_variant,near_pass,3.75,"(group_rank(ts_delta(anl4_ebitda_value, 126)/cap,industry)-0.5)*0.7+(ts_rank(vwap/close, 252)-0.5)*0.3","{""instrumentType"": ""EQUITY"", ""region"": ""USA"", ""universe"": ""TOP3000"", ""delay"": 1, ""decay"": 4, ""neutralization"": ""MARKET"", ""truncation"": 0.05, ""pasteurization"": ""ON"", ""unitHandling"": ""VERIFY"", ""nanHandling"": ""ON"", ""language"": ""FASTEXPR"", ""visualization"": false}",0,4d1c2ba4d9ecf31c0f17138d4d5086868b62fbea31eff60a45050a81cc1dd94c,"add(mul(#,sub(group_rank(div(ts_delta(anl4_ebitda_value,#),cap),industry),#)),mul(#,sub(ts_rank(div(vwap,close),#),#)))","add(mul(#,sub(group_rank(div(ts_delta(FIELD,#),FIELD),industry),#)),mul(#,sub(ts_rank(div(FIELD,FIELD),#),#)))",2026-08-01T14:17:15.543358+00:00
near_pass_variant:primary,near_pass_variant,near_pass,3.7399999999999998,"trade_when(rank(ts_mean(volume,63)/adv20),((group_rank(ts_delta(anl4_ebitda_value, 126)/cap,industry)-0.5)*0.7+(ts_rank(vwap/close,126)-0.5)*0.3),-1)","{""instrumentType"": ""EQUITY"", ""region"": ""USA"", ""universe"": ""TOP3000"", ""delay"": 1, ""decay"": 4, ""neutralization"": ""MARKET"", ""truncation"": 0.05, ""pasteurization"": ""ON"", ""unitHandling"": ""VERIFY"", ""nanHandling"": ""ON"", ""language"": ""FASTEXPR"", ""visualization"": false}",0,578e51cd0b072663024124d5b4bb62f3c93a8594ac4987d16c33c28e0c4636dc,"trade_when(div(ts_mean(volume,#),adv20),add(mul(#,sub(group_rank(div(ts_delta(anl4_ebitda_value,#),cap),industry),#)),mul(#,sub(ts_rank(div(vwap,close),#),#))),neg(#))","trade_when(div(ts_mean(FIELD,#),FIELD),add(mul(#,sub(group_rank(div(ts_delta(FIELD,#),FIELD),industry),#)),mul(#,sub(ts_rank(div(FIELD,FIELD),#),#))),neg(#))",2026-08-01T14:17:15.543358+00:00
near_pass_variant:primary,near_pass_variant,near_pass,3.77,"((group_rank(ts_delta(assets, 252)/cap,sector)-0.5)*0.7+(ts_rank(vwap/close, 126)-0.5)*0.3)*rank(ts_mean(volume, 126)/adv20)","{""instrumentType"": ""EQUITY"", ""region"": ""USA"", ""universe"": ""TOP3000"", ""delay"": 1, ""decay"": 4, ""neutralization"": ""MARKET"", ""truncation"": 0.05, ""pasteurization"": ""ON"", ""unitHandling"": ""VERIFY"", ""nanHandling"": ""ON"", ""language"": ""FASTEXPR"", ""visualization"": false}",0,a1fcaab498235d3611c5404474ddf8e618934575694d73579be4634a757135f1,"mul(add(mul(#,sub(group_rank(div(ts_delta(assets,#),cap),sector),#)),mul(#,sub(ts_rank(div(vwap,close),#),#))),div(ts_mean(volume,#),adv20))","mul(add(mul(#,sub(group_rank(div(ts_delta(FIELD,#),FIELD),sector),#)),mul(#,sub(ts_rank(div(FIELD,FIELD),#),#))),div(ts_mean(FIELD,#),FIELD))",2026-08-01T14:17:15.543358+00:00
near_pass_variant:primary,near_pass_variant,near_pass,3.69,"((group_rank(ts_delta(anl4_ebitda_value, 126)/cap,industry)-0.5)*0.7+(ts_rank(vwap/close,126)-0.5)*0.3)*rank(ts_mean(volume, 63)/adv20)","{""instrumentType"": ""EQUITY"", ""region"": ""USA"", ""universe"": ""TOP3000"", ""delay"": 1, ""decay"": 4, ""neutralization"": ""MARKET"", ""truncation"": 0.05, ""pasteurization"": ""ON"", ""unitHandling"": ""VERIFY"", ""nanHandling"": ""ON"", ""language"": ""FASTEXPR"", ""visualization"": false}",0,d98066212c40a6969a77fe4c629213682acd8ca62d36c6a712ad63d556904760,"mul(add(mul(#,sub(group_rank(div(ts_delta(anl4_ebitda_value,#),cap),industry),#)),mul(#,sub(ts_rank(div(vwap,close),#),#))),div(ts_mean(volume,#),adv20))","mul(add(mul(#,sub(group_rank(div(ts_delta(FIELD,#),FIELD),industry),#)),mul(#,sub(ts_rank(div(FIELD,FIELD),#),#))),div(ts_mean(FIELD,#),FIELD))",2026-08-01T14:17:15.543358+00:00
arch_delta_liquid:primary,arch_delta_liquid,proven,10.7,"group_neutralize(ts_zscore(ts_delta(anl10_analyst_innovation_eps_revise_ratio_to_close_fy1,126)/cap,126)*rank(ts_mean(volume,63)/adv20),sector)","{""instrumentType"": ""EQUITY"", ""region"": ""USA"", ""universe"": ""TOP3000"", ""delay"": 1, ""decay"": 4, ""neutralization"": ""MARKET"", ""truncation"": 0.05, ""pasteurization"": ""ON"", ""unitHandling"": ""VERIFY"", ""nanHandling"": ""ON"", ""language"": ""FASTEXPR"", ""visualization"": false}",0,0d45f3475985221f2b1c4ec5071172cbd3502c6e955d6f051c2f98323e06cacb,"group_neutralize(mul(div(ts_mean(volume,#),adv20),ts_zscore(div(ts_delta(anl10_analyst_innovation_eps_revise_ratio_to_close_fy1,#),cap),#)),sector)","group_neutralize(mul(div(ts_mean(FIELD,#),FIELD),ts_zscore(div(ts_delta(FIELD,#),FIELD),#)),sector)",2026-08-01T14:17:15.543358+00:00
arch_delta_liquid:primary,arch_delta_liquid,proven,10.7,"group_neutralize(ts_zscore(ts_delta(anl10_analyst_innovation_eps_revise_ratio_to_close_fy2,126)/cap,126)*rank(ts_mean(volume,63)/adv20),sector)","{""instrumentType"": ""EQUITY"", ""region"": ""USA"", ""universe"": ""TOP3000"", ""delay"": 1, ""decay"": 4, ""neutralization"": ""MARKET"", ""truncation"": 0.05, ""pasteurization"": ""ON"", ""unitHandling"": ""VERIFY"", ""nanHandling"": ""ON"", ""language"": ""FASTEXPR"", ""visualization"": false}",0,cbb5dc855e318775ad13446774f0aa92e2caefc3e95c348acce5b246ce0542d4,"group_neutralize(mul(div(ts_mean(volume,#),adv20),ts_zscore(div(ts_delta(anl10_analyst_innovation_eps_revise_ratio_to_close_fy2,#),cap),#)),sector)","group_neutralize(mul(div(ts_mean(FIELD,#),FIELD),ts_zscore(div(ts_delta(FIELD,#),FIELD),#)),sector)",2026-08-01T14:17:15.543358+00:00
arch_delta_liquid:primary,arch_delta_liquid,proven,10.7,"group_neutralize(ts_zscore(ts_delta(anl10_analyst_innovation_eps_revise_ratio_to_consensus_fy1,126)/cap,126)*rank(ts_mean(volume,63)/adv20),sector)","{""instrumentType"": ""EQUITY"", ""region"": ""USA"", ""universe"": ""TOP3000"", ""delay"": 1, ""decay"": 4, ""neutralization"": ""MARKET"", ""truncation"": 0.05, ""pasteurization"": ""ON"", ""unitHandling"": ""VERIFY"", ""nanHandling"": ""ON"", ""language"": ""FASTEXPR"", ""visualization"": false}",0,070696ebc3bfad00c4fdc7f49d6ff3585f1d291c94b27a9f042141982f532065,"group_neutralize(mul(div(ts_mean(volume,#),adv20),ts_zscore(div(ts_delta(anl10_analyst_innovation_eps_revise_ratio_to_consensus_fy1,#),cap),#)),sector)","group_neutralize(mul(div(ts_mean(FIELD,#),FIELD),ts_zscore(div(ts_delta(FIELD,#),FIELD),#)),sector)",2026-08-01T14:17:15.543358+00:00
arch_delta_liquid:primary,arch_delta_liquid,proven,10.7,"group_neutralize(ts_zscore(ts_delta(anl10_analyst_innovation_eps_revise_ratio_to_consensus_fy2,126)/cap,126)*rank(ts_mean(volume,63)/adv20),sector)","{""instrumentType"": ""EQUITY"", ""region"": ""USA"", ""universe"": ""TOP3000"", ""delay"": 1, ""decay"": 4, ""neutralization"": ""MARKET"", ""truncation"": 0.05, ""pasteurization"": ""ON"", ""unitHandling"": ""VERIFY"", ""nanHandling"": ""ON"", ""language"": ""FASTEXPR"", ""visualization"": false}",0,a48ce5210baeb15af66220e9359df02c955f6f3fe0ff48b2e1fb7e1d83fc4a46,"group_neutralize(mul(div(ts_mean(volume,#),adv20),ts_zscore(div(ts_delta(anl10_analyst_innovation_eps_revise_ratio_to_consensus_fy2,#),cap),#)),sector)","group_neutralize(mul(div(ts_mean(FIELD,#),FIELD),ts_zscore(div(ts_delta(FIELD,#),FIELD),#)),sector)",2026-08-01T14:17:15.543358+00:00
arch_delta_liquid:primary,arch_delta_liquid,proven,10.7,"group_neutralize(ts_zscore(ts_delta(anl10_analyst_innovation_eps_revise_ratio_to_consensus_fq1,126)/cap,126)*rank(ts_mean(volume,63)/adv20),sector)","{""instrumentType"": ""EQUITY"", ""region"": ""USA"", ""universe"": ""TOP3000"", ""delay"": 1, ""decay"": 4, ""neutralization"": ""MARKET"", ""truncation"": 0.05, ""pasteurization"": ""ON"", ""unitHandling"": ""VERIFY"", ""nanHandling"": ""ON"", ""language"": ""FASTEXPR"", ""visualization"": false}",0,1b15a70625aa664bde280626b1442e2f0c74f39f5c565fad4992d79868ce6dcb,"group_neutralize(mul(div(ts_mean(volume,#),adv20),ts_zscore(div(ts_delta(anl10_analyst_innovation_eps_revise_ratio_to_consensus_fq1,#),cap),#)),sector)","group_neutralize(mul(div(ts_mean(FIELD,#),FIELD),ts_zscore(div(ts_delta(FIELD,#),FIELD),#)),sector)",2026-08-01T14:17:15.543358+00:00
arch_delta_liquid:primary,arch_delta_liquid,proven,10.7,"group_neutralize(ts_zscore(ts_delta(anl10_analyst_innovation_eps_revise_ratio_to_consensus_fq2,126)/cap,126)*rank(ts_mean(volume,63)/adv20),sector)","{""instrumentType"": ""EQUITY"", ""region"": ""USA"", ""universe"": ""TOP3000"", ""delay"": 1, ""decay"": 4, ""neutralization"": ""MARKET"", ""truncation"": 0.05, ""pasteurization"": ""ON"", ""unitHandling"": ""VERIFY"", ""nanHandling"": ""ON"", ""language"": ""FASTEXPR"", ""visualization"": false}",0,6da2e1d2923147a68d7ff0683bc7bd104745cd41bd3ecfbf659b77f84bba26f0,"group_neutralize(mul(div(ts_mean(volume,#),adv20),ts_zscore(div(ts_delta(anl10_analyst_innovation_eps_revise_ratio_to_consensus_fq2,#),cap),#)),sector)","group_neutralize(mul(div(ts_mean(FIELD,#),FIELD),ts_zscore(div(ts_delta(FIELD,#),FIELD),#)),sector)",2026-08-01T14:17:15.543358+00:00
arch_hybrid_lowvol:primary,arch_hybrid_lowvol,proven,9.95,"group_neutralize(ts_zscore(anl14_numofests_ebitda_fy5/cap,126)*-rank(ts_std_dev(returns,126)),market)","{""instrumentType"": ""EQUITY"", ""region"": ""USA"", ""universe"": ""TOP3000"", ""delay"": 1, ""decay"": 4, ""neutralization"": ""MARKET"", ""truncation"": 0.05, ""pasteurization"": ""ON"", ""unitHandling"": ""VERIFY"", ""nanHandling"": ""ON"", ""language"": ""FASTEXPR"", ""visualization"": false}",0,2fab6966e972919020c958f01998d3dec9ffed2cc00cec9d1f3ac3cfd042d5d9,"group_neutralize(mul(neg(ts_std_dev(returns,#)),ts_zscore(div(anl14_numofests_ebitda_fy5,cap),#)),market)","group_neutralize(mul(neg(ts_std_dev(FIELD,#)),ts_zscore(div(FIELD,FIELD),#)),market)",2026-08-01T14:17:15.543358+00:00
arch_hybrid_lowvol:primary,arch_hybrid_lowvol,proven,9.95,"group_neutralize(ts_zscore(anl14_numofests_ebitda_fy4/cap,126)*-rank(ts_std_dev(returns,126)),market)","{""instrumentType"": ""EQUITY"", ""region"": ""USA"", ""universe"": ""TOP3000"", ""delay"": 1, ""decay"": 4, ""neutralization"": ""MARKET"", ""truncation"": 0.05, ""pasteurization"": ""ON"", ""unitHandling"": ""VERIFY"", ""nanHandling"": ""ON"", ""language"": ""FASTEXPR"", ""visualization"": false}",0,a1cfe7613bd11ee131487efb2a373f23209a63d3aaef8b7c026fdfbc22a4a781,"group_neutralize(mul(neg(ts_std_dev(returns,#)),ts_zscore(div(anl14_numofests_ebitda_fy4,cap),#)),market)","group_neutralize(mul(neg(ts_std_dev(FIELD,#)),ts_zscore(div(FIELD,FIELD),#)),market)",2026-08-01T14:17:15.543358+00:00
arch_hybrid_lowvol:primary,arch_hybrid_lowvol,proven,9.95,"group_neutralize(ts_zscore(anl14_numofests_ebitda_fp5/cap,126)*-rank(ts_std_dev(returns,126)),sector)","{""instrumentType"": ""EQUITY"", ""region"": ""USA"", ""universe"": ""TOP3000"", ""delay"": 1, ""decay"": 4, ""neutralization"": ""MARKET"", ""truncation"": 0.05, ""pasteurization"": ""ON"", ""unitHandling"": ""VERIFY"", ""nanHandling"": ""ON"", ""language"": ""FASTEXPR"", ""visualization"": false}",0,f7e94c9e4c20b6e55e868fe81a3a1d15f1dae9462e50e40ea03f4d8f0897a258,"group_neutralize(mul(neg(ts_std_dev(returns,#)),ts_zscore(div(anl14_numofests_ebitda_fp5,cap),#)),sector)","group_neutralize(mul(neg(ts_std_dev(FIELD,#)),ts_zscore(div(FIELD,FIELD),#)),sector)",2026-08-01T14:17:15.543358+00:00
arch_hybrid_lowvol:primary,arch_hybrid_lowvol,proven,9.95,"group_neutralize(ts_zscore(anl14_numofests_ebitda_fp2/cap,126)*-rank(ts_std_dev(returns,126)),sector)","{""instrumentType"": ""EQUITY"", ""region"": ""USA"", ""universe"": ""TOP3000"", ""delay"": 1, ""decay"": 4, ""neutralization"": ""MARKET"", ""truncation"": 0.05, ""pasteurization"": ""ON"", ""unitHandling"": ""VERIFY"", ""nanHandling"": ""ON"", ""language"": ""FASTEXPR"", ""visualization"": false}",0,a6334ce1ea198d713a3b0b4105d30ea7e26734a458ebfa3c5f0f0d2fa3e8f39e,"group_neutralize(mul(neg(ts_std_dev(returns,#)),ts_zscore(div(anl14_numofests_ebitda_fp2,cap),#)),sector)","group_neutralize(mul(neg(ts_std_dev(FIELD,#)),ts_zscore(div(FIELD,FIELD),#)),sector)",2026-08-01T14:17:15.543358+00:00
arch_hybrid_lowvol:primary,arch_hybrid_lowvol,proven,9.95,"group_neutralize(ts_zscore(anl14_numofests_ebitda_fp4/cap,126)*-rank(ts_std_dev(returns,126)),market)","{""instrumentType"": ""EQUITY"", ""region"": ""USA"", ""universe"": ""TOP3000"", ""delay"": 1, ""decay"": 4, ""neutralization"": ""MARKET"", ""truncation"": 0.05, ""pasteurization"": ""ON"", ""unitHandling"": ""VERIFY"", ""nanHandling"": ""ON"", ""language"": ""FASTEXPR"", ""visualization"": false}",0,9c6f499c310a0458954ab6423b79d16643ffee99c56e819dd698944720951def,"group_neutralize(mul(neg(ts_std_dev(returns,#)),ts_zscore(div(anl14_numofests_ebitda_fp4,cap),#)),market)","group_neutralize(mul(neg(ts_std_dev(FIELD,#)),ts_zscore(div(FIELD,FIELD),#)),market)",2026-08-01T14:17:15.543358+00:00
arch_hybrid_lowvol:primary,arch_hybrid_lowvol,proven,9.95,"group_neutralize(ts_zscore(anl14_numofests_ebitda_fy3/cap,126)*-rank(ts_std_dev(returns,126)),industry)","{""instrumentType"": ""EQUITY"", ""region"": ""USA"", ""universe"": ""TOP3000"", ""delay"": 1, ""decay"": 4, ""neutralization"": ""MARKET"", ""truncation"": 0.05, ""pasteurization"": ""ON"", ""unitHandling"": ""VERIFY"", ""nanHandling"": ""ON"", ""language"": ""FASTEXPR"", ""visualization"": false}",0,6dd87d7371ef9ac520a1dcb6d1485a882ffc1a27d7bcda08d3ad1ce134c0e6dd,"group_neutralize(mul(neg(ts_std_dev(returns,#)),ts_zscore(div(anl14_numofests_ebitda_fy3,cap),#)),industry)","group_neutralize(mul(neg(ts_std_dev(FIELD,#)),ts_zscore(div(FIELD,FIELD),#)),industry)",2026-08-01T14:17:15.543358+00:00
arch_regime_shift:primary,arch_regime_shift,proven,9.3,"group_neutralize((ts_zscore(anl10_smartest_roe_ff/cap,126)-ts_zscore(anl10_smartest_roe_ff/cap,252))*rank(ts_mean(volume,63)/adv20),market)","{""instrumentType"": ""EQUITY"", ""region"": ""USA"", ""universe"": ""TOP3000"", ""delay"": 1, ""decay"": 6, ""neutralization"": ""MARKET"", ""truncation"": 0.05, ""pasteurization"": ""ON"", ""unitHandling"": ""VERIFY"", ""nanHandling"": ""ON"", ""language"": ""FASTEXPR"", ""visualization"": false}",0,5a74238047202c1be5574d3d677bce17d4e671cfada1ea076e5fe85965e0e1b0,"group_neutralize(mul(div(ts_mean(volume,#),adv20),sub(ts_zscore(div(anl10_smartest_roe_ff,cap),#),ts_zscore(div(anl10_smartest_roe_ff,cap),#))),market)","group_neutralize(mul(div(ts_mean(FIELD,#),FIELD),sub(ts_zscore(div(FIELD,FIELD),#),ts_zscore(div(FIELD,FIELD),#))),market)",2026-08-01T14:17:15.543358+00:00
arch_regime_shift:primary,arch_regime_shift,proven,9.3,"group_neutralize((ts_zscore(anl10_smartest_roa_ff/cap,126)-ts_zscore(anl10_smartest_roa_ff/cap,252))*rank(ts_mean(volume,63)/adv20),sector)","{""instrumentType"": ""EQUITY"", ""region"": ""USA"", ""universe"": ""TOP3000"", ""delay"": 1, ""decay"": 6, ""neutralization"": ""MARKET"", ""truncation"": 0.05, ""pasteurization"": ""ON"", ""unitHandling"": ""VERIFY"", ""nanHandling"": ""ON"", ""language"": ""FASTEXPR"", ""visualization"": false}",0,0c53fd7f1d28d4261500e3818ff08aa0fab7b2f99bf3fea34cad29580ddadb3f,"group_neutralize(mul(div(ts_mean(volume,#),adv20),sub(ts_zscore(div(anl10_smartest_roa_ff,cap),#),ts_zscore(div(anl10_smartest_roa_ff,cap),#))),sector)","group_neutralize(mul(div(ts_mean(FIELD,#),FIELD),sub(ts_zscore(div(FIELD,FIELD),#),ts_zscore(div(FIELD,FIELD),#))),sector)",2026-08-01T14:17:15.543358+00:00
arch_regime_shift:primary,arch_regime_shift,proven,9.15,"group_neutralize((ts_zscore(anl10_smartest_roe_ff/cap,63)-ts_zscore(anl10_smartest_roe_ff/cap,252))*rank(ts_mean(volume,63)/adv20),market)","{""instrumentType"": ""EQUITY"", ""region"": ""USA"", ""universe"": ""TOP3000"", ""delay"": 1, ""decay"": 6, ""neutralization"": ""MARKET"", ""truncation"": 0.05, ""pasteurization"": ""ON"", ""unitHandling"": ""VERIFY"", ""nanHandling"": ""ON"", ""language"": ""FASTEXPR"", ""visualization"": false}",0,616108883640413cf4a6d4e170d4048183a4b7f12077170d035e64f0aaa5c860,"group_neutralize(mul(div(ts_mean(volume,#),adv20),sub(ts_zscore(div(anl10_smartest_roe_ff,cap),#),ts_zscore(div(anl10_smartest_roe_ff,cap),#))),market)","group_neutralize(mul(div(ts_mean(FIELD,#),FIELD),sub(ts_zscore(div(FIELD,FIELD),#),ts_zscore(div(FIELD,FIELD),#))),market)",2026-08-01T14:17:15.543358+00:00
arch_regime_shift:primary,arch_regime_shift,proven,9.15,"group_neutralize((ts_zscore(anl10_smartest_roa_ff/cap,63)-ts_zscore(anl10_smartest_roa_ff/cap,252))*rank(ts_mean(volume,63)/adv20),sector)","{""instrumentType"": ""EQUITY"", ""region"": ""USA"", ""universe"": ""TOP3000"", ""delay"": 1, ""decay"": 6, ""neutralization"": ""MARKET"", ""truncation"": 0.05, ""pasteurization"": ""ON"", ""unitHandling"": ""VERIFY"", ""nanHandling"": ""ON"", ""language"": ""FASTEXPR"", ""visualization"": false}",0,abe4db0c4c36e1453a264fdcbfec5a788c3f5533db888509b57f53f5f81cc346,"group_neutralize(mul(div(ts_mean(volume,#),adv20),sub(ts_zscore(div(anl10_smartest_roa_ff,cap),#),ts_zscore(div(anl10_smartest_roa_ff,cap),#))),sector)","group_neutralize(mul(div(ts_mean(FIELD,#),FIELD),sub(ts_zscore(div(FIELD,FIELD),#),ts_zscore(div(FIELD,FIELD),#))),sector)",2026-08-01T14:17:15.543358+00:00
arch_regime_shift:primary,arch_regime_shift,proven,9.0,"group_neutralize((ts_zscore(anl10_smartest_roe_ff/cap,63)-ts_zscore(anl10_smartest_roe_ff/cap,126))*rank(ts_mean(volume,63)/adv20),market)","{""instrumentType"": ""EQUITY"", ""region"": ""USA"", ""universe"": ""TOP3000"", ""delay"": 1, ""decay"": 6, ""neutralization"": ""MARKET"", ""truncation"": 0.05, ""pasteurization"": ""ON"", ""unitHandling"": ""VERIFY"", ""nanHandling"": ""ON"", ""language"": ""FASTEXPR"", ""visualization"": false}",0,a949dea377eff188f9f7812388590c6426080ff156af44a93bc05f0b0989b2d5,"group_neutralize(mul(div(ts_mean(volume,#),adv20),sub(ts_zscore(div(anl10_smartest_roe_ff,cap),#),ts_zscore(div(anl10_smartest_roe_ff,cap),#))),market)","group_neutralize(mul(div(ts_mean(FIELD,#),FIELD),sub(ts_zscore(div(FIELD,FIELD),#),ts_zscore(div(FIELD,FIELD),#))),market)",2026-08-01T14:17:15.543358+00:00
arch_regime_shift:primary,arch_regime_shift,proven,9.0,"group_neutralize((ts_zscore(anl10_smartest_roa_ff/cap,63)-ts_zscore(anl10_smartest_roa_ff/cap,126))*rank(ts_mean(volume,63)/adv20),sector)","{""instrumentType"": ""EQUITY"", ""region"": ""USA"", ""universe"": ""TOP3000"", ""delay"": 1, ""decay"": 6, ""neutralization"": ""MARKET"", ""truncation"": 0.05, ""pasteurization"": ""ON"", ""unitHandling"": ""VERIFY"", ""nanHandling"": ""ON"", ""language"": ""FASTEXPR"", ""visualization"": false}",0,5e886197bea71a9732e49bdcf4146e564f3b4a3abb2180621ad9926fed405f9c,"group_neutralize(mul(div(ts_mean(volume,#),adv20),sub(ts_zscore(div(anl10_smartest_roa_ff,cap),#),ts_zscore(div(anl10_smartest_roa_ff,cap),#))),sector)","group_neutralize(mul(div(ts_mean(FIELD,#),FIELD),sub(ts_zscore(div(FIELD,FIELD),#),ts_zscore(div(FIELD,FIELD),#))),sector)",2026-08-01T14:17:15.543358+00:00
arch_analyst_liquid:primary,arch_analyst_liquid,proven,8.7,"group_neutralize(ts_zscore(workplace_diversity_labor_rights_score,126)*rank(ts_mean(volume,63)/adv20),market)","{""instrumentType"": ""EQUITY"", ""region"": ""USA"", ""universe"": ""TOP3000"", ""delay"": 1, ""decay"": 4, ""neutralization"": ""MARKET"", ""truncation"": 0.06, ""pasteurization"": ""ON"", ""unitHandling"": ""VERIFY"", ""nanHandling"": ""ON"", ""language"": ""FASTEXPR"", ""visualization"": false}",0,c61294df8ed187d1bee3ed1d071e72353492dd77de813c752a078d4ce643d46f,"group_neutralize(mul(div(ts_mean(volume,#),adv20),ts_zscore(workplace_diversity_labor_rights_score,#)),market)","group_neutralize(mul(div(ts_mean(FIELD,#),FIELD),ts_zscore(FIELD,#)),market)",2026-08-01T14:17:15.543358+00:00
arch_analyst_liquid:primary,arch_analyst_liquid,proven,8.7,"group_neutralize(ts_zscore(group_longterm_growth_marketcap_percent,126)*rank(ts_mean(volume,63)/adv20),sector)","{""instrumentType"": ""EQUITY"", ""region"": ""USA"", ""universe"": ""TOP3000"", ""delay"": 1, ""decay"": 4, ""neutralization"": ""MARKET"", ""truncation"": 0.06, ""pasteurization"": ""ON"", ""unitHandling"": ""VERIFY"", ""nanHandling"": ""ON"", ""language"": ""FASTEXPR"", ""visualization"": false}",0,2531a8831436b610592f595691b7f3e13e5537fe8916d3d74fac9be2d682528e,"group_neutralize(mul(div(ts_mean(volume,#),adv20),ts_zscore(group_longterm_growth_marketcap_percent,#)),sector)","group_neutralize(mul(div(ts_mean(FIELD,#),FIELD),ts_zscore(FIELD,#)),sector)",2026-08-01T14:17:15.543358+00:00
arch_analyst_liquid:primary,arch_analyst_liquid,proven,8.7,"group_neutralize(ts_zscore(sector_longterm_growth_marketcap_percent,126)*rank(ts_mean(volume,63)/adv20),market)","{""instrumentType"": ""EQUITY"", ""region"": ""USA"", ""universe"": ""TOP3000"", ""delay"": 1, ""decay"": 4, ""neutralization"": ""MARKET"", ""truncation"": 0.06, ""pasteurization"": ""ON"", ""unitHandling"": ""VERIFY"", ""nanHandling"": ""ON"", ""language"": ""FASTEXPR"", ""visualization"": false}",0,d967edf79dc6f09dea78b488735162391258250e2316c9400b8abd2a2e5b80fa,"group_neutralize(mul(div(ts_mean(volume,#),adv20),ts_zscore(sector_longterm_growth_marketcap_percent,#)),market)","group_neutralize(mul(div(ts_mean(FIELD,#),FIELD),ts_zscore(FIELD,#)),market)",2026-08-01T14:17:15.543358+00:00
arch_analyst_liquid:primary,arch_analyst_liquid,proven,8.55,"group_neutralize(ts_zscore(workplace_diversity_labor_rights_score,63)*rank(ts_mean(volume,63)/adv20),market)","{""instrumentType"": ""EQUITY"", ""region"": ""USA"", ""universe"": ""TOP3000"", ""delay"": 1, ""decay"": 4, ""neutralization"": ""MARKET"", ""truncation"": 0.06, ""pasteurization"": ""ON"", ""unitHandling"": ""VERIFY"", ""nanHandling"": ""ON"", ""language"": ""FASTEXPR"", ""visualization"": false}",0,ba02e6f8169507474ea1834b2b9b3e161cdbd37e667969068fba2256114c6d39,"group_neutralize(mul(div(ts_mean(volume,#),adv20),ts_zscore(workplace_diversity_labor_rights_score,#)),market)","group_neutralize(mul(div(ts_mean(FIELD,#),FIELD),ts_zscore(FIELD,#)),market)",2026-08-01T14:17:15.543358+00:00
arch_analyst_liquid:primary,arch_analyst_liquid,proven,8.55,"group_neutralize(ts_zscore(group_longterm_growth_marketcap_percent,63)*rank(ts_mean(volume,63)/adv20),sector)","{""instrumentType"": ""EQUITY"", ""region"": ""USA"", ""universe"": ""TOP3000"", ""delay"": 1, ""decay"": 4, ""neutralization"": ""MARKET"", ""truncation"": 0.06, ""pasteurization"": ""ON"", ""unitHandling"": ""VERIFY"", ""nanHandling"": ""ON"", ""language"": ""FASTEXPR"", ""visualization"": false}",0,0f85d59f6c3a487be85f2b36910451efa6a3e09a81666754d130016aca167dfe,"group_neutralize(mul(div(ts_mean(volume,#),adv20),ts_zscore(group_longterm_growth_marketcap_percent,#)),sector)","group_neutralize(mul(div(ts_mean(FIELD,#),FIELD),ts_zscore(FIELD,#)),sector)",2026-08-01T14:17:15.543358+00:00
arch_analyst_liquid:primary,arch_analyst_liquid,proven,8.55,"group_neutralize(ts_zscore(sector_longterm_growth_marketcap_percent,63)*rank(ts_mean(volume,63)/adv20),market)","{""instrumentType"": ""EQUITY"", ""region"": ""USA"", ""universe"": ""TOP3000"", ""delay"": 1, ""decay"": 4, ""neutralization"": ""MARKET"", ""truncation"": 0.06, ""pasteurization"": ""ON"", ""unitHandling"": ""VERIFY"", ""nanHandling"": ""ON"", ""language"": ""FASTEXPR"", ""visualization"": false}",0,86f0e87e9f621178cc45526df07b4e0083e76f968ad98199598cc977df6ba009,"group_neutralize(mul(div(ts_mean(volume,#),adv20),ts_zscore(sector_longterm_growth_marketcap_percent,#)),market)","group_neutralize(mul(div(ts_mean(FIELD,#),FIELD),ts_zscore(FIELD,#)),market)",2026-08-01T14:17:15.543358+00:00
arch_delta_liquid:primary,arch_delta_liquid,proven,8.5,"(group_rank(ts_delta(anl10_analyst_innovation_eps_revise_ratio_to_close_fy1,126)/cap,industry)-0.5)*rank(ts_mean(volume,63)/adv20)","{""instrumentType"": ""EQUITY"", ""region"": ""USA"", ""universe"": ""TOP3000"", ""delay"": 1, ""decay"": 4, ""neutralization"": ""MARKET"", ""truncation"": 0.05, ""pasteurization"": ""ON"", ""unitHandling"": ""VERIFY"", ""nanHandling"": ""ON"", ""language"": ""FASTEXPR"", ""visualization"": false}",0,cdaa05f10dfe4ab7f53795a433755ebde2e66c2f93fdc960a654e6845ef3df0c,"mul(div(ts_mean(volume,#),adv20),sub(group_rank(div(ts_delta(anl10_analyst_innovation_eps_revise_ratio_to_close_fy1,#),cap),industry),#))","mul(div(ts_mean(FIELD,#),FIELD),sub(group_rank(div(ts_delta(FIELD,#),FIELD),industry),#))",2026-08-01T14:17:15.543358+00:00
arch_delta_liquid:primary,arch_delta_liquid,proven,8.5,"(group_rank(ts_delta(anl10_analyst_innovation_eps_revise_ratio_to_close_fy2,126)/cap,industry)-0.5)*rank(ts_mean(volume,63)/adv20)","{""instrumentType"": ""EQUITY"", ""region"": ""USA"", ""universe"": ""TOP3000"", ""delay"": 1, ""decay"": 4, ""neutralization"": ""MARKET"", ""truncation"": 0.05, ""pasteurization"": ""ON"", ""unitHandling"": ""VERIFY"", ""nanHandling"": ""ON"", ""language"": ""FASTEXPR"", ""visualization"": false}",0,ae8b1d1a2c8eca4e6cc071659a11dbb28b115cff0c4b55c06118aa5b62c15ff6,"mul(div(ts_mean(volume,#),adv20),sub(group_rank(div(ts_delta(anl10_analyst_innovation_eps_revise_ratio_to_close_fy2,#),cap),industry),#))","mul(div(ts_mean(FIELD,#),FIELD),sub(group_rank(div(ts_delta(FIELD,#),FIELD),industry),#))",2026-08-01T14:17:15.543358+00:00
arch_delta_liquid:primary,arch_delta_liquid,proven,8.5,"(group_rank(ts_delta(anl10_analyst_innovation_eps_revise_ratio_to_consensus_fy1,126)/cap,industry)-0.5)*rank(ts_mean(volume,63)/adv20)","{""instrumentType"": ""EQUITY"", ""region"": ""USA"", ""universe"": ""TOP3000"", ""delay"": 1, ""decay"": 4, ""neutralization"": ""MARKET"", ""truncation"": 0.05, ""pasteurization"": ""ON"", ""unitHandling"": ""VERIFY"", ""nanHandling"": ""ON"", ""language"": ""FASTEXPR"", ""visualization"": false}",0,23ea2837b1c25429740057c62d2a27ca0c982f72ae34400459deb8d54a5d00f5,"mul(div(ts_mean(volume,#),adv20),sub(group_rank(div(ts_delta(anl10_analyst_innovation_eps_revise_ratio_to_consensus_fy1,#),cap),industry),#))","mul(div(ts_mean(FIELD,#),FIELD),sub(group_rank(div(ts_delta(FIELD,#),FIELD),industry),#))",2026-08-01T14:17:15.543358+00:00
arch_delta_liquid:primary,arch_delta_liquid,proven,8.5,"(group_rank(ts_delta(anl10_analyst_innovation_eps_revise_ratio_to_consensus_fy2,126)/cap,industry)-0.5)*rank(ts_mean(volume,63)/adv20)","{""instrumentType"": ""EQUITY"", ""region"": ""USA"", ""universe"": ""TOP3000"", ""delay"": 1, ""decay"": 4, ""neutralization"": ""MARKET"", ""truncation"": 0.05, ""pasteurization"": ""ON"", ""unitHandling"": ""VERIFY"", ""nanHandling"": ""ON"", ""language"": ""FASTEXPR"", ""visualization"": false}",0,cf34d34faeb201a2975052147afd91d8e3df95ef9a433a277a4b803060a00f9c,"mul(div(ts_mean(volume,#),adv20),sub(group_rank(div(ts_delta(anl10_analyst_innovation_eps_revise_ratio_to_consensus_fy2,#),cap),industry),#))","mul(div(ts_mean(FIELD,#),FIELD),sub(group_rank(div(ts_delta(FIELD,#),FIELD),industry),#))",2026-08-01T14:17:15.543358+00:00
arch_delta_liquid:primary,arch_delta_liquid,proven,8.5,"(group_rank(ts_delta(anl10_analyst_innovation_eps_revise_ratio_to_consensus_fq1,126)/cap,industry)-0.5)*rank(ts_mean(volume,63)/adv20)","{""instrumentType"": ""EQUITY"", ""region"": ""USA"", ""universe"": ""TOP3000"", ""delay"": 1, ""decay"": 4, ""neutralization"": ""MARKET"", ""truncation"": 0.05, ""pasteurization"": ""ON"", ""unitHandling"": ""VERIFY"", ""nanHandling"": ""ON"", ""language"": ""FASTEXPR"", ""visualization"": false}",0,46375845912cff678758c6f9924110e5d614cbec0b08da0f17eacff5958b7704,"mul(div(ts_mean(volume,#),adv20),sub(group_rank(div(ts_delta(anl10_analyst_innovation_eps_revise_ratio_to_consensus_fq1,#),cap),industry),#))","mul(div(ts_mean(FIELD,#),FIELD),sub(group_rank(div(ts_delta(FIELD,#),FIELD),industry),#))",2026-08-01T14:17:15.543358+00:00
arch_delta_liquid:primary,arch_delta_liquid,proven,8.5,"(group_rank(ts_delta(anl10_analyst_innovation_eps_revise_ratio_to_consensus_fq2,126)/cap,industry)-0.5)*rank(ts_mean(volume,63)/adv20)","{""instrumentType"": ""EQUITY"", ""region"": ""USA"", ""universe"": ""TOP3000"", ""delay"": 1, ""decay"": 4, ""neutralization"": ""MARKET"", ""truncation"": 0.05, ""pasteurization"": ""ON"", ""unitHandling"": ""VERIFY"", ""nanHandling"": ""ON"", ""language"": ""FASTEXPR"", ""visualization"": false}",0,59dd600d8b832ab010943adfa36c8b62cccddf3935c9efa26a830b04ecc3be50,"mul(div(ts_mean(volume,#),adv20),sub(group_rank(div(ts_delta(anl10_analyst_innovation_eps_revise_ratio_to_consensus_fq2,#),cap),industry),#))","mul(div(ts_mean(FIELD,#),FIELD),sub(group_rank(div(ts_delta(FIELD,#),FIELD),industry),#))",2026-08-01T14:17:15.543358+00:00
arch_vol_price_div:primary,arch_vol_price_div,proven,8.35,"group_neutralize(ts_rank(ts_mean(volume,126)/adv20,126)*-rank(ts_delta(close,126)),industry)","{""instrumentType"": ""EQUITY"", ""region"": ""USA"", ""universe"": ""TOP3000"", ""delay"": 1, ""decay"": 4, ""neutralization"": ""MARKET"", ""truncation"": 0.06, ""pasteurization"": ""ON"", ""unitHandling"": ""VERIFY"", ""nanHandling"": ""ON"", ""language"": ""FASTEXPR"", ""visualization"": false}",0,7d347f966dcfb855cde66fb46871b0e4c2bfbbb984dd5de7cb94463842be90d2,"group_neutralize(mul(neg(ts_delta(close,#)),ts_rank(div(ts_mean(volume,#),adv20),#)),industry)","group_neutralize(mul(neg(ts_delta(FIELD,#)),ts_rank(div(ts_mean(FIELD,#),FIELD),#)),industry)",2026-08-01T14:17:15.543358+00:00
arch_hybrid_level_liq:primary,arch_hybrid_level_liq,proven,8.25,"(group_rank(anl10_analyst_innovation_eps_revise_ratio_to_close_fy1/cap,market)-0.5)*rank(ts_mean(volume,63)/adv20)","{""instrumentType"": ""EQUITY"", ""region"": ""USA"", ""universe"": ""TOP3000"", ""delay"": 1, ""decay"": 4, ""neutralization"": ""MARKET"", ""truncation"": 0.05, ""pasteurization"": ""ON"", ""unitHandling"": ""VERIFY"", ""nanHandling"": ""ON"", ""language"": ""FASTEXPR"", ""visualization"": false}",0,718141cf160588a61271ab596a050557162bbacdcc4fdc5fb5d1e3ae46620511,"mul(div(ts_mean(volume,#),adv20),sub(group_rank(div(anl10_analyst_innovation_eps_revise_ratio_to_close_fy1,cap),market),#))","mul(div(ts_mean(FIELD,#),FIELD),sub(group_rank(div(FIELD,FIELD),market),#))",2026-08-01T14:17:15.543358+00:00
arch_hybrid_level_liq:primary,arch_hybrid_level_liq,proven,8.25,"(group_rank(anl10_analyst_innovation_eps_revise_ratio_to_close_fy2/cap,market)-0.5)*rank(ts_mean(volume,63)/adv20)","{""instrumentType"": ""EQUITY"", ""region"": ""USA"", ""universe"": ""TOP3000"", ""delay"": 1, ""decay"": 4, ""neutralization"": ""MARKET"", ""truncation"": 0.05, ""pasteurization"": ""ON"", ""unitHandling"": ""VERIFY"", ""nanHandling"": ""ON"", ""language"": ""FASTEXPR"", ""visualization"": false}",0,256dc42a049a544ec968692c7ab731b0581a989b1860b9a23d35cecf3af30c00,"mul(div(ts_mean(volume,#),adv20),sub(group_rank(div(anl10_analyst_innovation_eps_revise_ratio_to_close_fy2,cap),market),#))","mul(div(ts_mean(FIELD,#),FIELD),sub(group_rank(div(FIELD,FIELD),market),#))",2026-08-01T14:17:15.543358+00:00
arch_hybrid_level_liq:primary,arch_hybrid_level_liq,proven,8.25,"(group_rank(anl10_analyst_innovation_eps_revise_ratio_to_consensus_fq1/cap,sector)-0.5)*rank(ts_mean(volume,63)/adv20)","{""instrumentType"": ""EQUITY"", ""region"": ""USA"", ""universe"": ""TOP3000"", ""delay"": 1, ""decay"": 4, ""neutralization"": ""MARKET"", ""truncation"": 0.05, ""pasteurization"": ""ON"", ""unitHandling"": ""VERIFY"", ""nanHandling"": ""ON"", ""language"": ""FASTEXPR"", ""visualization"": false}",0,a022ae395a7129b7e024956df2f6ba6a76206f5f327da81b5e43a7f9c5ea6eef,"mul(div(ts_mean(volume,#),adv20),sub(group_rank(div(anl10_analyst_innovation_eps_revise_ratio_to_consensus_fq1,cap),sector),#))","mul(div(ts_mean(FIELD,#),FIELD),sub(group_rank(div(FIELD,FIELD),sector),#))",2026-08-01T14:17:15.543358+00:00
arch_hybrid_level_liq:primary,arch_hybrid_level_liq,proven,8.25,"(group_rank(anl10_analyst_innovation_eps_revise_ratio_to_consensus_fq2/cap,sector)-0.5)*rank(ts_mean(volume,63)/adv20)","{""instrumentType"": ""EQUITY"", ""region"": ""USA"", ""universe"": ""TOP3000"", ""delay"": 1, ""decay"": 4, ""neutralization"": ""MARKET"", ""truncation"": 0.05, ""pasteurization"": ""ON"", ""unitHandling"": ""VERIFY"", ""nanHandling"": ""ON"", ""language"": ""FASTEXPR"", ""visualization"": false}",0,7f1475e36fd35b964443d204ed210cc6e93df8cff8f81b5aeb3a7b635ef81847,"mul(div(ts_mean(volume,#),adv20),sub(group_rank(div(anl10_analyst_innovation_eps_revise_ratio_to_consensus_fq2,cap),sector),#))","mul(div(ts_mean(FIELD,#),FIELD),sub(group_rank(div(FIELD,FIELD),sector),#))",2026-08-01T14:17:15.543358+00:00
arch_hybrid_level_liq:primary,arch_hybrid_level_liq,proven,8.25,"(group_rank(anl10_analyst_innovation_eps_revise_ratio_to_consensus_fy1/cap,industry)-0.5)*rank(ts_mean(volume,63)/adv20)","{""instrumentType"": ""EQUITY"", ""region"": ""USA"", ""universe"": ""TOP3000"", ""delay"": 1, ""decay"": 4, ""neutralization"": ""MARKET"", ""truncation"": 0.05, ""pasteurization"": ""ON"", ""unitHandling"": ""VERIFY"", ""nanHandling"": ""ON"", ""language"": ""FASTEXPR"", ""visualization"": false}",0,bd82039bd8daf680723dcb98417a333f2fab0394a2c6eaa0aa9549e63cdd3975,"mul(div(ts_mean(volume,#),adv20),sub(group_rank(div(anl10_analyst_innovation_eps_revise_ratio_to_consensus_fy1,cap),industry),#))","mul(div(ts_mean(FIELD,#),FIELD),sub(group_rank(div(FIELD,FIELD),industry),#))",2026-08-01T14:17:15.543358+00:00
arch_hybrid_level_liq:primary,arch_hybrid_level_liq,proven,8.25,"(group_rank(anl10_analyst_innovation_eps_revise_ratio_to_consensus_fy2/cap,industry)-0.5)*rank(ts_mean(volume,63)/adv20)","{""instrumentType"": ""EQUITY"", ""region"": ""USA"", ""universe"": ""TOP3000"", ""delay"": 1, ""decay"": 4, ""neutralization"": ""MARKET"", ""truncation"": 0.05, ""pasteurization"": ""ON"", ""unitHandling"": ""VERIFY"", ""nanHandling"": ""ON"", ""language"": ""FASTEXPR"", ""visualization"": false}",0,7815575400c1bc7996cfeacff7fea1bba5f46a2db1682d0b4f740bfcc17ec796,"mul(div(ts_mean(volume,#),adv20),sub(group_rank(div(anl10_analyst_innovation_eps_revise_ratio_to_consensus_fy2,cap),industry),#))","mul(div(ts_mean(FIELD,#),FIELD),sub(group_rank(div(FIELD,FIELD),industry),#))",2026-08-01T14:17:15.543358+00:00
arch_vol_price_div:primary,arch_vol_price_div,proven,8.2,"group_neutralize(ts_rank(ts_mean(volume,63)/adv20,126)*-rank(ts_delta(close,126)),industry)","{""instrumentType"": ""EQUITY"", ""region"": ""USA"", ""universe"": ""TOP3000"", ""delay"": 1, ""decay"": 4, ""neutralization"": ""MARKET"", ""truncation"": 0.06, ""pasteurization"": ""ON"", ""unitHandling"": ""VERIFY"", ""nanHandling"": ""ON"", ""language"": ""FASTEXPR"", ""visualization"": false}",0,07d19fd25ccb60708c85bf7aafe8b7063cd9315b768843b339eafdec87ac2da1,"group_neutralize(mul(neg(ts_delta(close,#)),ts_rank(div(ts_mean(volume,#),adv20),#)),industry)","group_neutralize(mul(neg(ts_delta(FIELD,#)),ts_rank(div(ts_mean(FIELD,#),FIELD),#)),industry)",2026-08-01T14:17:15.543358+00:00
arch_vol_price_div:primary,arch_vol_price_div,proven,8.1,"group_neutralize(ts_rank(ts_mean(volume,42)/adv20,126)*-rank(ts_delta(close,126)),industry)","{""instrumentType"": ""EQUITY"", ""region"": ""USA"", ""universe"": ""TOP3000"", ""delay"": 1, ""decay"": 4, ""neutralization"": ""MARKET"", ""truncation"": 0.06, ""pasteurization"": ""ON"", ""unitHandling"": ""VERIFY"", ""nanHandling"": ""ON"", ""language"": ""FASTEXPR"", ""visualization"": false}",0,00040dba450cab3ea19bccf85c39239496d5b08dbfd6254085f6a8f2554abfec,"group_neutralize(mul(neg(ts_delta(close,#)),ts_rank(div(ts_mean(volume,#),adv20),#)),industry)","group_neutralize(mul(neg(ts_delta(FIELD,#)),ts_rank(div(ts_mean(FIELD,#),FIELD),#)),industry)",2026-08-01T14:17:15.543358+00:00
arch_spread:primary,arch_spread,proven,8.1,"group_neutralize(ts_zscore(anl14_stddev_ebitda_fy5/cap,126)-ts_zscore(anl14_numofests_ndebt_fp2/cap,126),industry)","{""instrumentType"": ""EQUITY"", ""region"": ""USA"", ""universe"": ""TOP3000"", ""delay"": 1, ""decay"": 6, ""neutralization"": ""MARKET"", ""truncation"": 0.05, ""pasteurization"": ""ON"", ""unitHandling"": ""VERIFY"", ""nanHandling"": ""ON"", ""language"": ""FASTEXPR"", ""visualization"": false}",0,b5593c799388a0f28b2a4103c698994ab56e929443d381a14f7f9edc281d407b,"group_neutralize(sub(ts_zscore(div(anl14_stddev_ebitda_fy5,cap),#),ts_zscore(div(anl14_numofests_ndebt_fp2,cap),#)),industry)","group_neutralize(sub(ts_zscore(div(FIELD,FIELD),#),ts_zscore(div(FIELD,FIELD),#)),industry)",2026-08-01T14:17:15.543358+00:00
arch_spread:primary,arch_spread,proven,8.1,"group_neutralize(ts_zscore(anl14_stddev_ebitda_fp5/cap,126)-ts_zscore(anl14_numofests_revenue_fy5/cap,126),market)","{""instrumentType"": ""EQUITY"", ""region"": ""USA"", ""universe"": ""TOP3000"", ""delay"": 1, ""decay"": 6, ""neutralization"": ""MARKET"", ""truncation"": 0.05, ""pasteurization"": ""ON"", ""unitHandling"": ""VERIFY"", ""nanHandling"": ""ON"", ""language"": ""FASTEXPR"", ""visualization"": false}",0,0baff7f6520c22baf7b6f6500a4fd4145b88d67dd43c33c5e11d60eba2e5e08d,"group_neutralize(sub(ts_zscore(div(anl14_stddev_ebitda_fp5,cap),#),ts_zscore(div(anl14_numofests_revenue_fy5,cap),#)),market)","group_neutralize(sub(ts_zscore(div(FIELD,FIELD),#),ts_zscore(div(FIELD,FIELD),#)),market)",2026-08-01T14:17:15.543358+00:00
arch_spread:primary,arch_spread,proven,8.1,"group_neutralize(ts_zscore(anl14_numofests_ebitda_fp5/cap,126)-ts_zscore(anl14_stddev_revenue_fy5/cap,126),sector)","{""instrumentType"": ""EQUITY"", ""region"": ""USA"", ""universe"": ""TOP3000"", ""delay"": 1, ""decay"": 6, ""neutralization"": ""MARKET"", ""truncation"": 0.05, ""pasteurization"": ""ON"", ""unitHandling"": ""VERIFY"", ""nanHandling"": ""ON"", ""language"": ""FASTEXPR"", ""visualization"": false}",0,8a28abde901cdcc3f4644917fd9f4c0acacdbad545c7afdba5f32eb4a7df0651,"group_neutralize(sub(ts_zscore(div(anl14_numofests_ebitda_fp5,cap),#),ts_zscore(div(anl14_stddev_revenue_fy5,cap),#)),sector)","group_neutralize(sub(ts_zscore(div(FIELD,FIELD),#),ts_zscore(div(FIELD,FIELD),#)),sector)",2026-08-01T14:17:15.543358+00:00
arch_spread:primary,arch_spread,proven,8.1,"group_neutralize(ts_zscore(anl14_numofests_ebitda_fp2/cap,126)-ts_zscore(anl14_median_revenue_fy5/cap,126),sector)","{""instrumentType"": ""EQUITY"", ""region"": ""USA"", ""universe"": ""TOP3000"", ""delay"": 1, ""decay"": 6, ""neutralization"": ""MARKET"", ""truncation"": 0.05, ""pasteurization"": ""ON"", ""unitHandling"": ""VERIFY"", ""nanHandling"": ""ON"", ""language"": ""FASTEXPR"", ""visualization"": false}",0,d90c3b03b50e069dadec7bd4db9c9253f219c05f8b48d4f95906c98b3bea9687,"group_neutralize(sub(ts_zscore(div(anl14_numofests_ebitda_fp2,cap),#),ts_zscore(div(anl14_median_revenue_fy5,cap),#)),sector)","group_neutralize(sub(ts_zscore(div(FIELD,FIELD),#),ts_zscore(div(FIELD,FIELD),#)),sector)",2026-08-01T14:17:15.543358+00:00
arch_spread:primary,arch_spread,proven,8.1,"group_neutralize(ts_zscore(anl14_numofests_ebitda_fy5/cap,126)-ts_zscore(anl14_numofests_capex_fy4/cap,126),market)","{""instrumentType"": ""EQUITY"", ""region"": ""USA"", ""universe"": ""TOP3000"", ""delay"": 1, ""decay"": 6, ""neutralization"": ""MARKET"", ""truncation"": 0.05, ""pasteurization"": ""ON"", ""unitHandling"": ""VERIFY"", ""nanHandling"": ""ON"", ""language"": ""FASTEXPR"", ""visualization"": false}",0,baf7f8b197a2dc8dbc5e4000c9139862d9d4995d02c63d5e26338a2936d46ec8,"group_neutralize(sub(ts_zscore(div(anl14_numofests_ebitda_fy5,cap),#),ts_zscore(div(anl14_numofests_capex_fy4,cap),#)),market)","group_neutralize(sub(ts_zscore(div(FIELD,FIELD),#),ts_zscore(div(FIELD,FIELD),#)),market)",2026-08-01T14:17:15.543358+00:00
arch_spread:primary,arch_spread,proven,8.1,"group_neutralize(ts_zscore(anl14_numofests_ebitda_fy4/cap,126)-ts_zscore(anl14_numofests_ndebt_fp3/cap,126),market)","{""instrumentType"": ""EQUITY"", ""region"": ""USA"", ""universe"": ""TOP3000"", ""delay"": 1, ""decay"": 6, ""neutralization"": ""MARKET"", ""truncation"": 0.05, ""pasteurization"": ""ON"", ""unitHandling"": ""VERIFY"", ""nanHandling"": ""ON"", ""language"": ""FASTEXPR"", ""visualization"": false}",0,eefc36f9ad15d78ee3dc85ce2faded453da24526c91f8d03ce2c6a34e0ff0813,"group_neutralize(sub(ts_zscore(div(anl14_numofests_ebitda_fy4,cap),#),ts_zscore(div(anl14_numofests_ndebt_fp3,cap),#)),market)","group_neutralize(sub(ts_zscore(div(FIELD,FIELD),#),ts_zscore(div(FIELD,FIELD),#)),market)",2026-08-01T14:17:15.543358+00:00
arch_vol_price_div:primary,arch_vol_price_div,proven,8.05,"group_neutralize(ts_rank(ts_mean(volume,126)/adv20,63)*-rank(ts_delta(close,63)),industry)","{""instrumentType"": ""EQUITY"", ""region"": ""USA"", ""universe"": ""TOP3000"", ""delay"": 1, ""decay"": 4, ""neutralization"": ""MARKET"", ""truncation"": 0.06, ""pasteurization"": ""ON"", ""unitHandling"": ""VERIFY"", ""nanHandling"": ""ON"", ""language"": ""FASTEXPR"", ""visualization"": false}",0,9a7a1aa08fc5bfee9677b0796fdecff5135acc24be58e05bd012cc997ec97932,"group_neutralize(mul(neg(ts_delta(close,#)),ts_rank(div(ts_mean(volume,#),adv20),#)),industry)","group_neutralize(mul(neg(ts_delta(FIELD,#)),ts_rank(div(ts_mean(FIELD,#),FIELD),#)),industry)",2026-08-01T14:17:15.543358+00:00
arch_vol_scaled:primary,arch_vol_scaled,proven,8.0,"group_neutralize(ts_zscore(anl10_analyst_innovation_eps_innovate_decrease_fy2/cap,126)*-rank(ts_std_dev(returns,126)),industry)","{""instrumentType"": ""EQUITY"", ""region"": ""USA"", ""universe"": ""TOP3000"", ""delay"": 1, ""decay"": 6, ""neutralization"": ""MARKET"", ""truncation"": 0.05, ""pasteurization"": ""ON"", ""unitHandling"": ""VERIFY"", ""nanHandling"": ""ON"", ""language"": ""FASTEXPR"", ""visualization"": false}",0,a3ffa57babf1be3019e470977df43a140ad4ce050b298f9919a66bad726d7d05,"group_neutralize(mul(neg(ts_std_dev(returns,#)),ts_zscore(div(anl10_analyst_innovation_eps_innovate_decrease_fy2,cap),#)),industry)","group_neutralize(mul(neg(ts_std_dev(FIELD,#)),ts_zscore(div(FIELD,FIELD),#)),industry)",2026-08-01T14:17:15.543358+00:00
arch_vol_scaled:primary,arch_vol_scaled,proven,8.0,"group_neutralize(ts_zscore(anl10_analyst_innovation_eps_revise_ratio_to_close_fy1/cap,126)*-rank(ts_std_dev(returns,126)),sector)","{""instrumentType"": ""EQUITY"", ""region"": ""USA"", ""universe"": ""TOP3000"", ""delay"": 1, ""decay"": 6, ""neutralization"": ""MARKET"", ""truncation"": 0.05, ""pasteurization"": ""ON"", ""unitHandling"": ""VERIFY"", ""nanHandling"": ""ON"", ""language"": ""FASTEXPR"", ""visualization"": false}",0,4e739def96d3b8205eb2b2979842a9fc35dd5c8c29d08741c913e386db41fe64,"group_neutralize(mul(neg(ts_std_dev(returns,#)),ts_zscore(div(anl10_analyst_innovation_eps_revise_ratio_to_close_fy1,cap),#)),sector)","group_neutralize(mul(neg(ts_std_dev(FIELD,#)),ts_zscore(div(FIELD,FIELD),#)),sector)",2026-08-01T14:17:15.543358+00:00
arch_vol_scaled:primary,arch_vol_scaled,proven,8.0,"group_neutralize(ts_zscore(anl10_analyst_innovation_eps_revise_ratio_to_close_fy2/cap,126)*-rank(ts_std_dev(returns,126)),industry)","{""instrumentType"": ""EQUITY"", ""region"": ""USA"", ""universe"": ""TOP3000"", ""delay"": 1, ""decay"": 6, ""neutralization"": ""MARKET"", ""truncation"": 0.05, ""pasteurization"": ""ON"", ""unitHandling"": ""VERIFY"", ""nanHandling"": ""ON"", ""language"": ""FASTEXPR"", ""visualization"": false}",0,37cb3ae59500f15ac79323949fbc80a5de5e4aebbf45135e9a6e652a194e4b1d,"group_neutralize(mul(neg(ts_std_dev(returns,#)),ts_zscore(div(anl10_analyst_innovation_eps_revise_ratio_to_close_fy2,cap),#)),industry)","group_neutralize(mul(neg(ts_std_dev(FIELD,#)),ts_zscore(div(FIELD,FIELD),#)),industry)",2026-08-01T14:17:15.543358+00:00
arch_vol_scaled:primary,arch_vol_scaled,proven,8.0,"group_neutralize(ts_zscore(anl10_analyst_innovation_eps_revise_ratio_to_close_fq1/cap,126)*-rank(ts_std_dev(returns,126)),industry)","{""instrumentType"": ""EQUITY"", ""region"": ""USA"", ""universe"": ""TOP3000"", ""delay"": 1, ""decay"": 6, ""neutralization"": ""MARKET"", ""truncation"": 0.05, ""pasteurization"": ""ON"", ""unitHandling"": ""VERIFY"", ""nanHandling"": ""ON"", ""language"": ""FASTEXPR"", ""visualization"": false}",0,f823a1b70ecb3786c1f084a2bf7598ac4117184fbe1dac7f3640e1a0bbe8a40b,"group_neutralize(mul(neg(ts_std_dev(returns,#)),ts_zscore(div(anl10_analyst_innovation_eps_revise_ratio_to_close_fq1,cap),#)),industry)","group_neutralize(mul(neg(ts_std_dev(FIELD,#)),ts_zscore(div(FIELD,FIELD),#)),industry)",2026-08-01T14:17:15.543358+00:00
arch_vol_scaled:primary,arch_vol_scaled,proven,8.0,"group_neutralize(ts_zscore(anl10_analyst_innovation_eps_revise_ratio_to_consensus_fy1/cap,126)*-rank(ts_std_dev(returns,126)),market)","{""instrumentType"": ""EQUITY"", ""region"": ""USA"", ""universe"": ""TOP3000"", ""delay"": 1, ""decay"": 6, ""neutralization"": ""MARKET"", ""truncation"": 0.05, ""pasteurization"": ""ON"", ""unitHandling"": ""VERIFY"", ""nanHandling"": ""ON"", ""language"": ""FASTEXPR"", ""visualization"": false}",0,5ae533fcecf7bf1b0a2deb5eead2f9f09290b84b0215ce9d83ca0a379792af18,"group_neutralize(mul(neg(ts_std_dev(returns,#)),ts_zscore(div(anl10_analyst_innovation_eps_revise_ratio_to_consensus_fy1,cap),#)),market)","group_neutralize(mul(neg(ts_std_dev(FIELD,#)),ts_zscore(div(FIELD,FIELD),#)),market)",2026-08-01T14:17:15.543358+00:00
arch_vol_scaled:primary,arch_vol_scaled,proven,8.0,"group_neutralize(ts_zscore(anl10_analyst_innovation_eps_revise_ratio_to_consensus_fy2/cap,126)*-rank(ts_std_dev(returns,126)),market)","{""instrumentType"": ""EQUITY"", ""region"": ""USA"", ""universe"": ""TOP3000"", ""delay"": 1, ""decay"": 6, ""neutralization"": ""MARKET"", ""truncation"": 0.05, ""pasteurization"": ""ON"", ""unitHandling"": ""VERIFY"", ""nanHandling"": ""ON"", ""language"": ""FASTEXPR"", ""visualization"": false}",0,37b8d6b8421621bb435f05a199ec714ade9321303a4ac561ffbbba768a2b3082,"group_neutralize(mul(neg(ts_std_dev(returns,#)),ts_zscore(div(anl10_analyst_innovation_eps_revise_ratio_to_consensus_fy2,cap),#)),market)","group_neutralize(mul(neg(ts_std_dev(FIELD,#)),ts_zscore(div(FIELD,FIELD),#)),market)",2026-08-01T14:17:15.543358+00:00
arch_vol_price_div:primary,arch_vol_price_div,proven,7.9,"group_neutralize(ts_rank(ts_mean(volume,63)/adv20,63)*-rank(ts_delta(close,63)),industry)","{""instrumentType"": ""EQUITY"", ""region"": ""USA"", ""universe"": ""TOP3000"", ""delay"": 1, ""decay"": 4, ""neutralization"": ""MARKET"", ""truncation"": 0.06, ""pasteurization"": ""ON"", ""unitHandling"": ""VERIFY"", ""nanHandling"": ""ON"", ""language"": ""FASTEXPR"", ""visualization"": false}",0,3592299efb35c95d672d9f37ec9046fc54ef8852eef37bf3ecc894eb9030b394,"group_neutralize(mul(neg(ts_delta(close,#)),ts_rank(div(ts_mean(volume,#),adv20),#)),industry)","group_neutralize(mul(neg(ts_delta(FIELD,#)),ts_rank(div(ts_mean(FIELD,#),FIELD),#)),industry)",2026-08-01T14:17:15.543358+00:00
arch_vol_price_div:primary,arch_vol_price_div,proven,7.8,"group_neutralize(ts_rank(ts_mean(volume,42)/adv20,63)*-rank(ts_delta(close,63)),industry)","{""instrumentType"": ""EQUITY"", ""region"": ""USA"", ""universe"": ""TOP3000"", ""delay"": 1, ""decay"": 4, ""neutralization"": ""MARKET"", ""truncation"": 0.06, ""pasteurization"": ""ON"", ""unitHandling"": ""VERIFY"", ""nanHandling"": ""ON"", ""language"": ""FASTEXPR"", ""visualization"": false}",0,09ee8ac2f84c8b556f1e4e7ef99c86ce48f134d611791b3c0bb22c39c5526fab,"group_neutralize(mul(neg(ts_delta(close,#)),ts_rank(div(ts_mean(volume,#),adv20),#)),industry)","group_neutralize(mul(neg(ts_delta(FIELD,#)),ts_rank(div(ts_mean(FIELD,#),FIELD),#)),industry)",2026-08-01T14:17:15.543358+00:00
arch_spread:primary,arch_spread,proven,7.8,"group_neutralize(ts_rank(anl14_stddev_ebitda_fy5/cap,126)-ts_rank(anl14_numofests_ndebt_fp2/cap,126),industry)","{""instrumentType"": ""EQUITY"", ""region"": ""USA"", ""universe"": ""TOP3000"", ""delay"": 1, ""decay"": 6, ""neutralization"": ""MARKET"", ""truncation"": 0.05, ""pasteurization"": ""ON"", ""unitHandling"": ""VERIFY"", ""nanHandling"": ""ON"", ""language"": ""FASTEXPR"", ""visualization"": false}",0,a21205e12a2185d06385949f5103a7d1256c28463f1b207fed158e9eb9eb8d3c,"group_neutralize(sub(ts_rank(div(anl14_stddev_ebitda_fy5,cap),#),ts_rank(div(anl14_numofests_ndebt_fp2,cap),#)),industry)","group_neutralize(sub(ts_rank(div(FIELD,FIELD),#),ts_rank(div(FIELD,FIELD),#)),industry)",2026-08-01T14:17:15.543358+00:00
arch_spread:primary,arch_spread,proven,7.8,"group_neutralize(ts_rank(anl14_stddev_ebitda_fp5/cap,126)-ts_rank(anl14_numofests_revenue_fy5/cap,126),market)","{""instrumentType"": ""EQUITY"", ""region"": ""USA"", ""universe"": ""TOP3000"", ""delay"": 1, ""decay"": 6, ""neutralization"": ""MARKET"", ""truncation"": 0.05, ""pasteurization"": ""ON"", ""unitHandling"": ""VERIFY"", ""nanHandling"": ""ON"", ""language"": ""FASTEXPR"", ""visualization"": false}",0,33377d1a64d45d04bed20585ce8c96c8bd9035d7eaafb80869204dcfc41191e6,"group_neutralize(sub(ts_rank(div(anl14_stddev_ebitda_fp5,cap),#),ts_rank(div(anl14_numofests_revenue_fy5,cap),#)),market)","group_neutralize(sub(ts_rank(div(FIELD,FIELD),#),ts_rank(div(FIELD,FIELD),#)),market)",2026-08-01T14:17:15.543358+00:00
arch_spread:primary,arch_spread,proven,7.8,"group_neutralize(ts_rank(anl14_numofests_ebitda_fp5/cap,126)-ts_rank(anl14_stddev_revenue_fy5/cap,126),sector)","{""instrumentType"": ""EQUITY"", ""region"": ""USA"", ""universe"": ""TOP3000"", ""delay"": 1, ""decay"": 6, ""neutralization"": ""MARKET"", ""truncation"": 0.05, ""pasteurization"": ""ON"", ""unitHandling"": ""VERIFY"", ""nanHandling"": ""ON"", ""language"": ""FASTEXPR"", ""visualization"": false}",0,a451b5969e8bd0ca3c29dd190498620a87efb2945fdf972b82ff6d207c0cea73,"group_neutralize(sub(ts_rank(div(anl14_numofests_ebitda_fp5,cap),#),ts_rank(div(anl14_stddev_revenue_fy5,cap),#)),sector)","group_neutralize(sub(ts_rank(div(FIELD,FIELD),#),ts_rank(div(FIELD,FIELD),#)),sector)",2026-08-01T14:17:15.543358+00:00
arch_spread:primary,arch_spread,proven,7.8,"group_neutralize(ts_rank(anl14_numofests_ebitda_fp2/cap,126)-ts_rank(anl14_median_revenue_fy5/cap,126),sector)","{""instrumentType"": ""EQUITY"", ""region"": ""USA"", ""universe"": ""TOP3000"", ""delay"": 1, ""decay"": 6, ""neutralization"": ""MARKET"", ""truncation"": 0.05, ""pasteurization"": ""ON"", ""unitHandling"": ""VERIFY"", ""nanHandling"": ""ON"", ""language"": ""FASTEXPR"", ""visualization"": false}",0,c8a96a2a39c19b737ade6fc987a0438be6b0cf695295b48549da4b35cd08d39b,"group_neutralize(sub(ts_rank(div(anl14_numofests_ebitda_fp2,cap),#),ts_rank(div(anl14_median_revenue_fy5,cap),#)),sector)","group_neutralize(sub(ts_rank(div(FIELD,FIELD),#),ts_rank(div(FIELD,FIELD),#)),sector)",2026-08-01T14:17:15.543358+00:00
arch_spread:primary,arch_spread,proven,7.8,"group_neutralize(ts_rank(anl14_numofests_ebitda_fy5/cap,126)-ts_rank(anl14_numofests_capex_fy4/cap,126),market)","{""instrumentType"": ""EQUITY"", ""region"": ""USA"", ""universe"": ""TOP3000"", ""delay"": 1, ""decay"": 6, ""neutralization"": ""MARKET"", ""truncation"": 0.05, ""pasteurization"": ""ON"", ""unitHandling"": ""VERIFY"", ""nanHandling"": ""ON"", ""language"": ""FASTEXPR"", ""visualization"": false}",0,568bad488defb2ed2d0085f31cec717c964764a6b7c5ebc976b238e66e371641,"group_neutralize(sub(ts_rank(div(anl14_numofests_ebitda_fy5,cap),#),ts_rank(div(anl14_numofests_capex_fy4,cap),#)),market)","group_neutralize(sub(ts_rank(div(FIELD,FIELD),#),ts_rank(div(FIELD,FIELD),#)),market)",2026-08-01T14:17:15.543358+00:00
arch_spread:primary,arch_spread,proven,7.8,"group_neutralize(ts_rank(anl14_numofests_ebitda_fy4/cap,126)-ts_rank(anl14_numofests_ndebt_fp3/cap,126),market)","{""instrumentType"": ""EQUITY"", ""region"": ""USA"", ""universe"": ""TOP3000"", ""delay"": 1, ""decay"": 6, ""neutralization"": ""MARKET"", ""truncation"": 0.05, ""pasteurization"": ""ON"", ""unitHandling"": ""VERIFY"", ""nanHandling"": ""ON"", ""language"": ""FASTEXPR"", ""visualization"": false}",0,086ea8c1993cbf0009db3dfddb9fec03496ba32e1c00a1285bcbd5a4e1ffab6b,"group_neutralize(sub(ts_rank(div(anl14_numofests_ebitda_fy4,cap),#),ts_rank(div(anl14_numofests_ndebt_fp3,cap),#)),market)","group_neutralize(sub(ts_rank(div(FIELD,FIELD),#),ts_rank(div(FIELD,FIELD),#)),market)",2026-08-01T14:17:15.543358+00:00
arch_pv_vol:primary,arch_pv_vol,proven,7.7,"group_neutralize(rank(ts_mean(volume,126)/adv20)*-rank(ts_delta(close,126)),industry)","{""instrumentType"": ""EQUITY"", ""region"": ""USA"", ""universe"": ""TOP3000"", ""delay"": 1, ""decay"": 6, ""neutralization"": ""MARKET"", ""truncation"": 0.06, ""pasteurization"": ""ON"", ""unitHandling"": ""VERIFY"", ""nanHandling"": ""ON"", ""language"": ""FASTEXPR"", ""visualization"": false}",0,e9e30abcb52d4c24d1652b79ed41cbeca09ed7fe2d4f0766e1d14af40982cc0f,"group_neutralize(mul(div(ts_mean(volume,#),adv20),neg(ts_delta(close,#))),industry)","group_neutralize(mul(div(ts_mean(FIELD,#),FIELD),neg(ts_delta(FIELD,#))),industry)",2026-08-01T14:17:15.543358+00:00
arch_pv_vol:primary,arch_pv_vol,proven,7.550000000000001,"group_neutralize(rank(ts_mean(volume,63)/adv20)*-rank(ts_delta(close,126)),industry)","{""instrumentType"": ""EQUITY"", ""region"": ""USA"", ""universe"": ""TOP3000"", ""delay"": 1, ""decay"": 6, ""neutralization"": ""MARKET"", ""truncation"": 0.06, ""pasteurization"": ""ON"", ""unitHandling"": ""VERIFY"", ""nanHandling"": ""ON"", ""language"": ""FASTEXPR"", ""visualization"": false}",0,3ea1e783a47021e99da963c0a7f3871bfd4e0a8acda1756601f4a3c970cd406e,"group_neutralize(mul(div(ts_mean(volume,#),adv20),neg(ts_delta(close,#))),industry)","group_neutralize(mul(div(ts_mean(FIELD,#),FIELD),neg(ts_delta(FIELD,#))),industry)",2026-08-01T14:17:15.543358+00:00
arch_pv_vol:primary,arch_pv_vol,proven,7.550000000000001,"group_neutralize(rank(ts_mean(volume,126)/adv20)*-rank(ts_delta(close,63)),industry)","{""instrumentType"": ""EQUITY"", ""region"": ""USA"", ""universe"": ""TOP3000"", ""delay"": 1, ""decay"": 6, ""neutralization"": ""MARKET"", ""truncation"": 0.06, ""pasteurization"": ""ON"", ""unitHandling"": ""VERIFY"", ""nanHandling"": ""ON"", ""language"": ""FASTEXPR"", ""visualization"": false}",0,6d5dd125b42951e9647eee9211b9bb20594fcee77fdff61f8788d25ff2dffca6,"group_neutralize(mul(div(ts_mean(volume,#),adv20),neg(ts_delta(close,#))),industry)","group_neutralize(mul(div(ts_mean(FIELD,#),FIELD),neg(ts_delta(FIELD,#))),industry)",2026-08-01T14:17:15.543358+00:00
arch_vol_liq:primary,arch_vol_liq,proven,7.5,"group_neutralize(-rank(ts_std_dev(returns,126))*rank(ts_mean(volume,63)/adv20),industry)","{""instrumentType"": ""EQUITY"", ""region"": ""USA"", ""universe"": ""TOP3000"", ""delay"": 1, ""decay"": 4, ""neutralization"": ""MARKET"", ""truncation"": 0.06, ""pasteurization"": ""ON"", ""unitHandling"": ""VERIFY"", ""nanHandling"": ""ON"", ""language"": ""FASTEXPR"", ""visualization"": false}",0,b506500f34a5249e2f316fe8514b9f35309dddbfe70dbf404e86f781ccaf9490,"group_neutralize(neg(mul(div(ts_mean(volume,#),adv20),ts_std_dev(returns,#))),industry)","group_neutralize(neg(mul(div(ts_mean(FIELD,#),FIELD),ts_std_dev(FIELD,#))),industry)",2026-08-01T14:17:15.543358+00:00
arch_delta_ts_rank:primary,arch_delta_ts_rank,proven,7.5,"group_neutralize(ts_rank(ts_delta(anl10_analyst_innovation_eps_revise_ratio_to_close_fy2,126)/cap,126)-0.5,industry)","{""instrumentType"": ""EQUITY"", ""region"": ""USA"", ""universe"": ""TOP3000"", ""delay"": 1, ""decay"": 6, ""neutralization"": ""MARKET"", ""truncation"": 0.05, ""pasteurization"": ""ON"", ""unitHandling"": ""VERIFY"", ""nanHandling"": ""ON"", ""language"": ""FASTEXPR"", ""visualization"": false}",0,345013588029f6f1efd26daead2f0a601ac95ad0c6792304dedc659d37d4b878,"group_neutralize(sub(ts_rank(div(ts_delta(anl10_analyst_innovation_eps_revise_ratio_to_close_fy2,#),cap),#),#),industry)","group_neutralize(sub(ts_rank(div(ts_delta(FIELD,#),FIELD),#),#),industry)",2026-08-01T14:17:15.543358+00:00
arch_delta_ts_rank:primary,arch_delta_ts_rank,proven,7.5,"group_neutralize(ts_rank(ts_delta(anl10_analyst_innovation_eps_revise_ratio_to_close_fq1,126)/cap,126)-0.5,industry)","{""instrumentType"": ""EQUITY"", ""region"": ""USA"", ""universe"": ""TOP3000"", ""delay"": 1, ""decay"": 6, ""neutralization"": ""MARKET"", ""truncation"": 0.05, ""pasteurization"": ""ON"", ""unitHandling"": ""VERIFY"", ""nanHandling"": ""ON"", ""language"": ""FASTEXPR"", ""visualization"": false}",0,cec72d88ebfc558af73d8d665ba0d36687fd0d2fac1d15b74b830cbfa7ffc15b,"group_neutralize(sub(ts_rank(div(ts_delta(anl10_analyst_innovation_eps_revise_ratio_to_close_fq1,#),cap),#),#),industry)","group_neutralize(sub(ts_rank(div(ts_delta(FIELD,#),FIELD),#),#),industry)",2026-08-01T14:17:15.543358+00:00
arch_delta_ts_rank:primary,arch_delta_ts_rank,proven,7.5,"group_neutralize(ts_rank(ts_delta(anl10_analyst_innovation_eps_revise_ratio_to_consensus_fy1,126)/cap,126)-0.5,market)","{""instrumentType"": ""EQUITY"", ""region"": ""USA"", ""universe"": ""TOP3000"", ""delay"": 1, ""decay"": 6, ""neutralization"": ""MARKET"", ""truncation"": 0.05, ""pasteurization"": ""ON"", ""unitHandling"": ""VERIFY"", ""nanHandling"": ""ON"", ""language"": ""FASTEXPR"", ""visualization"": false}",0,9b7287349a3bc289fe6069b87d3f39bd583a97d3d4c516cad8b2ee7f3d65512a,"group_neutralize(sub(ts_rank(div(ts_delta(anl10_analyst_innovation_eps_revise_ratio_to_consensus_fy1,#),cap),#),#),market)","group_neutralize(sub(ts_rank(div(ts_delta(FIELD,#),FIELD),#),#),market)",2026-08-01T14:17:15.543358+00:00
arch_delta_ts_rank:primary,arch_delta_ts_rank,proven,7.5,"group_neutralize(ts_rank(ts_delta(anl10_analyst_innovation_eps_revise_ratio_to_consensus_fy2,126)/cap,126)-0.5,market)","{""instrumentType"": ""EQUITY"", ""region"": ""USA"", ""universe"": ""TOP3000"", ""delay"": 1, ""decay"": 6, ""neutralization"": ""MARKET"", ""truncation"": 0.05, ""pasteurization"": ""ON"", ""unitHandling"": ""VERIFY"", ""nanHandling"": ""ON"", ""language"": ""FASTEXPR"", ""visualization"": false}",0,8eac88a1add63bf4bd44acfdf4e50506cb7059ba67345180de477ef9fa5bb302,"group_neutralize(sub(ts_rank(div(ts_delta(anl10_analyst_innovation_eps_revise_ratio_to_consensus_fy2,#),cap),#),#),market)","group_neutralize(sub(ts_rank(div(ts_delta(FIELD,#),FIELD),#),#),market)",2026-08-01T14:17:15.543358+00:00
arch_delta_ts_rank:primary,arch_delta_ts_rank,proven,7.5,"group_neutralize(ts_rank(ts_delta(anl10_analyst_innovation_eps_revise_ratio_to_consensus_fq1,126)/cap,126)-0.5,market)","{""instrumentType"": ""EQUITY"", ""region"": ""USA"", ""universe"": ""TOP3000"", ""delay"": 1, ""decay"": 6, ""neutralization"": ""MARKET"", ""truncation"": 0.05, ""pasteurization"": ""ON"", ""unitHandling"": ""VERIFY"", ""nanHandling"": ""ON"", ""language"": ""FASTEXPR"", ""visualization"": false}",0,554eda3ec5db6031b6ecfb48b0063fc23b57d8034341180a0ccb0921291d18d3,"group_neutralize(sub(ts_rank(div(ts_delta(anl10_analyst_innovation_eps_revise_ratio_to_consensus_fq1,#),cap),#),#),market)","group_neutralize(sub(ts_rank(div(ts_delta(FIELD,#),FIELD),#),#),market)",2026-08-01T14:17:15.543358+00:00
arch_delta_ts_rank:primary,arch_delta_ts_rank,proven,7.5,"group_neutralize(ts_rank(ts_delta(anl10_analyst_innovation_eps_revise_ratio_to_consensus_fq2,126)/cap,126)-0.5,market)","{""instrumentType"": ""EQUITY"", ""region"": ""USA"", ""universe"": ""TOP3000"", ""delay"": 1, ""decay"": 6, ""neutralization"": ""MARKET"", ""truncation"": 0.05, ""pasteurization"": ""ON"", ""unitHandling"": ""VERIFY"", ""nanHandling"": ""ON"", ""language"": ""FASTEXPR"", ""visualization"": false}",0,842724866bc3699a454cf12fc528c5519d811748409f1dbe415a92ecbb1a8892,"group_neutralize(sub(ts_rank(div(ts_delta(anl10_analyst_innovation_eps_revise_ratio_to_consensus_fq2,#),cap),#),#),market)","group_neutralize(sub(ts_rank(div(ts_delta(FIELD,#),FIELD),#),#),market)",2026-08-01T14:17:15.543358+00:00
arch_pv_vol:primary,arch_pv_vol,proven,7.45,"group_neutralize(rank(ts_mean(volume,42)/adv20)*-rank(ts_delta(close,126)),industry)","{""instrumentType"": ""EQUITY"", ""region"": ""USA"", ""universe"": ""TOP3000"", ""delay"": 1, ""decay"": 6, ""neutralization"": ""MARKET"", ""truncation"": 0.06, ""pasteurization"": ""ON"", ""unitHandling"": ""VERIFY"", ""nanHandling"": ""ON"", ""language"": ""FASTEXPR"", ""visualization"": false}",0,8a5ab17e11748f2b77116efa80720b6be819c803797e6eb149273e0dd616ed84,"group_neutralize(mul(div(ts_mean(volume,#),adv20),neg(ts_delta(close,#))),industry)","group_neutralize(mul(div(ts_mean(FIELD,#),FIELD),neg(ts_delta(FIELD,#))),industry)",2026-08-01T14:17:15.543358+00:00
arch_vol_liq:primary,arch_vol_liq,proven,7.45,"group_neutralize(-rank(ts_std_dev(returns,63))*rank(ts_mean(volume,63)/adv20),market)","{""instrumentType"": ""EQUITY"", ""region"": ""USA"", ""universe"": ""TOP3000"", ""delay"": 1, ""decay"": 4, ""neutralization"": ""MARKET"", ""truncation"": 0.06, ""pasteurization"": ""ON"", ""unitHandling"": ""VERIFY"", ""nanHandling"": ""ON"", ""language"": ""FASTEXPR"", ""visualization"": false}",0,c36b03000f05900f8ad0230a10f6f35617bfcde86a46d0577181407f91949abf,"group_neutralize(neg(mul(div(ts_mean(volume,#),adv20),ts_std_dev(returns,#))),market)","group_neutralize(neg(mul(div(ts_mean(FIELD,#),FIELD),ts_std_dev(FIELD,#))),market)",2026-08-01T14:17:15.543358+00:00
arch_pv_vol:primary,arch_pv_vol,proven,7.4,"group_neutralize(rank(ts_mean(volume,63)/adv20)*-rank(ts_delta(close,63)),industry)","{""instrumentType"": ""EQUITY"", ""region"": ""USA"", ""universe"": ""TOP3000"", ""delay"": 1, ""decay"": 6, ""neutralization"": ""MARKET"", ""truncation"": 0.06, ""pasteurization"": ""ON"", ""unitHandling"": ""VERIFY"", ""nanHandling"": ""ON"", ""language"": ""FASTEXPR"", ""visualization"": false}",0,8c6cde19aa21d596350f6f0ee4d3f1626c70b92cc4ae7c3790718527b0343933,"group_neutralize(mul(div(ts_mean(volume,#),adv20),neg(ts_delta(close,#))),industry)","group_neutralize(mul(div(ts_mean(FIELD,#),FIELD),neg(ts_delta(FIELD,#))),industry)",2026-08-01T14:17:15.543358+00:00
arch_pv_vol:primary,arch_pv_vol,proven,7.300000000000001,"group_neutralize(rank(ts_mean(volume,42)/adv20)*-rank(ts_delta(close,63)),industry)","{""instrumentType"": ""EQUITY"", ""region"": ""USA"", ""universe"": ""TOP3000"", ""delay"": 1, ""decay"": 6, ""neutralization"": ""MARKET"", ""truncation"": 0.06, ""pasteurization"": ""ON"", ""unitHandling"": ""VERIFY"", ""nanHandling"": ""ON"", ""language"": ""FASTEXPR"", ""visualization"": false}",0,2b6b5d1ba6147ba4a791f57e7e5c5d039938d88a372421c43599021e4725fb40,"group_neutralize(mul(div(ts_mean(volume,#),adv20),neg(ts_delta(close,#))),industry)","group_neutralize(mul(div(ts_mean(FIELD,#),FIELD),neg(ts_delta(FIELD,#))),industry)",2026-08-01T14:17:15.543358+00:00
arch_level_liquid:primary,arch_level_liquid,proven,7.3,"(group_rank(anl10_epsrevise_ratio_to_consensus_fy1/cap,market)-0.5)*rank(ts_mean(volume,63)/adv20)","{""instrumentType"": ""EQUITY"", ""region"": ""USA"", ""universe"": ""TOP3000"", ""delay"": 1, ""decay"": 4, ""neutralization"": ""MARKET"", ""truncation"": 0.05, ""pasteurization"": ""ON"", ""unitHandling"": ""VERIFY"", ""nanHandling"": ""ON"", ""language"": ""FASTEXPR"", ""visualization"": false}",0,a461123c85f568ea49b0ba7c500edffbef0322a48cdc1dc40e4f415e2a7fa1d0,"mul(div(ts_mean(volume,#),adv20),sub(group_rank(div(anl10_epsrevise_ratio_to_consensus_fy1,cap),market),#))","mul(div(ts_mean(FIELD,#),FIELD),sub(group_rank(div(FIELD,FIELD),market),#))",2026-08-01T14:17:15.543358+00:00
arch_level_liquid:primary,arch_level_liquid,proven,7.3,"(group_rank(anl10_epsrevise_ratio_to_consensus_fy2/cap,sector)-0.5)*rank(ts_mean(volume,63)/adv20)","{""instrumentType"": ""EQUITY"", ""region"": ""USA"", ""universe"": ""TOP3000"", ""delay"": 1, ""decay"": 4, ""neutralization"": ""MARKET"", ""truncation"": 0.05, ""pasteurization"": ""ON"", ""unitHandling"": ""VERIFY"", ""nanHandling"": ""ON"", ""language"": ""FASTEXPR"", ""visualization"": false}",0,195dbd89eb8d9e39f8fbe62d3a34ba1538f1922ab90fb80f0c48ffb3e2812520,"mul(div(ts_mean(volume,#),adv20),sub(group_rank(div(anl10_epsrevise_ratio_to_consensus_fy2,cap),sector),#))","mul(div(ts_mean(FIELD,#),FIELD),sub(group_rank(div(FIELD,FIELD),sector),#))",2026-08-01T14:17:15.543358+00:00
arch_level_liquid:primary,arch_level_liquid,proven,7.3,"(group_rank(anl10_epsrevise_ratio_to_consensus_fq1/cap,sector)-0.5)*rank(ts_mean(volume,63)/adv20)","{""instrumentType"": ""EQUITY"", ""region"": ""USA"", ""universe"": ""TOP3000"", ""delay"": 1, ""decay"": 4, ""neutralization"": ""MARKET"", ""truncation"": 0.05, ""pasteurization"": ""ON"", ""unitHandling"": ""VERIFY"", ""nanHandling"": ""ON"", ""language"": ""FASTEXPR"", ""visualization"": false}",0,4f801e80135d14103708a9e21e0190d62bcec8afe2b8f46af7ead4d591d8691e,"mul(div(ts_mean(volume,#),adv20),sub(group_rank(div(anl10_epsrevise_ratio_to_consensus_fq1,cap),sector),#))","mul(div(ts_mean(FIELD,#),FIELD),sub(group_rank(div(FIELD,FIELD),sector),#))",2026-08-01T14:17:15.543358+00:00
arch_level_liquid:primary,arch_level_liquid,proven,7.3,"(group_rank(anl10_epsrevise_ratio_to_consensus_fq2/cap,market)-0.5)*rank(ts_mean(volume,63)/adv20)","{""instrumentType"": ""EQUITY"", ""region"": ""USA"", ""universe"": ""TOP3000"", ""delay"": 1, ""decay"": 4, ""neutralization"": ""MARKET"", ""truncation"": 0.05, ""pasteurization"": ""ON"", ""unitHandling"": ""VERIFY"", ""nanHandling"": ""ON"", ""language"": ""FASTEXPR"", ""visualization"": false}",0,21ed10981c95d9250f4d1ed09f93121e56c907b67437d33eb971c0b8b6e4abd0,"mul(div(ts_mean(volume,#),adv20),sub(group_rank(div(anl10_epsrevise_ratio_to_consensus_fq2,cap),market),#))","mul(div(ts_mean(FIELD,#),FIELD),sub(group_rank(div(FIELD,FIELD),market),#))",2026-08-01T14:17:15.543358+00:00
arch_level_liquid:primary,arch_level_liquid,proven,7.3,"(group_rank(anl10_analyst_innovation_eps_revise_value_fy1/cap,market)-0.5)*rank(ts_mean(volume,63)/adv20)","{""instrumentType"": ""EQUITY"", ""region"": ""USA"", ""universe"": ""TOP3000"", ""delay"": 1, ""decay"": 4, ""neutralization"": ""MARKET"", ""truncation"": 0.05, ""pasteurization"": ""ON"", ""unitHandling"": ""VERIFY"", ""nanHandling"": ""ON"", ""language"": ""FASTEXPR"", ""visualization"": false}",0,9216775e7bae9e451425b2244bd3ab4faa004511f693437e19663585227c3ed0,"mul(div(ts_mean(volume,#),adv20),sub(group_rank(div(anl10_analyst_innovation_eps_revise_value_fy1,cap),market),#))","mul(div(ts_mean(FIELD,#),FIELD),sub(group_rank(div(FIELD,FIELD),market),#))",2026-08-01T14:17:15.543358+00:00
arch_level_liquid:primary,arch_level_liquid,proven,7.3,"(group_rank(anl10_analyst_innovation_eps_normal_increase_fy1/cap,industry)-0.5)*rank(ts_mean(volume,63)/adv20)","{""instrumentType"": ""EQUITY"", ""region"": ""USA"", ""universe"": ""TOP3000"", ""delay"": 1, ""decay"": 4, ""neutralization"": ""MARKET"", ""truncation"": 0.05, ""pasteurization"": ""ON"", ""unitHandling"": ""VERIFY"", ""nanHandling"": ""ON"", ""language"": ""FASTEXPR"", ""visualization"": false}",0,1b2b8de230bbc04c85e27c96a4eb91028f95bdf0b7e891b4e0b2cda31cdc81c5,"mul(div(ts_mean(volume,#),adv20),sub(group_rank(div(anl10_analyst_innovation_eps_normal_increase_fy1,cap),industry),#))","mul(div(ts_mean(FIELD,#),FIELD),sub(group_rank(div(FIELD,FIELD),industry),#))",2026-08-01T14:17:15.543358+00:00
arch_vol_liq:primary,arch_vol_liq,proven,7.25,"group_neutralize(-rank(ts_std_dev(returns,42))*rank(ts_mean(volume,63)/adv20),market)","{""instrumentType"": ""EQUITY"", ""region"": ""USA"", ""universe"": ""TOP3000"", ""delay"": 1, ""decay"": 4, ""neutralization"": ""MARKET"", ""truncation"": 0.06, ""pasteurization"": ""ON"", ""unitHandling"": ""VERIFY"", ""nanHandling"": ""ON"", ""language"": ""FASTEXPR"", ""visualization"": false}",0,75a59b5939e0f614a7c9d749fe26bc6ff24ce53800acbdb4f68222f0944d5fd9,"group_neutralize(neg(mul(div(ts_mean(volume,#),adv20),ts_std_dev(returns,#))),market)","group_neutralize(neg(mul(div(ts_mean(FIELD,#),FIELD),ts_std_dev(FIELD,#))),market)",2026-08-01T14:17:15.543358+00:00
arch_vol_liq:primary,arch_vol_liq,proven,7.25,"group_neutralize(-rank(ts_std_dev(returns,42))*rank(ts_mean(volume,63)/adv20),sector)","{""instrumentType"": ""EQUITY"", ""region"": ""USA"", ""universe"": ""TOP3000"", ""delay"": 1, ""decay"": 4, ""neutralization"": ""MARKET"", ""truncation"": 0.06, ""pasteurization"": ""ON"", ""unitHandling"": ""VERIFY"", ""nanHandling"": ""ON"", ""language"": ""FASTEXPR"", ""visualization"": false}",0,bbc98ced0d3424b96f55a0779ac1859a26a85a8e739e307ff16c714f1475c8ab,"group_neutralize(neg(mul(div(ts_mean(volume,#),adv20),ts_std_dev(returns,#))),sector)","group_neutralize(neg(mul(div(ts_mean(FIELD,#),FIELD),ts_std_dev(FIELD,#))),sector)",2026-08-01T14:17:15.543358+00:00
arch_vol_liq:primary,arch_vol_liq,proven,7.25,"group_neutralize(-rank(ts_std_dev(returns,63))*rank(ts_mean(volume,63)/adv20),industry)","{""instrumentType"": ""EQUITY"", ""region"": ""USA"", ""universe"": ""TOP3000"", ""delay"": 1, ""decay"": 4, ""neutralization"": ""MARKET"", ""truncation"": 0.06, ""pasteurization"": ""ON"", ""unitHandling"": ""VERIFY"", ""nanHandling"": ""ON"", ""language"": ""FASTEXPR"", ""visualization"": false}",0,79ed35deedf682333c61f4da4072b69f04f83013a0c434fc6df964d2dc045ddc,"group_neutralize(neg(mul(div(ts_mean(volume,#),adv20),ts_std_dev(returns,#))),industry)","group_neutralize(neg(mul(div(ts_mean(FIELD,#),FIELD),ts_std_dev(FIELD,#))),industry)",2026-08-01T14:17:15.543358+00:00
arch_vol_liq:primary,arch_vol_liq,proven,7.050000000000001,"group_neutralize(-rank(ts_std_dev(returns,42))*rank(ts_mean(volume,63)/adv20),industry)","{""instrumentType"": ""EQUITY"", ""region"": ""USA"", ""universe"": ""TOP3000"", ""delay"": 1, ""decay"": 4, ""neutralization"": ""MARKET"", ""truncation"": 0.06, ""pasteurization"": ""ON"", ""unitHandling"": ""VERIFY"", ""nanHandling"": ""ON"", ""language"": ""FASTEXPR"", ""visualization"": false}",0,02a0d6444f005dba3df5527e77b056ea2ff6136ce732a1dbaa75fc7c66e8e684,"group_neutralize(neg(mul(div(ts_mean(volume,#),adv20),ts_std_dev(returns,#))),industry)","group_neutralize(neg(mul(div(ts_mean(FIELD,#),FIELD),ts_std_dev(FIELD,#))),industry)",2026-08-01T14:17:15.543358+00:00
arch_regime_shift:primary,arch_regime_shift,proven,7.050000000000001,"group_neutralize(ts_zscore(anl10_smartest_roe_ff/cap,126)-ts_zscore(anl10_smartest_roe_ff/cap,252),market)","{""instrumentType"": ""EQUITY"", ""region"": ""USA"", ""universe"": ""TOP3000"", ""delay"": 1, ""decay"": 6, ""neutralization"": ""MARKET"", ""truncation"": 0.05, ""pasteurization"": ""ON"", ""unitHandling"": ""VERIFY"", ""nanHandling"": ""ON"", ""language"": ""FASTEXPR"", ""visualization"": false}",0,1e0aea71b938eeabd226abbefc648ae82ad2e27ac9dd540b86674bdcdc99cd5a,"group_neutralize(sub(ts_zscore(div(anl10_smartest_roe_ff,cap),#),ts_zscore(div(anl10_smartest_roe_ff,cap),#)),market)","group_neutralize(sub(ts_zscore(div(FIELD,FIELD),#),ts_zscore(div(FIELD,FIELD),#)),market)",2026-08-01T14:17:15.543358+00:00
arch_regime_shift:primary,arch_regime_shift,proven,7.050000000000001,"group_neutralize(ts_zscore(anl10_smartest_roa_ff/cap,126)-ts_zscore(anl10_smartest_roa_ff/cap,252),sector)","{""instrumentType"": ""EQUITY"", ""region"": ""USA"", ""universe"": ""TOP3000"", ""delay"": 1, ""decay"": 6, ""neutralization"": ""MARKET"", ""truncation"": 0.05, ""pasteurization"": ""ON"", ""unitHandling"": ""VERIFY"", ""nanHandling"": ""ON"", ""language"": ""FASTEXPR"", ""visualization"": false}",0,88b666a343dba8a677c88b1f8bec71e185057717c42add73a4c10bd8a218a527,"group_neutralize(sub(ts_zscore(div(anl10_smartest_roa_ff,cap),#),ts_zscore(div(anl10_smartest_roa_ff,cap),#)),sector)","group_neutralize(sub(ts_zscore(div(FIELD,FIELD),#),ts_zscore(div(FIELD,FIELD),#)),sector)",2026-08-01T14:17:15.543358+00:00
arch_vwap_vol:primary,arch_vwap_vol,proven,7.0,"group_neutralize(rank((vwap-close)/close)*rank(ts_mean(volume,126)/adv20),market)","{""instrumentType"": ""EQUITY"", ""region"": ""USA"", ""universe"": ""TOP3000"", ""delay"": 1, ""decay"": 6, ""neutralization"": ""MARKET"", ""truncation"": 0.06, ""pasteurization"": ""ON"", ""unitHandling"": ""VERIFY"", ""nanHandling"": ""ON"", ""language"": ""FASTEXPR"", ""visualization"": false}",0,3959948357639b253e3c1af7f1632f3099c5c3172ec4d922df65b002bd4d632d,"group_neutralize(mul(div(sub(vwap,close),close),div(ts_mean(volume,#),adv20)),market)","group_neutralize(mul(div(sub(FIELD,FIELD),FIELD),div(ts_mean(FIELD,#),FIELD)),market)",2026-08-01T14:17:15.543358+00:00
arch_vwap_vol:primary,arch_vwap_vol,proven,7.0,"group_neutralize(rank((vwap-close)/close)*rank(ts_mean(volume,126)/adv20),sector)","{""instrumentType"": ""EQUITY"", ""region"": ""USA"", ""universe"": ""TOP3000"", ""delay"": 1, ""decay"": 6, ""neutralization"": ""MARKET"", ""truncation"": 0.06, ""pasteurization"": ""ON"", ""unitHandling"": ""VERIFY"", ""nanHandling"": ""ON"", ""language"": ""FASTEXPR"", ""visualization"": false}",0,fc5f47f91ee8ad5cc465feadc7284b16b8f1a9439ec14c226dff4cad074df4ca,"group_neutralize(mul(div(sub(vwap,close),close),div(ts_mean(volume,#),adv20)),sector)","group_neutralize(mul(div(sub(FIELD,FIELD),FIELD),div(ts_mean(FIELD,#),FIELD)),sector)",2026-08-01T14:17:15.543358+00:00
arch_regime_shift:primary,arch_regime_shift,proven,6.9,"group_neutralize(ts_zscore(anl10_smartest_roe_ff/cap,63)-ts_zscore(anl10_smartest_roe_ff/cap,252),market)","{""instrumentType"": ""EQUITY"", ""region"": ""USA"", ""universe"": ""TOP3000"", ""delay"": 1, ""decay"": 6, ""neutralization"": ""MARKET"", ""truncation"": 0.05, ""pasteurization"": ""ON"", ""unitHandling"": ""VERIFY"", ""nanHandling"": ""ON"", ""language"": ""FASTEXPR"", ""visualization"": false}",0,39f4836fdf568a45a85f190edbae1bd180bb994123f5643a6372122d05826448,"group_neutralize(sub(ts_zscore(div(anl10_smartest_roe_ff,cap),#),ts_zscore(div(anl10_smartest_roe_ff,cap),#)),market)","group_neutralize(sub(ts_zscore(div(FIELD,FIELD),#),ts_zscore(div(FIELD,FIELD),#)),market)",2026-08-01T14:17:15.543358+00:00
arch_regime_shift:primary,arch_regime_shift,proven,6.9,"group_neutralize(ts_zscore(anl10_smartest_roa_ff/cap,63)-ts_zscore(anl10_smartest_roa_ff/cap,252),sector)","{""instrumentType"": ""EQUITY"", ""region"": ""USA"", ""universe"": ""TOP3000"", ""delay"": 1, ""decay"": 6, ""neutralization"": ""MARKET"", ""truncation"": 0.05, ""pasteurization"": ""ON"", ""unitHandling"": ""VERIFY"", ""nanHandling"": ""ON"", ""language"": ""FASTEXPR"", ""visualization"": false}",0,993c969d797988f0aa9c9b5203255a19c020ba57c35af9c32cc7ce42fdfa94e3,"group_neutralize(sub(ts_zscore(div(anl10_smartest_roa_ff,cap),#),ts_zscore(div(anl10_smartest_roa_ff,cap),#)),sector)","group_neutralize(sub(ts_zscore(div(FIELD,FIELD),#),ts_zscore(div(FIELD,FIELD),#)),sector)",2026-08-01T14:17:15.543358+00:00
arch_vwap_vol:primary,arch_vwap_vol,proven,6.85,"group_neutralize(rank((vwap-close)/close)*rank(ts_mean(volume,63)/adv20),market)","{""instrumentType"": ""EQUITY"", ""region"": ""USA"", ""universe"": ""TOP3000"", ""delay"": 1, ""decay"": 6, ""neutralization"": ""MARKET"", ""truncation"": 0.06, ""pasteurization"": ""ON"", ""unitHandling"": ""VERIFY"", ""nanHandling"": ""ON"", ""language"": ""FASTEXPR"", ""visualization"": false}",0,9e3d01dfd3e21db217ffe6c87269fa1acf45f5072cb6238525c29aae3078eeed,"group_neutralize(mul(div(sub(vwap,close),close),div(ts_mean(volume,#),adv20)),market)","group_neutralize(mul(div(sub(FIELD,FIELD),FIELD),div(ts_mean(FIELD,#),FIELD)),market)",2026-08-01T14:17:15.543358+00:00
arch_vwap_vol:primary,arch_vwap_vol,proven,6.85,"group_neutralize(rank((vwap-close)/close)*rank(ts_mean(volume,63)/adv20),sector)","{""instrumentType"": ""EQUITY"", ""region"": ""USA"", ""universe"": ""TOP3000"", ""delay"": 1, ""decay"": 6, ""neutralization"": ""MARKET"", ""truncation"": 0.06, ""pasteurization"": ""ON"", ""unitHandling"": ""VERIFY"", ""nanHandling"": ""ON"", ""language"": ""FASTEXPR"", ""visualization"": false}",0,6d970cd0bc0caf3b6abdcd926b36eddb34056722c80c40e435578b6d6d15be33,"group_neutralize(mul(div(sub(vwap,close),close),div(ts_mean(volume,#),adv20)),sector)","group_neutralize(mul(div(sub(FIELD,FIELD),FIELD),div(ts_mean(FIELD,#),FIELD)),sector)",2026-08-01T14:17:15.543358+00:00
arch_vwap_vol:primary,arch_vwap_vol,proven,6.800000000000001,"group_neutralize(rank((vwap-close)/close)*rank(ts_mean(volume,126)/adv20),industry)","{""instrumentType"": ""EQUITY"", ""region"": ""USA"", ""universe"": ""TOP3000"", ""delay"": 1, ""decay"": 6, ""neutralization"": ""MARKET"", ""truncation"": 0.06, ""pasteurization"": ""ON"", ""unitHandling"": ""VERIFY"", ""nanHandling"": ""ON"", ""language"": ""FASTEXPR"", ""visualization"": false}",0,98af5506477fedee3ddc8550f309191d0f2217c15ddf4fc2b711a00010dbf12f,"group_neutralize(mul(div(sub(vwap,close),close),div(ts_mean(volume,#),adv20)),industry)","group_neutralize(mul(div(sub(FIELD,FIELD),FIELD),div(ts_mean(FIELD,#),FIELD)),industry)",2026-08-01T14:17:15.543358+00:00
arch_regime_shift:primary,arch_regime_shift,proven,6.75,"group_neutralize(ts_zscore(anl10_smartest_roe_ff/cap,63)-ts_zscore(anl10_smartest_roe_ff/cap,126),market)","{""instrumentType"": ""EQUITY"", ""region"": ""USA"", ""universe"": ""TOP3000"", ""delay"": 1, ""decay"": 6, ""neutralization"": ""MARKET"", ""truncation"": 0.05, ""pasteurization"": ""ON"", ""unitHandling"": ""VERIFY"", ""nanHandling"": ""ON"", ""language"": ""FASTEXPR"", ""visualization"": false}",0,1f964ce19dd243d42076b6b8a76946d9f482a182f758be5d8f09edb3dc04ab59,"group_neutralize(sub(ts_zscore(div(anl10_smartest_roe_ff,cap),#),ts_zscore(div(anl10_smartest_roe_ff,cap),#)),market)","group_neutralize(sub(ts_zscore(div(FIELD,FIELD),#),ts_zscore(div(FIELD,FIELD),#)),market)",2026-08-01T14:17:15.543358+00:00
arch_regime_shift:primary,arch_regime_shift,proven,6.75,"group_neutralize(ts_zscore(anl10_smartest_roa_ff/cap,63)-ts_zscore(anl10_smartest_roa_ff/cap,126),sector)","{""instrumentType"": ""EQUITY"", ""region"": ""USA"", ""universe"": ""TOP3000"", ""delay"": 1, ""decay"": 6, ""neutralization"": ""MARKET"", ""truncation"": 0.05, ""pasteurization"": ""ON"", ""unitHandling"": ""VERIFY"", ""nanHandling"": ""ON"", ""language"": ""FASTEXPR"", ""visualization"": false}",0,a27b7207b629419749aeab3288d371fc7817c8479099152a627f8385dbe7697e,"group_neutralize(sub(ts_zscore(div(anl10_smartest_roa_ff,cap),#),ts_zscore(div(anl10_smartest_roa_ff,cap),#)),sector)","group_neutralize(sub(ts_zscore(div(FIELD,FIELD),#),ts_zscore(div(FIELD,FIELD),#)),sector)",2026-08-01T14:17:15.543358+00:00
arch_vwap_vol:primary,arch_vwap_vol,proven,6.65,"group_neutralize(rank((vwap-close)/close)*rank(ts_mean(volume,63)/adv20),industry)","{""instrumentType"": ""EQUITY"", ""region"": ""USA"", ""universe"": ""TOP3000"", ""delay"": 1, ""decay"": 6, ""neutralization"": ""MARKET"", ""truncation"": 0.06, ""pasteurization"": ""ON"", ""unitHandling"": ""VERIFY"", ""nanHandling"": ""ON"", ""language"": ""FASTEXPR"", ""visualization"": false}",0,81172288313ec8bc4770390bf44f0e0e4c7e9375467f089b969f9f32a6d0fd79,"group_neutralize(mul(div(sub(vwap,close),close),div(ts_mean(volume,#),adv20)),industry)","group_neutralize(mul(div(sub(FIELD,FIELD),FIELD),div(ts_mean(FIELD,#),FIELD)),industry)",2026-08-01T14:17:15.543358+00:00
arch_ret_vol_corr:primary,arch_ret_vol_corr,proven,6.450000000000001,"group_neutralize(-rank(ts_corr(rank(returns),rank(volume),126)),industry)","{""instrumentType"": ""EQUITY"", ""region"": ""USA"", ""universe"": ""TOP3000"", ""delay"": 1, ""decay"": 4, ""neutralization"": ""MARKET"", ""truncation"": 0.07, ""pasteurization"": ""ON"", ""unitHandling"": ""VERIFY"", ""nanHandling"": ""ON"", ""language"": ""FASTEXPR"", ""visualization"": false}",0,44b152ef2398ec85b22964b723e8462946bc3e1ab6d870ec638ec93bfd9092ef,"group_neutralize(neg(ts_corr(returns,volume,#)),industry)","group_neutralize(neg(ts_corr(FIELD,FIELD,#)),industry)",2026-08-01T14:17:15.543358+00:00
arch_zscore:primary,arch_zscore,proven,6.45,"group_neutralize(ts_zscore(anl10_roeff_2323/cap,126),industry)","{""instrumentType"": ""EQUITY"", ""region"": ""USA"", ""universe"": ""TOP3000"", ""delay"": 1, ""decay"": 6, ""neutralization"": ""MARKET"", ""truncation"": 0.05, ""pasteurization"": ""ON"", ""unitHandling"": ""VERIFY"", ""nanHandling"": ""ON"", ""language"": ""FASTEXPR"", ""visualization"": false}",0,1778dce85e8020b60ede49459630d4dd79b3e8b7274f28587f0fa9d627471943,"group_neutralize(ts_zscore(div(anl10_roeff_2323,cap),#),industry)","group_neutralize(ts_zscore(div(FIELD,FIELD),#),industry)",2026-08-01T14:17:15.543358+00:00
arch_zscore:primary,arch_zscore,proven,6.45,"group_neutralize(ts_zscore(anl10_smartest_roe_ff/cap,126),market)","{""instrumentType"": ""EQUITY"", ""region"": ""USA"", ""universe"": ""TOP3000"", ""delay"": 1, ""decay"": 6, ""neutralization"": ""MARKET"", ""truncation"": 0.05, ""pasteurization"": ""ON"", ""unitHandling"": ""VERIFY"", ""nanHandling"": ""ON"", ""language"": ""FASTEXPR"", ""visualization"": false}",0,036ce896455143349f2c504bdabdd63b1435f16675ab822c2fb16d50ef04cbaf,"group_neutralize(ts_zscore(div(anl10_smartest_roe_ff,cap),#),market)","group_neutralize(ts_zscore(div(FIELD,FIELD),#),market)",2026-08-01T14:17:15.543358+00:00
arch_zscore:primary,arch_zscore,proven,6.45,"group_neutralize(ts_zscore(anl10_smartest_roa_ff/cap,126),sector)","{""instrumentType"": ""EQUITY"", ""region"": ""USA"", ""universe"": ""TOP3000"", ""delay"": 1, ""decay"": 6, ""neutralization"": ""MARKET"", ""truncation"": 0.05, ""pasteurization"": ""ON"", ""unitHandling"": ""VERIFY"", ""nanHandling"": ""ON"", ""language"": ""FASTEXPR"", ""visualization"": false}",0,e49f4e3f8fbfe6dfabaf40622bfc05646df3c12b78153bb43b87a48f08512c96,"group_neutralize(ts_zscore(div(anl10_smartest_roa_ff,cap),#),sector)","group_neutralize(ts_zscore(div(FIELD,FIELD),#),sector)",2026-08-01T14:17:15.543358+00:00
arch_ret_vol_corr:primary,arch_ret_vol_corr,proven,6.4,"group_neutralize(-rank(ts_corr(rank(returns),rank(volume),63)),market)","{""instrumentType"": ""EQUITY"", ""region"": ""USA"", ""universe"": ""TOP3000"", ""delay"": 1, ""decay"": 4, ""neutralization"": ""MARKET"", ""truncation"": 0.07, ""pasteurization"": ""ON"", ""unitHandling"": ""VERIFY"", ""nanHandling"": ""ON"", ""language"": ""FASTEXPR"", ""visualization"": false}",0,259b2a9bf65fa9600f950dd399da50fe7d96476a4c4b0abf92cb342ef5c5fc86,"group_neutralize(neg(ts_corr(returns,volume,#)),market)","group_neutralize(neg(ts_corr(FIELD,FIELD,#)),market)",2026-08-01T14:17:15.543358+00:00
arch_analyst:primary,arch_analyst,proven,6.4,"group_neutralize(ts_zscore(workplace_diversity_labor_rights_score,126),market)","{""instrumentType"": ""EQUITY"", ""region"": ""USA"", ""universe"": ""TOP3000"", ""delay"": 1, ""decay"": 4, ""neutralization"": ""MARKET"", ""truncation"": 0.06, ""pasteurization"": ""ON"", ""unitHandling"": ""VERIFY"", ""nanHandling"": ""ON"", ""language"": ""FASTEXPR"", ""visualization"": false}",0,7dd549907ad6e976aeefa2714cde87c1b740b2dfeb1f50a611f5b371242e2a79,"group_neutralize(ts_zscore(workplace_diversity_labor_rights_score,#),market)","group_neutralize(ts_zscore(FIELD,#),market)",2026-08-01T14:17:15.543358+00:00
arch_analyst:primary,arch_analyst,proven,6.4,"group_neutralize(ts_zscore(group_longterm_growth_marketcap_percent,126),market)","{""instrumentType"": ""EQUITY"", ""region"": ""USA"", ""universe"": ""TOP3000"", ""delay"": 1, ""decay"": 4, ""neutralization"": ""MARKET"", ""truncation"": 0.06, ""pasteurization"": ""ON"", ""unitHandling"": ""VERIFY"", ""nanHandling"": ""ON"", ""language"": ""FASTEXPR"", ""visualization"": false}",0,8f266b0fe3bad4e97e298d2b360dd194d07294a1af7aa19015f66039b5631af9,"group_neutralize(ts_zscore(group_longterm_growth_marketcap_percent,#),market)","group_neutralize(ts_zscore(FIELD,#),market)",2026-08-01T14:17:15.543358+00:00
arch_analyst:primary,arch_analyst,proven,6.4,"group_neutralize(ts_zscore(sector_longterm_growth_marketcap_percent,126),industry)","{""instrumentType"": ""EQUITY"", ""region"": ""USA"", ""universe"": ""TOP3000"", ""delay"": 1, ""decay"": 4, ""neutralization"": ""MARKET"", ""truncation"": 0.06, ""pasteurization"": ""ON"", ""unitHandling"": ""VERIFY"", ""nanHandling"": ""ON"", ""language"": ""FASTEXPR"", ""visualization"": false}",0,7a024f4098b8decfe61ee59f58af6039c4152c9c8453a31ace31bb5eeadeb442,"group_neutralize(ts_zscore(sector_longterm_growth_marketcap_percent,#),industry)","group_neutralize(ts_zscore(FIELD,#),industry)",2026-08-01T14:17:15.543358+00:00
arch_ret_vol_corr:primary,arch_ret_vol_corr,proven,6.3500000000000005,"group_neutralize(-rank(ts_corr(abs(returns),volume,126)),industry)","{""instrumentType"": ""EQUITY"", ""region"": ""USA"", ""universe"": ""TOP3000"", ""delay"": 1, ""decay"": 4, ""neutralization"": ""MARKET"", ""truncation"": 0.07, ""pasteurization"": ""ON"", ""unitHandling"": ""VERIFY"", ""nanHandling"": ""ON"", ""language"": ""FASTEXPR"", ""visualization"": false}",0,506857a6ebb78f334ec49edf921aae73b4f63f178023c89996bac99f22492586,"group_neutralize(neg(ts_corr(abs(returns),volume,#)),industry)","group_neutralize(neg(ts_corr(abs(FIELD),FIELD,#)),industry)",2026-08-01T14:17:15.543358+00:00
arch_analyst_hybrid:primary,arch_analyst_hybrid,proven,6.35,"group_neutralize(ts_zscore(industry_12mo_marketcap_percent,63)+ts_decay_linear(zscore(vwap/close),42)*0.3,industry)","{""instrumentType"": ""EQUITY"", ""region"": ""USA"", ""universe"": ""TOP3000"", ""delay"": 1, ""decay"": 4, ""neutralization"": ""MARKET"", ""truncation"": 0.06, ""pasteurization"": ""ON"", ""unitHandling"": ""VERIFY"", ""nanHandling"": ""ON"", ""language"": ""FASTEXPR"", ""visualization"": false}",0,20a044a670556fd4fc2760695ea11268de13275d45aa8fd1da4901ed5b355c8c,"group_neutralize(add(mul(#,ts_decay_linear(div(vwap,close),#)),ts_zscore(industry_12mo_marketcap_percent,#)),industry)","group_neutralize(add(mul(#,ts_decay_linear(div(FIELD,FIELD),#)),ts_zscore(FIELD,#)),industry)",2026-08-01T14:17:15.543358+00:00
arch_analyst_hybrid:primary,arch_analyst_hybrid,proven,6.35,"group_neutralize(ts_zscore(governance_pillar_composite_score,63)+ts_decay_linear(zscore(vwap/close),42)*0.3,market)","{""instrumentType"": ""EQUITY"", ""region"": ""USA"", ""universe"": ""TOP3000"", ""delay"": 1, ""decay"": 4, ""neutralization"": ""MARKET"", ""truncation"": 0.06, ""pasteurization"": ""ON"", ""unitHandling"": ""VERIFY"", ""nanHandling"": ""ON"", ""language"": ""FASTEXPR"", ""visualization"": false}",0,097872c92e1d968f53da560adc370f886d48f586fe77f41505bd275a42af28e0,"group_neutralize(add(mul(#,ts_decay_linear(div(vwap,close),#)),ts_zscore(governance_pillar_composite_score,#)),market)","group_neutralize(add(mul(#,ts_decay_linear(div(FIELD,FIELD),#)),ts_zscore(FIELD,#)),market)",2026-08-01T14:17:15.543358+00:00
arch_analyst_hybrid:primary,arch_analyst_hybrid,proven,6.35,"group_neutralize(ts_zscore(management_ethics_standards_score,63)+ts_decay_linear(zscore(vwap/close),42)*0.3,sector)","{""instrumentType"": ""EQUITY"", ""region"": ""USA"", ""universe"": ""TOP3000"", ""delay"": 1, ""decay"": 4, ""neutralization"": ""MARKET"", ""truncation"": 0.06, ""pasteurization"": ""ON"", ""unitHandling"": ""VERIFY"", ""nanHandling"": ""ON"", ""language"": ""FASTEXPR"", ""visualization"": false}",0,b0715f376da49443dc4b2597cb93b4087d987044047116283aec5f9bf67cd66d,"group_neutralize(add(mul(#,ts_decay_linear(div(vwap,close),#)),ts_zscore(management_ethics_standards_score,#)),sector)","group_neutralize(add(mul(#,ts_decay_linear(div(FIELD,FIELD),#)),ts_zscore(FIELD,#)),sector)",2026-08-01T14:17:15.543358+00:00
arch_analyst_hybrid:primary,arch_analyst_hybrid,proven,6.35,"group_neutralize(ts_zscore(workplace_diversity_labor_rights_score,63)+ts_decay_linear(zscore(vwap/close),42)*0.3,market)","{""instrumentType"": ""EQUITY"", ""region"": ""USA"", ""universe"": ""TOP3000"", ""delay"": 1, ""decay"": 4, ""neutralization"": ""MARKET"", ""truncation"": 0.06, ""pasteurization"": ""ON"", ""unitHandling"": ""VERIFY"", ""nanHandling"": ""ON"", ""language"": ""FASTEXPR"", ""visualization"": false}",0,d02bec8db6106c47c0fc4fa5b7a12b6bd5b7af5e683e172d4bf7272e39706e4c,"group_neutralize(add(mul(#,ts_decay_linear(div(vwap,close),#)),ts_zscore(workplace_diversity_labor_rights_score,#)),market)","group_neutralize(add(mul(#,ts_decay_linear(div(FIELD,FIELD),#)),ts_zscore(FIELD,#)),market)",2026-08-01T14:17:15.543358+00:00
arch_analyst_hybrid:primary,arch_analyst_hybrid,proven,6.35,"group_neutralize(ts_zscore(group_longterm_growth_marketcap_percent,63)+ts_decay_linear(zscore(vwap/close),42)*0.3,sector)","{""instrumentType"": ""EQUITY"", ""region"": ""USA"", ""universe"": ""TOP3000"", ""delay"": 1, ""decay"": 4, ""neutralization"": ""MARKET"", ""truncation"": 0.06, ""pasteurization"": ""ON"", ""unitHandling"": ""VERIFY"", ""nanHandling"": ""ON"", ""language"": ""FASTEXPR"", ""visualization"": false}",0,f4707f14cb2ae328345cb0639abcc079bb408f7ed2098aeaa6ea0556ffa024db,"group_neutralize(add(mul(#,ts_decay_linear(div(vwap,close),#)),ts_zscore(group_longterm_growth_marketcap_percent,#)),sector)","group_neutralize(add(mul(#,ts_decay_linear(div(FIELD,FIELD),#)),ts_zscore(FIELD,#)),sector)",2026-08-01T14:17:15.543358+00:00
arch_analyst_hybrid:primary,arch_analyst_hybrid,proven,6.35,"group_neutralize(ts_zscore(sector_longterm_growth_marketcap_percent,63)+ts_decay_linear(zscore(vwap/close),42)*0.3,market)","{""instrumentType"": ""EQUITY"", ""region"": ""USA"", ""universe"": ""TOP3000"", ""delay"": 1, ""decay"": 4, ""neutralization"": ""MARKET"", ""truncation"": 0.06, ""pasteurization"": ""ON"", ""unitHandling"": ""VERIFY"", ""nanHandling"": ""ON"", ""language"": ""FASTEXPR"", ""visualization"": false}",0,86128263301c8755dc4b582c7e938b409ce7c558365396e1e5676e8777ec928a,"group_neutralize(add(mul(#,ts_decay_linear(div(vwap,close),#)),ts_zscore(sector_longterm_growth_marketcap_percent,#)),market)","group_neutralize(add(mul(#,ts_decay_linear(div(FIELD,FIELD),#)),ts_zscore(FIELD,#)),market)",2026-08-01T14:17:15.543358+00:00
arch_vol_scaled_rank:primary,arch_vol_scaled_rank,proven,6.35,"group_neutralize((group_rank(anl10_analyst_innovation_eps_revise_ratio_to_close_fy1/cap,sector)-0.5)*-rank(ts_std_dev(returns,126)),sector)","{""instrumentType"": ""EQUITY"", ""region"": ""USA"", ""universe"": ""TOP3000"", ""delay"": 1, ""decay"": 6, ""neutralization"": ""MARKET"", ""truncation"": 0.05, ""pasteurization"": ""ON"", ""unitHandling"": ""VERIFY"", ""nanHandling"": ""ON"", ""language"": ""FASTEXPR"", ""visualization"": false}",0,b7c5cb90a603564eccbfc0c877e06f66571e090719484dac5d7aa6999a99e47e,"group_neutralize(mul(neg(ts_std_dev(returns,#)),sub(group_rank(div(anl10_analyst_innovation_eps_revise_ratio_to_close_fy1,cap),sector),#)),sector)","group_neutralize(mul(neg(ts_std_dev(FIELD,#)),sub(group_rank(div(FIELD,FIELD),sector),#)),sector)",2026-08-01T14:17:15.543358+00:00
arch_vol_scaled_rank:primary,arch_vol_scaled_rank,proven,6.35,"group_neutralize((group_rank(anl10_analyst_innovation_eps_innovate_decrease_fy2/cap,industry)-0.5)*-rank(ts_std_dev(returns,126)),industry)","{""instrumentType"": ""EQUITY"", ""region"": ""USA"", ""universe"": ""TOP3000"", ""delay"": 1, ""decay"": 6, ""neutralization"": ""MARKET"", ""truncation"": 0.05, ""pasteurization"": ""ON"", ""unitHandling"": ""VERIFY"", ""nanHandling"": ""ON"", ""language"": ""FASTEXPR"", ""visualization"": false}",0,b6bca33ec2630d982e71f796d2404b334f9647fb205d930af7a81b04f4d54fe3,"group_neutralize(mul(neg(ts_std_dev(returns,#)),sub(group_rank(div(anl10_analyst_innovation_eps_innovate_decrease_fy2,cap),industry),#)),industry)","group_neutralize(mul(neg(ts_std_dev(FIELD,#)),sub(group_rank(div(FIELD,FIELD),industry),#)),industry)",2026-08-01T14:17:15.543358+00:00
arch_vol_scaled_rank:primary,arch_vol_scaled_rank,proven,6.35,"group_neutralize((group_rank(anl10_analyst_innovation_eps_revise_ratio_to_consensus_fy1/cap,market)-0.5)*-rank(ts_std_dev(returns,126)),market)","{""instrumentType"": ""EQUITY"", ""region"": ""USA"", ""universe"": ""TOP3000"", ""delay"": 1, ""decay"": 6, ""neutralization"": ""MARKET"", ""truncation"": 0.05, ""pasteurization"": ""ON"", ""unitHandling"": ""VERIFY"", ""nanHandling"": ""ON"", ""language"": ""FASTEXPR"", ""visualization"": false}",0,f3aaa426c0916c35e2acd2bf0a07d4f1e07b55e1de92ebfa3f2a24253fde02d4,"group_neutralize(mul(neg(ts_std_dev(returns,#)),sub(group_rank(div(anl10_analyst_innovation_eps_revise_ratio_to_consensus_fy1,cap),market),#)),market)","group_neutralize(mul(neg(ts_std_dev(FIELD,#)),sub(group_rank(div(FIELD,FIELD),market),#)),market)",2026-08-01T14:17:15.543358+00:00
arch_vol_scaled_rank:primary,arch_vol_scaled_rank,proven,6.35,"group_neutralize((group_rank(anl10_analyst_innovation_eps_revise_ratio_to_consensus_fy2/cap,market)-0.5)*-rank(ts_std_dev(returns,126)),market)","{""instrumentType"": ""EQUITY"", ""region"": ""USA"", ""universe"": ""TOP3000"", ""delay"": 1, ""decay"": 6, ""neutralization"": ""MARKET"", ""truncation"": 0.05, ""pasteurization"": ""ON"", ""unitHandling"": ""VERIFY"", ""nanHandling"": ""ON"", ""language"": ""FASTEXPR"", ""visualization"": false}",0,237744c9d2eac69d720891c0f9b71e055a938861006237d83caf5f7a33a1cc41,"group_neutralize(mul(neg(ts_std_dev(returns,#)),sub(group_rank(div(anl10_analyst_innovation_eps_revise_ratio_to_consensus_fy2,cap),market),#)),market)","group_neutralize(mul(neg(ts_std_dev(FIELD,#)),sub(group_rank(div(FIELD,FIELD),market),#)),market)",2026-08-01T14:17:15.543358+00:00
arch_vol_scaled_rank:primary,arch_vol_scaled_rank,proven,6.35,"group_neutralize((group_rank(anl10_analyst_innovation_eps_revise_ratio_to_close_fy2/cap,industry)-0.5)*-rank(ts_std_dev(returns,126)),industry)","{""instrumentType"": ""EQUITY"", ""region"": ""USA"", ""universe"": ""TOP3000"", ""delay"": 1, ""decay"": 6, ""neutralization"": ""MARKET"", ""truncation"": 0.05, ""pasteurization"": ""ON"", ""unitHandling"": ""VERIFY"", ""nanHandling"": ""ON"", ""language"": ""FASTEXPR"", ""visualization"": false}",0,8d686343267ec250e4579b829d68d7540f5120b6f3ad144d3a500e01140da591,"group_neutralize(mul(neg(ts_std_dev(returns,#)),sub(group_rank(div(anl10_analyst_innovation_eps_revise_ratio_to_close_fy2,cap),industry),#)),industry)","group_neutralize(mul(neg(ts_std_dev(FIELD,#)),sub(group_rank(div(FIELD,FIELD),industry),#)),industry)",2026-08-01T14:17:15.543358+00:00
arch_vol_scaled_rank:primary,arch_vol_scaled_rank,proven,6.35,"group_neutralize((group_rank(anl10_analyst_innovation_eps_revise_ratio_to_close_fq1/cap,industry)-0.5)*-rank(ts_std_dev(returns,126)),industry)","{""instrumentType"": ""EQUITY"", ""region"": ""USA"", ""universe"": ""TOP3000"", ""delay"": 1, ""decay"": 6, ""neutralization"": ""MARKET"", ""truncation"": 0.05, ""pasteurization"": ""ON"", ""unitHandling"": ""VERIFY"", ""nanHandling"": ""ON"", ""language"": ""FASTEXPR"", ""visualization"": false}",0,af82dba800a06247dde064040f8f0af49ae6dd125e2c6aa777e2fdcb5e2a3145,"group_neutralize(mul(neg(ts_std_dev(returns,#)),sub(group_rank(div(anl10_analyst_innovation_eps_revise_ratio_to_close_fq1,cap),industry),#)),industry)","group_neutralize(mul(neg(ts_std_dev(FIELD,#)),sub(group_rank(div(FIELD,FIELD),industry),#)),industry)",2026-08-01T14:17:15.543358+00:00
arch_ret_vol_corr:primary,arch_ret_vol_corr,proven,6.300000000000001,"group_neutralize(-rank(ts_corr(abs(returns),volume,63)),market)","{""instrumentType"": ""EQUITY"", ""region"": ""USA"", ""universe"": ""TOP3000"", ""delay"": 1, ""decay"": 4, ""neutralization"": ""MARKET"", ""truncation"": 0.07, ""pasteurization"": ""ON"", ""unitHandling"": ""VERIFY"", ""nanHandling"": ""ON"", ""language"": ""FASTEXPR"", ""visualization"": false}",0,151edf7dd31fee44effb6a7e092860f8c1c3d7f1b1f48395d72bebb3cf86caa0,"group_neutralize(neg(ts_corr(abs(returns),volume,#)),market)","group_neutralize(neg(ts_corr(abs(FIELD),FIELD,#)),market)",2026-08-01T14:17:15.543358+00:00
arch_analyst:primary,arch_analyst,proven,6.25,"group_neutralize(ts_zscore(workplace_diversity_labor_rights_score,63),market)","{""instrumentType"": ""EQUITY"", ""region"": ""USA"", ""universe"": ""TOP3000"", ""delay"": 1, ""decay"": 4, ""neutralization"": ""MARKET"", ""truncation"": 0.06, ""pasteurization"": ""ON"", ""unitHandling"": ""VERIFY"", ""nanHandling"": ""ON"", ""language"": ""FASTEXPR"", ""visualization"": false}",0,b466d6cd706839fc0590209759837971828757287d4a5162d61e9afe6c9caf05,"group_neutralize(ts_zscore(workplace_diversity_labor_rights_score,#),market)","group_neutralize(ts_zscore(FIELD,#),market)",2026-08-01T14:17:15.543358+00:00
arch_analyst:primary,arch_analyst,proven,6.25,"group_neutralize(ts_zscore(group_longterm_growth_marketcap_percent,63),market)","{""instrumentType"": ""EQUITY"", ""region"": ""USA"", ""universe"": ""TOP3000"", ""delay"": 1, ""decay"": 4, ""neutralization"": ""MARKET"", ""truncation"": 0.06, ""pasteurization"": ""ON"", ""unitHandling"": ""VERIFY"", ""nanHandling"": ""ON"", ""language"": ""FASTEXPR"", ""visualization"": false}",0,5e2b286445e1830b73fd4393c5561d5b118472b8a3f1fb30f269d12c3a49022c,"group_neutralize(ts_zscore(group_longterm_growth_marketcap_percent,#),market)","group_neutralize(ts_zscore(FIELD,#),market)",2026-08-01T14:17:15.543358+00:00
arch_analyst:primary,arch_analyst,proven,6.25,"group_neutralize(ts_zscore(sector_longterm_growth_marketcap_percent,63),industry)","{""instrumentType"": ""EQUITY"", ""region"": ""USA"", ""universe"": ""TOP3000"", ""delay"": 1, ""decay"": 4, ""neutralization"": ""MARKET"", ""truncation"": 0.06, ""pasteurization"": ""ON"", ""unitHandling"": ""VERIFY"", ""nanHandling"": ""ON"", ""language"": ""FASTEXPR"", ""visualization"": false}",0,c516151d5a11db719652597f9bd7cbc000aab11879288f543ed91d3816b1aa00,"group_neutralize(ts_zscore(sector_longterm_growth_marketcap_percent,#),industry)","group_neutralize(ts_zscore(FIELD,#),industry)",2026-08-01T14:17:15.543358+00:00
arch_ret_vol_corr:primary,arch_ret_vol_corr,proven,6.200000000000001,"group_neutralize(-rank(ts_corr(rank(returns),rank(volume),42)),market)","{""instrumentType"": ""EQUITY"", ""region"": ""USA"", ""universe"": ""TOP3000"", ""delay"": 1, ""decay"": 4, ""neutralization"": ""MARKET"", ""truncation"": 0.07, ""pasteurization"": ""ON"", ""unitHandling"": ""VERIFY"", ""nanHandling"": ""ON"", ""language"": ""FASTEXPR"", ""visualization"": false}",0,76f22098f64c1832ca851af72d6d84af7989d7b97fb1fb2bafd116bedb6484ef,"group_neutralize(neg(ts_corr(returns,volume,#)),market)","group_neutralize(neg(ts_corr(FIELD,FIELD,#)),market)",2026-08-01T14:17:15.543358+00:00
arch_ret_vol_corr:primary,arch_ret_vol_corr,proven,6.200000000000001,"group_neutralize(-rank(ts_corr(rank(returns),rank(volume),42)),sector)","{""instrumentType"": ""EQUITY"", ""region"": ""USA"", ""universe"": ""TOP3000"", ""delay"": 1, ""decay"": 4, ""neutralization"": ""MARKET"", ""truncation"": 0.07, ""pasteurization"": ""ON"", ""unitHandling"": ""VERIFY"", ""nanHandling"": ""ON"", ""language"": ""FASTEXPR"", ""visualization"": false}",0,daa742e0bf80f9f2baca0a5a8a9c593edb5db5f2ea3e9b6279a6fdb073b060be,"group_neutralize(neg(ts_corr(returns,volume,#)),sector)","group_neutralize(neg(ts_corr(FIELD,FIELD,#)),sector)",2026-08-01T14:17:15.543358+00:00
arch_zscore:primary,arch_zscore,proven,6.2,"group_neutralize(ts_zscore(anl10_roeff_2323/cap,63),industry)","{""instrumentType"": ""EQUITY"", ""region"": ""USA"", ""universe"": ""TOP3000"", ""delay"": 1, ""decay"": 6, ""neutralization"": ""MARKET"", ""truncation"": 0.05, ""pasteurization"": ""ON"", ""unitHandling"": ""VERIFY"", ""nanHandling"": ""ON"", ""language"": ""FASTEXPR"", ""visualization"": false}",0,56646c9cffacb02071bb480a19477fcb38c84a8f5cd3c85592e3d306bc94be4f,"group_neutralize(ts_zscore(div(anl10_roeff_2323,cap),#),industry)","group_neutralize(ts_zscore(div(FIELD,FIELD),#),industry)",2026-08-01T14:17:15.543358+00:00
arch_zscore:primary,arch_zscore,proven,6.2,"group_neutralize(ts_zscore(anl10_smartest_roe_ff/cap,63),market)","{""instrumentType"": ""EQUITY"", ""region"": ""USA"", ""universe"": ""TOP3000"", ""delay"": 1, ""decay"": 6, ""neutralization"": ""MARKET"", ""truncation"": 0.05, ""pasteurization"": ""ON"", ""unitHandling"": ""VERIFY"", ""nanHandling"": ""ON"", ""language"": ""FASTEXPR"", ""visualization"": false}",0,e219dd9574f3590b82d0847c9335c73f5ed053dc84de146ae823a721b72a52bf,"group_neutralize(ts_zscore(div(anl10_smartest_roe_ff,cap),#),market)","group_neutralize(ts_zscore(div(FIELD,FIELD),#),market)",2026-08-01T14:17:15.543358+00:00
arch_zscore:primary,arch_zscore,proven,6.2,"group_neutralize(ts_zscore(anl10_smartest_roa_ff/cap,63),sector)","{""instrumentType"": ""EQUITY"", ""region"": ""USA"", ""universe"": ""TOP3000"", ""delay"": 1, ""decay"": 6, ""neutralization"": ""MARKET"", ""truncation"": 0.05, ""pasteurization"": ""ON"", ""unitHandling"": ""VERIFY"", ""nanHandling"": ""ON"", ""language"": ""FASTEXPR"", ""visualization"": false}",0,4631e088390914cf88e4e3c0968f8bb22466d26f676068e16e788a2028d0d609,"group_neutralize(ts_zscore(div(anl10_smartest_roa_ff,cap),#),sector)","group_neutralize(ts_zscore(div(FIELD,FIELD),#),sector)",2026-08-01T14:17:15.543358+00:00
arch_ret_vol_corr:primary,arch_ret_vol_corr,proven,6.2,"group_neutralize(-rank(ts_corr(rank(returns),rank(volume),63)),industry)","{""instrumentType"": ""EQUITY"", ""region"": ""USA"", ""universe"": ""TOP3000"", ""delay"": 1, ""decay"": 4, ""neutralization"": ""MARKET"", ""truncation"": 0.07, ""pasteurization"": ""ON"", ""unitHandling"": ""VERIFY"", ""nanHandling"": ""ON"", ""language"": ""FASTEXPR"", ""visualization"": false}",0,e09d71180f857abf18805815bdf1cfc30c3e55c0849727e7064d2ac8cdcf0c59,"group_neutralize(neg(ts_corr(returns,volume,#)),industry)","group_neutralize(neg(ts_corr(FIELD,FIELD,#)),industry)",2026-08-01T14:17:15.543358+00:00
arch_ret_vol_corr:primary,arch_ret_vol_corr,proven,6.1000000000000005,"group_neutralize(-rank(ts_corr(abs(returns),volume,42)),market)","{""instrumentType"": ""EQUITY"", ""region"": ""USA"", ""universe"": ""TOP3000"", ""delay"": 1, ""decay"": 4, ""neutralization"": ""MARKET"", ""truncation"": 0.07, ""pasteurization"": ""ON"", ""unitHandling"": ""VERIFY"", ""nanHandling"": ""ON"", ""language"": ""FASTEXPR"", ""visualization"": false}",0,989714073c99529116e1f0114ccd3e665a59f2a1503ef944287992e188bccffd,"group_neutralize(neg(ts_corr(abs(returns),volume,#)),market)","group_neutralize(neg(ts_corr(abs(FIELD),FIELD,#)),market)",2026-08-01T14:17:15.543358+00:00
arch_ret_vol_corr:primary,arch_ret_vol_corr,proven,6.1000000000000005,"group_neutralize(-rank(ts_corr(abs(returns),volume,42)),sector)","{""instrumentType"": ""EQUITY"", ""region"": ""USA"", ""universe"": ""TOP3000"", ""delay"": 1, ""decay"": 4, ""neutralization"": ""MARKET"", ""truncation"": 0.07, ""pasteurization"": ""ON"", ""unitHandling"": ""VERIFY"", ""nanHandling"": ""ON"", ""language"": ""FASTEXPR"", ""visualization"": false}",0,46b43f5c9daaf06bdbd4822eaa43ec297df4b5a46bba502faaa7a404582f7480,"group_neutralize(neg(ts_corr(abs(returns),volume,#)),sector)","group_neutralize(neg(ts_corr(abs(FIELD),FIELD,#)),sector)",2026-08-01T14:17:15.543358+00:00
arch_ret_vol_corr:primary,arch_ret_vol_corr,proven,6.1,"group_neutralize(-rank(ts_corr(abs(returns),volume,63)),industry)","{""instrumentType"": ""EQUITY"", ""region"": ""USA"", ""universe"": ""TOP3000"", ""delay"": 1, ""decay"": 4, ""neutralization"": ""MARKET"", ""truncation"": 0.07, ""pasteurization"": ""ON"", ""unitHandling"": ""VERIFY"", ""nanHandling"": ""ON"", ""language"": ""FASTEXPR"", ""visualization"": false}",0,d0d62834f2860ff3a311a19baedd847c1823419f58751738cda3244420f8d3c5,"group_neutralize(neg(ts_corr(abs(returns),volume,#)),industry)","group_neutralize(neg(ts_corr(abs(FIELD),FIELD,#)),industry)",2026-08-01T14:17:15.543358+00:00
arch_ret_vol_corr:primary,arch_ret_vol_corr,proven,6.0,"group_neutralize(-rank(ts_corr(rank(returns),rank(volume),42)),industry)","{""instrumentType"": ""EQUITY"", ""region"": ""USA"", ""universe"": ""TOP3000"", ""delay"": 1, ""decay"": 4, ""neutralization"": ""MARKET"", ""truncation"": 0.07, ""pasteurization"": ""ON"", ""unitHandling"": ""VERIFY"", ""nanHandling"": ""ON"", ""language"": ""FASTEXPR"", ""visualization"": false}",0,e066a88fc6bfa967bce6b751b3efd3d3a733eab4198aaae8c086b76ceaa907f9,"group_neutralize(neg(ts_corr(returns,volume,#)),industry)","group_neutralize(neg(ts_corr(FIELD,FIELD,#)),industry)",2026-08-01T14:17:15.543358+00:00
arch_pv_slow:primary,arch_pv_slow,proven,5.95,"group_neutralize(ts_rank(ts_mean(close,21)/close,126)-0.5,market)","{""instrumentType"": ""EQUITY"", ""region"": ""USA"", ""universe"": ""TOP3000"", ""delay"": 1, ""decay"": 6, ""neutralization"": ""MARKET"", ""truncation"": 0.06, ""pasteurization"": ""ON"", ""unitHandling"": ""VERIFY"", ""nanHandling"": ""ON"", ""language"": ""FASTEXPR"", ""visualization"": false}",0,0797b0f79b8261ed6d0676145680b692c9b55c3208a67077fa246fad078ef231,"group_neutralize(sub(ts_rank(div(ts_mean(close,#),close),#),#),market)","group_neutralize(sub(ts_rank(div(ts_mean(FIELD,#),FIELD),#),#),market)",2026-08-01T14:17:15.543358+00:00
arch_ret_vol_corr:primary,arch_ret_vol_corr,proven,5.9,"group_neutralize(-rank(ts_corr(abs(returns),volume,42)),industry)","{""instrumentType"": ""EQUITY"", ""region"": ""USA"", ""universe"": ""TOP3000"", ""delay"": 1, ""decay"": 4, ""neutralization"": ""MARKET"", ""truncation"": 0.07, ""pasteurization"": ""ON"", ""unitHandling"": ""VERIFY"", ""nanHandling"": ""ON"", ""language"": ""FASTEXPR"", ""visualization"": false}",0,0c24f9f2a4ab6ec62854c80de9b6d3660cf68b424c86c524724c1bc2a4dbf53a,"group_neutralize(neg(ts_corr(abs(returns),volume,#)),industry)","group_neutralize(neg(ts_corr(abs(FIELD),FIELD,#)),industry)",2026-08-01T14:17:15.543358+00:00
arch_pv_slow:primary,arch_pv_slow,proven,5.8500000000000005,"group_neutralize(ts_rank(ts_mean(close,21)/close,126)-0.5,sector)","{""instrumentType"": ""EQUITY"", ""region"": ""USA"", ""universe"": ""TOP3000"", ""delay"": 1, ""decay"": 6, ""neutralization"": ""MARKET"", ""truncation"": 0.06, ""pasteurization"": ""ON"", ""unitHandling"": ""VERIFY"", ""nanHandling"": ""ON"", ""language"": ""FASTEXPR"", ""visualization"": false}",0,9f036636f2a5a778893212a8ece72286bdf318918bdfa10975a7da498efe1d38,"group_neutralize(sub(ts_rank(div(ts_mean(close,#),close),#),#),sector)","group_neutralize(sub(ts_rank(div(ts_mean(FIELD,#),FIELD),#),#),sector)",2026-08-01T14:17:15.543358+00:00
arch_pv_slow:primary,arch_pv_slow,proven,5.800000000000001,"group_neutralize(ts_rank(ts_mean(close,21)/close,63)-0.5,market)","{""instrumentType"": ""EQUITY"", ""region"": ""USA"", ""universe"": ""TOP3000"", ""delay"": 1, ""decay"": 6, ""neutralization"": ""MARKET"", ""truncation"": 0.06, ""pasteurization"": ""ON"", ""unitHandling"": ""VERIFY"", ""nanHandling"": ""ON"", ""language"": ""FASTEXPR"", ""visualization"": false}",0,4bdd478bcebd18da41b86d3ca0c491b0c9b06fd001cf2904a4652942ec06c445,"group_neutralize(sub(ts_rank(div(ts_mean(close,#),close),#),#),market)","group_neutralize(sub(ts_rank(div(ts_mean(FIELD,#),FIELD),#),#),market)",2026-08-01T14:17:15.543358+00:00
arch_pv_slow:primary,arch_pv_slow,proven,5.75,"group_neutralize(ts_rank(ts_mean(close,21)/close,126)-0.5,industry)","{""instrumentType"": ""EQUITY"", ""region"": ""USA"", ""universe"": ""TOP3000"", ""delay"": 1, ""decay"": 6, ""neutralization"": ""MARKET"", ""truncation"": 0.06, ""pasteurization"": ""ON"", ""unitHandling"": ""VERIFY"", ""nanHandling"": ""ON"", ""language"": ""FASTEXPR"", ""visualization"": false}",0,b67905265b47f3e111f568a4b078ccf396521c444de87c286a6cbab1a8e837db,"group_neutralize(sub(ts_rank(div(ts_mean(close,#),close),#),#),industry)","group_neutralize(sub(ts_rank(div(ts_mean(FIELD,#),FIELD),#),#),industry)",2026-08-01T14:17:15.543358+00:00
arch_pv_slow:primary,arch_pv_slow,proven,5.700000000000001,"group_neutralize(ts_rank(ts_mean(close,21)/close,63)-0.5,sector)","{""instrumentType"": ""EQUITY"", ""region"": ""USA"", ""universe"": ""TOP3000"", ""delay"": 1, ""decay"": 6, ""neutralization"": ""MARKET"", ""truncation"": 0.06, ""pasteurization"": ""ON"", ""unitHandling"": ""VERIFY"", ""nanHandling"": ""ON"", ""language"": ""FASTEXPR"", ""visualization"": false}",0,d21a12ebc1ba01e853bde512b56306b36267f9b93060c91e509843cd18c80a97,"group_neutralize(sub(ts_rank(div(ts_mean(close,#),close),#),#),sector)","group_neutralize(sub(ts_rank(div(ts_mean(FIELD,#),FIELD),#),#),sector)",2026-08-01T14:17:15.543358+00:00
arch_pv_slow:primary,arch_pv_slow,proven,5.65,"group_neutralize(ts_decay_linear(zscore(vwap/close),63),market)","{""instrumentType"": ""EQUITY"", ""region"": ""USA"", ""universe"": ""TOP3000"", ""delay"": 1, ""decay"": 6, ""neutralization"": ""MARKET"", ""truncation"": 0.06, ""pasteurization"": ""ON"", ""unitHandling"": ""VERIFY"", ""nanHandling"": ""ON"", ""language"": ""FASTEXPR"", ""visualization"": false}",0,712e1e60f0cfcdeab30f211ace897a97592917c7196076a2f87ffc8759290183,"group_neutralize(ts_decay_linear(div(vwap,close),#),market)","group_neutralize(ts_decay_linear(div(FIELD,FIELD),#),market)",2026-08-01T14:17:15.543358+00:00
arch_ts_rank:primary,arch_ts_rank,proven,5.65,"group_neutralize(ts_rank(anl10_roeff_2323/cap,126)-0.5,industry)","{""instrumentType"": ""EQUITY"", ""region"": ""USA"", ""universe"": ""TOP3000"", ""delay"": 1, ""decay"": 6, ""neutralization"": ""MARKET"", ""truncation"": 0.05, ""pasteurization"": ""ON"", ""unitHandling"": ""VERIFY"", ""nanHandling"": ""ON"", ""language"": ""FASTEXPR"", ""visualization"": false}",0,f1e4750ea4cf8f04d6ec478c2db74cac5c1b7b2631d4300150d091419e96162c,"group_neutralize(sub(ts_rank(div(anl10_roeff_2323,cap),#),#),industry)","group_neutralize(sub(ts_rank(div(FIELD,FIELD),#),#),industry)",2026-08-01T14:17:15.543358+00:00
arch_ts_rank:primary,arch_ts_rank,proven,5.65,"group_neutralize(ts_rank(anl10_smartest_roe_ff/cap,126)-0.5,market)","{""instrumentType"": ""EQUITY"", ""region"": ""USA"", ""universe"": ""TOP3000"", ""delay"": 1, ""decay"": 6, ""neutralization"": ""MARKET"", ""truncation"": 0.05, ""pasteurization"": ""ON"", ""unitHandling"": ""VERIFY"", ""nanHandling"": ""ON"", ""language"": ""FASTEXPR"", ""visualization"": false}",0,9a4b1dee6fa8dd651b4c9eb69c07ff82e2f708a22f84625439556f1e8cb50443,"group_neutralize(sub(ts_rank(div(anl10_smartest_roe_ff,cap),#),#),market)","group_neutralize(sub(ts_rank(div(FIELD,FIELD),#),#),market)",2026-08-01T14:17:15.543358+00:00
arch_ts_rank:primary,arch_ts_rank,proven,5.65,"group_neutralize(ts_rank(anl10_smartest_roa_ff/cap,126)-0.5,sector)","{""instrumentType"": ""EQUITY"", ""region"": ""USA"", ""universe"": ""TOP3000"", ""delay"": 1, ""decay"": 6, ""neutralization"": ""MARKET"", ""truncation"": 0.05, ""pasteurization"": ""ON"", ""unitHandling"": ""VERIFY"", ""nanHandling"": ""ON"", ""language"": ""FASTEXPR"", ""visualization"": false}",0,f099a49d055bf7889a1fe59917b2659bd652629c53f24669986224231afb277b,"group_neutralize(sub(ts_rank(div(anl10_smartest_roa_ff,cap),#),#),sector)","group_neutralize(sub(ts_rank(div(FIELD,FIELD),#),#),sector)",2026-08-01T14:17:15.543358+00:00
arch_pv_slow:primary,arch_pv_slow,proven,5.6000000000000005,"group_neutralize(ts_rank(ts_mean(close,21)/close,63)-0.5,industry)","{""instrumentType"": ""EQUITY"", ""region"": ""USA"", ""universe"": ""TOP3000"", ""delay"": 1, ""decay"": 6, ""neutralization"": ""MARKET"", ""truncation"": 0.06, ""pasteurization"": ""ON"", ""unitHandling"": ""VERIFY"", ""nanHandling"": ""ON"", ""language"": ""FASTEXPR"", ""visualization"": false}",0,2fae46a1ec23e3ee13da5dc4efb042370938d1ee549a00cb7b16b13582aaa2e3,"group_neutralize(sub(ts_rank(div(ts_mean(close,#),close),#),#),industry)","group_neutralize(sub(ts_rank(div(ts_mean(FIELD,#),FIELD),#),#),industry)",2026-08-01T14:17:15.543358+00:00
arch_pv_slow:primary,arch_pv_slow,proven,5.550000000000001,"group_neutralize(ts_decay_linear(zscore(vwap/close),63),sector)","{""instrumentType"": ""EQUITY"", ""region"": ""USA"", ""universe"": ""TOP3000"", ""delay"": 1, ""decay"": 6, ""neutralization"": ""MARKET"", ""truncation"": 0.06, ""pasteurization"": ""ON"", ""unitHandling"": ""VERIFY"", ""nanHandling"": ""ON"", ""language"": ""FASTEXPR"", ""visualization"": false}",0,fcb9db5fd09f361ea3e255a5480b8e5c89abf37d8c77d9e3bc09c9ba08d224f4,"group_neutralize(ts_decay_linear(div(vwap,close),#),sector)","group_neutralize(ts_decay_linear(div(FIELD,FIELD),#),sector)",2026-08-01T14:17:15.543358+00:00
arch_pv_slow:primary,arch_pv_slow,proven,5.5,"group_neutralize(ts_rank(vwap/close,252)-0.5,industry)","{""instrumentType"": ""EQUITY"", ""region"": ""USA"", ""universe"": ""TOP3000"", ""delay"": 1, ""decay"": 6, ""neutralization"": ""MARKET"", ""truncation"": 0.06, ""pasteurization"": ""ON"", ""unitHandling"": ""VERIFY"", ""nanHandling"": ""ON"", ""language"": ""FASTEXPR"", ""visualization"": false}",0,a8a00e83a2f6e81d35dfed5db9003e7020efc8a7f7cb382a9502ef63363c95a8,"group_neutralize(sub(ts_rank(div(vwap,close),#),#),industry)","group_neutralize(sub(ts_rank(div(FIELD,FIELD),#),#),industry)",2026-08-01T14:17:15.543358+00:00
arch_pv_slow:primary,arch_pv_slow,proven,5.450000000000001,"group_neutralize(ts_decay_linear(zscore(vwap/close),63),industry)","{""instrumentType"": ""EQUITY"", ""region"": ""USA"", ""universe"": ""TOP3000"", ""delay"": 1, ""decay"": 6, ""neutralization"": ""MARKET"", ""truncation"": 0.06, ""pasteurization"": ""ON"", ""unitHandling"": ""VERIFY"", ""nanHandling"": ""ON"", ""language"": ""FASTEXPR"", ""visualization"": false}",0,a53d8d1366cc3c37863bb82467ae1dcdccbb8e4193a9ec8c475e3614da57fda6,"group_neutralize(ts_decay_linear(div(vwap,close),#),industry)","group_neutralize(ts_decay_linear(div(FIELD,FIELD),#),industry)",2026-08-01T14:17:15.543358+00:00
arch_ts_rank:primary,arch_ts_rank,proven,5.4,"group_neutralize(ts_rank(anl10_roeff_2323/cap,63)-0.5,industry)","{""instrumentType"": ""EQUITY"", ""region"": ""USA"", ""universe"": ""TOP3000"", ""delay"": 1, ""decay"": 6, ""neutralization"": ""MARKET"", ""truncation"": 0.05, ""pasteurization"": ""ON"", ""unitHandling"": ""VERIFY"", ""nanHandling"": ""ON"", ""language"": ""FASTEXPR"", ""visualization"": false}",0,786f61539c152c7f74c2e0243a85e2fa88f78b4a736d1c6c21a14269d9c3386e,"group_neutralize(sub(ts_rank(div(anl10_roeff_2323,cap),#),#),industry)","group_neutralize(sub(ts_rank(div(FIELD,FIELD),#),#),industry)",2026-08-01T14:17:15.543358+00:00
arch_ts_rank:primary,arch_ts_rank,proven,5.4,"group_neutralize(ts_rank(anl10_smartest_roe_ff/cap,63)-0.5,market)","{""instrumentType"": ""EQUITY"", ""region"": ""USA"", ""universe"": ""TOP3000"", ""delay"": 1, ""decay"": 6, ""neutralization"": ""MARKET"", ""truncation"": 0.05, ""pasteurization"": ""ON"", ""unitHandling"": ""VERIFY"", ""nanHandling"": ""ON"", ""language"": ""FASTEXPR"", ""visualization"": false}",0,10593237b967910b207d5b13423f1eae777cea54707abffb5cb84f77e807b9bf,"group_neutralize(sub(ts_rank(div(anl10_smartest_roe_ff,cap),#),#),market)","group_neutralize(sub(ts_rank(div(FIELD,FIELD),#),#),market)",2026-08-01T14:17:15.543358+00:00
arch_ts_rank:primary,arch_ts_rank,proven,5.4,"group_neutralize(ts_rank(anl10_smartest_roa_ff/cap,63)-0.5,sector)","{""instrumentType"": ""EQUITY"", ""region"": ""USA"", ""universe"": ""TOP3000"", ""delay"": 1, ""decay"": 6, ""neutralization"": ""MARKET"", ""truncation"": 0.05, ""pasteurization"": ""ON"", ""unitHandling"": ""VERIFY"", ""nanHandling"": ""ON"", ""language"": ""FASTEXPR"", ""visualization"": false}",0,5e7ddb6d0bb649f2ad04a7dac7b6c9c047dba89128324c1f37f0bc17c737db61,"group_neutralize(sub(ts_rank(div(anl10_smartest_roa_ff,cap),#),#),sector)","group_neutralize(sub(ts_rank(div(FIELD,FIELD),#),#),sector)",2026-08-01T14:17:15.543358+00:00
arch_pv_slow:primary,arch_pv_slow,proven,5.3500000000000005,"group_neutralize(ts_rank(vwap/close,126)-0.5,sector)","{""instrumentType"": ""EQUITY"", ""region"": ""USA"", ""universe"": ""TOP3000"", ""delay"": 1, ""decay"": 6, ""neutralization"": ""MARKET"", ""truncation"": 0.06, ""pasteurization"": ""ON"", ""unitHandling"": ""VERIFY"", ""nanHandling"": ""ON"", ""language"": ""FASTEXPR"", ""visualization"": false}",0,edbb7a1d436fbf9fd3eb7b14ff43b3500af3baf49aac7c91b95701325da879e8,"group_neutralize(sub(ts_rank(div(vwap,close),#),#),sector)","group_neutralize(sub(ts_rank(div(FIELD,FIELD),#),#),sector)",2026-08-01T14:17:15.543358+00:00
arch_analyst_ts:primary,arch_analyst_ts,proven,5.35,"group_neutralize(ts_rank(industry_18mo_marketcap_percent,126)-0.5,industry)","{""instrumentType"": ""EQUITY"", ""region"": ""USA"", ""universe"": ""TOP3000"", ""delay"": 1, ""decay"": 4, ""neutralization"": ""MARKET"", ""truncation"": 0.06, ""pasteurization"": ""ON"", ""unitHandling"": ""VERIFY"", ""nanHandling"": ""ON"", ""language"": ""FASTEXPR"", ""visualization"": false}",0,a86fed42e054423fed16c729986fef2c2dc92b9682341c29d842156c8f18681f,"group_neutralize(sub(ts_rank(industry_18mo_marketcap_percent,#),#),industry)","group_neutralize(sub(ts_rank(FIELD,#),#),industry)",2026-08-01T14:17:15.543358+00:00
arch_analyst_ts:primary,arch_analyst_ts,proven,5.35,"group_neutralize(ts_rank(governance_pillar_composite_score,126)-0.5,sector)","{""instrumentType"": ""EQUITY"", ""region"": ""USA"", ""universe"": ""TOP3000"", ""delay"": 1, ""decay"": 4, ""neutralization"": ""MARKET"", ""truncation"": 0.06, ""pasteurization"": ""ON"", ""unitHandling"": ""VERIFY"", ""nanHandling"": ""ON"", ""language"": ""FASTEXPR"", ""visualization"": false}",0,8e3216d7a81ac194d4dc43902acb6411f761172f1f74e4f3bd00235a6038f2bb,"group_neutralize(sub(ts_rank(governance_pillar_composite_score,#),#),sector)","group_neutralize(sub(ts_rank(FIELD,#),#),sector)",2026-08-01T14:17:15.543358+00:00
arch_analyst_ts:primary,arch_analyst_ts,proven,5.35,"group_neutralize(ts_rank(management_ethics_standards_score,126)-0.5,sector)","{""instrumentType"": ""EQUITY"", ""region"": ""USA"", ""universe"": ""TOP3000"", ""delay"": 1, ""decay"": 4, ""neutralization"": ""MARKET"", ""truncation"": 0.06, ""pasteurization"": ""ON"", ""unitHandling"": ""VERIFY"", ""nanHandling"": ""ON"", ""language"": ""FASTEXPR"", ""visualization"": false}",0,088e53f61f12111c41f9c403a7fe7e9e2568486039b7d37c8d60cde9ef88c641,"group_neutralize(sub(ts_rank(management_ethics_standards_score,#),#),sector)","group_neutralize(sub(ts_rank(FIELD,#),#),sector)",2026-08-01T14:17:15.543358+00:00
arch_analyst_ts:primary,arch_analyst_ts,proven,5.35,"group_neutralize(ts_rank(workplace_diversity_labor_rights_score,126)-0.5,market)","{""instrumentType"": ""EQUITY"", ""region"": ""USA"", ""universe"": ""TOP3000"", ""delay"": 1, ""decay"": 4, ""neutralization"": ""MARKET"", ""truncation"": 0.06, ""pasteurization"": ""ON"", ""unitHandling"": ""VERIFY"", ""nanHandling"": ""ON"", ""language"": ""FASTEXPR"", ""visualization"": false}",0,3e562ad26ce0ff89ca96113b5b546376233de1662c5681a3e9389294e0f9dda4,"group_neutralize(sub(ts_rank(workplace_diversity_labor_rights_score,#),#),market)","group_neutralize(sub(ts_rank(FIELD,#),#),market)",2026-08-01T14:17:15.543358+00:00
arch_analyst_ts:primary,arch_analyst_ts,proven,5.35,"group_neutralize(ts_rank(group_longterm_growth_marketcap_percent,126)-0.5,market)","{""instrumentType"": ""EQUITY"", ""region"": ""USA"", ""universe"": ""TOP3000"", ""delay"": 1, ""decay"": 4, ""neutralization"": ""MARKET"", ""truncation"": 0.06, ""pasteurization"": ""ON"", ""unitHandling"": ""VERIFY"", ""nanHandling"": ""ON"", ""language"": ""FASTEXPR"", ""visualization"": false}",0,168ac06cf04ad56e1eab77633f325917bceab9c31256b5eda088e1e6cd48b272,"group_neutralize(sub(ts_rank(group_longterm_growth_marketcap_percent,#),#),market)","group_neutralize(sub(ts_rank(FIELD,#),#),market)",2026-08-01T14:17:15.543358+00:00
arch_analyst_ts:primary,arch_analyst_ts,proven,5.35,"group_neutralize(ts_rank(sector_longterm_growth_marketcap_percent,126)-0.5,industry)","{""instrumentType"": ""EQUITY"", ""region"": ""USA"", ""universe"": ""TOP3000"", ""delay"": 1, ""decay"": 4, ""neutralization"": ""MARKET"", ""truncation"": 0.06, ""pasteurization"": ""ON"", ""unitHandling"": ""VERIFY"", ""nanHandling"": ""ON"", ""language"": ""FASTEXPR"", ""visualization"": false}",0,80a9f7b5a3c323385f83a21ce52b19c197a7c8e4929e3f65a3382c35effbce66,"group_neutralize(sub(ts_rank(sector_longterm_growth_marketcap_percent,#),#),industry)","group_neutralize(sub(ts_rank(FIELD,#),#),industry)",2026-08-01T14:17:15.543358+00:00
arch_pv_slow:primary,arch_pv_slow,proven,5.25,"group_neutralize(ts_rank(vwap/close,126)-0.5,industry)","{""instrumentType"": ""EQUITY"", ""region"": ""USA"", ""universe"": ""TOP3000"", ""delay"": 1, ""decay"": 6, ""neutralization"": ""MARKET"", ""truncation"": 0.06, ""pasteurization"": ""ON"", ""unitHandling"": ""VERIFY"", ""nanHandling"": ""ON"", ""language"": ""FASTEXPR"", ""visualization"": false}",0,281f38536f8521503a99de5cb1ce4e5272f382652dedd361b5df5f3156f53b80,"group_neutralize(sub(ts_rank(div(vwap,close),#),#),industry)","group_neutralize(sub(ts_rank(div(FIELD,FIELD),#),#),industry)",2026-08-01T14:17:15.543358+00:00
arch_pv_slow:primary,arch_pv_slow,proven,5.2,"group_neutralize(ts_rank(vwap/close,63)-0.5,market)","{""instrumentType"": ""EQUITY"", ""region"": ""USA"", ""universe"": ""TOP3000"", ""delay"": 1, ""decay"": 6, ""neutralization"": ""MARKET"", ""truncation"": 0.06, ""pasteurization"": ""ON"", ""unitHandling"": ""VERIFY"", ""nanHandling"": ""ON"", ""language"": ""FASTEXPR"", ""visualization"": false}",0,f37e6e8689a061763ad938cd99757f5c68197d3106c6bcb928788af3ad5d85b9,"group_neutralize(sub(ts_rank(div(vwap,close),#),#),market)","group_neutralize(sub(ts_rank(div(FIELD,FIELD),#),#),market)",2026-08-01T14:17:15.543358+00:00
arch_pv_slow:primary,arch_pv_slow,proven,5.1000000000000005,"group_neutralize(ts_rank(vwap/close,63)-0.5,sector)","{""instrumentType"": ""EQUITY"", ""region"": ""USA"", ""universe"": ""TOP3000"", ""delay"": 1, ""decay"": 6, ""neutralization"": ""MARKET"", ""truncation"": 0.06, ""pasteurization"": ""ON"", ""unitHandling"": ""VERIFY"", ""nanHandling"": ""ON"", ""language"": ""FASTEXPR"", ""visualization"": false}",0,44e41839a4ecec575629086542910e6971bfb2105b14838f71d33d1a5659c6a3,"group_neutralize(sub(ts_rank(div(vwap,close),#),#),sector)","group_neutralize(sub(ts_rank(div(FIELD,FIELD),#),#),sector)",2026-08-01T14:17:15.543358+00:00
arch_vwap_dev:primary,arch_vwap_dev,proven,5.050000000000001,"group_neutralize(ts_rank((vwap-close)/close,126)-0.5,market)","{""instrumentType"": ""EQUITY"", ""region"": ""USA"", ""universe"": ""TOP3000"", ""delay"": 1, ""decay"": 6, ""neutralization"": ""MARKET"", ""truncation"": 0.06, ""pasteurization"": ""ON"", ""unitHandling"": ""VERIFY"", ""nanHandling"": ""ON"", ""language"": ""FASTEXPR"", ""visualization"": false}",0,a76055be75fc57a7ab19b97acff1df989461d93d423bedad827381028c57cf60,"group_neutralize(sub(ts_rank(div(sub(vwap,close),close),#),#),market)","group_neutralize(sub(ts_rank(div(sub(FIELD,FIELD),FIELD),#),#),market)",2026-08-01T14:17:15.543358+00:00
arch_vwap_dev:primary,arch_vwap_dev,proven,5.050000000000001,"group_neutralize(ts_rank((vwap-close)/close,126)-0.5,sector)","{""instrumentType"": ""EQUITY"", ""region"": ""USA"", ""universe"": ""TOP3000"", ""delay"": 1, ""decay"": 6, ""neutralization"": ""MARKET"", ""truncation"": 0.06, ""pasteurization"": ""ON"", ""unitHandling"": ""VERIFY"", ""nanHandling"": ""ON"", ""language"": ""FASTEXPR"", ""visualization"": false}",0,7d73d557274caf917de1181a2a62e2e2f20a498b6bbaa701d59eff6ac52a00de,"group_neutralize(sub(ts_rank(div(sub(vwap,close),close),#),#),sector)","group_neutralize(sub(ts_rank(div(sub(FIELD,FIELD),FIELD),#),#),sector)",2026-08-01T14:17:15.543358+00:00
arch_pv_slow:primary,arch_pv_slow,proven,5.0,"group_neutralize(ts_rank(vwap/close,63)-0.5,industry)","{""instrumentType"": ""EQUITY"", ""region"": ""USA"", ""universe"": ""TOP3000"", ""delay"": 1, ""decay"": 6, ""neutralization"": ""MARKET"", ""truncation"": 0.06, ""pasteurization"": ""ON"", ""unitHandling"": ""VERIFY"", ""nanHandling"": ""ON"", ""language"": ""FASTEXPR"", ""visualization"": false}",0,702040d12a0cc8ce64c5b3112605dd29d6cd960caf579d09e4ee6edc6f4bae22,"group_neutralize(sub(ts_rank(div(vwap,close),#),#),industry)","group_neutralize(sub(ts_rank(div(FIELD,FIELD),#),#),industry)",2026-08-01T14:17:15.543358+00:00
arch_vwap_dev:primary,arch_vwap_dev,proven,4.9,"group_neutralize(ts_rank((vwap-close)/close,63)-0.5,market)","{""instrumentType"": ""EQUITY"", ""region"": ""USA"", ""universe"": ""TOP3000"", ""delay"": 1, ""decay"": 6, ""neutralization"": ""MARKET"", ""truncation"": 0.06, ""pasteurization"": ""ON"", ""unitHandling"": ""VERIFY"", ""nanHandling"": ""ON"", ""language"": ""FASTEXPR"", ""visualization"": false}",0,01ab475af26c9c7794dd2de49c4c8013fe16c90e453a67d3b41fa49e5d9db031,"group_neutralize(sub(ts_rank(div(sub(vwap,close),close),#),#),market)","group_neutralize(sub(ts_rank(div(sub(FIELD,FIELD),FIELD),#),#),market)",2026-08-01T14:17:15.543358+00:00
arch_vwap_dev:primary,arch_vwap_dev,proven,4.9,"group_neutralize(ts_rank((vwap-close)/close,63)-0.5,sector)","{""instrumentType"": ""EQUITY"", ""region"": ""USA"", ""universe"": ""TOP3000"", ""delay"": 1, ""decay"": 6, ""neutralization"": ""MARKET"", ""truncation"": 0.06, ""pasteurization"": ""ON"", ""unitHandling"": ""VERIFY"", ""nanHandling"": ""ON"", ""language"": ""FASTEXPR"", ""visualization"": false}",0,20bd7ea022de2aaf235a6a3be46b784549faa344cd0732df59fcdec5357c544e,"group_neutralize(sub(ts_rank(div(sub(vwap,close),close),#),#),sector)","group_neutralize(sub(ts_rank(div(sub(FIELD,FIELD),FIELD),#),#),sector)",2026-08-01T14:17:15.543358+00:00
arch_vwap_dev:primary,arch_vwap_dev,proven,4.85,"group_neutralize(ts_rank((vwap-close)/close,126)-0.5,industry)","{""instrumentType"": ""EQUITY"", ""region"": ""USA"", ""universe"": ""TOP3000"", ""delay"": 1, ""decay"": 6, ""neutralization"": ""MARKET"", ""truncation"": 0.06, ""pasteurization"": ""ON"", ""unitHandling"": ""VERIFY"", ""nanHandling"": ""ON"", ""language"": ""FASTEXPR"", ""visualization"": false}",0,fcff35d7913f10f525a401a4ed788d7aa9ff39ebca2efde694d1c746020db70b,"group_neutralize(sub(ts_rank(div(sub(vwap,close),close),#),#),industry)","group_neutralize(sub(ts_rank(div(sub(FIELD,FIELD),FIELD),#),#),industry)",2026-08-01T14:17:15.543358+00:00
arch_vwap_dev:primary,arch_vwap_dev,proven,4.7,"group_neutralize(ts_rank((vwap-close)/close,63)-0.5,industry)","{""instrumentType"": ""EQUITY"", ""region"": ""USA"", ""universe"": ""TOP3000"", ""delay"": 1, ""decay"": 6, ""neutralization"": ""MARKET"", ""truncation"": 0.06, ""pasteurization"": ""ON"", ""unitHandling"": ""VERIFY"", ""nanHandling"": ""ON"", ""language"": ""FASTEXPR"", ""visualization"": false}",0,f0a3189a57cfb5f91982cfb42c0bc156df8143911e262b7767bee49e6522c17c,"group_neutralize(sub(ts_rank(div(sub(vwap,close),close),#),#),industry)","group_neutralize(sub(ts_rank(div(sub(FIELD,FIELD),FIELD),#),#),industry)",2026-08-01T14:17:15.543358+00:00
arch_hybrid_z_liq:primary,arch_hybrid_z_liq,proven,11.35,"group_neutralize(ts_zscore(anl14_numofests_ebitda_fy5/cap,126)*rank(ts_mean(volume,63)/adv20),market)","{""instrumentType"": ""EQUITY"", ""region"": ""USA"", ""universe"": ""TOP3000"", ""delay"": 1, ""decay"": 4, ""neutralization"": ""MARKET"", ""truncation"": 0.05, ""pasteurization"": ""ON"", ""unitHandling"": ""VERIFY"", ""nanHandling"": ""ON"", ""language"": ""FASTEXPR"", ""visualization"": false}",0,637ffd4a20b93def5f78944ed37f7b83cf9cd67d1029a0efb06c6e301e54a8c2,"group_neutralize(mul(div(ts_mean(volume,#),adv20),ts_zscore(div(anl14_numofests_ebitda_fy5,cap),#)),market)","group_neutralize(mul(div(ts_mean(FIELD,#),FIELD),ts_zscore(div(FIELD,FIELD),#)),market)",2026-08-01T14:19:56.020167+00:00
arch_hybrid_z_liq:primary,arch_hybrid_z_liq,proven,11.35,"group_neutralize(ts_zscore(anl14_numofests_ebitda_fy4/cap,126)*rank(ts_mean(volume,63)/adv20),market)","{""instrumentType"": ""EQUITY"", ""region"": ""USA"", ""universe"": ""TOP3000"", ""delay"": 1, ""decay"": 4, ""neutralization"": ""MARKET"", ""truncation"": 0.05, ""pasteurization"": ""ON"", ""unitHandling"": ""VERIFY"", ""nanHandling"": ""ON"", ""language"": ""FASTEXPR"", ""visualization"": false}",0,6628a7523877624f59b09d49cefa694b09a9d82f387288cc4a56da74051942dd,"group_neutralize(mul(div(ts_mean(volume,#),adv20),ts_zscore(div(anl14_numofests_ebitda_fy4,cap),#)),market)","group_neutralize(mul(div(ts_mean(FIELD,#),FIELD),ts_zscore(div(FIELD,FIELD),#)),market)",2026-08-01T14:19:56.020167+00:00
arch_hybrid_z_liq:primary,arch_hybrid_z_liq,proven,11.35,"group_neutralize(ts_zscore(anl14_numofests_ebitda_fp5/cap,126)*rank(ts_mean(volume,63)/adv20),sector)","{""instrumentType"": ""EQUITY"", ""region"": ""USA"", ""universe"": ""TOP3000"", ""delay"": 1, ""decay"": 4, ""neutralization"": ""MARKET"", ""truncation"": 0.05, ""pasteurization"": ""ON"", ""unitHandling"": ""VERIFY"", ""nanHandling"": ""ON"", ""language"": ""FASTEXPR"", ""visualization"": false}",0,9a6fc370919ed528ac146d66cd55a753da568c8ae99e1ebadb650d2ad8dc992d,"group_neutralize(mul(div(ts_mean(volume,#),adv20),ts_zscore(div(anl14_numofests_ebitda_fp5,cap),#)),sector)","group_neutralize(mul(div(ts_mean(FIELD,#),FIELD),ts_zscore(div(FIELD,FIELD),#)),sector)",2026-08-01T14:19:56.020167+00:00
arch_hybrid_z_liq:primary,arch_hybrid_z_liq,proven,11.35,"group_neutralize(ts_zscore(anl14_actvalue_ebitda_fy0/cap,126)*rank(ts_mean(volume,63)/adv20),industry)","{""instrumentType"": ""EQUITY"", ""region"": ""USA"", ""universe"": ""TOP3000"", ""delay"": 1, ""decay"": 4, ""neutralization"": ""MARKET"", ""truncation"": 0.05, ""pasteurization"": ""ON"", ""unitHandling"": ""VERIFY"", ""nanHandling"": ""ON"", ""language"": ""FASTEXPR"", ""visualization"": false}",0,dec49676a970ff5a838120f7383118d31536ff310db7b3a678aa72a13cced903,"group_neutralize(mul(div(ts_mean(volume,#),adv20),ts_zscore(div(anl14_actvalue_ebitda_fy0,cap),#)),industry)","group_neutralize(mul(div(ts_mean(FIELD,#),FIELD),ts_zscore(div(FIELD,FIELD),#)),industry)",2026-08-01T14:19:56.020167+00:00
arch_hybrid_z_liq:primary,arch_hybrid_z_liq,proven,11.35,"group_neutralize(ts_zscore(anl14_actvalue_ebitda_fp0/cap,126)*rank(ts_mean(volume,63)/adv20),industry)","{""instrumentType"": ""EQUITY"", ""region"": ""USA"", ""universe"": ""TOP3000"", ""delay"": 1, ""decay"": 4, ""neutralization"": ""MARKET"", ""truncation"": 0.05, ""pasteurization"": ""ON"", ""unitHandling"": ""VERIFY"", ""nanHandling"": ""ON"", ""language"": ""FASTEXPR"", ""visualization"": false}",0,587622d7a694ba6dac46b9670359db3952f73f2f6a2e26ebad23a15a16ee17c1,"group_neutralize(mul(div(ts_mean(volume,#),adv20),ts_zscore(div(anl14_actvalue_ebitda_fp0,cap),#)),industry)","group_neutralize(mul(div(ts_mean(FIELD,#),FIELD),ts_zscore(div(FIELD,FIELD),#)),industry)",2026-08-01T14:19:56.020167+00:00
arch_hybrid_z_liq:primary,arch_hybrid_z_liq,proven,11.35,"group_neutralize(ts_zscore(anl14_numofests_ebitda_fy3/cap,126)*rank(ts_mean(volume,63)/adv20),industry)","{""instrumentType"": ""EQUITY"", ""region"": ""USA"", ""universe"": ""TOP3000"", ""delay"": 1, ""decay"": 4, ""neutralization"": ""MARKET"", ""truncation"": 0.05, ""pasteurization"": ""ON"", ""unitHandling"": ""VERIFY"", ""nanHandling"": ""ON"", ""language"": ""FASTEXPR"", ""visualization"": false}",0,a586542bdbef7158e5fe89d1cee8c4670b3154c49f179274b5c174a83ae51245,"group_neutralize(mul(div(ts_mean(volume,#),adv20),ts_zscore(div(anl14_numofests_ebitda_fy3,cap),#)),industry)","group_neutralize(mul(div(ts_mean(FIELD,#),FIELD),ts_zscore(div(FIELD,FIELD),#)),industry)",2026-08-01T14:19:56.020167+00:00
arch_level_liquid:primary,arch_level_liquid,proven,9.850000000000001,"group_neutralize(ts_zscore(anl10_analyst_innovation_eps_revise_value_fy1/cap,252)*rank(ts_mean(volume,126)/adv20),sector)","{""instrumentType"": ""EQUITY"", ""region"": ""USA"", ""universe"": ""TOP3000"", ""delay"": 1, ""decay"": 4, ""neutralization"": ""MARKET"", ""truncation"": 0.05, ""pasteurization"": ""ON"", ""unitHandling"": ""VERIFY"", ""nanHandling"": ""ON"", ""language"": ""FASTEXPR"", ""visualization"": false}",0,89a523817da2ea338e0a7a22d1c53cf174f25ce4b386bfbefa80f7a0839f462e,"group_neutralize(mul(div(ts_mean(volume,#),adv20),ts_zscore(div(anl10_analyst_innovation_eps_revise_value_fy1,cap),#)),sector)","group_neutralize(mul(div(ts_mean(FIELD,#),FIELD),ts_zscore(div(FIELD,FIELD),#)),sector)",2026-08-01T14:19:56.020167+00:00
arch_level_liquid:primary,arch_level_liquid,proven,9.850000000000001,"group_neutralize(ts_zscore(anl10_analyst_innovation_eps_normal_increase_fy1/cap,252)*rank(ts_mean(volume,126)/adv20),market)","{""instrumentType"": ""EQUITY"", ""region"": ""USA"", ""universe"": ""TOP3000"", ""delay"": 1, ""decay"": 4, ""neutralization"": ""MARKET"", ""truncation"": 0.05, ""pasteurization"": ""ON"", ""unitHandling"": ""VERIFY"", ""nanHandling"": ""ON"", ""language"": ""FASTEXPR"", ""visualization"": false}",0,f87d985866d3eb3a4392063799b4e01fc43f5a299e9ae9b14cd318479d7f4b71,"group_neutralize(mul(div(ts_mean(volume,#),adv20),ts_zscore(div(anl10_analyst_innovation_eps_normal_increase_fy1,cap),#)),market)","group_neutralize(mul(div(ts_mean(FIELD,#),FIELD),ts_zscore(div(FIELD,FIELD),#)),market)",2026-08-01T14:19:56.020167+00:00
arch_level_liquid:primary,arch_level_liquid,proven,9.7,"group_neutralize(ts_zscore(anl10_analyst_innovation_eps_revise_value_fy1/cap,126)*rank(ts_mean(volume,126)/adv20),sector)","{""instrumentType"": ""EQUITY"", ""region"": ""USA"", ""universe"": ""TOP3000"", ""delay"": 1, ""decay"": 4, ""neutralization"": ""MARKET"", ""truncation"": 0.05, ""pasteurization"": ""ON"", ""unitHandling"": ""VERIFY"", ""nanHandling"": ""ON"", ""language"": ""FASTEXPR"", ""visualization"": false}",0,ee7007e486f4e33bc919627b5b09e83881f23e7aaeb9170bd5ccdf07e46e7157,"group_neutralize(mul(div(ts_mean(volume,#),adv20),ts_zscore(div(anl10_analyst_innovation_eps_revise_value_fy1,cap),#)),sector)","group_neutralize(mul(div(ts_mean(FIELD,#),FIELD),ts_zscore(div(FIELD,FIELD),#)),sector)",2026-08-01T14:19:56.020167+00:00
arch_level_liquid:primary,arch_level_liquid,proven,9.7,"group_neutralize(ts_zscore(anl10_analyst_innovation_eps_normal_increase_fy1/cap,252)*rank(ts_mean(volume,63)/adv20),market)","{""instrumentType"": ""EQUITY"", ""region"": ""USA"", ""universe"": ""TOP3000"", ""delay"": 1, ""decay"": 4, ""neutralization"": ""MARKET"", ""truncation"": 0.05, ""pasteurization"": ""ON"", ""unitHandling"": ""VERIFY"", ""nanHandling"": ""ON"", ""language"": ""FASTEXPR"", ""visualization"": false}",0,45587dca97575615c04031803743606196610e9bd202e4b689c4e701a391d46f,"group_neutralize(mul(div(ts_mean(volume,#),adv20),ts_zscore(div(anl10_analyst_innovation_eps_normal_increase_fy1,cap),#)),market)","group_neutralize(mul(div(ts_mean(FIELD,#),FIELD),ts_zscore(div(FIELD,FIELD),#)),market)",2026-08-01T14:19:56.020167+00:00
arch_level_liquid:primary,arch_level_liquid,proven,9.7,"group_neutralize(ts_zscore(anl10_analyst_innovation_eps_normal_increase_fy1/cap,126)*rank(ts_mean(volume,126)/adv20),market)","{""instrumentType"": ""EQUITY"", ""region"": ""USA"", ""universe"": ""TOP3000"", ""delay"": 1, ""decay"": 4, ""neutralization"": ""MARKET"", ""truncation"": 0.05, ""pasteurization"": ""ON"", ""unitHandling"": ""VERIFY"", ""nanHandling"": ""ON"", ""language"": ""FASTEXPR"", ""visualization"": false}",0,acbe2abbc0df758f95cfc616216156ff810ebce006fa0d3493340ff1a14ea8b9,"group_neutralize(mul(div(ts_mean(volume,#),adv20),ts_zscore(div(anl10_analyst_innovation_eps_normal_increase_fy1,cap),#)),market)","group_neutralize(mul(div(ts_mean(FIELD,#),FIELD),ts_zscore(div(FIELD,FIELD),#)),market)",2026-08-01T14:19:56.020167+00:00
arch_level_liquid:primary,arch_level_liquid,proven,9.55,"group_neutralize(ts_zscore(anl10_analyst_innovation_eps_normal_increase_fy1/cap,126)*rank(ts_mean(volume,63)/adv20),market)","{""instrumentType"": ""EQUITY"", ""region"": ""USA"", ""universe"": ""TOP3000"", ""delay"": 1, ""decay"": 4, ""neutralization"": ""MARKET"", ""truncation"": 0.05, ""pasteurization"": ""ON"", ""unitHandling"": ""VERIFY"", ""nanHandling"": ""ON"", ""language"": ""FASTEXPR"", ""visualization"": false}",0,938a42b3f659acd4a80567d1ca586959b5fc0a6c80348b5b70add6cd6b513e4b,"group_neutralize(mul(div(ts_mean(volume,#),adv20),ts_zscore(div(anl10_analyst_innovation_eps_normal_increase_fy1,cap),#)),market)","group_neutralize(mul(div(ts_mean(FIELD,#),FIELD),ts_zscore(div(FIELD,FIELD),#)),market)",2026-08-01T14:19:56.020167+00:00
arch_hybrid_z_pv:primary,arch_hybrid_z_pv,proven,7.65,"group_neutralize(ts_zscore(anl10_analyst_innovation_eps_revise_ratio_to_close_fy2/cap,126)+(ts_rank(vwap/close,126)-0.5)*0.3,industry)","{""instrumentType"": ""EQUITY"", ""region"": ""USA"", ""universe"": ""TOP3000"", ""delay"": 1, ""decay"": 4, ""neutralization"": ""MARKET"", ""truncation"": 0.05, ""pasteurization"": ""ON"", ""unitHandling"": ""VERIFY"", ""nanHandling"": ""ON"", ""language"": ""FASTEXPR"", ""visualization"": false}",0,a7ad5b450bc0108822a963a4e36df2f388d284274acd16e85d6c06ed753339b1,"group_neutralize(add(mul(#,sub(ts_rank(div(vwap,close),#),#)),ts_zscore(div(anl10_analyst_innovation_eps_revise_ratio_to_close_fy2,cap),#)),industry)","group_neutralize(add(mul(#,sub(ts_rank(div(FIELD,FIELD),#),#)),ts_zscore(div(FIELD,FIELD),#)),industry)",2026-08-01T14:19:56.020167+00:00
arch_hybrid_z_pv:primary,arch_hybrid_z_pv,proven,7.65,"group_neutralize(ts_zscore(anl10_analyst_innovation_eps_revise_ratio_to_close_fq1/cap,126)+(ts_rank(vwap/close,126)-0.5)*0.3,industry)","{""instrumentType"": ""EQUITY"", ""region"": ""USA"", ""universe"": ""TOP3000"", ""delay"": 1, ""decay"": 4, ""neutralization"": ""MARKET"", ""truncation"": 0.05, ""pasteurization"": ""ON"", ""unitHandling"": ""VERIFY"", ""nanHandling"": ""ON"", ""language"": ""FASTEXPR"", ""visualization"": false}",0,816a2ac103984822b4041b40b3aecbdb46bb97bc3b601f932247646cbcc90bfb,"group_neutralize(add(mul(#,sub(ts_rank(div(vwap,close),#),#)),ts_zscore(div(anl10_analyst_innovation_eps_revise_ratio_to_close_fq1,cap),#)),industry)","group_neutralize(add(mul(#,sub(ts_rank(div(FIELD,FIELD),#),#)),ts_zscore(div(FIELD,FIELD),#)),industry)",2026-08-01T14:19:56.020167+00:00
arch_hybrid_z_pv:primary,arch_hybrid_z_pv,proven,7.65,"group_neutralize(ts_zscore(anl10_analyst_innovation_eps_revise_ratio_to_consensus_fy1/cap,126)+(ts_rank(vwap/close,126)-0.5)*0.3,market)","{""instrumentType"": ""EQUITY"", ""region"": ""USA"", ""universe"": ""TOP3000"", ""delay"": 1, ""decay"": 4, ""neutralization"": ""MARKET"", ""truncation"": 0.05, ""pasteurization"": ""ON"", ""unitHandling"": ""VERIFY"", ""nanHandling"": ""ON"", ""language"": ""FASTEXPR"", ""visualization"": false}",0,f533de51e162d558aca0498eae0f738c58c3abff16ca7018a8996e2568a39a07,"group_neutralize(add(mul(#,sub(ts_rank(div(vwap,close),#),#)),ts_zscore(div(anl10_analyst_innovation_eps_revise_ratio_to_consensus_fy1,cap),#)),market)","group_neutralize(add(mul(#,sub(ts_rank(div(FIELD,FIELD),#),#)),ts_zscore(div(FIELD,FIELD),#)),market)",2026-08-01T14:19:56.020167+00:00
arch_hybrid_z_pv:primary,arch_hybrid_z_pv,proven,7.65,"group_neutralize(ts_zscore(anl10_analyst_innovation_eps_revise_ratio_to_consensus_fy2/cap,126)+(ts_rank(vwap/close,126)-0.5)*0.3,market)","{""instrumentType"": ""EQUITY"", ""region"": ""USA"", ""universe"": ""TOP3000"", ""delay"": 1, ""decay"": 4, ""neutralization"": ""MARKET"", ""truncation"": 0.05, ""pasteurization"": ""ON"", ""unitHandling"": ""VERIFY"", ""nanHandling"": ""ON"", ""language"": ""FASTEXPR"", ""visualization"": false}",0,7f7426ac3846fe3bf475f272a31feb0bd4d827cda8a3edc1d4722e4edc8ba566,"group_neutralize(add(mul(#,sub(ts_rank(div(vwap,close),#),#)),ts_zscore(div(anl10_analyst_innovation_eps_revise_ratio_to_consensus_fy2,cap),#)),market)","group_neutralize(add(mul(#,sub(ts_rank(div(FIELD,FIELD),#),#)),ts_zscore(div(FIELD,FIELD),#)),market)",2026-08-01T14:19:56.020167+00:00
arch_hybrid_z_pv:primary,arch_hybrid_z_pv,proven,7.65,"group_neutralize(ts_zscore(anl10_analyst_innovation_eps_revise_ratio_to_consensus_fq1/cap,126)+(ts_rank(vwap/close,126)-0.5)*0.3,market)","{""instrumentType"": ""EQUITY"", ""region"": ""USA"", ""universe"": ""TOP3000"", ""delay"": 1, ""decay"": 4, ""neutralization"": ""MARKET"", ""truncation"": 0.05, ""pasteurization"": ""ON"", ""unitHandling"": ""VERIFY"", ""nanHandling"": ""ON"", ""language"": ""FASTEXPR"", ""visualization"": false}",0,2b9d466d271cf06301110bdbfef6086559826ca6955be598c2de763bcf76959d,"group_neutralize(add(mul(#,sub(ts_rank(div(vwap,close),#),#)),ts_zscore(div(anl10_analyst_innovation_eps_revise_ratio_to_consensus_fq1,cap),#)),market)","group_neutralize(add(mul(#,sub(ts_rank(div(FIELD,FIELD),#),#)),ts_zscore(div(FIELD,FIELD),#)),market)",2026-08-01T14:19:56.020167+00:00
arch_hybrid_z_pv:primary,arch_hybrid_z_pv,proven,7.65,"group_neutralize(ts_zscore(anl10_analyst_innovation_eps_revise_ratio_to_consensus_fq2/cap,126)+(ts_rank(vwap/close,126)-0.5)*0.3,market)","{""instrumentType"": ""EQUITY"", ""region"": ""USA"", ""universe"": ""TOP3000"", ""delay"": 1, ""decay"": 4, ""neutralization"": ""MARKET"", ""truncation"": 0.05, ""pasteurization"": ""ON"", ""unitHandling"": ""VERIFY"", ""nanHandling"": ""ON"", ""language"": ""FASTEXPR"", ""visualization"": false}",0,29bde519069a35efa23baf236039b42f038ec823518d2e19771ac388e1475c84,"group_neutralize(add(mul(#,sub(ts_rank(div(vwap,close),#),#)),ts_zscore(div(anl10_analyst_innovation_eps_revise_ratio_to_consensus_fq2,cap),#)),market)","group_neutralize(add(mul(#,sub(ts_rank(div(FIELD,FIELD),#),#)),ts_zscore(div(FIELD,FIELD),#)),market)",2026-08-01T14:19:56.020167+00:00
arch_hybrid_delta_pv:primary,arch_hybrid_delta_pv,proven,6.8,"(group_rank(ts_delta(anl14_numofests_ebitda_fy5,252)/cap,market)-0.5)*0.7+(ts_rank(vwap/close,126)-0.5)*0.3","{""instrumentType"": ""EQUITY"", ""region"": ""USA"", ""universe"": ""TOP3000"", ""delay"": 1, ""decay"": 4, ""neutralization"": ""MARKET"", ""truncation"": 0.05, ""pasteurization"": ""ON"", ""unitHandling"": ""VERIFY"", ""nanHandling"": ""ON"", ""language"": ""FASTEXPR"", ""visualization"": false}",0,49caa4118e904fbdb7569220ec3fad5b4d81dc43972f5d39b7e641c5f362f8d0,"add(mul(#,sub(group_rank(div(ts_delta(anl14_numofests_ebitda_fy5,#),cap),market),#)),mul(#,sub(ts_rank(div(vwap,close),#),#)))","add(mul(#,sub(group_rank(div(ts_delta(FIELD,#),FIELD),market),#)),mul(#,sub(ts_rank(div(FIELD,FIELD),#),#)))",2026-08-01T14:19:56.020167+00:00
arch_hybrid_delta_pv:primary,arch_hybrid_delta_pv,proven,6.8,"(group_rank(ts_delta(anl14_numofests_ebitda_fy4,252)/cap,market)-0.5)*0.7+(ts_rank(vwap/close,126)-0.5)*0.3","{""instrumentType"": ""EQUITY"", ""region"": ""USA"", ""universe"": ""TOP3000"", ""delay"": 1, ""decay"": 4, ""neutralization"": ""MARKET"", ""truncation"": 0.05, ""pasteurization"": ""ON"", ""unitHandling"": ""VERIFY"", ""nanHandling"": ""ON"", ""language"": ""FASTEXPR"", ""visualization"": false}",0,fdb4171f597d6ba950567173da9a519253ffa74b5942ff2f866ddfabb72062ef,"add(mul(#,sub(group_rank(div(ts_delta(anl14_numofests_ebitda_fy4,#),cap),market),#)),mul(#,sub(ts_rank(div(vwap,close),#),#)))","add(mul(#,sub(group_rank(div(ts_delta(FIELD,#),FIELD),market),#)),mul(#,sub(ts_rank(div(FIELD,FIELD),#),#)))",2026-08-01T14:19:56.020167+00:00
arch_hybrid_delta_pv:primary,arch_hybrid_delta_pv,proven,6.8,"(group_rank(ts_delta(anl14_numofests_ebitda_fp5,252)/cap,market)-0.5)*0.7+(ts_rank(vwap/close,126)-0.5)*0.3","{""instrumentType"": ""EQUITY"", ""region"": ""USA"", ""universe"": ""TOP3000"", ""delay"": 1, ""decay"": 4, ""neutralization"": ""MARKET"", ""truncation"": 0.05, ""pasteurization"": ""ON"", ""unitHandling"": ""VERIFY"", ""nanHandling"": ""ON"", ""language"": ""FASTEXPR"", ""visualization"": false}",0,89d87984ce0fd11c846444bfc4165c8ebe2bb94055a1b27ceeed49635faeb002,"add(mul(#,sub(group_rank(div(ts_delta(anl14_numofests_ebitda_fp5,#),cap),market),#)),mul(#,sub(ts_rank(div(vwap,close),#),#)))","add(mul(#,sub(group_rank(div(ts_delta(FIELD,#),FIELD),market),#)),mul(#,sub(ts_rank(div(FIELD,FIELD),#),#)))",2026-08-01T14:19:56.020167+00:00
arch_hybrid_delta_pv:primary,arch_hybrid_delta_pv,proven,6.8,"(group_rank(ts_delta(anl14_numofests_ebitda_fp2,252)/cap,market)-0.5)*0.7+(ts_rank(vwap/close,126)-0.5)*0.3","{""instrumentType"": ""EQUITY"", ""region"": ""USA"", ""universe"": ""TOP3000"", ""delay"": 1, ""decay"": 4, ""neutralization"": ""MARKET"", ""truncation"": 0.05, ""pasteurization"": ""ON"", ""unitHandling"": ""VERIFY"", ""nanHandling"": ""ON"", ""language"": ""FASTEXPR"", ""visualization"": false}",0,1eac02190940d1b2e743b7be374ccf8f411db4dd49b111e4d380904b918077a3,"add(mul(#,sub(group_rank(div(ts_delta(anl14_numofests_ebitda_fp2,#),cap),market),#)),mul(#,sub(ts_rank(div(vwap,close),#),#)))","add(mul(#,sub(group_rank(div(ts_delta(FIELD,#),FIELD),market),#)),mul(#,sub(ts_rank(div(FIELD,FIELD),#),#)))",2026-08-01T14:19:56.020167+00:00
arch_hybrid_delta_pv:primary,arch_hybrid_delta_pv,proven,6.8,"(group_rank(ts_delta(anl14_numofests_ebitda_fy3,252)/cap,market)-0.5)*0.7+(ts_rank(vwap/close,126)-0.5)*0.3","{""instrumentType"": ""EQUITY"", ""region"": ""USA"", ""universe"": ""TOP3000"", ""delay"": 1, ""decay"": 4, ""neutralization"": ""MARKET"", ""truncation"": 0.05, ""pasteurization"": ""ON"", ""unitHandling"": ""VERIFY"", ""nanHandling"": ""ON"", ""language"": ""FASTEXPR"", ""visualization"": false}",0,a41becf2f15bcc893032d3774f13bcf62dc743f32221e49da390acd8251a3fed,"add(mul(#,sub(group_rank(div(ts_delta(anl14_numofests_ebitda_fy3,#),cap),market),#)),mul(#,sub(ts_rank(div(vwap,close),#),#)))","add(mul(#,sub(group_rank(div(ts_delta(FIELD,#),FIELD),market),#)),mul(#,sub(ts_rank(div(FIELD,FIELD),#),#)))",2026-08-01T14:19:56.020167+00:00
arch_hybrid_delta_pv:primary,arch_hybrid_delta_pv,proven,6.8,"(group_rank(ts_delta(anl14_numofests_ebitda_fp4,252)/cap,industry)-0.5)*0.7+(ts_rank(vwap/close,126)-0.5)*0.3","{""instrumentType"": ""EQUITY"", ""region"": ""USA"", ""universe"": ""TOP3000"", ""delay"": 1, ""decay"": 4, ""neutralization"": ""MARKET"", ""truncation"": 0.05, ""pasteurization"": ""ON"", ""unitHandling"": ""VERIFY"", ""nanHandling"": ""ON"", ""language"": ""FASTEXPR"", ""visualization"": false}",0,3bf8076b95591d1f6c5c60be28cf8211b71c9181645bbdbb8a41c971518ab6a0,"add(mul(#,sub(group_rank(div(ts_delta(anl14_numofests_ebitda_fp4,#),cap),industry),#)),mul(#,sub(ts_rank(div(vwap,close),#),#)))","add(mul(#,sub(group_rank(div(ts_delta(FIELD,#),FIELD),industry),#)),mul(#,sub(ts_rank(div(FIELD,FIELD),#),#)))",2026-08-01T14:19:56.020167+00:00
arch_analyst_delta:primary,arch_analyst_delta,proven,5.75,"group_neutralize(rank(ts_delta(industry_18mo_marketcap_percent,63)),industry)","{""instrumentType"": ""EQUITY"", ""region"": ""USA"", ""universe"": ""TOP3000"", ""delay"": 1, ""decay"": 4, ""neutralization"": ""MARKET"", ""truncation"": 0.06, ""pasteurization"": ""ON"", ""unitHandling"": ""VERIFY"", ""nanHandling"": ""ON"", ""language"": ""FASTEXPR"", ""visualization"": false}",0,b60c94ef216bed544033585c48a5352eba29375c56001af3bf608a4d7a146fe3,"group_neutralize(ts_delta(industry_18mo_marketcap_percent,#),industry)","group_neutralize(ts_delta(FIELD,#),industry)",2026-08-01T14:19:56.020167+00:00
arch_analyst_delta:primary,arch_analyst_delta,proven,5.75,"group_neutralize(rank(ts_delta(governance_pillar_composite_score,63)),sector)","{""instrumentType"": ""EQUITY"", ""region"": ""USA"", ""universe"": ""TOP3000"", ""delay"": 1, ""decay"": 4, ""neutralization"": ""MARKET"", ""truncation"": 0.06, ""pasteurization"": ""ON"", ""unitHandling"": ""VERIFY"", ""nanHandling"": ""ON"", ""language"": ""FASTEXPR"", ""visualization"": false}",0,c0f367ebd62da68941e497354d27d9a4e00bc74aca0c082badaf0e7d1f91ee15,"group_neutralize(ts_delta(governance_pillar_composite_score,#),sector)","group_neutralize(ts_delta(FIELD,#),sector)",2026-08-01T14:19:56.020167+00:00
arch_analyst_delta:primary,arch_analyst_delta,proven,5.75,"group_neutralize(rank(ts_delta(management_ethics_standards_score,63)),sector)","{""instrumentType"": ""EQUITY"", ""region"": ""USA"", ""universe"": ""TOP3000"", ""delay"": 1, ""decay"": 4, ""neutralization"": ""MARKET"", ""truncation"": 0.06, ""pasteurization"": ""ON"", ""unitHandling"": ""VERIFY"", ""nanHandling"": ""ON"", ""language"": ""FASTEXPR"", ""visualization"": false}",0,ba46c2428c359d94819bb3cee97290c260f224f1441a96671327eaea783b7c23,"group_neutralize(ts_delta(management_ethics_standards_score,#),sector)","group_neutralize(ts_delta(FIELD,#),sector)",2026-08-01T14:19:56.020167+00:00
arch_analyst_delta:primary,arch_analyst_delta,proven,5.75,"group_neutralize(rank(ts_delta(workplace_diversity_labor_rights_score,63)),market)","{""instrumentType"": ""EQUITY"", ""region"": ""USA"", ""universe"": ""TOP3000"", ""delay"": 1, ""decay"": 4, ""neutralization"": ""MARKET"", ""truncation"": 0.06, ""pasteurization"": ""ON"", ""unitHandling"": ""VERIFY"", ""nanHandling"": ""ON"", ""language"": ""FASTEXPR"", ""visualization"": false}",0,811be40519c8ac0dbea6e28e7a8e232cf8c50a71cac5dac81f439b25d8fbe842,"group_neutralize(ts_delta(workplace_diversity_labor_rights_score,#),market)","group_neutralize(ts_delta(FIELD,#),market)",2026-08-01T14:19:56.020167+00:00
arch_analyst_delta:primary,arch_analyst_delta,proven,5.75,"group_neutralize(rank(ts_delta(group_longterm_growth_marketcap_percent,63)),market)","{""instrumentType"": ""EQUITY"", ""region"": ""USA"", ""universe"": ""TOP3000"", ""delay"": 1, ""decay"": 4, ""neutralization"": ""MARKET"", ""truncation"": 0.06, ""pasteurization"": ""ON"", ""unitHandling"": ""VERIFY"", ""nanHandling"": ""ON"", ""language"": ""FASTEXPR"", ""visualization"": false}",0,d7ecc8b3919a022063fcf647c07a30d6ed189ad8f65d1fe352ecbe40efb2517c,"group_neutralize(ts_delta(group_longterm_growth_marketcap_percent,#),market)","group_neutralize(ts_delta(FIELD,#),market)",2026-08-01T14:19:56.020167+00:00
arch_analyst_delta:primary,arch_analyst_delta,proven,5.75,"group_neutralize(rank(ts_delta(sector_longterm_growth_marketcap_percent,63)),industry)","{""instrumentType"": ""EQUITY"", ""region"": ""USA"", ""universe"": ""TOP3000"", ""delay"": 1, ""decay"": 4, ""neutralization"": ""MARKET"", ""truncation"": 0.06, ""pasteurization"": ""ON"", ""unitHandling"": ""VERIFY"", ""nanHandling"": ""ON"", ""language"": ""FASTEXPR"", ""visualization"": false}",0,a3ab91eeac66b54fdd9bd82b21028d3b5a6334796cfb3d3e2be80f762b656073,"group_neutralize(ts_delta(sector_longterm_growth_marketcap_percent,#),industry)","group_neutralize(ts_delta(FIELD,#),industry)",2026-08-01T14:19:56.020167+00:00
candidate_67c35bba7549dc79d54f4f63,capital_efficiency,hyp_51de9c84a4b0454db1e00db48ace6998,profitability,fundamental,medium_horizon_momentum,"Higher asset turnover indicates more efficient use of capital to generate sales, leading to higher operating profit per unit of invested capital.",analyst14,"rank(ts_rank(anl14_high_ebitda_fp1,10))",f00073216cd5cc067972ab1f6cc85443ba97415a7083dd43fbe8f271aff8b152,"ts_rank(anl14_high_ebitda_fp1,#)","ts_rank(FIELD,#)",2026-08-02T00:58:05.056605+00:00
candidate_856a45e0c119f89b672417bd,capital_efficiency,hyp_51de9c84a4b0454db1e00db48ace6998,profitability,fundamental,historical_surprise,"Higher asset turnover indicates more efficient use of capital to generate sales, leading to higher operating profit per unit of invested capital.",analyst14,"rank(ts_zscore(anl14_median_ebitda_fp1,5))",fe8181eb1e4b34218d9cb9ab84962898db9f0c1eb0889b3e90c9a2b84a71cf7a,"ts_zscore(anl14_median_ebitda_fp1,#)","ts_zscore(FIELD,#)",2026-08-02T00:58:05.056605+00:00
candidate_47952c3539edd21e57d7ba3f,capital_efficiency,hyp_51de9c84a4b0454db1e00db48ace6998,profitability,fundamental,change_to_acceleration,"Higher asset turnover indicates more efficient use of capital to generate sales, leading to higher operating profit per unit of invested capital.",analyst14,"rank(ts_delta(ts_delta(anl14_high_ebitda_fp1,10),20))",877de12f6f586cca96e0ceef4dc5601ebde31decb1bd5b0693c0dd59e4ed242a,"ts_delta(ts_delta(anl14_high_ebitda_fp1,#),#)","ts_delta(ts_delta(FIELD,#),#)",2026-08-02T00:58:05.056605+00:00
candidate_2cd9c9fe1503c8fba30aa088,capital_efficiency,hyp_51de9c84a4b0454db1e00db48ace6998,profitability,fundamental,normalized_level,"Higher asset turnover indicates more efficient use of capital to generate sales, leading to higher operating profit per unit of invested capital.",analyst14,"rank(anl14_stddev_ebitda_fp1/ts_mean(anl14_stddev_ebitda_fp1,10))",b971cb6ce132f896c8aeae393f238fe04426e5b377d53c74d50485a075bbdb8c,"div(anl14_stddev_ebitda_fp1,ts_mean(anl14_stddev_ebitda_fp1,#))","div(FIELD,ts_mean(FIELD,#))",2026-08-02T00:58:05.056605+00:00
candidate_789ef5721e2bc236a0f907bc,capital_efficiency,hyp_51de9c84a4b0454db1e00db48ace6998,profitability,fundamental,short_horizon_reversal,"Higher asset turnover indicates more efficient use of capital to generate sales, leading to higher operating profit per unit of invested capital.",analyst14,"-rank(ts_delta(anl14_median_ebitda_fp1,20))",20d9f37d951566bac90fbb8fbb592d5ff1f7d2993f48a7776e374e8706b9c184,"neg(ts_delta(anl14_median_ebitda_fp1,#))","neg(ts_delta(FIELD,#))",2026-08-02T00:58:05.056605+00:00
candidate_264461babe76b318101015f8,capital_efficiency,hyp_51de9c84a4b0454db1e00db48ace6998,profitability,fundamental,decayed_momentum,"Higher asset turnover indicates more efficient use of capital to generate sales, leading to higher operating profit per unit of invested capital.",analyst14,"rank(ts_decay_linear(ts_delta(anl14_stddev_ebitda_fp1,20),10))",009ae538ea770a6c10647e96d8e29d24a4ed1b4620d222ac058d01795bf9eb53,"ts_decay_linear(ts_delta(anl14_stddev_ebitda_fp1,#),#)","ts_decay_linear(ts_delta(FIELD,#),#)",2026-08-02T00:58:05.056605+00:00
candidate_373f72fd3612f124822b99cf,capital_efficiency,hyp_51de9c84a4b0454db1e00db48ace6998,profitability,fundamental,smoothed_delta,"Higher asset turnover indicates more efficient use of capital to generate sales, leading to higher operating profit per unit of invested capital.",analyst14,"rank(ts_mean(ts_delta(anl14_median_ebitda_fp1,1),20))",9e39a08265f5aae50545a5eb2a9065efe888f05ae82ae22b5933dea11bd0a6b9,"ts_mean(ts_delta(anl14_median_ebitda_fp1,#),#)","ts_mean(ts_delta(FIELD,#),#)",2026-08-02T00:58:05.056605+00:00
candidate_077f3b21f0ae3dd3ed5d5e9e,capital_efficiency,hyp_51de9c84a4b0454db1e00db48ace6998,profitability,fundamental,information_ratio,"Higher asset turnover indicates more efficient use of capital to generate sales, leading to higher operating profit per unit of invested capital.",analyst14,"rank(ts_ir(anl14_high_ebitda_fp1,10))",6ca7ecb249a024e181b25f9014cf67eba4ad2b96da6defc7a25602da4791e02b,"ts_ir(anl14_high_ebitda_fp1,#)","ts_ir(FIELD,#)",2026-08-02T00:58:05.056605+00:00
candidate_bb821afe2181a19e39757b3b,fundamental_improvement_price_confirmation,hyp_5106c83a7a954de196d11a2d150cbf3a,composite,momentum,cross_signal_divergence,"An increase in operating cash flow per share indicates improved cash generation efficiency, a fundamental improvement. A bullish RSI crossover from oversold levels suggests a short-term price reversal. The combination signals both financial health and recent positive momentum, leading to near-term outperformance.",analyst14,"rank(ts_zscore(close,10)-ts_zscore(anl14_actvalue_ebitda_fy0,10))",ba4e36c1683b068a29be466147ed920d9ff7da172c0e2e6a51c69b4a172b1106,"sub(ts_zscore(close,#),ts_zscore(anl14_actvalue_ebitda_fy0,#))","sub(ts_zscore(FIELD,#),ts_zscore(FIELD,#))",2026-08-02T00:58:05.056605+00:00
candidate_0d4905d70528754e2bbc6c79,fundamental_improvement_price_confirmation,hyp_5106c83a7a954de196d11a2d150cbf3a,composite,momentum,rank_spread_horizons,"An increase in operating cash flow per share indicates improved cash generation efficiency, a fundamental improvement. A bullish RSI crossover from oversold levels suggests a short-term price reversal. The combination signals both financial health and recent positive momentum, leading to near-term outperformance.",analyst14,"rank(ts_rank(anl14_actvalue_ebitda_fy0,5)-ts_rank(anl14_actvalue_ebitda_fy0,20))",4ea1a8264e8119b401583e632ff346309681bd5acc0ded06cda3980ffa1eb4cb,"sub(ts_rank(anl14_actvalue_ebitda_fy0,#),ts_rank(anl14_actvalue_ebitda_fy0,#))","sub(ts_rank(FIELD,#),ts_rank(FIELD,#))",2026-08-02T00:58:05.056605+00:00
candidate_d3cdbf5ee222a21db15a7c37,fundamental_improvement_price_confirmation,hyp_5106c83a7a954de196d11a2d150cbf3a,composite,momentum,volatility_regime,"An increase in operating cash flow per share indicates improved cash generation efficiency, a fundamental improvement. A bullish RSI crossover from oversold levels suggests a short-term price reversal. The combination signals both financial health and recent positive momentum, leading to near-term outperformance.",analyst14,"-rank(ts_std_dev(sharesout,10))",166f8ed1ba664dde5d1f071a12cc276b26eaba16bad7a34a9f61acebfb4ee2af,"neg(ts_std_dev(sharesout,#))","neg(ts_std_dev(FIELD,#))",2026-08-02T00:58:05.056605+00:00
candidate_dbb9ef62bb595fce87bff040,earnings_surprise_persistence,hyp_684296a49b684502aec92caceb5672bc,expectations,volatility,range_signal,"Earnings surprises that are not fully incorporated into prices due to industry-specific factors increase uncertainty, leading to higher future return volatility as investors reassess valuations.",analyst10,"rank(ts_max(anl10_salfq1_pred_surps_v0_985,63)-ts_min(anl10_salfq1_pred_surps_v0_985,63))",0a4b104d31bfdb779bb25c8555500e7781b533f66a88667e422cddafd713ebb3,"sub(ts_max(anl10_salfq1_pred_surps_v0_985,#),ts_min(anl10_salfq1_pred_surps_v0_985,#))","sub(ts_max(FIELD,#),ts_min(FIELD,#))",2026-08-02T00:58:05.056605+00:00
candidate_beb073c7d212811674cda4cb,earnings_surprise_persistence,hyp_684296a49b684502aec92caceb5672bc,expectations,volatility,relative_flow,"Earnings surprises that are not fully incorporated into prices due to industry-specific factors increase uncertainty, leading to higher future return volatility as investors reassess valuations.",analyst10,"rank(ts_mean(anl15_salgics_ind_18_m_mean,63)/ts_std_dev(anl15_salgics_ind_18_m_mean,21))",164c0fc819db6e4d31296f9dbded88f61e7f6ca0998b2d1ddbf5428d19a1c87f,"div(ts_mean(anl15_salgics_ind_18_m_mean,#),ts_std_dev(anl15_salgics_ind_18_m_mean,#))","div(ts_mean(FIELD,#),ts_std_dev(FIELD,#))",2026-08-02T00:58:05.056605+00:00
candidate_4ab647c03eb17937f4a1e62a,earnings_surprise_persistence,hyp_684296a49b684502aec92caceb5672bc,expectations,volatility,vol_ratio_regimes,"Earnings surprises that are not fully incorporated into prices due to industry-specific factors increase uncertainty, leading to higher future return volatility as investors reassess valuations.",analyst10,"rank(ts_std_dev(anl15_ind_fy1_cos_up,63)/ts_std_dev(anl15_ind_fy1_cos_up,126))",299a4901b80d9091e7e29f288291b1c6ab00bda8353dd605553e3bca44d1bac5,"div(ts_std_dev(anl15_ind_fy1_cos_up,#),ts_std_dev(anl15_ind_fy1_cos_up,#))","div(ts_std_dev(FIELD,#),ts_std_dev(FIELD,#))",2026-08-02T00:58:05.056605+00:00
candidate_2b5fbd3c027ff387bd183c73,earnings_surprise_persistence,hyp_99ced5fe2a7a4e3b881c049a86a9e4ce,expectations,momentum,decayed_momentum,"Institutional investors adjust their portfolio holdings based on earnings surprises to capture subsequent price momentum or to rebalance risk, leading to persistent ownership changes.",analyst10,"rank(ts_decay_linear(ts_delta(anl10_netfq1_pred_surps_v2_1053,21),63))",e4f6ccdb6d8f168d5301e9d67e826d2fb809d7d713938133f040f4dfbba1b21e,"ts_decay_linear(ts_delta(anl10_netfq1_pred_surps_v2_1053,#),#)","ts_decay_linear(ts_delta(FIELD,#),#)",2026-08-02T00:58:19.548430+00:00
candidate_dc6120083fee809356b24e42,earnings_surprise_persistence,hyp_99ced5fe2a7a4e3b881c049a86a9e4ce,expectations,momentum,short_horizon_reversal,"Institutional investors adjust their portfolio holdings based on earnings surprises to capture subsequent price momentum or to rebalance risk, leading to persistent ownership changes.",analyst10,"-rank(ts_delta(social_score_industry_percentile,21))",66cac847fd4e35c6823ab0429364b67c7c918fde05667f95bc9c48b97d7fbedb,"neg(ts_delta(social_score_industry_percentile,#))","neg(ts_delta(FIELD,#))",2026-08-02T00:58:19.548430+00:00
candidate_4313a612c82a8d765204ede6,earnings_surprise_persistence,hyp_99ced5fe2a7a4e3b881c049a86a9e4ce,expectations,momentum,medium_horizon_momentum,"Institutional investors adjust their portfolio holdings based on earnings surprises to capture subsequent price momentum or to rebalance risk, leading to persistent ownership changes.",analyst10,"rank(ts_rank(anl10_salfy1_pred_surps_v2_1006,63))",3e047f5c0b7a521d43b9aae719a59fe8bb543f95900c4f0e8e3a3665e1d06541,"ts_rank(anl10_salfy1_pred_surps_v2_1006,#)","ts_rank(FIELD,#)",2026-08-02T00:58:19.548430+00:00
candidate_e64234f9d3df50ba544a2b19,earnings_surprise_persistence,hyp_99ced5fe2a7a4e3b881c049a86a9e4ce,expectations,momentum,rank_spread_horizons,"Institutional investors adjust their portfolio holdings based on earnings surprises to capture subsequent price momentum or to rebalance risk, leading to persistent ownership changes.",analyst10,"rank(ts_rank(anl10_salfy1_pred_surps_v2_1006,21)-ts_rank(anl10_salfy1_pred_surps_v2_1006,126))",6ff3e7b8f06d0b5ff00aed40eff61d85f71ac8f88ac2985e1ea82deab2cc8eab,"sub(ts_rank(anl10_salfy1_pred_surps_v2_1006,#),ts_rank(anl10_salfy1_pred_surps_v2_1006,#))","sub(ts_rank(FIELD,#),ts_rank(FIELD,#))",2026-08-02T00:58:19.548430+00:00
candidate_4f9079445f1d945d5d1d4719,earnings_surprise_persistence,hyp_99ced5fe2a7a4e3b881c049a86a9e4ce,expectations,momentum,volatility_regime,"Institutional investors adjust their portfolio holdings based on earnings surprises to capture subsequent price momentum or to rebalance risk, leading to persistent ownership changes.",analyst10,"-rank(ts_std_dev(anl10_salfq1_pred_surps_v0_985,63))",8ba07b297b5398dab48645671fe6e2b8e0e4f8e40e9e9be49ea0897a189ed4cb,"neg(ts_std_dev(anl10_salfq1_pred_surps_v0_985,#))","neg(ts_std_dev(FIELD,#))",2026-08-02T00:58:19.548430+00:00
candidate_c4bbf6764af6e2eb8fbf507e,earnings_surprise_persistence,hyp_99ced5fe2a7a4e3b881c049a86a9e4ce,expectations,momentum,smoothed_delta,"Institutional investors adjust their portfolio holdings based on earnings surprises to capture subsequent price momentum or to rebalance risk, leading to persistent ownership changes.",analyst10,"rank(ts_mean(ts_delta(anl10_salfq1_pred_surps_v0_985,1),21))",52774ced157d24a548105360b536a11afe00c67d3c90499efa1babe56b3ed32d,"ts_mean(ts_delta(anl10_salfq1_pred_surps_v0_985,#),#)","ts_mean(ts_delta(FIELD,#),#)",2026-08-02T00:58:19.548430+00:00
candidate_dca434ffa10ce97d223e81e3,earnings_surprise_persistence,hyp_99ced5fe2a7a4e3b881c049a86a9e4ce,expectations,momentum,information_ratio,"Institutional investors adjust their portfolio holdings based on earnings surprises to capture subsequent price momentum or to rebalance risk, leading to persistent ownership changes.",analyst10,"rank(ts_ir(sector_fy2_marketcap_percent,63))",dd375976c5dfe5f99119929bef3691377f172d76ab09dfbc83ca829c1ee439d6,"ts_ir(sector_fy2_marketcap_percent,#)","ts_ir(FIELD,#)",2026-08-02T00:58:19.548430+00:00
candidate_823ac0f866164814a1343cbb,earnings_surprise_persistence,hyp_99ced5fe2a7a4e3b881c049a86a9e4ce,expectations,momentum,cross_signal_divergence,"Institutional investors adjust their portfolio holdings based on earnings surprises to capture subsequent price momentum or to rebalance risk, leading to persistent ownership changes.",analyst10,"rank(ts_zscore(social_pillar_composite_score,63)-ts_zscore(anl10_salfy1_pred_surps_v2_1006,63))",3454b94d9f9b72c6ba504bb2b40f0441bae8d656fb90074b0f9eafcefbb3ae9c,"sub(ts_zscore(social_pillar_composite_score,#),ts_zscore(anl10_salfy1_pred_surps_v2_1006,#))","sub(ts_zscore(FIELD,#),ts_zscore(FIELD,#))",2026-08-02T00:58:19.548430+00:00
candidate_e2d6f6599f8f215f536f358e,analyst_revision_direction,hyp_1fb876fb532b4280b8dd24ef2ebe9a0e,expectations,fundamental,normalized_level,"Analysts update their forecasts in response to new information; a preponderance of upward revisions signals improving fundamentals or positive sentiment, which is not fully incorporated into price immediately due to attention constraints, leading to gradual price adjustment.",analyst10,"rank(anl15_dpsgics_gr_fy1_ests_up/ts_mean(anl15_dpsgics_gr_fy1_ests_up,63))",97c90f81706be58db891a93bd8db6c3a78bd264f12aef0036ce3ee64ec8ac20c,"div(anl15_dpsgics_gr_fy1_ests_up,ts_mean(anl15_dpsgics_gr_fy1_ests_up,#))","div(FIELD,ts_mean(FIELD,#))",2026-08-02T00:58:19.548430+00:00
candidate_33d694de66fb04fda22e6b2b,analyst_revision_direction,hyp_1fb876fb532b4280b8dd24ef2ebe9a0e,expectations,fundamental,change_to_acceleration,"Analysts update their forecasts in response to new information; a preponderance of upward revisions signals improving fundamentals or positive sentiment, which is not fully incorporated into price immediately due to attention constraints, leading to gradual price adjustment.",analyst10,"rank(ts_delta(ts_delta(anl10_netrevise_ratio_to_consensus_fy1_2537,63),126))",65e3b92b856c88e1eaa3d1793befc9b3351baccacfc7152e57688365ef5d4003,"ts_delta(ts_delta(anl10_netrevise_ratio_to_consensus_fy1_2537,#),#)","ts_delta(ts_delta(FIELD,#),#)",2026-08-02T00:58:19.548430+00:00
candidate_cc1cc90759137dff3dd0f6b1,analyst_revision_direction,hyp_1fb876fb532b4280b8dd24ef2ebe9a0e,expectations,fundamental,historical_surprise,"Analysts update their forecasts in response to new information; a preponderance of upward revisions signals improving fundamentals or positive sentiment, which is not fully incorporated into price immediately due to attention constraints, leading to gradual price adjustment.",analyst10,"rank(ts_zscore(anl10_netrevise_ratio_to_consensus_fy2_2522,21))",66d45762c93638fb28d37c9e8e03ef16851f4d3ac02bdd3c24eb213b118b2d3d,"ts_zscore(anl10_netrevise_ratio_to_consensus_fy2_2522,#)","ts_zscore(FIELD,#)",2026-08-02T00:58:19.548430+00:00
candidate_564862dfe02dc706c5a8b464,asset_utilization,hyp_6f0b23201ecc4aa7a5357daf589388b2,efficiency,volatility,range_signal,"Higher ROA indicates more efficient use of assets to generate profits, which may signal operational stability and lower financial risk, leading to less volatile stock returns.",analyst10,"rank(ts_max(anl10_smartest_roa_ff,63)-ts_min(anl10_smartest_roa_ff,63))",9813806587d44c4c01cd429487047ee309da10707a6a8dea8f1df6bbef55f1e5,"sub(ts_max(anl10_smartest_roa_ff,#),ts_min(anl10_smartest_roa_ff,#))","sub(ts_max(FIELD,#),ts_min(FIELD,#))",2026-08-02T00:58:19.548430+00:00
candidate_a517f8b8903928756eaea77c,asset_utilization,hyp_6f0b23201ecc4aa7a5357daf589388b2,efficiency,volatility,relative_flow,"Higher ROA indicates more efficient use of assets to generate profits, which may signal operational stability and lower financial risk, leading to less volatile stock returns.",analyst10,"rank(ts_mean(dividend,63)/ts_std_dev(dividend,21))",9e31170e911a59a1d5f4afa5c4aef20d5d7e2d6676feebe037468b6486e1419a,"div(ts_mean(dividend,#),ts_std_dev(dividend,#))","div(ts_mean(FIELD,#),ts_std_dev(FIELD,#))",2026-08-02T00:58:19.548430+00:00
candidate_4bd014d2272eb49674341088,asset_utilization,hyp_6f0b23201ecc4aa7a5357daf589388b2,efficiency,volatility,vol_ratio_regimes,"Higher ROA indicates more efficient use of assets to generate profits, which may signal operational stability and lower financial risk, leading to less volatile stock returns.",analyst10,"rank(ts_std_dev(anl14_stddev_ebitda_fp1,63)/ts_std_dev(anl14_stddev_ebitda_fp1,126))",4d77d35c41f061f005249ae7b275744debb263fb86b6a26da74221dd13461907,"div(ts_std_dev(anl14_stddev_ebitda_fp1,#),ts_std_dev(anl14_stddev_ebitda_fp1,#))","div(ts_std_dev(FIELD,#),ts_std_dev(FIELD,#))",2026-08-02T00:58:19.548430+00:00
candidate_e2a94317de5cc586dee82979,short_horizon_price_reversal,hyp_2e93bccafc824ffc9992d0efebfb049e,mean_reversion,reversal,information_ratio,"Short-horizon reversal due to overreaction to intraday news or order flow, followed by mean reversion as initial price pressure dissipates.",pv1,"rank(ts_ir(open,20))",f3f10c597fe794352086bea7ee427bc76ce44900af19dba84c95c122e9ebbbf7,"ts_ir(open,#)","ts_ir(FIELD,#)",2026-08-02T00:58:33.450801+00:00
candidate_261681f43b84779baf1d70f3,short_horizon_price_reversal,hyp_2e93bccafc824ffc9992d0efebfb049e,mean_reversion,reversal,medium_horizon_momentum,"Short-horizon reversal due to overreaction to intraday news or order flow, followed by mean reversion as initial price pressure dissipates.",pv1,"rank(ts_rank(open,20))",959b58f5a5799280d27eb76037fc3dcf0c6bfd5ed4b143af672e7d3ca16a97d3,"ts_rank(open,#)","ts_rank(FIELD,#)",2026-08-02T00:58:33.450801+00:00
candidate_06f8ee5fa8bfd4deb62d6e9f,short_horizon_price_reversal,hyp_2e93bccafc824ffc9992d0efebfb049e,mean_reversion,reversal,smoothed_delta,"Short-horizon reversal due to overreaction to intraday news or order flow, followed by mean reversion as initial price pressure dissipates.",pv1,"rank(ts_mean(ts_delta(close,1),5))",94f9264c73e4459afd6df7acb6f74f420a27670db66c00056f466c25d1070354,"ts_mean(ts_delta(close,#),#)","ts_mean(ts_delta(FIELD,#),#)",2026-08-02T00:58:33.450801+00:00
candidate_90bb976e2e23d5a68cbf0492,short_horizon_price_reversal,hyp_2e93bccafc824ffc9992d0efebfb049e,mean_reversion,reversal,rank_spread_horizons,"Short-horizon reversal due to overreaction to intraday news or order flow, followed by mean reversion as initial price pressure dissipates.",pv1,"rank(ts_rank(returns,5)-ts_rank(returns,10))",757a821d29c22ed602d05c967d7ab765a7d7cfc04331a4c5d62622e4a2fde7e9,"sub(ts_rank(returns,#),ts_rank(returns,#))","sub(ts_rank(FIELD,#),ts_rank(FIELD,#))",2026-08-02T00:58:33.450801+00:00
candidate_0508a55ccd9978dc744e1a5d,short_horizon_price_reversal,hyp_2e93bccafc824ffc9992d0efebfb049e,mean_reversion,reversal,short_horizon_reversal,"Short-horizon reversal due to overreaction to intraday news or order flow, followed by mean reversion as initial price pressure dissipates.",pv1,"-rank(ts_delta(open,5))",59be11565350ee984b853f91a18c54dfcdaf35371c6b23d029637a9d8ca4b64b,"neg(ts_delta(open,#))","neg(ts_delta(FIELD,#))",2026-08-02T00:58:33.450801+00:00
candidate_e5181afc5ed91dcf625af5a6,short_horizon_price_reversal,hyp_2e93bccafc824ffc9992d0efebfb049e,mean_reversion,reversal,cross_signal_divergence,"Short-horizon reversal due to overreaction to intraday news or order flow, followed by mean reversion as initial price pressure dissipates.",pv1,"rank(ts_zscore(close,20)-ts_zscore(returns,20))",bc5b39646a07bd3bf78b31876785921031bed4775e33d34d68d3b94f0246ff64,"sub(ts_zscore(close,#),ts_zscore(returns,#))","sub(ts_zscore(FIELD,#),ts_zscore(FIELD,#))",2026-08-02T00:58:33.450801+00:00
candidate_71ad1953660102e34da5eae5,short_horizon_price_reversal,hyp_2e93bccafc824ffc9992d0efebfb049e,mean_reversion,reversal,decayed_momentum,"Short-horizon reversal due to overreaction to intraday news or order flow, followed by mean reversion as initial price pressure dissipates.",pv1,"rank(ts_decay_linear(ts_delta(returns,5),20))",691fab7fd2ed16bcfe21556ee2cc2f763a204911674bef99b2c6fef75971fbb1,"ts_decay_linear(ts_delta(returns,#),#)","ts_decay_linear(ts_delta(FIELD,#),#)",2026-08-02T00:58:33.450801+00:00
candidate_cd26615d50c2ee96582cf5e5,short_horizon_price_reversal,hyp_2e93bccafc824ffc9992d0efebfb049e,mean_reversion,reversal,volatility_regime,"Short-horizon reversal due to overreaction to intraday news or order flow, followed by mean reversion as initial price pressure dissipates.",pv1,"-rank(ts_std_dev(close,20))",3e013da5bae5363ac50d7f7dc5ac30ac0c71ab0cf984dabe2338cc668362e2f5,"neg(ts_std_dev(close,#))","neg(ts_std_dev(FIELD,#))",2026-08-02T00:58:33.450801+00:00
candidate_b5e93c63c2a5bdc4a7216ee8,quality_low_volatility,hyp_66d04bba2d7f42ada1c699d860bbdff5,composite,volatility,vol_ratio_regimes,"High asset turnover indicates efficient use of assets to generate revenue, while low financial leverage reduces bankruptcy risk, combining to form durable quality that, when paired with low realized volatility, identifies stocks with stable earnings and lower downside risk, leading to superior performance.",analyst14,"rank(ts_std_dev(anl14_stddev_ebitda_fy3,63)/ts_std_dev(anl14_stddev_ebitda_fy3,126))",96184086aca192dc0974fbe5db7b851eb14a03ad048796130120cc1c67141a05,"div(ts_std_dev(anl14_stddev_ebitda_fy3,#),ts_std_dev(anl14_stddev_ebitda_fy3,#))","div(ts_std_dev(FIELD,#),ts_std_dev(FIELD,#))",2026-08-02T00:58:33.450801+00:00
candidate_d6044af34b592dc97ba81103,quality_low_volatility,hyp_66d04bba2d7f42ada1c699d860bbdff5,composite,volatility,range_signal,"High asset turnover indicates efficient use of assets to generate revenue, while low financial leverage reduces bankruptcy risk, combining to form durable quality that, when paired with low realized volatility, identifies stocks with stable earnings and lower downside risk, leading to superior performance.",analyst14,"rank(ts_max(anl14_stddev_ebitda_fy4,63)-ts_min(anl14_stddev_ebitda_fy4,63))",6b3bd017af7886429c871ad69f8dd8c04fb44afb891246fca4ce67c3da926d2d,"sub(ts_max(anl14_stddev_ebitda_fy4,#),ts_min(anl14_stddev_ebitda_fy4,#))","sub(ts_max(FIELD,#),ts_min(FIELD,#))",2026-08-02T00:58:33.450801+00:00
candidate_fc5282d9a8c46e72153028f2,quality_low_volatility,hyp_66d04bba2d7f42ada1c699d860bbdff5,composite,volatility,relative_flow,"High asset turnover indicates efficient use of assets to generate revenue, while low financial leverage reduces bankruptcy risk, combining to form durable quality that, when paired with low realized volatility, identifies stocks with stable earnings and lower downside risk, leading to superior performance.",analyst14,"rank(ts_mean(anl14_stddev_ebitda_fy2,63)/ts_std_dev(anl14_stddev_ebitda_fy2,21))",1bd51e2c1506500d1f36614fba21e03a81de90fe3ce23ac06ada82011e7d99f3,"div(ts_mean(anl14_stddev_ebitda_fy2,#),ts_std_dev(anl14_stddev_ebitda_fy2,#))","div(ts_mean(FIELD,#),ts_std_dev(FIELD,#))",2026-08-02T00:58:33.450801+00:00
candidate_13cfcb2d5ed4a9237b0cac39,capital_efficiency,hyp_25ca0d0370bc436abd0c7eabbfbc5f71,profitability,fundamental,change_to_acceleration,Higher capital expenditure intensity may indicate aggressive expansion or asset-heavy strategies that temporarily depress capital efficiency until the new investments generate sufficient returns.,analyst14,"rank(ts_delta(ts_delta(anl14_stddev_capex_fy5,63),126))",2bb68f2ee26642df7ce04b20b1402b6890e01a41c59153b9a1fc0c98b56773d9,"ts_delta(ts_delta(anl14_stddev_capex_fy5,#),#)","ts_delta(ts_delta(FIELD,#),#)",2026-08-02T00:58:33.450801+00:00
candidate_287d1ddb2d3f15510175478f,capital_efficiency,hyp_25ca0d0370bc436abd0c7eabbfbc5f71,profitability,fundamental,normalized_level,Higher capital expenditure intensity may indicate aggressive expansion or asset-heavy strategies that temporarily depress capital efficiency until the new investments generate sufficient returns.,analyst14,"rank(anl14_mean_ebit_fy5/ts_mean(anl14_mean_ebit_fy5,63))",fbcde46c9538593f17306f3125962d67aa9fd73c8680d970bc74dab33c3e9a81,"div(anl14_mean_ebit_fy5,ts_mean(anl14_mean_ebit_fy5,#))","div(FIELD,ts_mean(FIELD,#))",2026-08-02T00:58:33.450801+00:00
candidate_c257a612e457508636f99a64,capital_efficiency,hyp_25ca0d0370bc436abd0c7eabbfbc5f71,profitability,fundamental,historical_surprise,Higher capital expenditure intensity may indicate aggressive expansion or asset-heavy strategies that temporarily depress capital efficiency until the new investments generate sufficient returns.,analyst14,"rank(ts_zscore(anl14_mean_capex_fy5,21))",b90e47d91fe3b3e900c18736211c6ef1179af748f63d582d71598561557d2f74,"ts_zscore(anl14_mean_capex_fy5,#)","ts_zscore(FIELD,#)",2026-08-02T00:58:33.450801+00:00
candidate_44c2696fccfa62f285590c86,analyst_revision_direction,hyp_0638c71610d94c088650e30f69215811,expectations,balanced,short_horizon_reversal,"A net increase in the breadth of upward revisions signals improving consensus among analysts about a stock's prospects, leading to positive investor sentiment and subsequent price appreciation as the market gradually incorporates this information.",analyst15,"-rank(ts_delta(anl15_salgics_gr_18_m_cos_up,21))",33c049b8b80cd644ec8e57456db898218087368da32bf7968caf859069c93cf9,"neg(ts_delta(anl15_salgics_gr_18_m_cos_up,#))","neg(ts_delta(FIELD,#))",2026-08-02T00:58:45.479607+00:00
candidate_bb0346c7a5151bb0c2514929,analyst_revision_direction,hyp_0638c71610d94c088650e30f69215811,expectations,balanced,cross_signal_divergence,"A net increase in the breadth of upward revisions signals improving consensus among analysts about a stock's prospects, leading to positive investor sentiment and subsequent price appreciation as the market gradually incorporates this information.",analyst15,"rank(ts_zscore(anl15_salgics_gr_cal_fy1_cos,63)-ts_zscore(anl15_salgics_gr_cal_fy2_total,63))",b46fc303ae7ee75fc6f363955e4b20d58e691e3ce6ff5810d24a54c04bb6cac7,"sub(ts_zscore(anl15_salgics_gr_cal_fy1_cos,#),ts_zscore(anl15_salgics_gr_cal_fy2_total,#))","sub(ts_zscore(FIELD,#),ts_zscore(FIELD,#))",2026-08-02T00:58:45.479607+00:00
candidate_2512c0d8de2edb7b1973d3a3,analyst_revision_direction,hyp_0638c71610d94c088650e30f69215811,expectations,balanced,information_ratio,"A net increase in the breadth of upward revisions signals improving consensus among analysts about a stock's prospects, leading to positive investor sentiment and subsequent price appreciation as the market gradually incorporates this information.",analyst15,"rank(ts_ir(anl15_salgics_gr_12_m_total,63))",d47f7e202cca9371e546cf428050e11ac835e2797256937f40ff01420977ac61,"ts_ir(anl15_salgics_gr_12_m_total,#)","ts_ir(FIELD,#)",2026-08-02T00:58:45.479607+00:00
candidate_d95ccd456f7bd3ecc65fc40c,analyst_revision_direction,hyp_0638c71610d94c088650e30f69215811,expectations,balanced,rank_spread_horizons,"A net increase in the breadth of upward revisions signals improving consensus among analysts about a stock's prospects, leading to positive investor sentiment and subsequent price appreciation as the market gradually incorporates this information.",analyst15,"rank(ts_rank(anl15_salgics_gr_cal_fy2_total,21)-ts_rank(anl15_salgics_gr_cal_fy2_total,126))",17d1c867a9907077675258bbe887b4dbdadfd6177ac71694bd65f1f7309c1fcf,"sub(ts_rank(anl15_salgics_gr_cal_fy2_total,#),ts_rank(anl15_salgics_gr_cal_fy2_total,#))","sub(ts_rank(FIELD,#),ts_rank(FIELD,#))",2026-08-02T00:58:45.479607+00:00
candidate_bf826de575b005a2af0131b0,analyst_revision_direction,hyp_0638c71610d94c088650e30f69215811,expectations,balanced,volatility_regime,"A net increase in the breadth of upward revisions signals improving consensus among analysts about a stock's prospects, leading to positive investor sentiment and subsequent price appreciation as the market gradually incorporates this information.",analyst15,"-rank(ts_std_dev(anl15_gr_fy2_cos_up,63))",0f85417df0f4e704de3f799a43392fc195e46c907bef73a4acd7b4e5b67e6d33,"neg(ts_std_dev(anl15_gr_fy2_cos_up,#))","neg(ts_std_dev(FIELD,#))",2026-08-02T00:58:45.479607+00:00
candidate_a7580a15477d76e3abc0157c,analyst_revision_direction,hyp_0638c71610d94c088650e30f69215811,expectations,balanced,decayed_momentum,"A net increase in the breadth of upward revisions signals improving consensus among analysts about a stock's prospects, leading to positive investor sentiment and subsequent price appreciation as the market gradually incorporates this information.",analyst15,"rank(ts_decay_linear(ts_delta(anl15_gr_cal_fy1_3m_chg,21),63))",c5689a9906c5f200335f6bec477ed3a25b6caa3ab7ee34e9029e8ee6277b5226,"ts_decay_linear(ts_delta(anl15_gr_cal_fy1_3m_chg,#),#)","ts_decay_linear(ts_delta(FIELD,#),#)",2026-08-02T00:58:45.479607+00:00
candidate_63b4f3731d0b825fe1ea42dd,analyst_revision_direction,hyp_0638c71610d94c088650e30f69215811,expectations,balanced,smoothed_delta,"A net increase in the breadth of upward revisions signals improving consensus among analysts about a stock's prospects, leading to positive investor sentiment and subsequent price appreciation as the market gradually incorporates this information.",analyst15,"rank(ts_mean(ts_delta(anl15_gr_fy2_ests_dn,1),21))",f63927199376fb99be28bd68e7ca114f3cc57012852c3b4b5fe26ab6a87246bc,"ts_mean(ts_delta(anl15_gr_fy2_ests_dn,#),#)","ts_mean(ts_delta(FIELD,#),#)",2026-08-02T00:58:45.479607+00:00
candidate_5b9cb52bb6ecc1270de0bb15,analyst_revision_direction,hyp_0638c71610d94c088650e30f69215811,expectations,balanced,medium_horizon_momentum,"A net increase in the breadth of upward revisions signals improving consensus among analysts about a stock's prospects, leading to positive investor sentiment and subsequent price appreciation as the market gradually incorporates this information.",analyst15,"rank(ts_rank(anl15_gr_fy2_cos_up,63))",d2b70d318a4955faf287e00cc98d9740d217e9afba818ff0d5af4027c74e22e4,"ts_rank(anl15_gr_fy2_cos_up,#)","ts_rank(FIELD,#)",2026-08-02T00:58:45.479607+00:00
candidate_7a3c7532d8b1c4546ae4c073,quality_low_volatility,hyp_ecd0fdcf524941a0af755d2ae597d809,composite,volatility,vol_ratio_regimes,"High-quality firms with low downside risk are less prone to financial distress and benefit from lower cost of capital, leading to superior long-term returns.",analyst14,"rank(ts_std_dev(returns,63)/ts_std_dev(returns,126))",3aff8118e7dee680f12ad26ed29362ccc8ec76e68e30e0621a32d856d08fc0f9,"div(ts_std_dev(returns,#),ts_std_dev(returns,#))","div(ts_std_dev(FIELD,#),ts_std_dev(FIELD,#))",2026-08-02T00:58:45.479607+00:00
candidate_297c25718ab8b6e05122739b,quality_low_volatility,hyp_ecd0fdcf524941a0af755d2ae597d809,composite,volatility,relative_flow,"High-quality firms with low downside risk are less prone to financial distress and benefit from lower cost of capital, leading to superior long-term returns.",analyst14,"rank(ts_mean(anl14_stddev_ebitda_fp1,63)/ts_std_dev(anl14_stddev_ebitda_fp1,21))",7e6eb2141bbe421d756a4edaa258981d4e60748695b416c62c4971fb977cc31c,"div(ts_mean(anl14_stddev_ebitda_fp1,#),ts_std_dev(anl14_stddev_ebitda_fp1,#))","div(ts_mean(FIELD,#),ts_std_dev(FIELD,#))",2026-08-02T00:58:45.479607+00:00
candidate_a4db62cb2281ea882a32f412,quality_low_volatility,hyp_ecd0fdcf524941a0af755d2ae597d809,composite,volatility,range_signal,"High-quality firms with low downside risk are less prone to financial distress and benefit from lower cost of capital, leading to superior long-term returns.",analyst14,"rank(ts_max(cap,63)-ts_min(cap,63))",1e827bc01ccf23349f35d9bd23073f00082c9c032398f8598cd065694e3fa5be,"sub(ts_max(cap,#),ts_min(cap,#))","sub(ts_max(FIELD,#),ts_min(FIELD,#))",2026-08-02T00:58:45.479607+00:00
candidate_8f75b6fe1f9b759e70e54042,intraday_momentum_industry_neutral,hyp_f4b5444e57c14889a844c421d96fb7a6,momentum,fundamental,historical_surprise,"Large intraday price swings indicate overreaction or noise trading, which tends to reverse on the next day as prices correct back toward fundamental values.",pv1,"rank(ts_zscore(low,5))",5daa6be0bb9bd79c91ebf9db6a36de10c9b8cc734d0d881ef593eb893aa22828,"ts_zscore(low,#)","ts_zscore(FIELD,#)",2026-08-02T00:58:45.479607+00:00
candidate_5795a6faed65754aac33d599,intraday_momentum_industry_neutral,hyp_f4b5444e57c14889a844c421d96fb7a6,momentum,fundamental,normalized_level,"Large intraday price swings indicate overreaction or noise trading, which tends to reverse on the next day as prices correct back toward fundamental values.",pv1,"rank(open/ts_mean(open,10))",753b2a248b21e5b6deea7326be2d233f5b62a9ad1436851b5d3341d017313dac,"div(open,ts_mean(open,#))","div(FIELD,ts_mean(FIELD,#))",2026-08-02T00:58:45.479607+00:00
candidate_160cd63fcc8a665fe7c40108,intraday_momentum_industry_neutral,hyp_f4b5444e57c14889a844c421d96fb7a6,momentum,fundamental,change_to_acceleration,"Large intraday price swings indicate overreaction or noise trading, which tends to reverse on the next day as prices correct back toward fundamental values.",pv1,"rank(ts_delta(ts_delta(high,10),20))",54bf56c0709cfca2e73e3ae856fa563e5e96ea82509c5677a6d102a7410803d1,"ts_delta(ts_delta(high,#),#)","ts_delta(ts_delta(FIELD,#),#)",2026-08-02T00:58:45.479607+00:00
candidate_c2770111c25311084b888342,asset_utilization,hyp_1cce76d670e5425daa5d23b9fd48ff43,efficiency,volatility,decayed_momentum,"Higher asset turnover indicates more efficient use of assets to generate sales, which typically leads to stronger cash flows and lower financial distress risk, thereby reducing the probability of default.",analyst14,"rank(ts_decay_linear(ts_delta(anl14_high_ebitda_fp1,10),5))",c236f93af2687bc00bf17bf3adbc6677dd8cfb0ff46baa12bd6f6594b3f0c902,"ts_decay_linear(ts_delta(anl14_high_ebitda_fp1,#),#)","ts_decay_linear(ts_delta(FIELD,#),#)",2026-08-02T00:58:57.605234+00:00
candidate_b905768e120efb9a0945cc1a,asset_utilization,hyp_1cce76d670e5425daa5d23b9fd48ff43,efficiency,volatility,volatility_regime,"Higher asset turnover indicates more efficient use of assets to generate sales, which typically leads to stronger cash flows and lower financial distress risk, thereby reducing the probability of default.",analyst14,"-rank(ts_std_dev(anl14_high_ebitda_fp1,5))",46c38ea74563c033e7577213a6f11e412203e75ec6f2f0a29ff494f6d0ee6cd9,"neg(ts_std_dev(anl14_high_ebitda_fp1,#))","neg(ts_std_dev(FIELD,#))",2026-08-02T00:58:57.605234+00:00
candidate_540d00490cb96f881412a113,asset_utilization,hyp_1cce76d670e5425daa5d23b9fd48ff43,efficiency,volatility,range_signal,"Higher asset turnover indicates more efficient use of assets to generate sales, which typically leads to stronger cash flows and lower financial distress risk, thereby reducing the probability of default.",analyst14,"rank(ts_max(anl14_high_ebitda_fp1,10)-ts_min(anl14_high_ebitda_fp1,10))",967368bb13e0889af4d34a0b9d0f9cce848f485316c35584fedf8c3a810509a1,"sub(ts_max(anl14_high_ebitda_fp1,#),ts_min(anl14_high_ebitda_fp1,#))","sub(ts_max(FIELD,#),ts_min(FIELD,#))",2026-08-02T00:58:57.605234+00:00
candidate_cadefc4484098c47eee75655,asset_utilization,hyp_1cce76d670e5425daa5d23b9fd48ff43,efficiency,volatility,medium_horizon_momentum,"Higher asset turnover indicates more efficient use of assets to generate sales, which typically leads to stronger cash flows and lower financial distress risk, thereby reducing the probability of default.",analyst14,"rank(ts_rank(dividend,5))",d35122220e695a76aa6110475ec893df46d9d1380c68a8e852402410a2ad8178,"ts_rank(dividend,#)","ts_rank(FIELD,#)",2026-08-02T00:58:57.605234+00:00
candidate_0b6faf89f1117646c8ac072c,asset_utilization,hyp_1cce76d670e5425daa5d23b9fd48ff43,efficiency,volatility,smoothed_delta,"Higher asset turnover indicates more efficient use of assets to generate sales, which typically leads to stronger cash flows and lower financial distress risk, thereby reducing the probability of default.",analyst14,"rank(ts_mean(ts_delta(anl10_smartest_roa_ff,1),10))",7c7005cdb8af2fec30dade4215d43653323b7f8c995ff36384eb37da00790019,"ts_mean(ts_delta(anl10_smartest_roa_ff,#),#)","ts_mean(ts_delta(FIELD,#),#)",2026-08-02T00:58:57.605234+00:00
candidate_3ca9a664b95c0b54bad11f90,asset_utilization,hyp_1cce76d670e5425daa5d23b9fd48ff43,efficiency,volatility,relative_flow,"Higher asset turnover indicates more efficient use of assets to generate sales, which typically leads to stronger cash flows and lower financial distress risk, thereby reducing the probability of default.",analyst14,"rank(ts_mean(dividend,10)/ts_std_dev(dividend,5))",eb58428404215b39d8dcfa80e367a2c2d0969bf19b225ba0133366910f2402d1,"div(ts_mean(dividend,#),ts_std_dev(dividend,#))","div(ts_mean(FIELD,#),ts_std_dev(FIELD,#))",2026-08-02T00:58:57.605234+00:00
candidate_aa6c412246cec4f6a691f64f,asset_utilization,hyp_1cce76d670e5425daa5d23b9fd48ff43,efficiency,volatility,information_ratio,"Higher asset turnover indicates more efficient use of assets to generate sales, which typically leads to stronger cash flows and lower financial distress risk, thereby reducing the probability of default.",analyst14,"rank(ts_ir(dividend,5))",99bff4647a58a71ff0b533f1fa0cb75ecb5492e3b8da09462893dea808e1b40b,"ts_ir(dividend,#)","ts_ir(FIELD,#)",2026-08-02T00:58:57.605234+00:00
candidate_6342d86e97389270e8e4bb46,asset_utilization,hyp_1cce76d670e5425daa5d23b9fd48ff43,efficiency,volatility,vol_ratio_regimes,"Higher asset turnover indicates more efficient use of assets to generate sales, which typically leads to stronger cash flows and lower financial distress risk, thereby reducing the probability of default.",analyst14,"rank(ts_std_dev(anl10_smartest_roa_ff,10)/ts_std_dev(anl10_smartest_roa_ff,20))",931653f18dc19cebe939eaf520464412bd99907d2c98515545415c8da14abf53,"div(ts_std_dev(anl10_smartest_roa_ff,#),ts_std_dev(anl10_smartest_roa_ff,#))","div(ts_std_dev(FIELD,#),ts_std_dev(FIELD,#))",2026-08-02T00:58:57.605234+00:00
candidate_261280938d572dcf1e229ab7,margin_improvement,hyp_7fa9e47171634d619b8246b322d6f34e,growth,fundamental,historical_surprise,"SG&A expenses are a component of operating costs; reducing them directly improves profitability margins, assuming revenue remains constant or grows.",analyst14,"rank(ts_zscore(anl14_stddev_ebitda_fy2,21))",c63abb363f8297647c64e55ece466ba62f99dbe40312788ac1e35326723371b4,"ts_zscore(anl14_stddev_ebitda_fy2,#)","ts_zscore(FIELD,#)",2026-08-02T00:58:57.605234+00:00
candidate_e4e63b91f241c150044e9506,margin_improvement,hyp_7fa9e47171634d619b8246b322d6f34e,growth,fundamental,change_to_acceleration,"SG&A expenses are a component of operating costs; reducing them directly improves profitability margins, assuming revenue remains constant or grows.",analyst14,"rank(ts_delta(ts_delta(anl14_mean_ebitda_fy2,63),126))",040de39910924b394321b4c110ece038014fd6e2a540e0db650345401e71afcd,"ts_delta(ts_delta(anl14_mean_ebitda_fy2,#),#)","ts_delta(ts_delta(FIELD,#),#)",2026-08-02T00:58:57.605234+00:00
candidate_3daec89d348126437450e224,margin_improvement,hyp_7fa9e47171634d619b8246b322d6f34e,growth,fundamental,normalized_level,"SG&A expenses are a component of operating costs; reducing them directly improves profitability margins, assuming revenue remains constant or grows.",analyst14,"rank(dividend/ts_mean(dividend,63))",cf0c52eaa214d3532324d673782e782fe831b3cdd98dde64b212e1ba1de1f4a4,"div(dividend,ts_mean(dividend,#))","div(FIELD,ts_mean(FIELD,#))",2026-08-02T00:58:57.605234+00:00
candidate_6ce7e8b3d31f055dea6b904a,margin_improvement,hyp_7fa9e47171634d619b8246b322d6f34e,growth,fundamental,short_horizon_reversal,"SG&A expenses are a component of operating costs; reducing them directly improves profitability margins, assuming revenue remains constant or grows.",analyst14,"-rank(ts_delta(anl14_stddev_ebitda_fy2,126))",f1624939c60e520a55656fd4ef0a8e9d431f55cfe14dc11af74b908aa93fd145,"neg(ts_delta(anl14_stddev_ebitda_fy2,#))","neg(ts_delta(FIELD,#))",2026-08-02T00:58:57.605234+00:00
candidate_bbfda37054ce80e7fe3fff49,margin_improvement,hyp_73fd645edeb44b33a64992a27ac4dcf4,growth,momentum,rank_spread_horizons,"When firms have a higher proportion of fixed costs, any increase in revenue translates more directly into operating margin expansion because variable costs do not scale proportionally. This leverage effect becomes apparent within a medium horizon as revenue growth materializes.",analyst14,"rank(ts_rank(anl14_median_ebitda_fp2,21)-ts_rank(anl14_median_ebitda_fp2,126))",7b77ed219a616e826634a8e75c29f4e4f9cd444e3a6b5cd52a8688acc6543b7a,"sub(ts_rank(anl14_median_ebitda_fp2,#),ts_rank(anl14_median_ebitda_fp2,#))","sub(ts_rank(FIELD,#),ts_rank(FIELD,#))",2026-08-02T00:58:57.605234+00:00
candidate_5d0a6930763f16628deb773e,margin_improvement,hyp_73fd645edeb44b33a64992a27ac4dcf4,growth,momentum,cross_signal_divergence,"When firms have a higher proportion of fixed costs, any increase in revenue translates more directly into operating margin expansion because variable costs do not scale proportionally. This leverage effect becomes apparent within a medium horizon as revenue growth materializes.",analyst14,"rank(ts_zscore(anl14_median_ebitda_fp1,63)-ts_zscore(anl14_median_ebitda_fp2,63))",8530f5efb8500b0192cc3ed377f3395324b9138d41e141329ac6461cee934261,"sub(ts_zscore(anl14_median_ebitda_fp1,#),ts_zscore(anl14_median_ebitda_fp2,#))","sub(ts_zscore(FIELD,#),ts_zscore(FIELD,#))",2026-08-02T00:58:57.605234+00:00
candidate_98457ad34ed0a784ae7c3749,fundamental_improvement_price_confirmation,hyp_a7a36457d27a48c486f801a37da3c3d4,composite,momentum,short_horizon_reversal,"Improving net profit margin signals growing profitability and operational efficiency, while the moving average crossover indicates short-term upward price momentum. Together, they suggest sustainable earnings growth and positive market sentiment, leading to outperformance.",analyst15,"-rank(ts_delta(close,5))",78f637851cfce1b547cd66ec1628911911bd40b796a34a59673db11834e98276,"neg(ts_delta(close,#))","neg(ts_delta(FIELD,#))",2026-08-02T00:59:09.634856+00:00
candidate_61111368686663ffd9919c5d,fundamental_improvement_price_confirmation,hyp_a7a36457d27a48c486f801a37da3c3d4,composite,momentum,rank_spread_horizons,"Improving net profit margin signals growing profitability and operational efficiency, while the moving average crossover indicates short-term upward price momentum. Together, they suggest sustainable earnings growth and positive market sentiment, leading to outperformance.",analyst15,"rank(ts_rank(anl15_gr_hist_eps_gro,5)-ts_rank(anl15_gr_hist_eps_gro,20))",af7e55578597ef0b9b509a4472d77e339c9061dbfc21226f9b63178874b330cd,"sub(ts_rank(anl15_gr_hist_eps_gro,#),ts_rank(anl15_gr_hist_eps_gro,#))","sub(ts_rank(FIELD,#),ts_rank(FIELD,#))",2026-08-02T00:59:09.634856+00:00
candidate_efa78e89307166862b655b73,fundamental_improvement_price_confirmation,hyp_a7a36457d27a48c486f801a37da3c3d4,composite,momentum,information_ratio,"Improving net profit margin signals growing profitability and operational efficiency, while the moving average crossover indicates short-term upward price momentum. Together, they suggest sustainable earnings growth and positive market sentiment, leading to outperformance.",analyst15,"rank(ts_ir(anl15_gr_hist_eps_gro,10))",c867bb14053e568ee55a2041ca5316ce74d36fa1880536a1a97b9f30ed7fbeab,"ts_ir(anl15_gr_hist_eps_gro,#)","ts_ir(FIELD,#)",2026-08-02T00:59:09.634856+00:00
candidate_8e24d9c877e0db53ae1fa8c1,fundamental_improvement_price_confirmation,hyp_a7a36457d27a48c486f801a37da3c3d4,composite,momentum,medium_horizon_momentum,"Improving net profit margin signals growing profitability and operational efficiency, while the moving average crossover indicates short-term upward price momentum. Together, they suggest sustainable earnings growth and positive market sentiment, leading to outperformance.",analyst15,"rank(ts_rank(anl15_gr_hist_eps_gro,10))",91f27a392dad76e51f9ae897048e887ebf687fef7080d31ace96c855587a7b7c,"ts_rank(anl15_gr_hist_eps_gro,#)","ts_rank(FIELD,#)",2026-08-02T00:59:09.634856+00:00
candidate_daa6d13b97333a6a9938fef9,fundamental_improvement_price_confirmation,hyp_a7a36457d27a48c486f801a37da3c3d4,composite,momentum,cross_signal_divergence,"Improving net profit margin signals growing profitability and operational efficiency, while the moving average crossover indicates short-term upward price momentum. Together, they suggest sustainable earnings growth and positive market sentiment, leading to outperformance.",analyst15,"rank(ts_zscore(returns,10)-ts_zscore(anl15_gr_hist_eps_gro,10))",e5e31ccbff1b78738e60d27b9a3f15674c64d9deaf13c844187c4ea8d2039c66,"sub(ts_zscore(returns,#),ts_zscore(anl15_gr_hist_eps_gro,#))","sub(ts_zscore(FIELD,#),ts_zscore(FIELD,#))",2026-08-02T00:59:09.634856+00:00
candidate_a43246d603128baed988c2e4,fundamental_improvement_price_confirmation,hyp_a7a36457d27a48c486f801a37da3c3d4,composite,momentum,volatility_regime,"Improving net profit margin signals growing profitability and operational efficiency, while the moving average crossover indicates short-term upward price momentum. Together, they suggest sustainable earnings growth and positive market sentiment, leading to outperformance.",analyst15,"-rank(ts_std_dev(close,10))",c63b680d3c17b8ad4fe50e58068f8b279390545505202f4d04f2bd03610217ec,"neg(ts_std_dev(close,#))","neg(ts_std_dev(FIELD,#))",2026-08-02T00:59:09.634856+00:00
candidate_85bdcd35249f1910e3cee893,fundamental_improvement_price_confirmation,hyp_a7a36457d27a48c486f801a37da3c3d4,composite,momentum,decayed_momentum,"Improving net profit margin signals growing profitability and operational efficiency, while the moving average crossover indicates short-term upward price momentum. Together, they suggest sustainable earnings growth and positive market sentiment, leading to outperformance.",analyst15,"rank(ts_decay_linear(ts_delta(returns,5),10))",990343c77464637c16f5db0d1e793728bacc51d93697696bab8ac5021d77dd6e,"ts_decay_linear(ts_delta(returns,#),#)","ts_decay_linear(ts_delta(FIELD,#),#)",2026-08-02T00:59:09.634856+00:00
candidate_ddfcbf6296590a9e8a1ed027,analyst_revision_direction,hyp_4931166f8fdc4706a9416df537024c83,expectations,balanced,smoothed_delta,"Consistent revisions across both earnings and target price by multiple analysts signal a stronger consensus and higher confidence in the stock's future prospects, leading to price continuation.",analyst11,"rank(ts_mean(ts_delta(anl11_1g,1),21))",2852f2dbeecebc267fc35e4162757e98171620d62743e141d7fbc6946b0f941e,"ts_mean(ts_delta(anl11_1g,#),#)","ts_mean(ts_delta(FIELD,#),#)",2026-08-02T00:59:09.634856+00:00
candidate_46c1b6af4cb8cf28d66753c0,balance_sheet_leverage,hyp_90d6dfd273a2439fb0d22f4195feae0a,quality,fundamental,historical_surprise,"Regulatory bodies impose capital adequacy ratios and leverage limits, especially in finance and utilities, directly reducing the debt relative to equity or assets. In less regulated industries, firms have greater discretion to increase leverage.",pv1,"rank(ts_zscore(anl10_smartest_roe_ff,21))",bcbd54d4ab683dc6de3241a706aec3764d469502005accf05954deb9d1c5930e,"ts_zscore(anl10_smartest_roe_ff,#)","ts_zscore(FIELD,#)",2026-08-02T00:59:09.634856+00:00
candidate_6cc6bc7a4bd672bf8bc0d641,balance_sheet_leverage,hyp_90d6dfd273a2439fb0d22f4195feae0a,quality,fundamental,change_to_acceleration,"Regulatory bodies impose capital adequacy ratios and leverage limits, especially in finance and utilities, directly reducing the debt relative to equity or assets. In less regulated industries, firms have greater discretion to increase leverage.",pv1,"rank(ts_delta(ts_delta(dividend,63),126))",ad3102a86f81205df73edc9ce27f9633f5bd2e2ef777632e779eba0275c90fb9,"ts_delta(ts_delta(dividend,#),#)","ts_delta(ts_delta(FIELD,#),#)",2026-08-02T00:59:09.634856+00:00
candidate_75afccc393f2b89d1689ceb7,balance_sheet_leverage,hyp_90d6dfd273a2439fb0d22f4195feae0a,quality,fundamental,normalized_level,"Regulatory bodies impose capital adequacy ratios and leverage limits, especially in finance and utilities, directly reducing the debt relative to equity or assets. In less regulated industries, firms have greater discretion to increase leverage.",pv1,"rank(anl10_smartest_roa_ff/ts_mean(anl10_smartest_roa_ff,63))",37468b64e0ce8fe45a4befa7d45aa1b7ab31e0dfd1e2325a01792c41a42f6f7d,"div(anl10_smartest_roa_ff,ts_mean(anl10_smartest_roa_ff,#))","div(FIELD,ts_mean(FIELD,#))",2026-08-02T00:59:09.634856+00:00
candidate_ec7e506aebc6011b16fc93f9,earnings_surprise_persistence,hyp_374bfd5a47844cc283d59ff93da13129,expectations,balanced,cross_signal_divergence,Underreaction to earnings news within industries and slow information diffusion due to limited attention or sticky expectations lead to persistence of earnings surprises across subsequent quarters.,analyst10,"rank(ts_zscore(anl10_salfq1_pred_surps_v0_985,126)-ts_zscore(anl11_1e,126))",8c2eedb62c122f1ed59ec2f99f616bdbc2461ac73d017d519ee07d3f88404e8a,"sub(ts_zscore(anl10_salfq1_pred_surps_v0_985,#),ts_zscore(anl11_1e,#))","sub(ts_zscore(FIELD,#),ts_zscore(FIELD,#))",2026-08-02T00:59:21.697370+00:00
candidate_887378c67a7035498ec6d148,earnings_surprise_persistence,hyp_374bfd5a47844cc283d59ff93da13129,expectations,balanced,information_ratio,Underreaction to earnings news within industries and slow information diffusion due to limited attention or sticky expectations lead to persistence of earnings surprises across subsequent quarters.,analyst10,"rank(ts_ir(anl11_greg_industryrnk,126))",3989ab7a3b222512edf8a65892b9abb9c6ccc7f8a8e59228b3239a1b3e2398c6,"ts_ir(anl11_greg_industryrnk,#)","ts_ir(FIELD,#)",2026-08-02T00:59:21.697370+00:00
candidate_0e8f0d80475f15159e9d2bfd,earnings_surprise_persistence,hyp_374bfd5a47844cc283d59ff93da13129,expectations,balanced,short_horizon_reversal,Underreaction to earnings news within industries and slow information diffusion due to limited attention or sticky expectations lead to persistence of earnings surprises across subsequent quarters.,analyst10,"-rank(ts_delta(anl15_ind_fy1_cos_up,63))",a4dc8e5d980b0eaf5a5d93d0ae029ba8173d34c1744b18a8afbfd9091b9920b1,"neg(ts_delta(anl15_ind_fy1_cos_up,#))","neg(ts_delta(FIELD,#))",2026-08-02T00:59:21.697370+00:00
candidate_120f148b9b348eead7d376f7,earnings_surprise_persistence,hyp_374bfd5a47844cc283d59ff93da13129,expectations,balanced,medium_horizon_momentum,Underreaction to earnings news within industries and slow information diffusion due to limited attention or sticky expectations lead to persistence of earnings surprises across subsequent quarters.,analyst10,"rank(ts_rank(anl10_salfq1_pred_surps_v0_985,126))",33d4eff60f15b0a1c0f37f117b4c6e08a497c3a1dd1740f04850df3185c2eaec,"ts_rank(anl10_salfq1_pred_surps_v0_985,#)","ts_rank(FIELD,#)",2026-08-02T00:59:21.697370+00:00
candidate_deba975e571bd88e81816a76,earnings_surprise_persistence,hyp_374bfd5a47844cc283d59ff93da13129,expectations,balanced,rank_spread_horizons,Underreaction to earnings news within industries and slow information diffusion due to limited attention or sticky expectations lead to persistence of earnings surprises across subsequent quarters.,analyst10,"rank(ts_rank(anl11_1e,63)-ts_rank(anl11_1e,252))",b5241185bcb08cc69c511004893835a2653807232c90ac3a4e309db483c4beac,"sub(ts_rank(anl11_1e,#),ts_rank(anl11_1e,#))","sub(ts_rank(FIELD,#),ts_rank(FIELD,#))",2026-08-02T00:59:21.697370+00:00
candidate_c74830512334a13d355dc5a7,earnings_surprise_persistence,hyp_374bfd5a47844cc283d59ff93da13129,expectations,balanced,volatility_regime,Underreaction to earnings news within industries and slow information diffusion due to limited attention or sticky expectations lead to persistence of earnings surprises across subsequent quarters.,analyst10,"-rank(ts_std_dev(anl11_tic,126))",b7fd6b9e7ac33e6a3462026f69fdd66932d024161d0df75b400d8a18723c66da,"neg(ts_std_dev(anl11_tic,#))","neg(ts_std_dev(FIELD,#))",2026-08-02T00:59:21.697370+00:00
candidate_0ecfd1021ee2665c3cfb5e68,earnings_surprise_persistence,hyp_374bfd5a47844cc283d59ff93da13129,expectations,balanced,decayed_momentum,Underreaction to earnings news within industries and slow information diffusion due to limited attention or sticky expectations lead to persistence of earnings surprises across subsequent quarters.,analyst10,"rank(ts_decay_linear(ts_delta(anl11_tic,63),126))",57cb2585a07c642b10cb18e2c383d9c0695a8e050a759c63366cbee048b91cbf,"ts_decay_linear(ts_delta(anl11_tic,#),#)","ts_decay_linear(ts_delta(FIELD,#),#)",2026-08-02T00:59:21.697370+00:00
candidate_0013bbd318893ef6d5427064,earnings_surprise_persistence,hyp_374bfd5a47844cc283d59ff93da13129,expectations,balanced,smoothed_delta,Underreaction to earnings news within industries and slow information diffusion due to limited attention or sticky expectations lead to persistence of earnings surprises across subsequent quarters.,analyst10,"rank(ts_mean(ts_delta(anl11_1e,1),63))",249e0709d2282745fdc46cc863b167abefac2d502930279d71361b5c8c03bcc1,"ts_mean(ts_delta(anl11_1e,#),#)","ts_mean(ts_delta(FIELD,#),#)",2026-08-02T00:59:21.697370+00:00
candidate_a3e6d73f70604d32223d6d91,capital_efficiency,hyp_66a98478b669448f85e7866a62e098e3,profitability,fundamental,normalized_level,"Intangible assets (e.g., patents, brand, software) often generate higher returns on capital without proportional increases in capital base, leading to higher capital efficiency.",analyst14,"rank(anl14_high_ebitda_fp1/ts_mean(anl14_high_ebitda_fp1,63))",0fb94d6238eb28ee1285f6ed965923be7008c1997537f7632f6a40de071800c8,"div(anl14_high_ebitda_fp1,ts_mean(anl14_high_ebitda_fp1,#))","div(FIELD,ts_mean(FIELD,#))",2026-08-02T00:59:21.697370+00:00
candidate_3c77683077bdda39e41640a7,capital_efficiency,hyp_66a98478b669448f85e7866a62e098e3,profitability,fundamental,historical_surprise,"Intangible assets (e.g., patents, brand, software) often generate higher returns on capital without proportional increases in capital base, leading to higher capital efficiency.",analyst14,"rank(ts_zscore(anl14_mean_ebitda_fp2,21))",d2955229b3b4076a5b92994913eb3e50962572412677cb5b087e257910b69157,"ts_zscore(anl14_mean_ebitda_fp2,#)","ts_zscore(FIELD,#)",2026-08-02T00:59:21.697370+00:00
candidate_43e357665b75ea4a1752e4a7,capital_efficiency,hyp_66a98478b669448f85e7866a62e098e3,profitability,fundamental,change_to_acceleration,"Intangible assets (e.g., patents, brand, software) often generate higher returns on capital without proportional increases in capital base, leading to higher capital efficiency.",analyst14,"rank(ts_delta(ts_delta(anl14_mean_ebitda_fp1,63),126))",9d6fff4c5b3a87afd724c4f07095ab1a97b5a07bce261b85e49aaceb72f32f34,"ts_delta(ts_delta(anl14_mean_ebitda_fp1,#),#)","ts_delta(ts_delta(FIELD,#),#)",2026-08-02T00:59:21.697370+00:00
candidate_286dd17b583ee99dd2f4ff3f,intraday_momentum_industry_neutral,hyp_05a0d386ace04a1da0036ea1b63ab7c9,momentum,momentum,smoothed_delta,"High intraday volatility indicates ongoing information processing and investor attention, which may lead to continued price adjustment and momentum spillover to the next day. Industry neutralization ensures the effect is not driven by sector-level factors.",pv1,"rank(ts_mean(ts_delta(open,1),5))",8bd562ff6533a05b89d405fdbcf0857ff7205cd7187f911b8444dc96cafd6c49,"ts_mean(ts_delta(open,#),#)","ts_mean(ts_delta(FIELD,#),#)",2026-08-02T00:59:33.750044+00:00
candidate_c55b3dea0ef138107c6d1bc9,intraday_momentum_industry_neutral,hyp_05a0d386ace04a1da0036ea1b63ab7c9,momentum,momentum,information_ratio,"High intraday volatility indicates ongoing information processing and investor attention, which may lead to continued price adjustment and momentum spillover to the next day. Industry neutralization ensures the effect is not driven by sector-level factors.",pv1,"rank(ts_ir(returns,10))",6997f221bf20e7b5a030990664ce9dfa373110f0f9a0640e9a09d509841e5698,"ts_ir(returns,#)","ts_ir(FIELD,#)",2026-08-02T00:59:33.750044+00:00
candidate_af8b0ea75083d543f7a27364,intraday_momentum_industry_neutral,hyp_05a0d386ace04a1da0036ea1b63ab7c9,momentum,momentum,medium_horizon_momentum,"High intraday volatility indicates ongoing information processing and investor attention, which may lead to continued price adjustment and momentum spillover to the next day. Industry neutralization ensures the effect is not driven by sector-level factors.",pv1,"rank(ts_rank(returns,10))",88b7a6be193d6ac9049392bef201b9fbbd50253997d2c17f56b07ad3f98a3097,"ts_rank(returns,#)","ts_rank(FIELD,#)",2026-08-02T00:59:33.750044+00:00
candidate_8c5ceb55d55a9034a7ce527b,intraday_momentum_industry_neutral,hyp_05a0d386ace04a1da0036ea1b63ab7c9,momentum,momentum,volatility_regime,"High intraday volatility indicates ongoing information processing and investor attention, which may lead to continued price adjustment and momentum spillover to the next day. Industry neutralization ensures the effect is not driven by sector-level factors.",pv1,"-rank(ts_std_dev(open,10))",f742d0a286bf776f86dcdb2049dcf6d35afcf00dce40a636501077a108e64d1d,"neg(ts_std_dev(open,#))","neg(ts_std_dev(FIELD,#))",2026-08-02T00:59:33.750044+00:00
candidate_0a432b9611c51cc8d1c7ac07,intraday_momentum_industry_neutral,hyp_05a0d386ace04a1da0036ea1b63ab7c9,momentum,momentum,decayed_momentum,"High intraday volatility indicates ongoing information processing and investor attention, which may lead to continued price adjustment and momentum spillover to the next day. Industry neutralization ensures the effect is not driven by sector-level factors.",pv1,"rank(ts_decay_linear(ts_delta(close,5),10))",c84c62e4a6deeee31f936df0f3578382c82d0f43be51629ef93375e571242668,"ts_decay_linear(ts_delta(close,#),#)","ts_decay_linear(ts_delta(FIELD,#),#)",2026-08-02T00:59:33.750044+00:00
candidate_19f6e4eee9f0c04ff0aa50bc,intraday_momentum_industry_neutral,hyp_05a0d386ace04a1da0036ea1b63ab7c9,momentum,momentum,cross_signal_divergence,"High intraday volatility indicates ongoing information processing and investor attention, which may lead to continued price adjustment and momentum spillover to the next day. Industry neutralization ensures the effect is not driven by sector-level factors.",pv1,"rank(ts_zscore(close,10)-ts_zscore(returns,10))",a75ca925c613524d2ca40f4290cfee6a487e51b1db511803917d8cfafacae7f1,"sub(ts_zscore(close,#),ts_zscore(returns,#))","sub(ts_zscore(FIELD,#),ts_zscore(FIELD,#))",2026-08-02T00:59:33.750044+00:00
candidate_706815c35e15a9a565021cd1,intraday_momentum_industry_neutral,hyp_05a0d386ace04a1da0036ea1b63ab7c9,momentum,momentum,rank_spread_horizons,"High intraday volatility indicates ongoing information processing and investor attention, which may lead to continued price adjustment and momentum spillover to the next day. Industry neutralization ensures the effect is not driven by sector-level factors.",pv1,"rank(ts_rank(returns,5)-ts_rank(returns,20))",2d042e62c0d583108186d5c7f7016ad70eca8efb0711292e21d6a93e8a02760d,"sub(ts_rank(returns,#),ts_rank(returns,#))","sub(ts_rank(FIELD,#),ts_rank(FIELD,#))",2026-08-02T00:59:33.750044+00:00
candidate_ed7f750eb42a979a6b6702be,analyst_revision_direction,hyp_4931166f8fdc4706a9416df537024c83,expectations,balanced,short_horizon_reversal,"Consistent revisions across both earnings and target price by multiple analysts signal a stronger consensus and higher confidence in the stock's future prospects, leading to price continuation.",analyst11,"-rank(ts_delta(anl15_ind_fy3_ests_dn,21))",e9bbdbf7c9ffb9ba3e65fae35fbedd200ee3961d2ab3895ed5137def805cf745,"neg(ts_delta(anl15_ind_fy3_ests_dn,#))","neg(ts_delta(FIELD,#))",2026-08-02T00:59:33.750044+00:00
candidate_a6d4d35719f7e76945c28cf9,balance_sheet_leverage,hyp_c0ee6d97371a447f9775e8342dd09ce3,quality,fundamental,historical_surprise,"Firms in high-leverage industries may face increased competition from leveraged rivals, compelling them to maintain lower leverage to preserve financial flexibility for strategic investments and avoid distress.",analyst14,"rank(ts_zscore(dividend,21))",9e1d7a67051f774bd560a9b400c29a112669fe2ff845d6a858b241aeac12d5f3,"ts_zscore(dividend,#)","ts_zscore(FIELD,#)",2026-08-02T00:59:33.750044+00:00
candidate_df03fb9c4bd174136c4f6277,balance_sheet_leverage,hyp_c0ee6d97371a447f9775e8342dd09ce3,quality,fundamental,change_to_acceleration,"Firms in high-leverage industries may face increased competition from leveraged rivals, compelling them to maintain lower leverage to preserve financial flexibility for strategic investments and avoid distress.",analyst14,"rank(ts_delta(ts_delta(anl14_median_ndebt_fp3,63),126))",22d196290ac331bd125d8cf2e2df37ac022d0ef11e448d94b90b8d85cd34cb7a,"ts_delta(ts_delta(anl14_median_ndebt_fp3,#),#)","ts_delta(ts_delta(FIELD,#),#)",2026-08-02T00:59:33.750044+00:00
candidate_298e9246cf32eb94d6f4e1fd,balance_sheet_leverage,hyp_c0ee6d97371a447f9775e8342dd09ce3,quality,fundamental,normalized_level,"Firms in high-leverage industries may face increased competition from leveraged rivals, compelling them to maintain lower leverage to preserve financial flexibility for strategic investments and avoid distress.",analyst14,"rank(anl14_stddev_ebitda_fp1/ts_mean(anl14_stddev_ebitda_fp1,63))",842ec6f66ad6b890487a7fdc7d38a25b097ce1d731aad9b24abb143380be7370,"div(anl14_stddev_ebitda_fp1,ts_mean(anl14_stddev_ebitda_fp1,#))","div(FIELD,ts_mean(FIELD,#))",2026-08-02T00:59:33.750044+00:00
candidate_028fd75e7bff53f794bfac40,cash_flow_yield,hyp_f34d2cd5a59945ce86205a7613369f6c,value,volatility,range_signal,"High free cash flow yield indicates strong cash generation relative to market value, which provides a buffer against financial distress and operational shocks, thereby reducing stock return volatility.",analyst14,"rank(ts_max(anl14_mean_ebitda_fp1,63)-ts_min(anl14_mean_ebitda_fp1,63))",e42dcc1a0ab8413dbc4ac47bfb51e473fe59027e082f4f9cf26699b9551b79a7,"sub(ts_max(anl14_mean_ebitda_fp1,#),ts_min(anl14_mean_ebitda_fp1,#))","sub(ts_max(FIELD,#),ts_min(FIELD,#))",2026-08-02T00:59:33.750044+00:00
candidate_a9898895940684aed1021807,cash_flow_yield,hyp_f34d2cd5a59945ce86205a7613369f6c,value,volatility,vol_ratio_regimes,"High free cash flow yield indicates strong cash generation relative to market value, which provides a buffer against financial distress and operational shocks, thereby reducing stock return volatility.",analyst14,"rank(ts_std_dev(anl14_low_ebitda_fp1,63)/ts_std_dev(anl14_low_ebitda_fp1,126))",39d04a49c1a872785a990c61ba1778f63e43d1f248a7720ac0da7fd577ddc858,"div(ts_std_dev(anl14_low_ebitda_fp1,#),ts_std_dev(anl14_low_ebitda_fp1,#))","div(ts_std_dev(FIELD,#),ts_std_dev(FIELD,#))",2026-08-02T00:59:33.750044+00:00
candidate_16d332665e5bce6fc48c7bcd,earnings_surprise_persistence,hyp_46177fc8f9ce4b7b9f725b7f7631a735,expectations,balanced,decayed_momentum,"Earnings persistence due to sticky components in earnings, such as costs or revenues that adjust slowly, leading to serial correlation in earnings surprises.",analyst10,"rank(ts_decay_linear(ts_delta(anl10_salfq1_pred_surps_v0_985,5),10))",55891a4783719ec743e336e661db4e3f6bc6ca953796e76aff90f52614f359f1,"ts_decay_linear(ts_delta(anl10_salfq1_pred_surps_v0_985,#),#)","ts_decay_linear(ts_delta(FIELD,#),#)",2026-08-02T00:59:45.793847+00:00
candidate_7c296bb23012a6c4b66bfe2a,earnings_surprise_persistence,hyp_46177fc8f9ce4b7b9f725b7f7631a735,expectations,balanced,short_horizon_reversal,"Earnings persistence due to sticky components in earnings, such as costs or revenues that adjust slowly, leading to serial correlation in earnings surprises.",analyst10,"-rank(ts_delta(anl10_salfy2_pred_surps_v2_994,5))",bdcfe14a7e6da6deae09af0d9fa6a7abb35cafe89a5918ee2d81ddf33fc489f0,"neg(ts_delta(anl10_salfy2_pred_surps_v2_994,#))","neg(ts_delta(FIELD,#))",2026-08-02T00:59:45.793847+00:00
candidate_a405e60d5f8e5c5f4f0c9797,earnings_surprise_persistence,hyp_46177fc8f9ce4b7b9f725b7f7631a735,expectations,balanced,volatility_regime,"Earnings persistence due to sticky components in earnings, such as costs or revenues that adjust slowly, leading to serial correlation in earnings surprises.",analyst10,"-rank(ts_std_dev(anl10_netfq1_pred_surps_v2_1053,10))",a052f5039e29523dc82701c1eede0e4d62147b00b09f0fc71e91aa2eb54ab8ea,"neg(ts_std_dev(anl10_netfq1_pred_surps_v2_1053,#))","neg(ts_std_dev(FIELD,#))",2026-08-02T00:59:45.793847+00:00
candidate_0089f85bf4577421be113d25,earnings_surprise_persistence,hyp_46177fc8f9ce4b7b9f725b7f7631a735,expectations,balanced,medium_horizon_momentum,"Earnings persistence due to sticky components in earnings, such as costs or revenues that adjust slowly, leading to serial correlation in earnings surprises.",analyst10,"rank(ts_rank(anl10_salfy2_pred_surps_v2_994,10))",a30737a60acd68bff8101952c882484ffa956c2c5d789621a7fa836993e25df7,"ts_rank(anl10_salfy2_pred_surps_v2_994,#)","ts_rank(FIELD,#)",2026-08-02T00:59:45.793847+00:00
candidate_0dcbb5d1f7dfd53d583d73b4,earnings_surprise_persistence,hyp_46177fc8f9ce4b7b9f725b7f7631a735,expectations,balanced,rank_spread_horizons,"Earnings persistence due to sticky components in earnings, such as costs or revenues that adjust slowly, leading to serial correlation in earnings surprises.",analyst10,"rank(ts_rank(anl10_salfq1_pred_surps_v0_985,5)-ts_rank(anl10_salfq1_pred_surps_v0_985,20))",555dd2a3741f00692814b755b94b0239dfd14803a63eb941222cee6ac515a6d9,"sub(ts_rank(anl10_salfq1_pred_surps_v0_985,#),ts_rank(anl10_salfq1_pred_surps_v0_985,#))","sub(ts_rank(FIELD,#),ts_rank(FIELD,#))",2026-08-02T00:59:45.793847+00:00
candidate_1be054d1e6df6587a82a5744,earnings_surprise_persistence,hyp_46177fc8f9ce4b7b9f725b7f7631a735,expectations,balanced,smoothed_delta,"Earnings persistence due to sticky components in earnings, such as costs or revenues that adjust slowly, leading to serial correlation in earnings surprises.",analyst10,"rank(ts_mean(ts_delta(anl10_salfy1_pred_surps_v2_1006,1),5))",766b4ef0c0911880ef3220a653c1f27055599a2305f55b64db45e7935e24cab8,"ts_mean(ts_delta(anl10_salfy1_pred_surps_v2_1006,#),#)","ts_mean(ts_delta(FIELD,#),#)",2026-08-02T00:59:45.793847+00:00
candidate_e713c476f29790b6cba5e6d2,earnings_surprise_persistence,hyp_46177fc8f9ce4b7b9f725b7f7631a735,expectations,balanced,information_ratio,"Earnings persistence due to sticky components in earnings, such as costs or revenues that adjust slowly, leading to serial correlation in earnings surprises.",analyst10,"rank(ts_ir(anl10_netfq1_pred_surps_v2_1053,10))",a322bde9625ea3291d752d6bd95c38fa955a90cef504c312ca1207511e5fc7b1,"ts_ir(anl10_netfq1_pred_surps_v2_1053,#)","ts_ir(FIELD,#)",2026-08-02T00:59:45.793847+00:00
candidate_cc50b9668be8fef7b6129447,earnings_surprise_persistence,hyp_46177fc8f9ce4b7b9f725b7f7631a735,expectations,balanced,cross_signal_divergence,"Earnings persistence due to sticky components in earnings, such as costs or revenues that adjust slowly, leading to serial correlation in earnings surprises.",analyst10,"rank(ts_zscore(anl10_salfy1_pred_surps_v2_1006,10)-ts_zscore(anl10_salfq1_pred_surps_v0_985,10))",28c48f6b31cebd1c0773e96d7c08bb28c3307b66df9d4000e627d8cd808270f1,"sub(ts_zscore(anl10_salfy1_pred_surps_v2_1006,#),ts_zscore(anl10_salfq1_pred_surps_v0_985,#))","sub(ts_zscore(FIELD,#),ts_zscore(FIELD,#))",2026-08-02T00:59:45.793847+00:00
candidate_c0c0e1afbab058b64cb51bb1,analyst_revision_direction,hyp_678990791fcf42569beba9f285da3f60,expectations,fundamental,normalized_level,"Downward target revisions signal deteriorating fundamentals, leading to negative market reactions as analysts incorporate new negative information.",analyst15,"rank(anl15_salgics_gr_cal_fy1_total/ts_mean(anl15_salgics_gr_cal_fy1_total,63))",11be2c9c822e8eaff207a339ac0a2d4f9280a19291f1708b3a74c7f7f14a576c,"div(anl15_salgics_gr_cal_fy1_total,ts_mean(anl15_salgics_gr_cal_fy1_total,#))","div(FIELD,ts_mean(FIELD,#))",2026-08-02T00:59:45.793847+00:00
candidate_1f95177113fbe09ed4d22334,analyst_revision_direction,hyp_678990791fcf42569beba9f285da3f60,expectations,fundamental,change_to_acceleration,"Downward target revisions signal deteriorating fundamentals, leading to negative market reactions as analysts incorporate new negative information.",analyst15,"rank(ts_delta(ts_delta(anl15_salgics_ind_18_m_cos,63),126))",e2553e01687e959c06034b7ad6a7568b33a154be623b43d5ef7510badd3e508b,"ts_delta(ts_delta(anl15_salgics_ind_18_m_cos,#),#)","ts_delta(ts_delta(FIELD,#),#)",2026-08-02T00:59:45.793847+00:00
candidate_96bbec709b1a50cd44589aeb,analyst_revision_direction,hyp_678990791fcf42569beba9f285da3f60,expectations,fundamental,historical_surprise,"Downward target revisions signal deteriorating fundamentals, leading to negative market reactions as analysts incorporate new negative information.",analyst15,"rank(ts_zscore(anl15_salgics_ind_cal_fy1_1m_chg,21))",de027bb101d640b28cf6788322caf099d3cfac26e91e7c3a6dfe805a4b1ce8b1,"ts_zscore(anl15_salgics_ind_cal_fy1_1m_chg,#)","ts_zscore(FIELD,#)",2026-08-02T00:59:45.793847+00:00
candidate_bd7275e3dc3bdf943969ccd8,balance_sheet_leverage,hyp_2cf260353dd34aadb7fec97465b9321d,quality,volatility,range_signal,"High operating leverage implies that fixed costs constitute a large proportion of total costs, making earnings more sensitive to revenue changes. To maintain financial stability and cover fixed obligations during downturns, firms in such industries use more debt financing, expecting that the additional risk is compensated by higher returns during upturns.",analyst14,"rank(ts_max(anl14_stddev_ebitda_fp1,63)-ts_min(anl14_stddev_ebitda_fp1,63))",ff8b65514e75dc57c0f9eb2d8c9c709d37b50afbbf94d7437c46e37e532f23d9,"sub(ts_max(anl14_stddev_ebitda_fp1,#),ts_min(anl14_stddev_ebitda_fp1,#))","sub(ts_max(FIELD,#),ts_min(FIELD,#))",2026-08-02T00:59:45.793847+00:00
candidate_4ae470466634caf8ec8e889b,balance_sheet_leverage,hyp_2cf260353dd34aadb7fec97465b9321d,quality,volatility,vol_ratio_regimes,"High operating leverage implies that fixed costs constitute a large proportion of total costs, making earnings more sensitive to revenue changes. To maintain financial stability and cover fixed obligations during downturns, firms in such industries use more debt financing, expecting that the additional risk is compensated by higher returns during upturns.",analyst14,"rank(ts_std_dev(anl14_mean_ndebt_fp3,63)/ts_std_dev(anl14_mean_ndebt_fp3,126))",4b2ff27a6c7665a50af6148d67f7f12ef659e884ddd5b19c718cd5e725fb09bd,"div(ts_std_dev(anl14_mean_ndebt_fp3,#),ts_std_dev(anl14_mean_ndebt_fp3,#))","div(ts_std_dev(FIELD,#),ts_std_dev(FIELD,#))",2026-08-02T00:59:45.793847+00:00
candidate_9c549bd7c2d2ceca0e5a4162,balance_sheet_leverage,hyp_2cf260353dd34aadb7fec97465b9321d,quality,volatility,relative_flow,"High operating leverage implies that fixed costs constitute a large proportion of total costs, making earnings more sensitive to revenue changes. To maintain financial stability and cover fixed obligations during downturns, firms in such industries use more debt financing, expecting that the additional risk is compensated by higher returns during upturns.",analyst14,"rank(ts_mean(anl14_stddev_ndebt_fp3,63)/ts_std_dev(anl14_stddev_ndebt_fp3,21))",37ecb339da94e65f724796142d7baabce3ef06330afbc062d24c2d27fbbd77d1,"div(ts_mean(anl14_stddev_ndebt_fp3,#),ts_std_dev(anl14_stddev_ndebt_fp3,#))","div(ts_mean(FIELD,#),ts_std_dev(FIELD,#))",2026-08-02T00:59:45.793847+00:00
candidate_9336f8d1772b60e25d8f3560,capital_efficiency,hyp_25ca0d0370bc436abd0c7eabbfbc5f71,profitability,fundamental,information_ratio,Higher capital expenditure intensity may indicate aggressive expansion or asset-heavy strategies that temporarily depress capital efficiency until the new investments generate sufficient returns.,analyst14,"rank(ts_ir(anl14_mean_ebit_fy5,63))",8b80bd72efca9456ca01ad04d627b4a0db6125e7ffa6589d594f429fd1578f93,"ts_ir(anl14_mean_ebit_fy5,#)","ts_ir(FIELD,#)",2026-08-02T00:59:57.848394+00:00
candidate_b7273877edc2f0db69c7d1c2,capital_efficiency,hyp_25ca0d0370bc436abd0c7eabbfbc5f71,profitability,fundamental,short_horizon_reversal,Higher capital expenditure intensity may indicate aggressive expansion or asset-heavy strategies that temporarily depress capital efficiency until the new investments generate sufficient returns.,analyst14,"-rank(ts_delta(anl14_mean_revenue_fy5,126))",757baf93bf2193c1c9cc76f2c8c78c601986c23915598d97b4b48772678d497f,"neg(ts_delta(anl14_mean_revenue_fy5,#))","neg(ts_delta(FIELD,#))",2026-08-02T00:59:57.848394+00:00
candidate_08d0059816228e044559769f,capital_efficiency,hyp_25ca0d0370bc436abd0c7eabbfbc5f71,profitability,fundamental,medium_horizon_momentum,Higher capital expenditure intensity may indicate aggressive expansion or asset-heavy strategies that temporarily depress capital efficiency until the new investments generate sufficient returns.,analyst14,"rank(ts_rank(anl14_mean_revenue_fy5,63))",ee0d403b884d7b0fee0e60523a6acaebd4ba4cce35e3159cdf4475fc798775d7,"ts_rank(anl14_mean_revenue_fy5,#)","ts_rank(FIELD,#)",2026-08-02T00:59:57.848394+00:00
candidate_ecff5b6b31a84ae5db8aa817,capital_efficiency,hyp_25ca0d0370bc436abd0c7eabbfbc5f71,profitability,fundamental,decayed_momentum,Higher capital expenditure intensity may indicate aggressive expansion or asset-heavy strategies that temporarily depress capital efficiency until the new investments generate sufficient returns.,analyst14,"rank(ts_decay_linear(ts_delta(anl14_mean_capex_fy5,126),63))",1d1b0f72ed6bdaaa1da08a0fb59d61145816b4878e714b85006de2812c606043,"ts_decay_linear(ts_delta(anl14_mean_capex_fy5,#),#)","ts_decay_linear(ts_delta(FIELD,#),#)",2026-08-02T00:59:57.848394+00:00
candidate_c08e097dbe91de7a99f03d68,capital_efficiency,hyp_25ca0d0370bc436abd0c7eabbfbc5f71,profitability,fundamental,smoothed_delta,Higher capital expenditure intensity may indicate aggressive expansion or asset-heavy strategies that temporarily depress capital efficiency until the new investments generate sufficient returns.,analyst14,"rank(ts_mean(ts_delta(anl14_stddev_capex_fy5,1),126))",8cb37fa15181c9489eed03dee84afc03f12f5f52845f247d2d9d89f157ba40eb,"ts_mean(ts_delta(anl14_stddev_capex_fy5,#),#)","ts_mean(ts_delta(FIELD,#),#)",2026-08-02T00:59:57.848394+00:00
candidate_bd6af229b1f3bc3577ab89cd,quality_low_volatility,hyp_66d04bba2d7f42ada1c699d860bbdff5,composite,volatility,volatility_regime,"High asset turnover indicates efficient use of assets to generate revenue, while low financial leverage reduces bankruptcy risk, combining to form durable quality that, when paired with low realized volatility, identifies stocks with stable earnings and lower downside risk, leading to superior performance.",analyst14,"-rank(ts_std_dev(anl14_stddev_ebitda_fy1,21))",db957b7e1f77026f71c772fb69492d99f792cd9299ded25ff73ae5be2ad1dc69,"neg(ts_std_dev(anl14_stddev_ebitda_fy1,#))","neg(ts_std_dev(FIELD,#))",2026-08-02T00:59:57.848394+00:00
candidate_632973c283bf883f10e59fdf,fundamental_improvement_price_confirmation,hyp_68417d0da35444f4933717b12245173e,composite,momentum,cross_signal_divergence,"A fundamental improvement in earnings growth signals strengthening profitability, while a low price-to-sales ratio relative to peers indicates undervaluation; the combination may attract momentum traders and value investors, leading to short-term outperformance.",analyst15,"rank(ts_zscore(anl11_region_industrycount,10)-ts_zscore(anl15_gr_hist_eps_gro,10))",11654a6cb972ec408ad3cd0bef22ad2d28b7a6500e614e95e585cfeaf55af912,"sub(ts_zscore(anl11_region_industrycount,#),ts_zscore(anl15_gr_hist_eps_gro,#))","sub(ts_zscore(FIELD,#),ts_zscore(FIELD,#))",2026-08-02T00:59:57.848394+00:00
candidate_68f0b37390d086bb2f4b4154,cash_flow_yield,hyp_e1399c7b8fcb4d019b357fe3d6e700fc,value,reversal,rank_spread_horizons,"Operating cash flow yield captures the efficiency and profitability of a firm's core operations. After normalizing for size, a high yield indicates undervaluation or strong cash generation, leading to mean reversion or positive market adjustment as the market recognizes the firm's true value.",pv1,"rank(ts_rank(anl14_mean_ebitda_fp1,21)-ts_rank(anl14_mean_ebitda_fp1,63))",2b7d37d90eb77ccb5ffef0f80e2093773287a15df4c87b447e79f92ca9327cd8,"sub(ts_rank(anl14_mean_ebitda_fp1,#),ts_rank(anl14_mean_ebitda_fp1,#))","sub(ts_rank(FIELD,#),ts_rank(FIELD,#))",2026-08-02T00:59:57.848394+00:00
candidate_3a99e588b7e9a2b1a9f1641c,asset_utilization,hyp_dcaf9421292d4d1e8e877c44830e0ea2,efficiency,fundamental,historical_surprise,"Higher asset utilization indicates efficient use of assets to generate sales, which signals managerial effectiveness and competitive advantage, leading to higher profitability and ultimately higher stock returns.",analyst14,"rank(ts_zscore(anl10_roeff_2323,21))",5809e9002e7796fa9cbf841462108cca9864f73400a88b50bdab87b54c27b62e,"ts_zscore(anl10_roeff_2323,#)","ts_zscore(FIELD,#)",2026-08-02T00:59:57.848394+00:00
candidate_fd100d0dea4142df59e265b1,asset_utilization,hyp_dcaf9421292d4d1e8e877c44830e0ea2,efficiency,fundamental,normalized_level,"Higher asset utilization indicates efficient use of assets to generate sales, which signals managerial effectiveness and competitive advantage, leading to higher profitability and ultimately higher stock returns.",analyst14,"rank(anl15_ind_hist_eps_gro/ts_mean(anl15_ind_hist_eps_gro,63))",35c0bd1ae02ecace8c9e04c8c23e7758f94eec9286ba2b78ec07bb3831d1e142,"div(anl15_ind_hist_eps_gro,ts_mean(anl15_ind_hist_eps_gro,#))","div(FIELD,ts_mean(FIELD,#))",2026-08-02T00:59:57.848394+00:00
candidate_8217bc3485c587d5b5cc3af8,asset_utilization,hyp_dcaf9421292d4d1e8e877c44830e0ea2,efficiency,fundamental,change_to_acceleration,"Higher asset utilization indicates efficient use of assets to generate sales, which signals managerial effectiveness and competitive advantage, leading to higher profitability and ultimately higher stock returns.",analyst14,"rank(ts_delta(ts_delta(anl14_mean_revenue_fy5,63),126))",cd5724fc98a844692a4e20f18d5f19793f62d49e8ec8f3877c60547476eabde0,"ts_delta(ts_delta(anl14_mean_revenue_fy5,#),#)","ts_delta(ts_delta(FIELD,#),#)",2026-08-02T00:59:57.848394+00:00
candidate_02067c5fc7bb2c39677d393b,short_horizon_price_reversal,hyp_150ba3f166a84f91ab0f2998baf82c87,mean_reversion,reversal,information_ratio,"Intraday reversals occur due to overreaction to short-term price movements, followed by mean reversion driven by liquidity demand or informed trading.",pv1,"rank(ts_ir(close,20))",0968cf7f15607988a6877e70cf165f4f081f1313b6fec55da0720d7f940dba1b,"ts_ir(close,#)","ts_ir(FIELD,#)",2026-08-02T01:00:09.910649+00:00
candidate_32381be99e9e81e807c1abce,short_horizon_price_reversal,hyp_150ba3f166a84f91ab0f2998baf82c87,mean_reversion,reversal,smoothed_delta,"Intraday reversals occur due to overreaction to short-term price movements, followed by mean reversion driven by liquidity demand or informed trading.",pv1,"rank(ts_mean(ts_delta(returns,1),5))",abd870e86eba82a588547d5742fc2b9addccb91e16d3747485948d9a93e564f2,"ts_mean(ts_delta(returns,#),#)","ts_mean(ts_delta(FIELD,#),#)",2026-08-02T01:00:09.910649+00:00
candidate_7259b7a24f2faaa72780885f,short_horizon_price_reversal,hyp_150ba3f166a84f91ab0f2998baf82c87,mean_reversion,reversal,volatility_regime,"Intraday reversals occur due to overreaction to short-term price movements, followed by mean reversion driven by liquidity demand or informed trading.",pv1,"-rank(ts_std_dev(returns,20))",2d15527498ec903f179f99110543056d7678d8bc1cc97c12a83a77b3d8ff4f83,"neg(ts_std_dev(returns,#))","neg(ts_std_dev(FIELD,#))",2026-08-02T01:00:09.910649+00:00
candidate_317a1a4cd01ff8e8b0d59989,short_horizon_price_reversal,hyp_150ba3f166a84f91ab0f2998baf82c87,mean_reversion,reversal,rank_spread_horizons,"Intraday reversals occur due to overreaction to short-term price movements, followed by mean reversion driven by liquidity demand or informed trading.",pv1,"rank(ts_rank(volume,5)-ts_rank(volume,10))",739df2890804c59df9fed5c9253f40b5b9483f79d2b6b2968abf4cb36938f16b,"sub(ts_rank(volume,#),ts_rank(volume,#))","sub(ts_rank(FIELD,#),ts_rank(FIELD,#))",2026-08-02T01:00:09.910649+00:00
candidate_fc9a0b2ef559640000ea2714,short_horizon_price_reversal,hyp_150ba3f166a84f91ab0f2998baf82c87,mean_reversion,reversal,decayed_momentum,"Intraday reversals occur due to overreaction to short-term price movements, followed by mean reversion driven by liquidity demand or informed trading.",pv1,"rank(ts_decay_linear(ts_delta(volume,5),20))",d1d2e5c421362c006a3b3fb3abd3b10edcd1cb56dbff3d3ce432ce1c9573cca6,"ts_decay_linear(ts_delta(volume,#),#)","ts_decay_linear(ts_delta(FIELD,#),#)",2026-08-02T01:00:09.910649+00:00
candidate_2934c2793dfb7130d9b8be5c,short_horizon_price_reversal,hyp_150ba3f166a84f91ab0f2998baf82c87,mean_reversion,reversal,medium_horizon_momentum,"Intraday reversals occur due to overreaction to short-term price movements, followed by mean reversion driven by liquidity demand or informed trading.",pv1,"rank(ts_rank(close,20))",8f51c0dd32484df30f9cee9d8b5c1b67e658e10f87cd045c78cd9f7d5deb7841,"ts_rank(close,#)","ts_rank(FIELD,#)",2026-08-02T01:00:09.910649+00:00
candidate_7b199e315fe067a13a8893dd,short_horizon_price_reversal,hyp_150ba3f166a84f91ab0f2998baf82c87,mean_reversion,reversal,cross_signal_divergence,"Intraday reversals occur due to overreaction to short-term price movements, followed by mean reversion driven by liquidity demand or informed trading.",pv1,"rank(ts_zscore(returns,20)-ts_zscore(volume,20))",180e80ceef1345c01794a89adb09233ea6e120814e2659a168e1df3e8552f981,"sub(ts_zscore(returns,#),ts_zscore(volume,#))","sub(ts_zscore(FIELD,#),ts_zscore(FIELD,#))",2026-08-02T01:00:09.910649+00:00
candidate_318104dd2f98942af23bb255,operating_profitability,hyp_b545334bf43e4800a3797fb432b70f98,profitability,fundamental,normalized_level,"High operating profitability signals efficient operations and strong pricing power, which are persistent and lead to higher future returns as the market underreacts to this information.",analyst10,"rank(anl14_actvalue_ebitda_fy0/ts_mean(anl14_actvalue_ebitda_fy0,63))",47b69f26a370719a0d165b7fd8af7b8c025a0b55ba5b7e734e18c0edc3974587,"div(anl14_actvalue_ebitda_fy0,ts_mean(anl14_actvalue_ebitda_fy0,#))","div(FIELD,ts_mean(FIELD,#))",2026-08-02T01:00:09.910649+00:00
candidate_293e99c9ce689210bb63d4c2,operating_profitability,hyp_b545334bf43e4800a3797fb432b70f98,profitability,fundamental,change_to_acceleration,"High operating profitability signals efficient operations and strong pricing power, which are persistent and lead to higher future returns as the market underreacts to this information.",analyst10,"rank(ts_delta(ts_delta(anl10_smartest_roa_ff,63),126))",5eb8dd3821e9d7558c8912c6372417d61f488eb0c9a219bfb5d87c5c81845cd9,"ts_delta(ts_delta(anl10_smartest_roa_ff,#),#)","ts_delta(ts_delta(FIELD,#),#)",2026-08-02T01:00:09.910649+00:00
candidate_21c96c89de64379749b18540,operating_profitability,hyp_b545334bf43e4800a3797fb432b70f98,profitability,fundamental,short_horizon_reversal,"High operating profitability signals efficient operations and strong pricing power, which are persistent and lead to higher future returns as the market underreacts to this information.",analyst10,"-rank(ts_delta(anl10_roeff_2323,126))",de63c2ae952d1bae7a1d069245b940fa1d3fe6fd7e7fe2799f239cf56e629449,"neg(ts_delta(anl10_roeff_2323,#))","neg(ts_delta(FIELD,#))",2026-08-02T01:00:09.910649+00:00
candidate_900836b501fb89130003e4f4,earnings_quality_accruals,hyp_992b606749cd4c6582ff64f8278c70fc,quality,fundamental,historical_surprise,"Cash-backed earnings are less subject to estimation errors and manipulation than accrual-intensive earnings, leading to a more sustainable earnings stream that better predicts future performance. The accrual anomaly suggests that investors overestimate the persistence of accruals, so lower accrual intensity reduces the mispricing correction, resulting in more persistent returns.",pv1,"rank(ts_zscore(anl14_stddev_ebitda_fy1,63))",9cb4771c838b3459241659f529dae6e9f7a957f31f36fb5444f4c2101736c4dc,"ts_zscore(anl14_stddev_ebitda_fy1,#)","ts_zscore(FIELD,#)",2026-08-02T01:00:09.910649+00:00
candidate_6c3b5ca84c5a1ea48ee9e98b,balance_sheet_leverage,hyp_554c7892ddac49b9a206eac3cc36186e,quality,volatility,volatility_regime,"In concentrated industries, firms face less competitive pressure, leading to more stable cash flows and lower bankruptcy risk, which enables them to sustain higher debt levels.",analyst14,"-rank(ts_std_dev(anl14_stddev_ebitda_fp1,63))",884e0f05ba8e4774ccec2cc3b24d1f3e267b71fb7506208441d359fc96478f9f,"neg(ts_std_dev(anl14_stddev_ebitda_fp1,#))","neg(ts_std_dev(FIELD,#))",2026-08-02T01:00:21.976331+00:00
candidate_9f1cf2ab8f8bd088df47f4b7,balance_sheet_leverage,hyp_554c7892ddac49b9a206eac3cc36186e,quality,volatility,decayed_momentum,"In concentrated industries, firms face less competitive pressure, leading to more stable cash flows and lower bankruptcy risk, which enables them to sustain higher debt levels.",analyst14,"rank(ts_decay_linear(ts_delta(anl14_stddev_ebitda_fp1,126),63))",5198867eeb9a3a286769abdcf27d6f50c2e3b88f60c1eb481061b364cc6bccd8,"ts_decay_linear(ts_delta(anl14_stddev_ebitda_fp1,#),#)","ts_decay_linear(ts_delta(FIELD,#),#)",2026-08-02T01:00:21.976331+00:00
candidate_545e2b12a35171754a530402,balance_sheet_leverage,hyp_554c7892ddac49b9a206eac3cc36186e,quality,volatility,relative_flow,"In concentrated industries, firms face less competitive pressure, leading to more stable cash flows and lower bankruptcy risk, which enables them to sustain higher debt levels.",analyst14,"rank(ts_mean(anl14_stddev_ebitda_fp2,126)/ts_std_dev(anl14_stddev_ebitda_fp2,63))",60a95bb2c954638aaeb8fe8d5c2d51d63300c1f4caf78656ad07af3d490ff4a8,"div(ts_mean(anl14_stddev_ebitda_fp2,#),ts_std_dev(anl14_stddev_ebitda_fp2,#))","div(ts_mean(FIELD,#),ts_std_dev(FIELD,#))",2026-08-02T01:00:21.976331+00:00
candidate_b7115db26346c8c120244067,balance_sheet_leverage,hyp_554c7892ddac49b9a206eac3cc36186e,quality,volatility,range_signal,"In concentrated industries, firms face less competitive pressure, leading to more stable cash flows and lower bankruptcy risk, which enables them to sustain higher debt levels.",analyst14,"rank(ts_max(anl14_mean_ebitda_fp1,126)-ts_min(anl14_mean_ebitda_fp1,126))",8ccf29dfc4d10671f4d429e174f059cc5b05814ed85f93af3a3df73372e50268,"sub(ts_max(anl14_mean_ebitda_fp1,#),ts_min(anl14_mean_ebitda_fp1,#))","sub(ts_max(FIELD,#),ts_min(FIELD,#))",2026-08-02T01:00:21.976331+00:00
candidate_ca5c41a9e499a5a28c01d49e,balance_sheet_leverage,hyp_554c7892ddac49b9a206eac3cc36186e,quality,volatility,information_ratio,"In concentrated industries, firms face less competitive pressure, leading to more stable cash flows and lower bankruptcy risk, which enables them to sustain higher debt levels.",analyst14,"rank(ts_ir(anl14_stddev_ebitda_fp2,63))",f0c2de2bd1927d7b15400e89a6fe104e7eb0c2f0c7e83d637380488f52889526,"ts_ir(anl14_stddev_ebitda_fp2,#)","ts_ir(FIELD,#)",2026-08-02T01:00:21.976331+00:00
candidate_9292fe236beca0c77560f334,balance_sheet_leverage,hyp_554c7892ddac49b9a206eac3cc36186e,quality,volatility,vol_ratio_regimes,"In concentrated industries, firms face less competitive pressure, leading to more stable cash flows and lower bankruptcy risk, which enables them to sustain higher debt levels.",analyst14,"rank(ts_std_dev(anl14_high_ebitda_fp1,126)/ts_std_dev(anl14_high_ebitda_fp1,252))",2b260aa61fcda0bbbb75966bfbc55717bafe6417d38473a3e626dacf2bdce7e5,"div(ts_std_dev(anl14_high_ebitda_fp1,#),ts_std_dev(anl14_high_ebitda_fp1,#))","div(ts_std_dev(FIELD,#),ts_std_dev(FIELD,#))",2026-08-02T01:00:21.976331+00:00
candidate_ac75c662f1e909c10ad44090,balance_sheet_leverage,hyp_554c7892ddac49b9a206eac3cc36186e,quality,volatility,smoothed_delta,"In concentrated industries, firms face less competitive pressure, leading to more stable cash flows and lower bankruptcy risk, which enables them to sustain higher debt levels.",analyst14,"rank(ts_mean(ts_delta(dividend,1),126))",136341f4b849e8173033c41edccd90ded31c32d5880272a85d8e50870c201e3f,"ts_mean(ts_delta(dividend,#),#)","ts_mean(ts_delta(FIELD,#),#)",2026-08-02T01:00:21.976331+00:00
candidate_2a6a75a20c3eb003911ae382,balance_sheet_leverage,hyp_554c7892ddac49b9a206eac3cc36186e,quality,volatility,medium_horizon_momentum,"In concentrated industries, firms face less competitive pressure, leading to more stable cash flows and lower bankruptcy risk, which enables them to sustain higher debt levels.",analyst14,"rank(ts_rank(anl14_numofests_ebitda_fp1,63))",5c006cf8ce67cedfa75fa50cb1c581933eddc86a3d697b446eed315dd9ef5d13,"ts_rank(anl14_numofests_ebitda_fp1,#)","ts_rank(FIELD,#)",2026-08-02T01:00:21.976331+00:00
candidate_a3d7d51dd535100ec661a53a,revenue_growth,hyp_834fd9f15d4f4147b8f79334f9a76c1c,growth,momentum,cross_signal_divergence,"Higher capital expenditure indicates investment in long-term productive capacity, which can drive future revenue growth through expanded operations or improved efficiency.",analyst14,"rank(ts_zscore(anl14_mean_capex_fy4,126)-ts_zscore(anl14_mean_revenue_fy5,126))",21b0180ef185050ecd8ee28d922b865876bc3279c1a80de821e5909f9326c097,"sub(ts_zscore(anl14_mean_capex_fy4,#),ts_zscore(anl14_mean_revenue_fy5,#))","sub(ts_zscore(FIELD,#),ts_zscore(FIELD,#))",2026-08-02T01:00:21.976331+00:00
candidate_8a10eacc1054a4dea3ad7fd2,revenue_growth,hyp_834fd9f15d4f4147b8f79334f9a76c1c,growth,momentum,short_horizon_reversal,"Higher capital expenditure indicates investment in long-term productive capacity, which can drive future revenue growth through expanded operations or improved efficiency.",analyst14,"-rank(ts_delta(anl14_mean_capex_fy5,63))",af4e3ed33c319d4fc832c81bfb841ca17e15430dedacfc9a84f5fe42b02b55d4,"neg(ts_delta(anl14_mean_capex_fy5,#))","neg(ts_delta(FIELD,#))",2026-08-02T01:00:21.976331+00:00
candidate_0ff1c387f9e27a345cabddca,revenue_growth,hyp_834fd9f15d4f4147b8f79334f9a76c1c,growth,momentum,rank_spread_horizons,"Higher capital expenditure indicates investment in long-term productive capacity, which can drive future revenue growth through expanded operations or improved efficiency.",analyst14,"rank(ts_rank(anl14_mean_revenue_fy5,63)-ts_rank(anl14_mean_revenue_fy5,252))",685be7d065849b734dd1346dd3516dafeb4e730062aabe9a576efae0b7941f3b,"sub(ts_rank(anl14_mean_revenue_fy5,#),ts_rank(anl14_mean_revenue_fy5,#))","sub(ts_rank(FIELD,#),ts_rank(FIELD,#))",2026-08-02T01:00:21.976331+00:00
candidate_2a0e039a1333fc4e2c9851f7,earnings_quality_accruals,hyp_992b606749cd4c6582ff64f8278c70fc,quality,fundamental,change_to_acceleration,"Cash-backed earnings are less subject to estimation errors and manipulation than accrual-intensive earnings, leading to a more sustainable earnings stream that better predicts future performance. The accrual anomaly suggests that investors overestimate the persistence of accruals, so lower accrual intensity reduces the mispricing correction, resulting in more persistent returns.",pv1,"rank(ts_delta(ts_delta(dividend,126),252))",71e5611bc7f8dfffcdfcce4e625117f3f361487f78c5064320f3380e2770d6a2,"ts_delta(ts_delta(dividend,#),#)","ts_delta(ts_delta(FIELD,#),#)",2026-08-02T01:00:21.976331+00:00
candidate_af986f3a8792a448b168aa3e,earnings_quality_accruals,hyp_992b606749cd4c6582ff64f8278c70fc,quality,fundamental,normalized_level,"Cash-backed earnings are less subject to estimation errors and manipulation than accrual-intensive earnings, leading to a more sustainable earnings stream that better predicts future performance. The accrual anomaly suggests that investors overestimate the persistence of accruals, so lower accrual intensity reduces the mispricing correction, resulting in more persistent returns.",pv1,"rank(anl10_epsinnovation_score_fy1/ts_mean(anl10_epsinnovation_score_fy1,126))",ece868a0ab34b3cc9d496ec5a4016c5e96ed5bc1551cadcd8e8d58bf526a490e,"div(anl10_epsinnovation_score_fy1,ts_mean(anl10_epsinnovation_score_fy1,#))","div(FIELD,ts_mean(FIELD,#))",2026-08-02T01:00:21.976331+00:00
candidate_c1d406ae2d0b888dea2a79a9,quality_low_volatility,hyp_f78a326da49140c0aca624a2839a0a5e,composite,momentum,cross_signal_divergence,"Investors tend to overpay for growth and glamour stocks, leading to lower future returns for high-risk equities; meanwhile, durable quality firms with stable earnings and low volatility are undervalued, and their consistent performance compounds over time, delivering excess returns.",analyst15,"rank(ts_zscore(close,63)-ts_zscore(returns,63))",753c9a067a317ef68c47e376a6139b4dadc6315024d01b7e51d1358be6aeb220,"sub(ts_zscore(close,#),ts_zscore(returns,#))","sub(ts_zscore(FIELD,#),ts_zscore(FIELD,#))",2026-08-02T01:00:33.973805+00:00
candidate_abbfb5104cb5cc8e28238bf8,quality_low_volatility,hyp_f78a326da49140c0aca624a2839a0a5e,composite,momentum,decayed_momentum,"Investors tend to overpay for growth and glamour stocks, leading to lower future returns for high-risk equities; meanwhile, durable quality firms with stable earnings and low volatility are undervalued, and their consistent performance compounds over time, delivering excess returns.",analyst15,"rank(ts_decay_linear(ts_delta(returns,21),63))",17ddc3c91c9649b1aea4767aa30be5cefe4a36500688821957e4e189849fdb09,"ts_decay_linear(ts_delta(returns,#),#)","ts_decay_linear(ts_delta(FIELD,#),#)",2026-08-02T01:00:33.973805+00:00
candidate_ca7cbd4104c15602ce946f21,quality_low_volatility,hyp_f78a326da49140c0aca624a2839a0a5e,composite,momentum,volatility_regime,"Investors tend to overpay for growth and glamour stocks, leading to lower future returns for high-risk equities; meanwhile, durable quality firms with stable earnings and low volatility are undervalued, and their consistent performance compounds over time, delivering excess returns.",analyst15,"-rank(ts_std_dev(cap,63))",660b7290406a951d8f7c99f4efe93927f431cb89b8e35920b42257fc2a8a2e5a,"neg(ts_std_dev(cap,#))","neg(ts_std_dev(FIELD,#))",2026-08-02T01:00:33.973805+00:00
candidate_906fdc77e719fefae19aa5b0,quality_low_volatility,hyp_f78a326da49140c0aca624a2839a0a5e,composite,momentum,medium_horizon_momentum,"Investors tend to overpay for growth and glamour stocks, leading to lower future returns for high-risk equities; meanwhile, durable quality firms with stable earnings and low volatility are undervalued, and their consistent performance compounds over time, delivering excess returns.",analyst15,"rank(ts_rank(anl15_s_hist_eps_gro,63))",299a1c54b6e91bb1b49449870ffce72ff47f58debe99b8bbda2c379ed151b27a,"ts_rank(anl15_s_hist_eps_gro,#)","ts_rank(FIELD,#)",2026-08-02T01:00:33.973805+00:00
candidate_9dd34c4772c7c164a15b2816,quality_low_volatility,hyp_f78a326da49140c0aca624a2839a0a5e,composite,momentum,rank_spread_horizons,"Investors tend to overpay for growth and glamour stocks, leading to lower future returns for high-risk equities; meanwhile, durable quality firms with stable earnings and low volatility are undervalued, and their consistent performance compounds over time, delivering excess returns.",analyst15,"rank(ts_rank(returns,21)-ts_rank(returns,126))",ff9204250efb6447706c43bf9d6b39d1092b735262f2c53234ef38aa2be47a22,"sub(ts_rank(returns,#),ts_rank(returns,#))","sub(ts_rank(FIELD,#),ts_rank(FIELD,#))",2026-08-02T01:00:33.973805+00:00
candidate_3aabaeec9446d1a296273901,quality_low_volatility,hyp_f78a326da49140c0aca624a2839a0a5e,composite,momentum,short_horizon_reversal,"Investors tend to overpay for growth and glamour stocks, leading to lower future returns for high-risk equities; meanwhile, durable quality firms with stable earnings and low volatility are undervalued, and their consistent performance compounds over time, delivering excess returns.",analyst15,"-rank(ts_delta(anl15_s_hist_eps_gro,21))",c34d78a1bb77c884b866ebdd62da4f20949d2188c22e9435ef0065cbae5942f2,"neg(ts_delta(anl15_s_hist_eps_gro,#))","neg(ts_delta(FIELD,#))",2026-08-02T01:00:33.973805+00:00
candidate_7fd6d85eb7f8abdc6cdc30bf,quality_low_volatility,hyp_f78a326da49140c0aca624a2839a0a5e,composite,momentum,smoothed_delta,"Investors tend to overpay for growth and glamour stocks, leading to lower future returns for high-risk equities; meanwhile, durable quality firms with stable earnings and low volatility are undervalued, and their consistent performance compounds over time, delivering excess returns.",analyst15,"rank(ts_mean(ts_delta(close,1),21))",7287442edee48ba0d15f0dd1184986a3e9c00006bc747952c577d3a7ca19a81b,"ts_mean(ts_delta(close,#),#)","ts_mean(ts_delta(FIELD,#),#)",2026-08-02T01:00:33.973805+00:00
candidate_5bc8864e1f263fb3905e1ee1,quality_low_volatility,hyp_f78a326da49140c0aca624a2839a0a5e,composite,momentum,information_ratio,"Investors tend to overpay for growth and glamour stocks, leading to lower future returns for high-risk equities; meanwhile, durable quality firms with stable earnings and low volatility are undervalued, and their consistent performance compounds over time, delivering excess returns.",analyst15,"rank(ts_ir(cap,63))",daa525b2dae36c2c6950a90d68c97d409dc4b0a16db077d1dfc8628d2e011f98,"ts_ir(cap,#)","ts_ir(FIELD,#)",2026-08-02T01:00:33.973805+00:00
candidate_3b67c73571980db9cc5d3ea5,analyst_revision_direction,hyp_4931166f8fdc4706a9416df537024c83,expectations,balanced,decayed_momentum,"Consistent revisions across both earnings and target price by multiple analysts signal a stronger consensus and higher confidence in the stock's future prospects, leading to price continuation.",analyst11,"rank(ts_decay_linear(ts_delta(anl15_gr_div_cos,21),63))",54c44d91293385a0f3f06cbb39f772a7896bfe3803d83e2d1b3a8ae907eac985,"ts_decay_linear(ts_delta(anl15_gr_div_cos,#),#)","ts_decay_linear(ts_delta(FIELD,#),#)",2026-08-02T01:00:46.023069+00:00
candidate_6ae9e3de1ef8cba7dc95eb3d,analyst_revision_direction,hyp_4931166f8fdc4706a9416df537024c83,expectations,balanced,information_ratio,"Consistent revisions across both earnings and target price by multiple analysts signal a stronger consensus and higher confidence in the stock's future prospects, leading to price continuation.",analyst11,"rank(ts_ir(anl15_ind_fy1_cos_up,63))",cb00fd696d65b2908c81ae0d164b21a35c7dc283d2dc63245ba0405a6a34dc1e,"ts_ir(anl15_ind_fy1_cos_up,#)","ts_ir(FIELD,#)",2026-08-02T01:00:46.023069+00:00
candidate_9d50896d2fa18583dc2309f5,analyst_revision_direction,hyp_4931166f8fdc4706a9416df537024c83,expectations,balanced,rank_spread_horizons,"Consistent revisions across both earnings and target price by multiple analysts signal a stronger consensus and higher confidence in the stock's future prospects, leading to price continuation.",analyst11,"rank(ts_rank(anl11_1g,21)-ts_rank(anl11_1g,126))",68836d2527d00975f54f135a1cb876016c152e230639c862348265e9757830ab,"sub(ts_rank(anl11_1g,#),ts_rank(anl11_1g,#))","sub(ts_rank(FIELD,#),ts_rank(FIELD,#))",2026-08-02T01:00:46.023069+00:00
candidate_3618cfecea55842e652f41ef,analyst_revision_direction,hyp_4931166f8fdc4706a9416df537024c83,expectations,balanced,medium_horizon_momentum,"Consistent revisions across both earnings and target price by multiple analysts signal a stronger consensus and higher confidence in the stock's future prospects, leading to price continuation.",analyst11,"rank(ts_rank(anl11_1e,63))",26e8455479457931417f5a57682e2f77abba9e4e2625329a6e9cee116687588a,"ts_rank(anl11_1e,#)","ts_rank(FIELD,#)",2026-08-02T01:00:46.023069+00:00
candidate_72fe5a36f2fa121985cb2ef1,analyst_revision_direction,hyp_4931166f8fdc4706a9416df537024c83,expectations,balanced,volatility_regime,"Consistent revisions across both earnings and target price by multiple analysts signal a stronger consensus and higher confidence in the stock's future prospects, leading to price continuation.",analyst11,"-rank(ts_std_dev(anl15_gr_div_cos,63))",73d1ab7650c45a1cfe44050e5fc2a3b922cb0cbc7d13d8e6b5dff5d79a369b4c,"neg(ts_std_dev(anl15_gr_div_cos,#))","neg(ts_std_dev(FIELD,#))",2026-08-02T01:00:46.023069+00:00
candidate_f78a02ea72f730d9c23db047,analyst_revision_direction,hyp_4931166f8fdc4706a9416df537024c83,expectations,balanced,cross_signal_divergence,"Consistent revisions across both earnings and target price by multiple analysts signal a stronger consensus and higher confidence in the stock's future prospects, leading to price continuation.",analyst11,"rank(ts_zscore(anl11_1e,63)-ts_zscore(anl11_1g,63))",f3211614164938a8c1fa6d604996a5f0e88ac4f29becd4a8cf246ee9d98434ce,"sub(ts_zscore(anl11_1e,#),ts_zscore(anl11_1g,#))","sub(ts_zscore(FIELD,#),ts_zscore(FIELD,#))",2026-08-02T01:00:46.023069+00:00
candidate_979297be322032bb4c418aa2,fundamental_time_series_strength,hyp_4641966dda26401092eb94ea602081f1,quality,reversal,short_horizon_reversal,"Investors overreact to rank improvements in persistent fundamentals, leading to temporary overpricing and subsequent mean reversion in returns.",pv1,"-rank(ts_delta(dividend,21))",7f6cc79609c9051fce187bd903c890c4d27e0e674328b180ce1f227c570919fa,"neg(ts_delta(dividend,#))","neg(ts_delta(FIELD,#))",2026-08-02T01:00:46.023069+00:00
candidate_f7f010fede23ba317704d1a9,fundamental_time_series_strength,hyp_4641966dda26401092eb94ea602081f1,quality,reversal,smoothed_delta,"Investors overreact to rank improvements in persistent fundamentals, leading to temporary overpricing and subsequent mean reversion in returns.",pv1,"rank(ts_mean(ts_delta(anl10_epsinnovation_score_fy1,1),21))",4650eb39c712add14fb093004018d8da311f166bd177b56530062952a705f572,"ts_mean(ts_delta(anl10_epsinnovation_score_fy1,#),#)","ts_mean(ts_delta(FIELD,#),#)",2026-08-02T01:00:46.023069+00:00
candidate_799e554fff5e2a80c5c995cd,quality_low_volatility,hyp_b1cecf9cf5674d73ac4a9d93a1f5d417,composite,volatility,vol_ratio_regimes,"High operating cash flow margins indicate durable quality, while low earnings variability reduces uncertainty. Low idiosyncratic volatility captures the low-volatility effect without excessive exposure to systematic factors, leading to a smoother performance and higher compounded returns over longer horizons.",analyst14,"rank(ts_std_dev(returns,126)/ts_std_dev(returns,252))",16256e68d230fd386f4edb3226dc8448e7739a6d23cc7571f63fc5e73167a4a1,"div(ts_std_dev(returns,#),ts_std_dev(returns,#))","div(ts_std_dev(FIELD,#),ts_std_dev(FIELD,#))",2026-08-02T01:00:46.023069+00:00
candidate_f874c6f586847b0c4962fb9b,quality_low_volatility,hyp_b1cecf9cf5674d73ac4a9d93a1f5d417,composite,volatility,relative_flow,"High operating cash flow margins indicate durable quality, while low earnings variability reduces uncertainty. Low idiosyncratic volatility captures the low-volatility effect without excessive exposure to systematic factors, leading to a smoother performance and higher compounded returns over longer horizons.",analyst14,"rank(ts_mean(anl14_stddev_ebitda_fp1,126)/ts_std_dev(anl14_stddev_ebitda_fp1,63))",a062dab72bbedf991bc43f5b2a7ea47c59a316b0c905e34c219ae6d59773f73b,"div(ts_mean(anl14_stddev_ebitda_fp1,#),ts_std_dev(anl14_stddev_ebitda_fp1,#))","div(ts_mean(FIELD,#),ts_std_dev(FIELD,#))",2026-08-02T01:00:46.023069+00:00
candidate_ba92611b266ba6dc85860f48,quality_low_volatility,hyp_b1cecf9cf5674d73ac4a9d93a1f5d417,composite,volatility,range_signal,"High operating cash flow margins indicate durable quality, while low earnings variability reduces uncertainty. Low idiosyncratic volatility captures the low-volatility effect without excessive exposure to systematic factors, leading to a smoother performance and higher compounded returns over longer horizons.",analyst14,"rank(ts_max(close,126)-ts_min(close,126))",03ee84ad6f6bb428221a4fe76fa4263ee5501a247ef7baa5cace45b8ff2de04f,"sub(ts_max(close,#),ts_min(close,#))","sub(ts_max(FIELD,#),ts_min(FIELD,#))",2026-08-02T01:00:46.023069+00:00
candidate_180adb240ebe8b756c8000c3,asset_utilization,hyp_d709c2ee9e2f44fd80ebfe169e611196,efficiency,volatility,smoothed_delta,"Higher asset turnover indicates more efficient use of assets, reducing operational risk and information asymmetry, leading to lower required returns by equity investors.",analyst14,"rank(ts_mean(ts_delta(anl14_high_ebitda_fy1,1),63))",69100d35802768d8b3d7a7a0102e653308356b1a8a8a7966f6040a0bc0548ea2,"ts_mean(ts_delta(anl14_high_ebitda_fy1,#),#)","ts_mean(ts_delta(FIELD,#),#)",2026-08-02T01:00:58.067137+00:00
candidate_55ca6d4bd174f6705dd2e5d9,asset_utilization,hyp_d709c2ee9e2f44fd80ebfe169e611196,efficiency,volatility,volatility_regime,"Higher asset turnover indicates more efficient use of assets, reducing operational risk and information asymmetry, leading to lower required returns by equity investors.",analyst14,"-rank(ts_std_dev(anl14_mean_revenue_fy5,21))",90f914928a16e2122c339921994428661bbae20e4de67af523ea61a74186db8c,"neg(ts_std_dev(anl14_mean_revenue_fy5,#))","neg(ts_std_dev(FIELD,#))",2026-08-02T01:00:58.067137+00:00
candidate_6e3890753a5773673b909cc2,asset_utilization,hyp_d709c2ee9e2f44fd80ebfe169e611196,efficiency,volatility,decayed_momentum,"Higher asset turnover indicates more efficient use of assets, reducing operational risk and information asymmetry, leading to lower required returns by equity investors.",analyst14,"rank(ts_decay_linear(ts_delta(anl14_mean_revenue_fy5,63),21))",6b9d46f08f8c6b93d9420a85e509459fa2905926c54ee4b816f26a829e264b52,"ts_decay_linear(ts_delta(anl14_mean_revenue_fy5,#),#)","ts_decay_linear(ts_delta(FIELD,#),#)",2026-08-02T01:00:58.067137+00:00
candidate_730fc8a67221fd2da29ca89f,asset_utilization,hyp_d709c2ee9e2f44fd80ebfe169e611196,efficiency,volatility,information_ratio,"Higher asset turnover indicates more efficient use of assets, reducing operational risk and information asymmetry, leading to lower required returns by equity investors.",analyst14,"rank(ts_ir(dividend,21))",ea0fc047cac0f49450133dc74f12540c60ffe725df2086ece6c189e6200d9e26,"ts_ir(dividend,#)","ts_ir(FIELD,#)",2026-08-02T01:00:58.067137+00:00
candidate_8de3cb1f5d8cb9216eaa4e77,asset_utilization,hyp_d709c2ee9e2f44fd80ebfe169e611196,efficiency,volatility,vol_ratio_regimes,"Higher asset turnover indicates more efficient use of assets, reducing operational risk and information asymmetry, leading to lower required returns by equity investors.",analyst14,"rank(ts_std_dev(anl14_median_ndebt_fp3,63)/ts_std_dev(anl14_median_ndebt_fp3,126))",47085b376bdcac48d7da2ea5037938de2f8170f4a289728bcc501b55ccb7b108,"div(ts_std_dev(anl14_median_ndebt_fp3,#),ts_std_dev(anl14_median_ndebt_fp3,#))","div(ts_std_dev(FIELD,#),ts_std_dev(FIELD,#))",2026-08-02T01:00:58.067137+00:00
candidate_2eaaf53769533c5d3199c8b6,asset_utilization,hyp_d709c2ee9e2f44fd80ebfe169e611196,efficiency,volatility,medium_horizon_momentum,"Higher asset turnover indicates more efficient use of assets, reducing operational risk and information asymmetry, leading to lower required returns by equity investors.",analyst14,"rank(ts_rank(anl14_mean_ebitda_fy1,21))",b4b795603c52cc4837ef7c8c26a2dd9db0e6c1b03aa9efb83826d0b508400944,"ts_rank(anl14_mean_ebitda_fy1,#)","ts_rank(FIELD,#)",2026-08-02T01:00:58.067137+00:00
candidate_ac881d0ae7a717f56372e687,vwap_close_deviation,hyp_3766088610864b88bf716723c3989467,mean_reversion,momentum,short_horizon_reversal,"Extreme deviations from VWAP indicate temporary order imbalance or momentum exhaustion, which mean-reverts as liquidity providers counteract the mispricing.",pv1,"-rank(ts_delta(adv20,5))",89f7b7adff66ff203226f98088ce2d3358a395e755bab994eca5aed9b066f932,"neg(ts_delta(adv20,#))","neg(ts_delta(FIELD,#))",2026-08-02T01:00:58.067137+00:00
candidate_4d260e14852970838ca9be57,vwap_close_deviation,hyp_3766088610864b88bf716723c3989467,mean_reversion,momentum,cross_signal_divergence,"Extreme deviations from VWAP indicate temporary order imbalance or momentum exhaustion, which mean-reverts as liquidity providers counteract the mispricing.",pv1,"rank(ts_zscore(close,10)-ts_zscore(vwap,10))",b0c3eafedc1841401e56db2a73051505f1e049a34bd62c3cac0da8d0449ed96c,"sub(ts_zscore(close,#),ts_zscore(vwap,#))","sub(ts_zscore(FIELD,#),ts_zscore(FIELD,#))",2026-08-02T01:00:58.067137+00:00
candidate_fe805540e51dd85ab7166803,vwap_close_deviation,hyp_3766088610864b88bf716723c3989467,mean_reversion,momentum,rank_spread_horizons,"Extreme deviations from VWAP indicate temporary order imbalance or momentum exhaustion, which mean-reverts as liquidity providers counteract the mispricing.",pv1,"rank(ts_rank(vwap,5)-ts_rank(vwap,20))",b387eb3bb3e7bd2ab98bb7ddaf67372959f861d795ce6f49bd9b9f5a2c2817a1,"sub(ts_rank(vwap,#),ts_rank(vwap,#))","sub(ts_rank(FIELD,#),ts_rank(FIELD,#))",2026-08-02T01:00:58.067137+00:00
candidate_aa96f7f0ba74f9a5a38a01d8,short_horizon_price_reversal,hyp_37d376828c374cd7bed0769daedf168a,mean_reversion,reversal,information_ratio,"Overreaction to overnight news and subsequent intraday mean reversion, amplified by liquidity constraints that delay execution.",pv1,"rank(ts_ir(low,20))",508b7a3722c1ead0f2e7ed3ad659605b41d9a3c3200338ada6aa1894cb8eaa0b,"ts_ir(low,#)","ts_ir(FIELD,#)",2026-08-02T01:01:10.158564+00:00
candidate_9d154210041652c318e35d58,short_horizon_price_reversal,hyp_37d376828c374cd7bed0769daedf168a,mean_reversion,reversal,volatility_regime,"Overreaction to overnight news and subsequent intraday mean reversion, amplified by liquidity constraints that delay execution.",pv1,"-rank(ts_std_dev(open,20))",4bcdf2c7c9e8436950314fc2a618c663114b190a7d3843401806bcee7d385cf2,"neg(ts_std_dev(open,#))","neg(ts_std_dev(FIELD,#))",2026-08-02T01:01:10.158564+00:00
candidate_22770aafba638753533d6df8,short_horizon_price_reversal,hyp_37d376828c374cd7bed0769daedf168a,mean_reversion,reversal,decayed_momentum,"Overreaction to overnight news and subsequent intraday mean reversion, amplified by liquidity constraints that delay execution.",pv1,"rank(ts_decay_linear(ts_delta(high,5),20))",199d66f7b989db741b8d3c1b8f8d28e9117869614b8b1b6c312259cd0a72a10a,"ts_decay_linear(ts_delta(high,#),#)","ts_decay_linear(ts_delta(FIELD,#),#)",2026-08-02T01:01:10.158564+00:00
candidate_70c9b003f98d4b198b86b863,short_horizon_price_reversal,hyp_37d376828c374cd7bed0769daedf168a,mean_reversion,reversal,smoothed_delta,"Overreaction to overnight news and subsequent intraday mean reversion, amplified by liquidity constraints that delay execution.",pv1,"rank(ts_mean(ts_delta(vwap,1),5))",dab8758ae647c77446528a5551ae780a00c23adc60f07152cbe6eb2dea5b93dd,"ts_mean(ts_delta(vwap,#),#)","ts_mean(ts_delta(FIELD,#),#)",2026-08-02T01:01:10.158564+00:00
candidate_21d75497a572c4cfd2a0354b,short_horizon_price_reversal,hyp_37d376828c374cd7bed0769daedf168a,mean_reversion,reversal,medium_horizon_momentum,"Overreaction to overnight news and subsequent intraday mean reversion, amplified by liquidity constraints that delay execution.",pv1,"rank(ts_rank(volume,20))",022e3fc6e8c5a790316dd23d7f2e54385b8f37535062ca7710c8792631ff8c3d,"ts_rank(volume,#)","ts_rank(FIELD,#)",2026-08-02T01:01:10.158564+00:00
candidate_fce341b532489363592c5010,asset_utilization,hyp_538936e31d584135838a14c9ff9623d5,efficiency,balanced,cross_signal_divergence,"Higher asset turnover reflects efficient use of assets to generate sales, which typically indicates stable demand and operational discipline, leading to more predictable earnings streams.",analyst14,"rank(ts_zscore(anl14_high_ebitda_fp1,126)-ts_zscore(anl14_low_ebitda_fp2,126))",152f778ba4df79d2155dad42f00dd5051bb9e649a0bbacc1c559a59155e3c6c6,"sub(ts_zscore(anl14_high_ebitda_fp1,#),ts_zscore(anl14_low_ebitda_fp2,#))","sub(ts_zscore(FIELD,#),ts_zscore(FIELD,#))",2026-08-02T01:01:10.158564+00:00
candidate_bf356a836fac7f4395f587ff,asset_utilization,hyp_538936e31d584135838a14c9ff9623d5,efficiency,balanced,short_horizon_reversal,"Higher asset turnover reflects efficient use of assets to generate sales, which typically indicates stable demand and operational discipline, leading to more predictable earnings streams.",analyst14,"-rank(ts_delta(anl14_stddev_ebitda_fp3,63))",d5a5536358876d8331c3e1678e3d03855d804130cc98db45c8a5e0c8c4b98498,"neg(ts_delta(anl14_stddev_ebitda_fp3,#))","neg(ts_delta(FIELD,#))",2026-08-02T01:01:10.158564+00:00
candidate_de0babfce05a8ff32d11ccca,asset_utilization,hyp_538936e31d584135838a14c9ff9623d5,efficiency,balanced,rank_spread_horizons,"Higher asset turnover reflects efficient use of assets to generate sales, which typically indicates stable demand and operational discipline, leading to more predictable earnings streams.",analyst14,"rank(ts_rank(anl14_low_ebitda_fp2,63)-ts_rank(anl14_low_ebitda_fp2,252))",481dc53b334948501c618b13f090d0f9ad31749fea4541f7fe0351140c0a3881,"sub(ts_rank(anl14_low_ebitda_fp2,#),ts_rank(anl14_low_ebitda_fp2,#))","sub(ts_rank(FIELD,#),ts_rank(FIELD,#))",2026-08-02T01:01:10.158564+00:00
candidate_65877c2d6433924d29fb63ad,fundamental_time_series_strength,hyp_4641966dda26401092eb94ea602081f1,quality,reversal,information_ratio,"Investors overreact to rank improvements in persistent fundamentals, leading to temporary overpricing and subsequent mean reversion in returns.",pv1,"rank(ts_ir(anl14_high_ebitda_fy1,126))",bfe55c532862a75f8f111afdc1b4a59db2980ec935754f1f2ef00124a5d90448,"ts_ir(anl14_high_ebitda_fy1,#)","ts_ir(FIELD,#)",2026-08-02T01:01:22.207262+00:00
candidate_8f9473cf4c2c1a895f124211,fundamental_time_series_strength,hyp_4641966dda26401092eb94ea602081f1,quality,reversal,rank_spread_horizons,"Investors overreact to rank improvements in persistent fundamentals, leading to temporary overpricing and subsequent mean reversion in returns.",pv1,"rank(ts_rank(anl10_epsnormal_increase_fy1,21)-ts_rank(anl10_epsnormal_increase_fy1,63))",5826ceb4615e0433146e3e4d455d3501fbbb1beca13d7e9f3530652062e68409,"sub(ts_rank(anl10_epsnormal_increase_fy1,#),ts_rank(anl10_epsnormal_increase_fy1,#))","sub(ts_rank(FIELD,#),ts_rank(FIELD,#))",2026-08-02T01:01:22.207262+00:00
candidate_6510114c92495a5ca092eb44,fundamental_time_series_strength,hyp_4641966dda26401092eb94ea602081f1,quality,reversal,medium_horizon_momentum,"Investors overreact to rank improvements in persistent fundamentals, leading to temporary overpricing and subsequent mean reversion in returns.",pv1,"rank(ts_rank(anl10_epsrevise_value_fy1,126))",8f112b4954c7e41b292794e24ea3c33194c51c7eb925cade08a0f01d83ee6ea2,"ts_rank(anl10_epsrevise_value_fy1,#)","ts_rank(FIELD,#)",2026-08-02T01:01:22.207262+00:00
candidate_fbe0dce2174f67e267f6f3dd,fundamental_time_series_strength,hyp_4641966dda26401092eb94ea602081f1,quality,reversal,volatility_regime,"Investors overreact to rank improvements in persistent fundamentals, leading to temporary overpricing and subsequent mean reversion in returns.",pv1,"-rank(ts_std_dev(anl14_low_ebitda_fy1,126))",a2e1c2811d3fb60bbf513f3fac634565456a3c2985f8af41cb086ad524338589,"neg(ts_std_dev(anl14_low_ebitda_fy1,#))","neg(ts_std_dev(FIELD,#))",2026-08-02T01:01:22.207262+00:00
candidate_24615200c639b74b73540e1e,fundamental_time_series_strength,hyp_4641966dda26401092eb94ea602081f1,quality,reversal,cross_signal_divergence,"Investors overreact to rank improvements in persistent fundamentals, leading to temporary overpricing and subsequent mean reversion in returns.",pv1,"rank(ts_zscore(anl10_epsinnovate_increase_fy1,126)-ts_zscore(anl10_epsnormal_increase_fy1,126))",d96b7965ab3c5384887e04dc960bd565eaf0c4d169e0615efc37e4898d58f7d2,"sub(ts_zscore(anl10_epsinnovate_increase_fy1,#),ts_zscore(anl10_epsnormal_increase_fy1,#))","sub(ts_zscore(FIELD,#),ts_zscore(FIELD,#))",2026-08-02T01:01:22.207262+00:00
candidate_574cfd23586470ef197f7575,fundamental_time_series_strength,hyp_4641966dda26401092eb94ea602081f1,quality,reversal,decayed_momentum,"Investors overreact to rank improvements in persistent fundamentals, leading to temporary overpricing and subsequent mean reversion in returns.",pv1,"rank(ts_decay_linear(ts_delta(anl14_mean_ebitda_fy1,21),126))",eb2518cb08d57b9ab226e66f5474a7e154f1c2ea15630717b5d4354be9d07a95,"ts_decay_linear(ts_delta(anl14_mean_ebitda_fy1,#),#)","ts_decay_linear(ts_delta(FIELD,#),#)",2026-08-02T01:01:22.207262+00:00
candidate_c2c54d234d0018cf6493ac9f,asset_utilization,hyp_6f0b23201ecc4aa7a5357daf589388b2,efficiency,volatility,smoothed_delta,"Higher ROA indicates more efficient use of assets to generate profits, which may signal operational stability and lower financial risk, leading to less volatile stock returns.",analyst10,"rank(ts_mean(ts_delta(anl14_stddev_ebitda_fp1,1),63))",26577084a8fb7cb7e259e048688c16e074b9d0aad368187b0b2ca414584e9f41,"ts_mean(ts_delta(anl14_stddev_ebitda_fp1,#),#)","ts_mean(ts_delta(FIELD,#),#)",2026-08-02T01:01:22.207262+00:00
candidate_69517b2b6ca6f02923414b5d,intraday_momentum_industry_neutral,hyp_f4b5444e57c14889a844c421d96fb7a6,momentum,fundamental,short_horizon_reversal,"Large intraday price swings indicate overreaction or noise trading, which tends to reverse on the next day as prices correct back toward fundamental values.",pv1,"-rank(ts_delta(low,20))",5d01354724175fed599e6a0d861c2405686c5c35da56c569f9f55bdd1aab0273,"neg(ts_delta(low,#))","neg(ts_delta(FIELD,#))",2026-08-02T01:01:22.207262+00:00
candidate_eddcfd9f4ad7f8e082881384,fundamental_improvement_price_confirmation,hyp_5106c83a7a954de196d11a2d150cbf3a,composite,momentum,short_horizon_reversal,"An increase in operating cash flow per share indicates improved cash generation efficiency, a fundamental improvement. A bullish RSI crossover from oversold levels suggests a short-term price reversal. The combination signals both financial health and recent positive momentum, leading to near-term outperformance.",analyst14,"-rank(ts_delta(sharesout,5))",002bba18138be996db7ecf62ddbf6534d21cd4ef8da07cebc00867c410bbb181,"neg(ts_delta(sharesout,#))","neg(ts_delta(FIELD,#))",2026-08-02T01:01:34.216859+00:00
candidate_6672aa9f77a15d1260d3e1ed,fundamental_improvement_price_confirmation,hyp_5106c83a7a954de196d11a2d150cbf3a,composite,momentum,medium_horizon_momentum,"An increase in operating cash flow per share indicates improved cash generation efficiency, a fundamental improvement. A bullish RSI crossover from oversold levels suggests a short-term price reversal. The combination signals both financial health and recent positive momentum, leading to near-term outperformance.",analyst14,"rank(ts_rank(anl14_actvalue_ebitda_fy0,10))",7046de92d9d5db1b94a659bda74491a389cd58a7a8c5d9d154e2eb3825c4932e,"ts_rank(anl14_actvalue_ebitda_fy0,#)","ts_rank(FIELD,#)",2026-08-02T01:01:34.216859+00:00
candidate_0af8b7898faebb2c30367371,fundamental_improvement_price_confirmation,hyp_5106c83a7a954de196d11a2d150cbf3a,composite,momentum,information_ratio,"An increase in operating cash flow per share indicates improved cash generation efficiency, a fundamental improvement. A bullish RSI crossover from oversold levels suggests a short-term price reversal. The combination signals both financial health and recent positive momentum, leading to near-term outperformance.",analyst14,"rank(ts_ir(anl14_actvalue_ebitda_fy0,10))",a022693e248f8368badb0cb362f0b3c565efbe5cf777d8f37491b833c7bcb29f,"ts_ir(anl14_actvalue_ebitda_fy0,#)","ts_ir(FIELD,#)",2026-08-02T01:01:34.216859+00:00
candidate_d544ac146933787a6ef70318,fundamental_improvement_price_confirmation,hyp_5106c83a7a954de196d11a2d150cbf3a,composite,momentum,smoothed_delta,"An increase in operating cash flow per share indicates improved cash generation efficiency, a fundamental improvement. A bullish RSI crossover from oversold levels suggests a short-term price reversal. The combination signals both financial health and recent positive momentum, leading to near-term outperformance.",analyst14,"rank(ts_mean(ts_delta(sharesout,1),5))",2f19bd65b0bf6d33a585a65bdeb710be46f71ad88433103f8ce1a793dd79fab2,"ts_mean(ts_delta(sharesout,#),#)","ts_mean(ts_delta(FIELD,#),#)",2026-08-02T01:01:34.216859+00:00
candidate_6bda2836dc91257575ba5a27,intraday_momentum_industry_neutral,hyp_f4b5444e57c14889a844c421d96fb7a6,momentum,fundamental,decayed_momentum,"Large intraday price swings indicate overreaction or noise trading, which tends to reverse on the next day as prices correct back toward fundamental values.",pv1,"rank(ts_decay_linear(ts_delta(open,20),10))",c4d540619a12690ff168c66ea78c0ec8b9c8512143a398eb5ab30b678d79ea6a,"ts_decay_linear(ts_delta(open,#),#)","ts_decay_linear(ts_delta(FIELD,#),#)",2026-08-02T01:01:34.216859+00:00
candidate_3651ed278b4306db3cab4e73,earnings_surprise_persistence,hyp_37b7fac43e9d4cc385d86ff907082b40,expectations,balanced,rank_spread_horizons,"Analysts underreact to earnings surprises due to anchoring on prior forecasts, leading to gradual revision of expectations.",analyst11,"rank(ts_rank(anl11_pme,5)-ts_rank(anl11_pme,20))",0c3410183317d5c7bf7681b736dd78c799bd26dcec7018ff4aa6f436099db7b2,"sub(ts_rank(anl11_pme,#),ts_rank(anl11_pme,#))","sub(ts_rank(FIELD,#),ts_rank(FIELD,#))",2026-08-02T01:01:34.216859+00:00
candidate_16532d694e64e4198bcd073a,earnings_surprise_persistence,hyp_37b7fac43e9d4cc385d86ff907082b40,expectations,balanced,volatility_regime,"Analysts underreact to earnings surprises due to anchoring on prior forecasts, leading to gradual revision of expectations.",analyst11,"-rank(ts_std_dev(anl11_g,10))",a9ca821c0750f3b62987f951586fee02ebad9dd77297ab894e0feaa64400c8b7,"neg(ts_std_dev(anl11_g,#))","neg(ts_std_dev(FIELD,#))",2026-08-02T01:01:34.216859+00:00
candidate_a209e22c1130ef99d7b79b3d,earnings_surprise_persistence,hyp_37b7fac43e9d4cc385d86ff907082b40,expectations,balanced,cross_signal_divergence,"Analysts underreact to earnings surprises due to anchoring on prior forecasts, leading to gradual revision of expectations.",analyst11,"rank(ts_zscore(anl11_e,10)-ts_zscore(anl11_pme,10))",98365974079125a1708a60c69268909bee204d101d80536b9fdabbe1ecd3168d,"sub(ts_zscore(anl11_e,#),ts_zscore(anl11_pme,#))","sub(ts_zscore(FIELD,#),ts_zscore(FIELD,#))",2026-08-02T01:01:34.216859+00:00
candidate_23d2556ed3e8c2927d19cdbc,fundamental_improvement_price_confirmation,hyp_68417d0da35444f4933717b12245173e,composite,momentum,decayed_momentum,"A fundamental improvement in earnings growth signals strengthening profitability, while a low price-to-sales ratio relative to peers indicates undervaluation; the combination may attract momentum traders and value investors, leading to short-term outperformance.",analyst15,"rank(ts_decay_linear(ts_delta(anl11_region_industrycount,5),10))",1bd84a3029027ab0b9eb9423ab5eaca2784ea42578ae8b4d1af5990375f3e561,"ts_decay_linear(ts_delta(anl11_region_industrycount,#),#)","ts_decay_linear(ts_delta(FIELD,#),#)",2026-08-02T01:01:46.207134+00:00
candidate_6b67939da396aa08e3a9712a,vwap_close_deviation,hyp_10efc199e62f439a91d5b702e86cedd9,mean_reversion,reversal,smoothed_delta,"Low-liquidity stocks are more prone to price impact from large trades, causing temporary deviations that mean-revert as liquidity providers step in.",pv1,"rank(ts_mean(ts_delta(adv20,1),5))",c217d098835e17ce3af09c338e80ebff31bae55f6385f81071ea8aee670cecfc,"ts_mean(ts_delta(adv20,#),#)","ts_mean(ts_delta(FIELD,#),#)",2026-08-02T01:01:46.207134+00:00
candidate_a15eec38e0ea4bf53d630332,vwap_close_deviation,hyp_10efc199e62f439a91d5b702e86cedd9,mean_reversion,reversal,short_horizon_reversal,"Low-liquidity stocks are more prone to price impact from large trades, causing temporary deviations that mean-revert as liquidity providers step in.",pv1,"-rank(ts_delta(vwap,5))",2f20824b4390d840b85137893907afc25c5634fca48325e2a588e004174913a1,"neg(ts_delta(vwap,#))","neg(ts_delta(FIELD,#))",2026-08-02T01:01:46.207134+00:00
candidate_f1a29b1324464046b0fe327a,earnings_surprise_persistence,hyp_37b7fac43e9d4cc385d86ff907082b40,expectations,balanced,information_ratio,"Analysts underreact to earnings surprises due to anchoring on prior forecasts, leading to gradual revision of expectations.",analyst11,"rank(ts_ir(anl11_1e,10))",dab35450c5d66fbe5c9ab973a30cdfc0e4320ec01aff6520a36e493ccf260123,"ts_ir(anl11_1e,#)","ts_ir(FIELD,#)",2026-08-02T01:01:46.207134+00:00
candidate_76a00001723c9d4ebd8e718a,earnings_surprise_persistence,hyp_37b7fac43e9d4cc385d86ff907082b40,expectations,balanced,medium_horizon_momentum,"Analysts underreact to earnings surprises due to anchoring on prior forecasts, leading to gradual revision of expectations.",analyst11,"rank(ts_rank(anl11_e,10))",57a1b280c3173bcbb32b9e911ef6da6c97d35cf2591c0ef721929af8552839ee,"ts_rank(anl11_e,#)","ts_rank(FIELD,#)",2026-08-02T01:01:46.207134+00:00
candidate_8fe471ba9238c226edf97cea,cash_flow_yield,hyp_f34d2cd5a59945ce86205a7613369f6c,value,volatility,volatility_regime,"High free cash flow yield indicates strong cash generation relative to market value, which provides a buffer against financial distress and operational shocks, thereby reducing stock return volatility.",analyst14,"-rank(ts_std_dev(anl14_mean_ebitda_fp1,21))",9400fc7137cfc902501e4870743343b268687bd7fbb0ace688ae98c6a64a7844,"neg(ts_std_dev(anl14_mean_ebitda_fp1,#))","neg(ts_std_dev(FIELD,#))",2026-08-02T01:01:46.207134+00:00
candidate_076e395f399e63275745bbfa,intraday_momentum_industry_neutral,hyp_09bc9614253446408d56fd6b3cf95852,momentum,momentum,cross_signal_divergence,"Intraday price trends that are orthogonal to industry factors reflect persistent order flow or information processing that is not fully incorporated by market makers overnight, leading to continuation in the following session.",pv1,"rank(ts_zscore(returns,10)-ts_zscore(open,10))",da998b51e7eab75ebde4ae53771fd96829137546c55f444b4bc60072d88c30e2,"sub(ts_zscore(returns,#),ts_zscore(open,#))","sub(ts_zscore(FIELD,#),ts_zscore(FIELD,#))",2026-08-02T01:01:46.207134+00:00
candidate_179039ef28b75ea3ec3f4de6,intraday_momentum_industry_neutral,hyp_09bc9614253446408d56fd6b3cf95852,momentum,momentum,rank_spread_horizons,"Intraday price trends that are orthogonal to industry factors reflect persistent order flow or information processing that is not fully incorporated by market makers overnight, leading to continuation in the following session.",pv1,"rank(ts_rank(open,5)-ts_rank(open,20))",e0b2a1a4865ceb5319668fa751e929eaf39de1fc395268162a478c256210916f,"sub(ts_rank(open,#),ts_rank(open,#))","sub(ts_rank(FIELD,#),ts_rank(FIELD,#))",2026-08-02T01:01:46.207134+00:00
candidate_501c52eb44a3b7e58eed11f2,asset_utilization,hyp_dcaf9421292d4d1e8e877c44830e0ea2,efficiency,fundamental,decayed_momentum,"Higher asset utilization indicates efficient use of assets to generate sales, which signals managerial effectiveness and competitive advantage, leading to higher profitability and ultimately higher stock returns.",analyst14,"rank(ts_decay_linear(ts_delta(anl15_ind_hist_eps_gro,126),63))",463cfc37680e5a108ba4e13349f7a0f45ac47cb0295e172598c2bb49317a2d1c,"ts_decay_linear(ts_delta(anl15_ind_hist_eps_gro,#),#)","ts_decay_linear(ts_delta(FIELD,#),#)",2026-08-02T01:01:58.236780+00:00
candidate_ec850313b7df3314f775045c,asset_utilization,hyp_dcaf9421292d4d1e8e877c44830e0ea2,efficiency,fundamental,information_ratio,"Higher asset utilization indicates efficient use of assets to generate sales, which signals managerial effectiveness and competitive advantage, leading to higher profitability and ultimately higher stock returns.",analyst14,"rank(ts_ir(anl14_mean_revenue_fy5,63))",086c20c3ac76e91fa668a84286b4616d2cc5fdb0abeaeb654b667db6ec098869,"ts_ir(anl14_mean_revenue_fy5,#)","ts_ir(FIELD,#)",2026-08-02T01:01:58.236780+00:00
candidate_b3a2ec281994a4d9a6fd881a,asset_utilization,hyp_dcaf9421292d4d1e8e877c44830e0ea2,efficiency,fundamental,smoothed_delta,"Higher asset utilization indicates efficient use of assets to generate sales, which signals managerial effectiveness and competitive advantage, leading to higher profitability and ultimately higher stock returns.",analyst14,"rank(ts_mean(ts_delta(anl10_roeff_2323,1),126))",33294feee130efe6d0a0a0302ce3f300a2fb36b70e2b9b90ca4718cddf29e0f3,"ts_mean(ts_delta(anl10_roeff_2323,#),#)","ts_mean(ts_delta(FIELD,#),#)",2026-08-02T01:01:58.236780+00:00
candidate_9443ff70224f92e00808fc84,intraday_momentum_industry_neutral,hyp_239e62a9f61843d1b99133f683d426d3,momentum,momentum,medium_horizon_momentum,"Initial price surge may be due to noise or liquidity shocks, which reverse the next day as the market corrects.",pv1,"rank(ts_rank(open,10))",c9e2c3a1bac1dee36fff5336c6664524604b23aceea2a6f116e5ecce01602045,"ts_rank(open,#)","ts_rank(FIELD,#)",2026-08-02T01:01:58.236780+00:00
candidate_ea3d838dc3c5100b0f6c9400,balance_sheet_leverage,hyp_2cf260353dd34aadb7fec97465b9321d,quality,volatility,volatility_regime,"High operating leverage implies that fixed costs constitute a large proportion of total costs, making earnings more sensitive to revenue changes. To maintain financial stability and cover fixed obligations during downturns, firms in such industries use more debt financing, expecting that the additional risk is compensated by higher returns during upturns.",analyst14,"-rank(ts_std_dev(anl14_stddev_ebitda_fp1,21))",53a72266c3302f84f7f0935e8118aa8dbcc15de9509f6c09dc86af2061726122,"neg(ts_std_dev(anl14_stddev_ebitda_fp1,#))","neg(ts_std_dev(FIELD,#))",2026-08-02T01:01:58.236780+00:00
candidate_7e6a750a6ee1aa2c48510a7d,cash_flow_yield,hyp_e1399c7b8fcb4d019b357fe3d6e700fc,value,reversal,cross_signal_divergence,"Operating cash flow yield captures the efficiency and profitability of a firm's core operations. After normalizing for size, a high yield indicates undervaluation or strong cash generation, leading to mean reversion or positive market adjustment as the market recognizes the firm's true value.",pv1,"rank(ts_zscore(anl14_high_ebitda_fp1,126)-ts_zscore(anl14_mean_ebitda_fp1,126))",c23f8ebc00285c92d16ee69f847ed454f1ac9c275418a3574e2ac93265a49b9e,"sub(ts_zscore(anl14_high_ebitda_fp1,#),ts_zscore(anl14_mean_ebitda_fp1,#))","sub(ts_zscore(FIELD,#),ts_zscore(FIELD,#))",2026-08-02T01:01:58.236780+00:00
candidate_009b92763628e373055dc1e2,earnings_surprise_persistence,hyp_37b7fac43e9d4cc385d86ff907082b40,expectations,balanced,short_horizon_reversal,"Analysts underreact to earnings surprises due to anchoring on prior forecasts, leading to gradual revision of expectations.",analyst11,"-rank(ts_delta(anl11_greg_industryrnk,5))",6bbd01c7650a9128bdfd369cb4761b134e815394bebc98289d9586e8cbff0158,"neg(ts_delta(anl11_greg_industryrnk,#))","neg(ts_delta(FIELD,#))",2026-08-02T01:01:58.236780+00:00
candidate_a2cb0b63b1ec9876f3becbce,quality_low_volatility,hyp_66d04bba2d7f42ada1c699d860bbdff5,composite,volatility,information_ratio,"High asset turnover indicates efficient use of assets to generate revenue, while low financial leverage reduces bankruptcy risk, combining to form durable quality that, when paired with low realized volatility, identifies stocks with stable earnings and lower downside risk, leading to superior performance.",analyst14,"rank(ts_ir(anl14_stddev_ebitda_fy2,21))",b9371ed186dd01ad90b814bb21d29a8a92d284c66eaa95d4060edce8e14c72b3,"ts_ir(anl14_stddev_ebitda_fy2,#)","ts_ir(FIELD,#)",2026-08-02T01:02:10.292411+00:00
candidate_088793288956e8a05a09916e,quality_low_volatility,hyp_66d04bba2d7f42ada1c699d860bbdff5,composite,volatility,medium_horizon_momentum,"High asset turnover indicates efficient use of assets to generate revenue, while low financial leverage reduces bankruptcy risk, combining to form durable quality that, when paired with low realized volatility, identifies stocks with stable earnings and lower downside risk, leading to superior performance.",analyst14,"rank(ts_rank(anl14_stddev_ebitda_fy5,21))",d1548312db452936669fb47334525b63bd555863557b8b6389a7a2b696704fdc,"ts_rank(anl14_stddev_ebitda_fy5,#)","ts_rank(FIELD,#)",2026-08-02T01:02:10.292411+00:00
candidate_8298d5b29d1720b0b1901d52,quality_low_volatility,hyp_66d04bba2d7f42ada1c699d860bbdff5,composite,volatility,smoothed_delta,"High asset turnover indicates efficient use of assets to generate revenue, while low financial leverage reduces bankruptcy risk, combining to form durable quality that, when paired with low realized volatility, identifies stocks with stable earnings and lower downside risk, leading to superior performance.",analyst14,"rank(ts_mean(ts_delta(returns,1),63))",dd38baec2ed7269cde7a34a658458b95e302dc14380f66a86ddafa9629455d7d,"ts_mean(ts_delta(returns,#),#)","ts_mean(ts_delta(FIELD,#),#)",2026-08-02T01:02:10.292411+00:00
candidate_1aa1ea62de2c28182684c870,quality_low_volatility,hyp_66d04bba2d7f42ada1c699d860bbdff5,composite,volatility,decayed_momentum,"High asset turnover indicates efficient use of assets to generate revenue, while low financial leverage reduces bankruptcy risk, combining to form durable quality that, when paired with low realized volatility, identifies stocks with stable earnings and lower downside risk, leading to superior performance.",analyst14,"rank(ts_decay_linear(ts_delta(anl14_stddev_ebitda_fy1,63),21))",10affd85707aa806cdabec278628c3ed8d9749c7f18a5597a252acf13a7d0d81,"ts_decay_linear(ts_delta(anl14_stddev_ebitda_fy1,#),#)","ts_decay_linear(ts_delta(FIELD,#),#)",2026-08-02T01:02:10.292411+00:00
candidate_4763a37bbb4c21e4fd5dae72,margin_improvement,hyp_2505104656ec41c7b7c5043fd58718ac,growth,momentum,cross_signal_divergence,"Higher R&D expenditure raises current operating costs without immediate revenue offset, compressing margins in the short to medium term.",analyst14,"rank(ts_zscore(anl14_low_ebitda_fp1,63)-ts_zscore(anl14_median_ebitda_fp2,63))",59df4f24db6a45ef74a529489f87cac1a3075926eaf078145eb3a3990d4b4fcd,"sub(ts_zscore(anl14_low_ebitda_fp1,#),ts_zscore(anl14_median_ebitda_fp2,#))","sub(ts_zscore(FIELD,#),ts_zscore(FIELD,#))",2026-08-02T01:02:10.292411+00:00
candidate_c198dab39955391e3b73f4dd,margin_improvement,hyp_2505104656ec41c7b7c5043fd58718ac,growth,momentum,short_horizon_reversal,"Higher R&D expenditure raises current operating costs without immediate revenue offset, compressing margins in the short to medium term.",analyst14,"-rank(ts_delta(anl14_high_ebitda_fp1,21))",b731cf63e44756fecbfa8a51af2d4e3f425ab01703f25118fc3a81bb755ccfe0,"neg(ts_delta(anl14_high_ebitda_fp1,#))","neg(ts_delta(FIELD,#))",2026-08-02T01:02:10.292411+00:00
candidate_69d9b9c9326215c67304bc53,asset_utilization,hyp_538936e31d584135838a14c9ff9623d5,efficiency,balanced,volatility_regime,"Higher asset turnover reflects efficient use of assets to generate sales, which typically indicates stable demand and operational discipline, leading to more predictable earnings streams.",analyst14,"-rank(ts_std_dev(anl14_stddev_ebitda_fp1,126))",fbb693cd90ad57cdff1c29c42f4dca1cfb83662be43553d72dfc474e3b3e5d1c,"neg(ts_std_dev(anl14_stddev_ebitda_fp1,#))","neg(ts_std_dev(FIELD,#))",2026-08-02T01:02:10.292411+00:00
candidate_778d967338718e9a8e1dc7c1,asset_utilization,hyp_538936e31d584135838a14c9ff9623d5,efficiency,balanced,decayed_momentum,"Higher asset turnover reflects efficient use of assets to generate sales, which typically indicates stable demand and operational discipline, leading to more predictable earnings streams.",analyst14,"rank(ts_decay_linear(ts_delta(anl14_stddev_ebitda_fp1,63),126))",67d15dd8dee7c6e0f764dd794dbd20898ecc64a421f5314a7d70939de428726a,"ts_decay_linear(ts_delta(anl14_stddev_ebitda_fp1,#),#)","ts_decay_linear(ts_delta(FIELD,#),#)",2026-08-02T01:02:22.249281+00:00
candidate_94775fd217833c5f46ef8850,asset_utilization,hyp_538936e31d584135838a14c9ff9623d5,efficiency,balanced,medium_horizon_momentum,"Higher asset turnover reflects efficient use of assets to generate sales, which typically indicates stable demand and operational discipline, leading to more predictable earnings streams.",analyst14,"rank(ts_rank(anl14_high_ebitda_fp1,126))",e01bbb8d1fb602aa1f5bb7e60394782da9a2ce0ed43ec6f9326e8ee67270a03b,"ts_rank(anl14_high_ebitda_fp1,#)","ts_rank(FIELD,#)",2026-08-02T01:02:22.249281+00:00
candidate_3471344d18f563f1e7b5d1a5,asset_utilization,hyp_538936e31d584135838a14c9ff9623d5,efficiency,balanced,smoothed_delta,"Higher asset turnover reflects efficient use of assets to generate sales, which typically indicates stable demand and operational discipline, leading to more predictable earnings streams.",analyst14,"rank(ts_mean(ts_delta(anl14_low_ebitda_fp2,1),63))",efd2a719557a9d1139cfeecc904030c634d78e6b14bbda9a2ac436dd21eed73a,"ts_mean(ts_delta(anl14_low_ebitda_fp2,#),#)","ts_mean(ts_delta(FIELD,#),#)",2026-08-02T01:02:22.249281+00:00
candidate_604782cfd7b3e3c59bd87bcc,asset_utilization,hyp_538936e31d584135838a14c9ff9623d5,efficiency,balanced,information_ratio,"Higher asset turnover reflects efficient use of assets to generate sales, which typically indicates stable demand and operational discipline, leading to more predictable earnings streams.",analyst14,"rank(ts_ir(anl14_stddev_ebitda_fp2,126))",838830f52a2a8067028b314ff42e7107d321e5f707b064ef1db38e32e4cebe1c,"ts_ir(anl14_stddev_ebitda_fp2,#)","ts_ir(FIELD,#)",2026-08-02T01:02:22.249281+00:00
candidate_0ff376ebf92e38e346069799,quality_low_volatility,hyp_ecd0fdcf524941a0af755d2ae597d809,composite,volatility,volatility_regime,"High-quality firms with low downside risk are less prone to financial distress and benefit from lower cost of capital, leading to superior long-term returns.",analyst14,"-rank(ts_std_dev(anl14_high_ebitda_fp1,21))",bcb2c98f374a0e475c2441d6b71360bab9573e34090003d85a4b088c7ebe001c,"neg(ts_std_dev(anl14_high_ebitda_fp1,#))","neg(ts_std_dev(FIELD,#))",2026-08-02T01:02:22.249281+00:00
candidate_fbcd688a2efc3a0a4f9b5074,margin_improvement,hyp_c29c5dcc9dc74dcfbf206d032a9ee679,growth,momentum,short_horizon_reversal,"Share buybacks reduce the number of outstanding shares, which increases earnings per share. This can lead to improved operating margins as the same level of earnings is distributed over fewer shares, and the buyback itself signals management's confidence, potentially boosting stock price and reducing cost of equity.",analyst14,"-rank(ts_delta(anl14_median_ebitda_fy2,21))",ff6ca4e70be24b349efca8c88cfc2636c0f2eea94a555f145702abf338d902ab,"neg(ts_delta(anl14_median_ebitda_fy2,#))","neg(ts_delta(FIELD,#))",2026-08-02T01:02:22.249281+00:00
candidate_cb9be8b16393c294015906fd,margin_improvement,hyp_c29c5dcc9dc74dcfbf206d032a9ee679,growth,momentum,rank_spread_horizons,"Share buybacks reduce the number of outstanding shares, which increases earnings per share. This can lead to improved operating margins as the same level of earnings is distributed over fewer shares, and the buyback itself signals management's confidence, potentially boosting stock price and reducing cost of equity.",analyst14,"rank(ts_rank(anl14_mean_ebitda_fy1,21)-ts_rank(anl14_mean_ebitda_fy1,126))",91dd12d2cb8692bfecb8359b1afbea16b380917d541cc8b6034d581a77501e93,"sub(ts_rank(anl14_mean_ebitda_fy1,#),ts_rank(anl14_mean_ebitda_fy1,#))","sub(ts_rank(FIELD,#),ts_rank(FIELD,#))",2026-08-02T01:02:22.249281+00:00
candidate_d9fd215f3f42ac92499fa440,margin_improvement,hyp_c29c5dcc9dc74dcfbf206d032a9ee679,growth,momentum,cross_signal_divergence,"Share buybacks reduce the number of outstanding shares, which increases earnings per share. This can lead to improved operating margins as the same level of earnings is distributed over fewer shares, and the buyback itself signals management's confidence, potentially boosting stock price and reducing cost of equity.",analyst14,"rank(ts_zscore(dividend,63)-ts_zscore(anl14_mean_ebitda_fy1,63))",479ce3d4ef2dd8b37ac99fcc3f06f3678b0c73fabbb64fd6037f6a23ab271130,"sub(ts_zscore(dividend,#),ts_zscore(anl14_mean_ebitda_fy1,#))","sub(ts_zscore(FIELD,#),ts_zscore(FIELD,#))",2026-08-02T01:02:22.249281+00:00
candidate_662f886fd0052164f73a1de1,margin_improvement,hyp_7fa9e47171634d619b8246b322d6f34e,growth,fundamental,medium_horizon_momentum,"SG&A expenses are a component of operating costs; reducing them directly improves profitability margins, assuming revenue remains constant or grows.",analyst14,"rank(ts_rank(anl14_mean_ebitda_fy2,63))",eeabadf8352cc566f8f621703661f99b6efd51c2845f26b14045f0bf582f40c8,"ts_rank(anl14_mean_ebitda_fy2,#)","ts_rank(FIELD,#)",2026-08-02T01:02:34.331401+00:00
candidate_6e3becd81b6d55049d6d614e,margin_improvement,hyp_7fa9e47171634d619b8246b322d6f34e,growth,fundamental,information_ratio,"SG&A expenses are a component of operating costs; reducing them directly improves profitability margins, assuming revenue remains constant or grows.",analyst14,"rank(ts_ir(anl14_mean_ebitda_fy2,63))",591e893e8708ab86ef592e9e50620393919fb820addd5f9edef6371316fa640c,"ts_ir(anl14_mean_ebitda_fy2,#)","ts_ir(FIELD,#)",2026-08-02T01:02:34.331401+00:00
candidate_b382785c1aa056563519607d,margin_improvement,hyp_7fa9e47171634d619b8246b322d6f34e,growth,fundamental,smoothed_delta,"SG&A expenses are a component of operating costs; reducing them directly improves profitability margins, assuming revenue remains constant or grows.",analyst14,"rank(ts_mean(ts_delta(anl14_stddev_ebitda_fy2,1),126))",4c9f8c1ed9280879f5ed50cfa541c12e6640ebf29717d5627fcaaaa3ac94ddde,"ts_mean(ts_delta(anl14_stddev_ebitda_fy2,#),#)","ts_mean(ts_delta(FIELD,#),#)",2026-08-02T01:02:34.331401+00:00
candidate_998ba4d2c452fd3ed55ea39a,margin_improvement,hyp_7fa9e47171634d619b8246b322d6f34e,growth,fundamental,decayed_momentum,"SG&A expenses are a component of operating costs; reducing them directly improves profitability margins, assuming revenue remains constant or grows.",analyst14,"rank(ts_decay_linear(ts_delta(dividend,126),63))",2d9b54e34e7d5e28b1e36aec46b636020833a651d68b4f985e06a225bf9677ac,"ts_decay_linear(ts_delta(dividend,#),#)","ts_decay_linear(ts_delta(FIELD,#),#)",2026-08-02T01:02:34.331401+00:00
candidate_de90394b1c86b5e556e7b644,cash_flow_yield,hyp_e1399c7b8fcb4d019b357fe3d6e700fc,value,reversal,volatility_regime,"Operating cash flow yield captures the efficiency and profitability of a firm's core operations. After normalizing for size, a high yield indicates undervaluation or strong cash generation, leading to mean reversion or positive market adjustment as the market recognizes the firm's true value.",pv1,"-rank(ts_std_dev(anl14_high_ebitda_fp1,126))",9e9a599f36a5836632b3f0614b95e2f9d9d540c5419044d2e6561a5de0d87799,"neg(ts_std_dev(anl14_high_ebitda_fp1,#))","neg(ts_std_dev(FIELD,#))",2026-08-02T01:02:34.331401+00:00
candidate_f5019830e6b822a3f9f10dc8,earnings_quality_accruals,hyp_992b606749cd4c6582ff64f8278c70fc,quality,fundamental,short_horizon_reversal,"Cash-backed earnings are less subject to estimation errors and manipulation than accrual-intensive earnings, leading to a more sustainable earnings stream that better predicts future performance. The accrual anomaly suggests that investors overestimate the persistence of accruals, so lower accrual intensity reduces the mispricing correction, resulting in more persistent returns.",pv1,"-rank(ts_delta(anl14_stddev_ebitda_fy1,252))",7b0c711aa63157f9c7712f1172d6e3b052ccbda1c3b6caf43bd34ce7e5dbe266,"neg(ts_delta(anl14_stddev_ebitda_fy1,#))","neg(ts_delta(FIELD,#))",2026-08-02T01:02:34.331401+00:00
candidate_31d0a5217b03ea42179ac1ab,earnings_surprise_persistence,hyp_684296a49b684502aec92caceb5672bc,expectations,volatility,information_ratio,"Earnings surprises that are not fully incorporated into prices due to industry-specific factors increase uncertainty, leading to higher future return volatility as investors reassess valuations.",analyst10,"rank(ts_ir(anl15_salgics_ind_18_m_mean,21))",93b5b3f867c1edb4786bfb6715c03c2e861502ef1cf0b2ca216cc8986dfa150d,"ts_ir(anl15_salgics_ind_18_m_mean,#)","ts_ir(FIELD,#)",2026-08-02T01:02:46.351986+00:00
candidate_0ac2626be4181e035ecc63fb,earnings_surprise_persistence,hyp_684296a49b684502aec92caceb5672bc,expectations,volatility,medium_horizon_momentum,"Earnings surprises that are not fully incorporated into prices due to industry-specific factors increase uncertainty, leading to higher future return volatility as investors reassess valuations.",analyst10,"rank(ts_rank(anl15_salgics_ind_18_m_mean,21))",71fbf49d69b40ad714436ef0dd104a399b9f568622edfeb014d53bfb3d22fd50,"ts_rank(anl15_salgics_ind_18_m_mean,#)","ts_rank(FIELD,#)",2026-08-02T01:02:46.351986+00:00
candidate_6b579c74a0bed74be73733d1,earnings_surprise_persistence,hyp_684296a49b684502aec92caceb5672bc,expectations,volatility,decayed_momentum,"Earnings surprises that are not fully incorporated into prices due to industry-specific factors increase uncertainty, leading to higher future return volatility as investors reassess valuations.",analyst10,"rank(ts_decay_linear(ts_delta(anl10_salfq1_pred_surps_v0_985,63),21))",c915b1c2b5249083b89e7574469a3926efd698746cd5ad00f7a4c32dffef2f22,"ts_decay_linear(ts_delta(anl10_salfq1_pred_surps_v0_985,#),#)","ts_decay_linear(ts_delta(FIELD,#),#)",2026-08-02T01:02:46.351986+00:00
candidate_b22bb12e8c3e925a5eddcb30,earnings_surprise_persistence,hyp_684296a49b684502aec92caceb5672bc,expectations,volatility,volatility_regime,"Earnings surprises that are not fully incorporated into prices due to industry-specific factors increase uncertainty, leading to higher future return volatility as investors reassess valuations.",analyst10,"-rank(ts_std_dev(anl10_salfq1_pred_surps_v0_985,21))",683b5db2294aa4b2ee93f7b200e6edf468a9cd3a6b07fcaee4af2c83ff56f0d3,"neg(ts_std_dev(anl10_salfq1_pred_surps_v0_985,#))","neg(ts_std_dev(FIELD,#))",2026-08-02T01:02:46.351986+00:00
candidate_1d3a42577643c524bf6bebe9,earnings_surprise_persistence,hyp_684296a49b684502aec92caceb5672bc,expectations,volatility,smoothed_delta,"Earnings surprises that are not fully incorporated into prices due to industry-specific factors increase uncertainty, leading to higher future return volatility as investors reassess valuations.",analyst10,"rank(ts_mean(ts_delta(anl15_ind_fy1_cos_up,1),63))",89795f9836235efd0b1d3a369da22eb23f9197aadbe22e35aab2a7d7b1b0a8eb,"ts_mean(ts_delta(anl15_ind_fy1_cos_up,#),#)","ts_mean(ts_delta(FIELD,#),#)",2026-08-02T01:02:46.351986+00:00
candidate_f7a96e0a824ab7b4eeee7bfc,analyst_revision_direction,hyp_1fb876fb532b4280b8dd24ef2ebe9a0e,expectations,fundamental,short_horizon_reversal,"Analysts update their forecasts in response to new information; a preponderance of upward revisions signals improving fundamentals or positive sentiment, which is not fully incorporated into price immediately due to attention constraints, leading to gradual price adjustment.",analyst10,"-rank(ts_delta(anl10_netrevise_ratio_to_consensus_fy2_2522,126))",f5f79e0ac748e2914ddf67ef1fe91676869cdab285c2fb9a1733899079071b69,"neg(ts_delta(anl10_netrevise_ratio_to_consensus_fy2_2522,#))","neg(ts_delta(FIELD,#))",2026-08-02T01:02:46.351986+00:00
candidate_09c51a3303ad7e6d400a0ebe,fundamental_improvement_price_confirmation,hyp_221c70fb0bf74cb5b11acf334a861cee,composite,momentum,cross_signal_divergence,"An increase in asset turnover indicates improved operational efficiency and revenue generation from assets, signaling fundamental strength. A price above the 50-day moving average confirms short-term upward momentum, and the combination is expected to yield positive excess returns over a short horizon.",pv1,"rank(ts_zscore(volume,10)-ts_zscore(returns,10))",a6e94f2bb1312d601d4d7a5a84c35c2cd5d3ea1156e321ab6b5a973d294cee11,"sub(ts_zscore(volume,#),ts_zscore(returns,#))","sub(ts_zscore(FIELD,#),ts_zscore(FIELD,#))",2026-08-02T01:02:46.351986+00:00
candidate_038b28bbea07f91ec7a0c62e,capital_efficiency,hyp_66a98478b669448f85e7866a62e098e3,profitability,fundamental,medium_horizon_momentum,"Intangible assets (e.g., patents, brand, software) often generate higher returns on capital without proportional increases in capital base, leading to higher capital efficiency.",analyst14,"rank(ts_rank(anl14_low_ebitda_fp1,63))",911c4a8262aa55fdb7cfb5aed16c791b126b3a6d8b9f9601a8aec1d7b80fd081,"ts_rank(anl14_low_ebitda_fp1,#)","ts_rank(FIELD,#)",2026-08-02T01:02:58.499540+00:00
candidate_3a8cb4096c5ce27323c8f24e,capital_efficiency,hyp_66a98478b669448f85e7866a62e098e3,profitability,fundamental,smoothed_delta,"Intangible assets (e.g., patents, brand, software) often generate higher returns on capital without proportional increases in capital base, leading to higher capital efficiency.",analyst14,"rank(ts_mean(ts_delta(anl14_mean_ebitda_fp1,1),126))",93eb50f65bfa44f0e28b924be1bc130cafec57f496d729c54ee9b053b4c484e8,"ts_mean(ts_delta(anl14_mean_ebitda_fp1,#),#)","ts_mean(ts_delta(FIELD,#),#)",2026-08-02T01:02:58.499540+00:00
candidate_f260824224d7b2f18ce0182a,capital_efficiency,hyp_66a98478b669448f85e7866a62e098e3,profitability,fundamental,information_ratio,"Intangible assets (e.g., patents, brand, software) often generate higher returns on capital without proportional increases in capital base, leading to higher capital efficiency.",analyst14,"rank(ts_ir(anl14_high_ebitda_fp1,63))",c1305c58727aeb77dd1d52810b611f1a563addc3221a6a899ea18ca68276ca95,"ts_ir(anl14_high_ebitda_fp1,#)","ts_ir(FIELD,#)",2026-08-02T01:02:58.499540+00:00
candidate_ecf97a2fa0280ac984a250eb,capital_efficiency,hyp_66a98478b669448f85e7866a62e098e3,profitability,fundamental,short_horizon_reversal,"Intangible assets (e.g., patents, brand, software) often generate higher returns on capital without proportional increases in capital base, leading to higher capital efficiency.",analyst14,"-rank(ts_delta(anl14_low_ebitda_fp1,126))",4273f01023345c6ba1ce8f9d28d8afc2acb16c8bd9ce9a3f11fff5077bc5ff2c,"neg(ts_delta(anl14_low_ebitda_fp1,#))","neg(ts_delta(FIELD,#))",2026-08-02T01:02:58.499540+00:00
candidate_d4885b7b8162b0cbc2440f84,capital_efficiency,hyp_66a98478b669448f85e7866a62e098e3,profitability,fundamental,decayed_momentum,"Intangible assets (e.g., patents, brand, software) often generate higher returns on capital without proportional increases in capital base, leading to higher capital efficiency.",analyst14,"rank(ts_decay_linear(ts_delta(anl14_mean_ebitda_fp2,126),63))",eb7ee8def3dea041e8cf8b96ea8988431d6e3332fab7161904c3ad32c2259cd5,"ts_decay_linear(ts_delta(anl14_mean_ebitda_fp2,#),#)","ts_decay_linear(ts_delta(FIELD,#),#)",2026-08-02T01:02:58.499540+00:00
candidate_ccac26884b2fca6151b7a61a,margin_improvement,hyp_c29c5dcc9dc74dcfbf206d032a9ee679,growth,momentum,volatility_regime,"Share buybacks reduce the number of outstanding shares, which increases earnings per share. This can lead to improved operating margins as the same level of earnings is distributed over fewer shares, and the buyback itself signals management's confidence, potentially boosting stock price and reducing cost of equity.",analyst14,"-rank(ts_std_dev(anl14_median_ebitda_fy2,63))",9d28f38e53346b8c45959545f6294e5ebc884254b882ea1b259340cf7c250e33,"neg(ts_std_dev(anl14_median_ebitda_fy2,#))","neg(ts_std_dev(FIELD,#))",2026-08-02T01:02:58.499540+00:00
candidate_2c90a4f5d1a8f92f9ca60670,intraday_momentum_industry_neutral,hyp_09bc9614253446408d56fd6b3cf95852,momentum,momentum,information_ratio,"Intraday price trends that are orthogonal to industry factors reflect persistent order flow or information processing that is not fully incorporated by market makers overnight, leading to continuation in the following session.",pv1,"rank(ts_ir(open,10))",b3ac44a7b39c9bd14998436242d506622246afc64237f45d3571def9d059a0dd,"ts_ir(open,#)","ts_ir(FIELD,#)",2026-08-02T01:03:10.591318+00:00
candidate_eb9225132ee3c4c43a418a99,operating_profitability,hyp_b545334bf43e4800a3797fb432b70f98,profitability,fundamental,medium_horizon_momentum,"High operating profitability signals efficient operations and strong pricing power, which are persistent and lead to higher future returns as the market underreacts to this information.",analyst10,"rank(ts_rank(anl10_smartest_roa_ff,63))",f460a128d487583ff10c04567e85ce80bcc99a2ee5c5767a1eb67402c9a3b10a,"ts_rank(anl10_smartest_roa_ff,#)","ts_rank(FIELD,#)",2026-08-02T01:03:10.591318+00:00
candidate_a0b59463d18061a8879d03f5,operating_profitability,hyp_b545334bf43e4800a3797fb432b70f98,profitability,fundamental,decayed_momentum,"High operating profitability signals efficient operations and strong pricing power, which are persistent and lead to higher future returns as the market underreacts to this information.",analyst10,"rank(ts_decay_linear(ts_delta(anl14_actvalue_ebitda_fy0,126),63))",79db71488a23f080fe58632ccc787a651aae0096bc101cb59095077d45b629b1,"ts_decay_linear(ts_delta(anl14_actvalue_ebitda_fy0,#),#)","ts_decay_linear(ts_delta(FIELD,#),#)",2026-08-02T01:03:10.591318+00:00
candidate_4d15e5443590ce850751bb66,analyst_revision_direction,hyp_e45d637f55c442699ca91ed68bac7feb,expectations,momentum,cross_signal_divergence,"Analyst overreaction to recent information leads to initial price momentum, followed by reversal as the market corrects for the overreaction.",analyst15,"rank(ts_zscore(anl15_ebtgics_gr_fy1_ests_up,126)-ts_zscore(anl15_dpsgics_gr_fy1_ests_up,126))",77fb0d075b64751a898b81c9b07c443ae96839763c763f1e9ff8cd000c4136ae,"sub(ts_zscore(anl15_ebtgics_gr_fy1_ests_up,#),ts_zscore(anl15_dpsgics_gr_fy1_ests_up,#))","sub(ts_zscore(FIELD,#),ts_zscore(FIELD,#))",2026-08-02T01:03:10.591318+00:00
candidate_88b5a257ededc6184b771359,analyst_revision_direction,hyp_e45d637f55c442699ca91ed68bac7feb,expectations,momentum,short_horizon_reversal,"Analyst overreaction to recent information leads to initial price momentum, followed by reversal as the market corrects for the overreaction.",analyst15,"-rank(ts_delta(anl15_cpsgics_gr_12_m_ests_up,63))",6a4f2c77d00d8e5e10fe3e4e49b6a59f0d3203fc9a08f944696c21976e84958e,"neg(ts_delta(anl15_cpsgics_gr_12_m_ests_up,#))","neg(ts_delta(FIELD,#))",2026-08-02T01:03:10.591318+00:00
candidate_d5ffe777ab629bc4f4c5a5a6,analyst_revision_direction,hyp_e45d637f55c442699ca91ed68bac7feb,expectations,momentum,volatility_regime,"Analyst overreaction to recent information leads to initial price momentum, followed by reversal as the market corrects for the overreaction.",analyst15,"-rank(ts_std_dev(anl15_bpsgics_gr_18_m_total,126))",a30cf6cf4285eba66de9d2b68f2e9a6b53021e1157515a6f08abd56713d3958c,"neg(ts_std_dev(anl15_bpsgics_gr_18_m_total,#))","neg(ts_std_dev(FIELD,#))",2026-08-02T01:03:10.591318+00:00
candidate_4c4654c23ff837a2f006dbea,analyst_revision_direction,hyp_e45d637f55c442699ca91ed68bac7feb,expectations,momentum,smoothed_delta,"Analyst overreaction to recent information leads to initial price momentum, followed by reversal as the market corrects for the overreaction.",analyst15,"rank(ts_mean(ts_delta(anl15_ebtgics_gr_fy1_ests_up,1),63))",332f7a1b1a9b14e03c7f57c22888d46fd8c31ccc2b6a21fcff91d92fc38d0e66,"ts_mean(ts_delta(anl15_ebtgics_gr_fy1_ests_up,#),#)","ts_mean(ts_delta(FIELD,#),#)",2026-08-02T01:03:10.591318+00:00
candidate_38114bbf2beb016edcf72d69,analyst_revision_direction,hyp_e45d637f55c442699ca91ed68bac7feb,expectations,momentum,rank_spread_horizons,"Analyst overreaction to recent information leads to initial price momentum, followed by reversal as the market corrects for the overreaction.",analyst15,"rank(ts_rank(anl15_dpsgics_gr_fy1_ests_up,63)-ts_rank(anl15_dpsgics_gr_fy1_ests_up,252))",800fdcf4c9bd3ed6828528c02b9e29ca3f62eff5d4dbdc08f518b173b3c4eefd,"sub(ts_rank(anl15_dpsgics_gr_fy1_ests_up,#),ts_rank(anl15_dpsgics_gr_fy1_ests_up,#))","sub(ts_rank(FIELD,#),ts_rank(FIELD,#))",2026-08-02T01:03:10.591318+00:00
candidate_3b73e6ff81fe44e56f98ca41,cash_flow_yield,hyp_f34d2cd5a59945ce86205a7613369f6c,value,volatility,information_ratio,"High free cash flow yield indicates strong cash generation relative to market value, which provides a buffer against financial distress and operational shocks, thereby reducing stock return volatility.",analyst14,"rank(ts_ir(anl14_stddev_ebitda_fp1,21))",c3f8a33aa6f786c488946035d70140ac966d1e42aa5904820627fc9d7546a5e4,"ts_ir(anl14_stddev_ebitda_fp1,#)","ts_ir(FIELD,#)",2026-08-02T01:03:22.583686+00:00
candidate_a34798dd5426f43226f4b644,cash_flow_yield,hyp_f34d2cd5a59945ce86205a7613369f6c,value,volatility,decayed_momentum,"High free cash flow yield indicates strong cash generation relative to market value, which provides a buffer against financial distress and operational shocks, thereby reducing stock return volatility.",analyst14,"rank(ts_decay_linear(ts_delta(anl14_mean_ebitda_fp1,63),21))",07e4bc3198b48359c22b1efd945a64a2b08e9fd623c177ff0ebc1e5923206c05,"ts_decay_linear(ts_delta(anl14_mean_ebitda_fp1,#),#)","ts_decay_linear(ts_delta(FIELD,#),#)",2026-08-02T01:03:22.583686+00:00
candidate_50a98e290299abcea6c9592e,cash_flow_yield,hyp_f34d2cd5a59945ce86205a7613369f6c,value,volatility,medium_horizon_momentum,"High free cash flow yield indicates strong cash generation relative to market value, which provides a buffer against financial distress and operational shocks, thereby reducing stock return volatility.",analyst14,"rank(ts_rank(anl14_stddev_ebitda_fp1,21))",fc59e24e6ca1fed5064339deeb5e603e8994788167cdff783bb56fe17404f5a1,"ts_rank(anl14_stddev_ebitda_fp1,#)","ts_rank(FIELD,#)",2026-08-02T01:03:22.583686+00:00
candidate_a49e45889189962809611b23,cash_flow_yield,hyp_f34d2cd5a59945ce86205a7613369f6c,value,volatility,smoothed_delta,"High free cash flow yield indicates strong cash generation relative to market value, which provides a buffer against financial distress and operational shocks, thereby reducing stock return volatility.",analyst14,"rank(ts_mean(ts_delta(anl14_low_ebitda_fp1,1),63))",f6a5ca4cb0f558a8aa31dbe8175e1c88274a261a3143463cbf0572bc8568aaf2,"ts_mean(ts_delta(anl14_low_ebitda_fp1,#),#)","ts_mean(ts_delta(FIELD,#),#)",2026-08-02T01:03:22.583686+00:00
candidate_53a82ce224692e817b44a3eb,revenue_growth,hyp_834fd9f15d4f4147b8f79334f9a76c1c,growth,momentum,volatility_regime,"Higher capital expenditure indicates investment in long-term productive capacity, which can drive future revenue growth through expanded operations or improved efficiency.",analyst14,"-rank(ts_std_dev(anl14_mean_ebitda_fy5,126))",d3623e6e57aecf3aa7dd17c4edef0fad10bc8c63684e9bf39018b741e642b652,"neg(ts_std_dev(anl14_mean_ebitda_fy5,#))","neg(ts_std_dev(FIELD,#))",2026-08-02T01:03:22.583686+00:00
candidate_47343d50e2da77ae45760f44,balance_sheet_leverage,hyp_c0ee6d97371a447f9775e8342dd09ce3,quality,fundamental,short_horizon_reversal,"Firms in high-leverage industries may face increased competition from leveraged rivals, compelling them to maintain lower leverage to preserve financial flexibility for strategic investments and avoid distress.",analyst14,"-rank(ts_delta(anl10_epsinnovation_score_fq1,126))",fff3210032a396e42d34deddab5a2a5a1eff1e7f865b5ac0d97b75c23251430c,"neg(ts_delta(anl10_epsinnovation_score_fq1,#))","neg(ts_delta(FIELD,#))",2026-08-02T01:03:22.583686+00:00
candidate_daaa1e81082a1fbdce6e0705,quality_low_volatility,hyp_ecd0fdcf524941a0af755d2ae597d809,composite,volatility,information_ratio,"High-quality firms with low downside risk are less prone to financial distress and benefit from lower cost of capital, leading to superior long-term returns.",analyst14,"rank(ts_ir(returns,21))",e75e0790abe6764bf9d7a658ca91aaeda579f3965e3fc1ca4a7112d2f33d3fc6,"ts_ir(returns,#)","ts_ir(FIELD,#)",2026-08-02T01:03:34.647550+00:00
candidate_ec8230911cc7b0e0191d4858,quality_low_volatility,hyp_ecd0fdcf524941a0af755d2ae597d809,composite,volatility,medium_horizon_momentum,"High-quality firms with low downside risk are less prone to financial distress and benefit from lower cost of capital, leading to superior long-term returns.",analyst14,"rank(ts_rank(anl14_low_ebitda_fp3,21))",1b2dc426f8a1d44539b64d77fc40a15f0b68add183319773b6a5c6d5d2b4cb5e,"ts_rank(anl14_low_ebitda_fp3,#)","ts_rank(FIELD,#)",2026-08-02T01:03:34.647550+00:00
candidate_1b3703a4f482ede7c39524e9,quality_low_volatility,hyp_ecd0fdcf524941a0af755d2ae597d809,composite,volatility,smoothed_delta,"High-quality firms with low downside risk are less prone to financial distress and benefit from lower cost of capital, leading to superior long-term returns.",analyst14,"rank(ts_mean(ts_delta(anl14_high_ebitda_fp1,1),63))",9c7e242c897575c73f17ba652dae5abcc794da63c7b835c9d8341ffe14f5478a,"ts_mean(ts_delta(anl14_high_ebitda_fp1,#),#)","ts_mean(ts_delta(FIELD,#),#)",2026-08-02T01:03:34.647550+00:00
candidate_c98150e6abb99ec22004e426,quality_low_volatility,hyp_ecd0fdcf524941a0af755d2ae597d809,composite,volatility,decayed_momentum,"High-quality firms with low downside risk are less prone to financial distress and benefit from lower cost of capital, leading to superior long-term returns.",analyst14,"rank(ts_decay_linear(ts_delta(anl14_stddev_ebitda_fp1,63),21))",c0b651ce70571aea1cc7f12a4301555f308b598829cd29c87286e11c43e33264,"ts_decay_linear(ts_delta(anl14_stddev_ebitda_fp1,#),#)","ts_decay_linear(ts_delta(FIELD,#),#)",2026-08-02T01:03:34.647550+00:00
candidate_84b52c0ae80d27a72f1803a0,balance_sheet_leverage,hyp_90d6dfd273a2439fb0d22f4195feae0a,quality,fundamental,short_horizon_reversal,"Regulatory bodies impose capital adequacy ratios and leverage limits, especially in finance and utilities, directly reducing the debt relative to equity or assets. In less regulated industries, firms have greater discretion to increase leverage.",pv1,"-rank(ts_delta(anl14_mean_ndebt_fp3,126))",252e9fc7f2f2b62e5f3beaf44496656de2f3034d2291278c3db51699b15e61e0,"neg(ts_delta(anl14_mean_ndebt_fp3,#))","neg(ts_delta(FIELD,#))",2026-08-02T01:03:34.647550+00:00
candidate_d43f1a8fcd71463201e72d9c,earnings_surprise_persistence,hyp_37b7fac43e9d4cc385d86ff907082b40,expectations,balanced,smoothed_delta,"Analysts underreact to earnings surprises due to anchoring on prior forecasts, leading to gradual revision of expectations.",analyst11,"rank(ts_mean(ts_delta(anl11_pme,1),5))",16728183e1f0d7121b1ee8ae966b1fe92926ff398c6cfca25f99e91e1564f18c,"ts_mean(ts_delta(anl11_pme,#),#)","ts_mean(ts_delta(FIELD,#),#)",2026-08-02T01:03:46.702797+00:00
candidate_69469cc89e3706de18fd66dc,earnings_surprise_persistence,hyp_37b7fac43e9d4cc385d86ff907082b40,expectations,balanced,decayed_momentum,"Analysts underreact to earnings surprises due to anchoring on prior forecasts, leading to gradual revision of expectations.",analyst11,"rank(ts_decay_linear(ts_delta(anl11_g,5),10))",b6dcaebc6558acceacbb3daba82b3de256c2873d410b2daca20e0a5a25acb0a1,"ts_decay_linear(ts_delta(anl11_g,#),#)","ts_decay_linear(ts_delta(FIELD,#),#)",2026-08-02T01:03:46.702797+00:00
candidate_2575fe5315c2827ad9f748cd,margin_improvement,hyp_2505104656ec41c7b7c5043fd58718ac,growth,momentum,information_ratio,"Higher R&D expenditure raises current operating costs without immediate revenue offset, compressing margins in the short to medium term.",analyst14,"rank(ts_ir(anl14_stddev_ebitda_fp1,63))",c5dd04fcff4e8838fa1fd9e06fa10c3ac0114bb0938d7f1ef814e4d59e0bf23d,"ts_ir(anl14_stddev_ebitda_fp1,#)","ts_ir(FIELD,#)",2026-08-02T01:03:46.702797+00:00
candidate_fb8949ba6543e08e5acea793,margin_improvement,hyp_2505104656ec41c7b7c5043fd58718ac,growth,momentum,medium_horizon_momentum,"Higher R&D expenditure raises current operating costs without immediate revenue offset, compressing margins in the short to medium term.",analyst14,"rank(ts_rank(anl14_high_ebitda_fp1,63))",fa9372996e9de24fd023f215aa9824ef64a239e4bbebec942838cd05b34c1b5b,"ts_rank(anl14_high_ebitda_fp1,#)","ts_rank(FIELD,#)",2026-08-02T01:03:46.702797+00:00
candidate_36e161d7ea817f3aa97ecd56,vwap_close_deviation,hyp_3766088610864b88bf716723c3989467,mean_reversion,momentum,volatility_regime,"Extreme deviations from VWAP indicate temporary order imbalance or momentum exhaustion, which mean-reverts as liquidity providers counteract the mispricing.",pv1,"-rank(ts_std_dev(returns,10))",c3caee6be37b3211ff9533c9999c8ebe4a80195416d600e660e27c265e47f169,"neg(ts_std_dev(returns,#))","neg(ts_std_dev(FIELD,#))",2026-08-02T01:03:46.702797+00:00
candidate_4fbc167d4959228d5224d31c,analyst_revision_direction,hyp_678990791fcf42569beba9f285da3f60,expectations,fundamental,short_horizon_reversal,"Downward target revisions signal deteriorating fundamentals, leading to negative market reactions as analysts incorporate new negative information.",analyst15,"-rank(ts_delta(anl15_salgics_ind_cal_fy1_1m_chg,126))",58008da46b0f28e22e05733561d313fec25f524f91467527429b65cda28ca3a8,"neg(ts_delta(anl15_salgics_ind_cal_fy1_1m_chg,#))","neg(ts_delta(FIELD,#))",2026-08-02T01:03:46.702797+00:00
candidate_c70752f0ef08bbbebc961093,operating_profitability,hyp_b545334bf43e4800a3797fb432b70f98,profitability,fundamental,information_ratio,"High operating profitability signals efficient operations and strong pricing power, which are persistent and lead to higher future returns as the market underreacts to this information.",analyst10,"rank(ts_ir(anl10_smartest_roa_ff,63))",b462b7fdce65fbf004507069d53ffada148cf5879de3c70f20ac000b8ee8e595,"ts_ir(anl10_smartest_roa_ff,#)","ts_ir(FIELD,#)",2026-08-02T01:03:58.727148+00:00
candidate_5bb2ae1f369e572fdc18495c,fundamental_improvement_price_confirmation,hyp_221c70fb0bf74cb5b11acf334a861cee,composite,momentum,volatility_regime,"An increase in asset turnover indicates improved operational efficiency and revenue generation from assets, signaling fundamental strength. A price above the 50-day moving average confirms short-term upward momentum, and the combination is expected to yield positive excess returns over a short horizon.",pv1,"-rank(ts_std_dev(cap,10))",ccc539bd0d4d82a555e518e938b32f27f236b3c99f2ef0c93553321728ca3e75,"neg(ts_std_dev(cap,#))","neg(ts_std_dev(FIELD,#))",2026-08-02T01:03:58.727148+00:00
candidate_d492580a7641bd02fffae0e3,fundamental_improvement_price_confirmation,hyp_221c70fb0bf74cb5b11acf334a861cee,composite,momentum,smoothed_delta,"An increase in asset turnover indicates improved operational efficiency and revenue generation from assets, signaling fundamental strength. A price above the 50-day moving average confirms short-term upward momentum, and the combination is expected to yield positive excess returns over a short horizon.",pv1,"rank(ts_mean(ts_delta(volume,1),5))",8c6554fb283c07f5354496b1745ce28f3d750feb728f77f05fc607c3f01259e9,"ts_mean(ts_delta(volume,#),#)","ts_mean(ts_delta(FIELD,#),#)",2026-08-02T01:03:58.727148+00:00
candidate_d0912a0b4c610ceb9adda2ac,fundamental_improvement_price_confirmation,hyp_221c70fb0bf74cb5b11acf334a861cee,composite,momentum,medium_horizon_momentum,"An increase in asset turnover indicates improved operational efficiency and revenue generation from assets, signaling fundamental strength. A price above the 50-day moving average confirms short-term upward momentum, and the combination is expected to yield positive excess returns over a short horizon.",pv1,"rank(ts_rank(close,10))",d9725d9a675a58d1143aaacbf849ad87965bc0e3087422525c1442bd960a3f7e,"ts_rank(close,#)","ts_rank(FIELD,#)",2026-08-02T01:03:58.727148+00:00
candidate_f50b2e677eda8a7a385b662b,analyst_revision_direction,hyp_678990791fcf42569beba9f285da3f60,expectations,fundamental,decayed_momentum,"Downward target revisions signal deteriorating fundamentals, leading to negative market reactions as analysts incorporate new negative information.",analyst15,"rank(ts_decay_linear(ts_delta(anl15_salgics_gr_cal_fy1_total,126),63))",c17410edbc169407fc874ed6b28bd6e4446c58d8c34420ac8b2c867777f87c2c,"ts_decay_linear(ts_delta(anl15_salgics_gr_cal_fy1_total,#),#)","ts_decay_linear(ts_delta(FIELD,#),#)",2026-08-02T01:03:58.727148+00:00
candidate_1aa1f09139b24387b86ba92c,balance_sheet_leverage,hyp_c0ee6d97371a447f9775e8342dd09ce3,quality,fundamental,medium_horizon_momentum,"Firms in high-leverage industries may face increased competition from leveraged rivals, compelling them to maintain lower leverage to preserve financial flexibility for strategic investments and avoid distress.",analyst14,"rank(ts_rank(anl10_epsinnovation_score_fq1,63))",55bb88d5fbada21d7c51421c384cbedc1dfd3b86f50a06e8febc8eff986a91fa,"ts_rank(anl10_epsinnovation_score_fq1,#)","ts_rank(FIELD,#)",2026-08-02T01:04:10.824336+00:00
candidate_6e36f068c77f52bc876e4f80,balance_sheet_leverage,hyp_c0ee6d97371a447f9775e8342dd09ce3,quality,fundamental,smoothed_delta,"Firms in high-leverage industries may face increased competition from leveraged rivals, compelling them to maintain lower leverage to preserve financial flexibility for strategic investments and avoid distress.",analyst14,"rank(ts_mean(ts_delta(anl14_median_ndebt_fp3,1),126))",1ccceb7703e7b06a9405e68e01a2526d629733d48d3c421b5c977f049c2e72c8,"ts_mean(ts_delta(anl14_median_ndebt_fp3,#),#)","ts_mean(ts_delta(FIELD,#),#)",2026-08-02T01:04:10.824336+00:00
candidate_d63781298f8b3bfc2b9f8c35,margin_improvement,hyp_73fd645edeb44b33a64992a27ac4dcf4,growth,momentum,short_horizon_reversal,"When firms have a higher proportion of fixed costs, any increase in revenue translates more directly into operating margin expansion because variable costs do not scale proportionally. This leverage effect becomes apparent within a medium horizon as revenue growth materializes.",analyst14,"-rank(ts_delta(anl14_stddev_revenue_fy5,21))",884a4eff7b74140146b260ce123e1c783663d17e758824bd25f9ede3a1505c0c,"neg(ts_delta(anl14_stddev_revenue_fy5,#))","neg(ts_delta(FIELD,#))",2026-08-02T01:04:10.824336+00:00
candidate_e40cadb2e8237f70bfe23112,margin_improvement,hyp_73fd645edeb44b33a64992a27ac4dcf4,growth,momentum,information_ratio,"When firms have a higher proportion of fixed costs, any increase in revenue translates more directly into operating margin expansion because variable costs do not scale proportionally. This leverage effect becomes apparent within a medium horizon as revenue growth materializes.",analyst14,"rank(ts_ir(anl14_median_revenue_fy5,63))",295779f4f21525051db9dc54482a46469887478bee4522ccc06be5290feabce6,"ts_ir(anl14_median_revenue_fy5,#)","ts_ir(FIELD,#)",2026-08-02T01:04:10.824336+00:00
candidate_7ffdd76d7d0927b08241a778,margin_improvement,hyp_73fd645edeb44b33a64992a27ac4dcf4,growth,momentum,decayed_momentum,"When firms have a higher proportion of fixed costs, any increase in revenue translates more directly into operating margin expansion because variable costs do not scale proportionally. This leverage effect becomes apparent within a medium horizon as revenue growth materializes.",analyst14,"rank(ts_decay_linear(ts_delta(anl14_stddev_ebitda_fp1,21),63))",84be8568c663f4d7d0d49bcd73e34ac8f662a695e0d7f2026778472ad1572dd5,"ts_decay_linear(ts_delta(anl14_stddev_ebitda_fp1,#),#)","ts_decay_linear(ts_delta(FIELD,#),#)",2026-08-02T01:04:10.824336+00:00
candidate_0ee0746e8f1b48bd8c96d18f,vwap_close_deviation,hyp_10efc199e62f439a91d5b702e86cedd9,mean_reversion,reversal,decayed_momentum,"Low-liquidity stocks are more prone to price impact from large trades, causing temporary deviations that mean-revert as liquidity providers step in.",pv1,"rank(ts_decay_linear(ts_delta(vwap,5),20))",d1f69b18dfe4020a4e3d81377e1e9bffcd0d183419f59e7c247a4e9e0e2bd49b,"ts_decay_linear(ts_delta(vwap,#),#)","ts_decay_linear(ts_delta(FIELD,#),#)",2026-08-02T01:04:22.901067+00:00
candidate_b3d4bbfd25952dc51ef38c47,margin_improvement,hyp_73fd645edeb44b33a64992a27ac4dcf4,growth,momentum,medium_horizon_momentum,"When firms have a higher proportion of fixed costs, any increase in revenue translates more directly into operating margin expansion because variable costs do not scale proportionally. This leverage effect becomes apparent within a medium horizon as revenue growth materializes.",analyst14,"rank(ts_rank(anl14_median_ebitda_fp1,63))",ace7cbdb7891a09f3a5b8bab63f755625d172da0f419a7234decdff907ba0740,"ts_rank(anl14_median_ebitda_fp1,#)","ts_rank(FIELD,#)",2026-08-02T01:04:22.901067+00:00
candidate_4194b89b941e81428f2836d1,margin_improvement,hyp_73fd645edeb44b33a64992a27ac4dcf4,growth,momentum,smoothed_delta,"When firms have a higher proportion of fixed costs, any increase in revenue translates more directly into operating margin expansion because variable costs do not scale proportionally. This leverage effect becomes apparent within a medium horizon as revenue growth materializes.",analyst14,"rank(ts_mean(ts_delta(anl14_median_ebitda_fp2,1),21))",ec9a69c963f5aaa51a3e14999876ffb5d2b0b331f48663a4b9087f47fcfc4019,"ts_mean(ts_delta(anl14_median_ebitda_fp2,#),#)","ts_mean(ts_delta(FIELD,#),#)",2026-08-02T01:04:22.901067+00:00
candidate_5b43c2ace818dd633c89f81c,analyst_revision_direction,hyp_e45d637f55c442699ca91ed68bac7feb,expectations,momentum,information_ratio,"Analyst overreaction to recent information leads to initial price momentum, followed by reversal as the market corrects for the overreaction.",analyst15,"rank(ts_ir(anl15_bpsgics_gr_18_m_total,126))",b212a95ce3d5f4e47be04e26cce17ef896f706c19d97334b3ca762b55b600d83,"ts_ir(anl15_bpsgics_gr_18_m_total,#)","ts_ir(FIELD,#)",2026-08-02T01:04:22.901067+00:00
candidate_8f0809dae1097fde069c8f61,earnings_quality_accruals,hyp_992b606749cd4c6582ff64f8278c70fc,quality,fundamental,decayed_momentum,"Cash-backed earnings are less subject to estimation errors and manipulation than accrual-intensive earnings, leading to a more sustainable earnings stream that better predicts future performance. The accrual anomaly suggests that investors overestimate the persistence of accruals, so lower accrual intensity reduces the mispricing correction, resulting in more persistent returns.",pv1,"rank(ts_decay_linear(ts_delta(anl10_epsinnovation_score_fy1,252),126))",e3fc7d8c3f3bdd8b9601cacf89a6b9277eb0d7f5dce31f202dd841c8a38a0560,"ts_decay_linear(ts_delta(anl10_epsinnovation_score_fy1,#),#)","ts_decay_linear(ts_delta(FIELD,#),#)",2026-08-02T01:04:34.983862+00:00
candidate_534571a7597b2f155f042991,earnings_quality_accruals,hyp_992b606749cd4c6582ff64f8278c70fc,quality,fundamental,medium_horizon_momentum,"Cash-backed earnings are less subject to estimation errors and manipulation than accrual-intensive earnings, leading to a more sustainable earnings stream that better predicts future performance. The accrual anomaly suggests that investors overestimate the persistence of accruals, so lower accrual intensity reduces the mispricing correction, resulting in more persistent returns.",pv1,"rank(ts_rank(dividend,126))",d3b829b7180c28e9b55234b7f2c1f5d98708ab9f9eb0194852bdbc86776f3763,"ts_rank(dividend,#)","ts_rank(FIELD,#)",2026-08-02T01:04:34.983862+00:00
candidate_fff549cb384d8b58057b9041,earnings_quality_accruals,hyp_992b606749cd4c6582ff64f8278c70fc,quality,fundamental,smoothed_delta,"Cash-backed earnings are less subject to estimation errors and manipulation than accrual-intensive earnings, leading to a more sustainable earnings stream that better predicts future performance. The accrual anomaly suggests that investors overestimate the persistence of accruals, so lower accrual intensity reduces the mispricing correction, resulting in more persistent returns.",pv1,"rank(ts_mean(ts_delta(anl14_stddev_ebitda_fy1,1),252))",8d012613004414092e4ab89af6086fcf4d05229e2c7dc08e5bcc84e4234fca78,"ts_mean(ts_delta(anl14_stddev_ebitda_fy1,#),#)","ts_mean(ts_delta(FIELD,#),#)",2026-08-02T01:04:34.983862+00:00
candidate_e1e796c1f5f40d95fa85932d,earnings_quality_accruals,hyp_992b606749cd4c6582ff64f8278c70fc,quality,fundamental,information_ratio,"Cash-backed earnings are less subject to estimation errors and manipulation than accrual-intensive earnings, leading to a more sustainable earnings stream that better predicts future performance. The accrual anomaly suggests that investors overestimate the persistence of accruals, so lower accrual intensity reduces the mispricing correction, resulting in more persistent returns.",pv1,"rank(ts_ir(dividend,126))",b8407bd40c23db1456a06a66bb1c2e0de334cb70cc2f2e25c01538ffc12ad33d,"ts_ir(dividend,#)","ts_ir(FIELD,#)",2026-08-02T01:04:34.983862+00:00
candidate_ddba1847d52695cf4d1ea2d6,margin_improvement,hyp_c29c5dcc9dc74dcfbf206d032a9ee679,growth,momentum,medium_horizon_momentum,"Share buybacks reduce the number of outstanding shares, which increases earnings per share. This can lead to improved operating margins as the same level of earnings is distributed over fewer shares, and the buyback itself signals management's confidence, potentially boosting stock price and reducing cost of equity.",analyst14,"rank(ts_rank(anl14_mean_ebitda_fy1,63))",7af8958f0b4ad40c52ade851814f753175b1df4df9371d6b890909c025a4f434,"ts_rank(anl14_mean_ebitda_fy1,#)","ts_rank(FIELD,#)",2026-08-02T01:04:47.027622+00:00
candidate_f176fb80321a6faa1c35b872,margin_improvement,hyp_c29c5dcc9dc74dcfbf206d032a9ee679,growth,momentum,information_ratio,"Share buybacks reduce the number of outstanding shares, which increases earnings per share. This can lead to improved operating margins as the same level of earnings is distributed over fewer shares, and the buyback itself signals management's confidence, potentially boosting stock price and reducing cost of equity.",analyst14,"rank(ts_ir(anl14_mean_ebitda_fy1,63))",17582c41a793a979df822e634f14260c3bde5e71bce1ec15850c78238ff20fe6,"ts_ir(anl14_mean_ebitda_fy1,#)","ts_ir(FIELD,#)",2026-08-02T01:04:47.027622+00:00
candidate_ae7f2722559a6b624a952274,margin_improvement,hyp_c29c5dcc9dc74dcfbf206d032a9ee679,growth,momentum,decayed_momentum,"Share buybacks reduce the number of outstanding shares, which increases earnings per share. This can lead to improved operating margins as the same level of earnings is distributed over fewer shares, and the buyback itself signals management's confidence, potentially boosting stock price and reducing cost of equity.",analyst14,"rank(ts_decay_linear(ts_delta(dividend,21),63))",b05e09a8cc2871661fd76985e243a73c6918885ab9bbf341b4ef64074d79ca47,"ts_decay_linear(ts_delta(dividend,#),#)","ts_decay_linear(ts_delta(FIELD,#),#)",2026-08-02T01:04:47.027622+00:00
candidate_85ebd224b579e4379c18202f,margin_improvement,hyp_c29c5dcc9dc74dcfbf206d032a9ee679,growth,momentum,smoothed_delta,"Share buybacks reduce the number of outstanding shares, which increases earnings per share. This can lead to improved operating margins as the same level of earnings is distributed over fewer shares, and the buyback itself signals management's confidence, potentially boosting stock price and reducing cost of equity.",analyst14,"rank(ts_mean(ts_delta(anl14_median_ebitda_fy2,1),21))",7cde994e628803929dfdd8ead8bb17ea2d7fd5117ab07ce8cf3568a24901a5f8,"ts_mean(ts_delta(anl14_median_ebitda_fy2,#),#)","ts_mean(ts_delta(FIELD,#),#)",2026-08-02T01:04:47.027622+00:00
candidate_a9bdcae5eae29cda3e0a1e1b,quality_low_volatility,hyp_b1cecf9cf5674d73ac4a9d93a1f5d417,composite,volatility,decayed_momentum,"High operating cash flow margins indicate durable quality, while low earnings variability reduces uncertainty. Low idiosyncratic volatility captures the low-volatility effect without excessive exposure to systematic factors, leading to a smoother performance and higher compounded returns over longer horizons.",analyst14,"rank(ts_decay_linear(ts_delta(returns,126),63))",cb03a2dc81f7bea5ee70dadeead615864cd563b3f7a5deec15a7a04e50fb7c71,"ts_decay_linear(ts_delta(returns,#),#)","ts_decay_linear(ts_delta(FIELD,#),#)",2026-08-02T01:04:59.529934+00:00
candidate_cdc4671c1c2040624a652b4e,quality_low_volatility,hyp_b1cecf9cf5674d73ac4a9d93a1f5d417,composite,volatility,information_ratio,"High operating cash flow margins indicate durable quality, while low earnings variability reduces uncertainty. Low idiosyncratic volatility captures the low-volatility effect without excessive exposure to systematic factors, leading to a smoother performance and higher compounded returns over longer horizons.",analyst14,"rank(ts_ir(close,63))",11228d6df2062b8479c97cd489b21dcef4d7d0fdebd5c2e0b2679b9195bfb288,"ts_ir(close,#)","ts_ir(FIELD,#)",2026-08-02T01:04:59.529934+00:00
candidate_f3720ab126fd7c666a473809,quality_low_volatility,hyp_b1cecf9cf5674d73ac4a9d93a1f5d417,composite,volatility,volatility_regime,"High operating cash flow margins indicate durable quality, while low earnings variability reduces uncertainty. Low idiosyncratic volatility captures the low-volatility effect without excessive exposure to systematic factors, leading to a smoother performance and higher compounded returns over longer horizons.",analyst14,"-rank(ts_std_dev(anl14_high_ebitda_fp1,63))",529e9e58e3b82ff672575d4ddf3d9f6c86de743beb32fe8900fc3f2b4baa7a84,"neg(ts_std_dev(anl14_high_ebitda_fp1,#))","neg(ts_std_dev(FIELD,#))",2026-08-02T01:04:59.529934+00:00
candidate_3103d9e50eadd85750674db4,quality_low_volatility,hyp_b1cecf9cf5674d73ac4a9d93a1f5d417,composite,volatility,smoothed_delta,"High operating cash flow margins indicate durable quality, while low earnings variability reduces uncertainty. Low idiosyncratic volatility captures the low-volatility effect without excessive exposure to systematic factors, leading to a smoother performance and higher compounded returns over longer horizons.",analyst14,"rank(ts_mean(ts_delta(anl14_stddev_ebitda_fp1,1),126))",7061528644a9d4ff6e6e3b9989d891f9a83fa7b9229e6ae5db5f6258de3bd26f,"ts_mean(ts_delta(anl14_stddev_ebitda_fp1,#),#)","ts_mean(ts_delta(FIELD,#),#)",2026-08-02T01:04:59.529934+00:00
candidate_744bfb98b073f69211c1276b,analyst_revision_direction,hyp_1fb876fb532b4280b8dd24ef2ebe9a0e,expectations,fundamental,medium_horizon_momentum,"Analysts update their forecasts in response to new information; a preponderance of upward revisions signals improving fundamentals or positive sentiment, which is not fully incorporated into price immediately due to attention constraints, leading to gradual price adjustment.",analyst10,"rank(ts_rank(anl10_netrevise_ratio_to_consensus_fy1_2537,63))",63bd1933c56d765184fd8ab4dd8dd1dad566e5b55116c94018faa00f0b0627c0,"ts_rank(anl10_netrevise_ratio_to_consensus_fy1_2537,#)","ts_rank(FIELD,#)",2026-08-02T01:04:59.529934+00:00
candidate_94e1563e702808f617898ae7,balance_sheet_leverage,hyp_90d6dfd273a2439fb0d22f4195feae0a,quality,fundamental,decayed_momentum,"Regulatory bodies impose capital adequacy ratios and leverage limits, especially in finance and utilities, directly reducing the debt relative to equity or assets. In less regulated industries, firms have greater discretion to increase leverage.",pv1,"rank(ts_decay_linear(ts_delta(anl10_smartest_roe_ff,126),63))",54de2d1f1d3df1c80911e56733a63558ab368d620bca552507ff343ec01183ab,"ts_decay_linear(ts_delta(anl10_smartest_roe_ff,#),#)","ts_decay_linear(ts_delta(FIELD,#),#)",2026-08-02T01:05:11.650755+00:00
candidate_48e078f96df2a3b04d653ada,balance_sheet_leverage,hyp_90d6dfd273a2439fb0d22f4195feae0a,quality,fundamental,medium_horizon_momentum,"Regulatory bodies impose capital adequacy ratios and leverage limits, especially in finance and utilities, directly reducing the debt relative to equity or assets. In less regulated industries, firms have greater discretion to increase leverage.",pv1,"rank(ts_rank(anl14_mean_ndebt_fp3,63))",38f31830aba7922724c93dc8d05040e0fb816bca554efbb9999a661d632a8eec,"ts_rank(anl14_mean_ndebt_fp3,#)","ts_rank(FIELD,#)",2026-08-02T01:05:11.650755+00:00
candidate_a22a4b22e798a81c93ad7298,analyst_revision_direction,hyp_678990791fcf42569beba9f285da3f60,expectations,fundamental,information_ratio,"Downward target revisions signal deteriorating fundamentals, leading to negative market reactions as analysts incorporate new negative information.",analyst15,"rank(ts_ir(anl15_salgics_ind_18_m_cos,63))",83c27baf688dc60dba61c9df5f6b7065a9f24a5b090bb2a7ba009decafd5b145,"ts_ir(anl15_salgics_ind_18_m_cos,#)","ts_ir(FIELD,#)",2026-08-02T01:05:11.650755+00:00
candidate_1ab98fe79a2b59f27efc05a8,analyst_revision_direction,hyp_678990791fcf42569beba9f285da3f60,expectations,fundamental,smoothed_delta,"Downward target revisions signal deteriorating fundamentals, leading to negative market reactions as analysts incorporate new negative information.",analyst15,"rank(ts_mean(ts_delta(anl15_salgics_ind_cal_fy1_1m_chg,1),126))",72582e256785625db807684a7f7f6951d5a93b063f7aab4cea0780f6b46243af,"ts_mean(ts_delta(anl15_salgics_ind_cal_fy1_1m_chg,#),#)","ts_mean(ts_delta(FIELD,#),#)",2026-08-02T01:05:11.650755+00:00
candidate_4dce4f431c11957d33a4b610,cash_flow_yield,hyp_e1399c7b8fcb4d019b357fe3d6e700fc,value,reversal,decayed_momentum,"Operating cash flow yield captures the efficiency and profitability of a firm's core operations. After normalizing for size, a high yield indicates undervaluation or strong cash generation, leading to mean reversion or positive market adjustment as the market recognizes the firm's true value.",pv1,"rank(ts_decay_linear(ts_delta(anl14_mean_ebitda_fp1,21),126))",f98a231d85b89a2db5312f791aef288af61b86b54a689c80eea2235247a14b76,"ts_decay_linear(ts_delta(anl14_mean_ebitda_fp1,#),#)","ts_decay_linear(ts_delta(FIELD,#),#)",2026-08-02T01:05:23.793211+00:00
candidate_d955c20e48cb4556dc2b6a0f,cash_flow_yield,hyp_e1399c7b8fcb4d019b357fe3d6e700fc,value,reversal,smoothed_delta,"Operating cash flow yield captures the efficiency and profitability of a firm's core operations. After normalizing for size, a high yield indicates undervaluation or strong cash generation, leading to mean reversion or positive market adjustment as the market recognizes the firm's true value.",pv1,"rank(ts_mean(ts_delta(anl14_high_ebitda_fp1,1),21))",bf11dcabac1e0324eb3503f4dd5477ceeb955f95d149400c817a3d1ea934bc65,"ts_mean(ts_delta(anl14_high_ebitda_fp1,#),#)","ts_mean(ts_delta(FIELD,#),#)",2026-08-02T01:05:23.793211+00:00
candidate_5bc39afef6c987af74c5a258,revenue_growth,hyp_834fd9f15d4f4147b8f79334f9a76c1c,growth,momentum,information_ratio,"Higher capital expenditure indicates investment in long-term productive capacity, which can drive future revenue growth through expanded operations or improved efficiency.",analyst14,"rank(ts_ir(anl14_numofests_revenue_fy5,126))",38e4c432d762469220f36c059acb530ae157b1e232733b5edd99c5e091082cf8,"ts_ir(anl14_numofests_revenue_fy5,#)","ts_ir(FIELD,#)",2026-08-02T01:05:23.793211+00:00
candidate_a71b733957f7923f33c956bf,revenue_growth,hyp_834fd9f15d4f4147b8f79334f9a76c1c,growth,momentum,medium_horizon_momentum,"Higher capital expenditure indicates investment in long-term productive capacity, which can drive future revenue growth through expanded operations or improved efficiency.",analyst14,"rank(ts_rank(anl14_mean_capex_fy4,126))",88b7cd91177867646bfbf1b256241b5d753b2cecaa21ef16684064d9d08e5fb3,"ts_rank(anl14_mean_capex_fy4,#)","ts_rank(FIELD,#)",2026-08-02T01:05:23.793211+00:00
candidate_3c322c7e2a0fb4374c97ccf6,balance_sheet_leverage,hyp_2cf260353dd34aadb7fec97465b9321d,quality,volatility,information_ratio,"High operating leverage implies that fixed costs constitute a large proportion of total costs, making earnings more sensitive to revenue changes. To maintain financial stability and cover fixed obligations during downturns, firms in such industries use more debt financing, expecting that the additional risk is compensated by higher returns during upturns.",analyst14,"rank(ts_ir(anl14_stddev_ndebt_fp3,21))",b4092b1f8d30ab9c4a13eeb0a568c1526186eb1df615b3a6a5f9c3a9675fb683,"ts_ir(anl14_stddev_ndebt_fp3,#)","ts_ir(FIELD,#)",2026-08-02T01:05:35.864023+00:00
candidate_9fc1dbc01f469e92788d10bc,balance_sheet_leverage,hyp_2cf260353dd34aadb7fec97465b9321d,quality,volatility,smoothed_delta,"High operating leverage implies that fixed costs constitute a large proportion of total costs, making earnings more sensitive to revenue changes. To maintain financial stability and cover fixed obligations during downturns, firms in such industries use more debt financing, expecting that the additional risk is compensated by higher returns during upturns.",analyst14,"rank(ts_mean(ts_delta(anl14_mean_ndebt_fp3,1),63))",6cf451733f58fc7a5910505ac99dc81faee6a555d2ab5c39b921eeacb516e129,"ts_mean(ts_delta(anl14_mean_ndebt_fp3,#),#)","ts_mean(ts_delta(FIELD,#),#)",2026-08-02T01:05:35.864023+00:00
candidate_3bb1c277bf12438d45e95122,balance_sheet_leverage,hyp_2cf260353dd34aadb7fec97465b9321d,quality,volatility,medium_horizon_momentum,"High operating leverage implies that fixed costs constitute a large proportion of total costs, making earnings more sensitive to revenue changes. To maintain financial stability and cover fixed obligations during downturns, firms in such industries use more debt financing, expecting that the additional risk is compensated by higher returns during upturns.",analyst14,"rank(ts_rank(anl14_stddev_ndebt_fp3,21))",eff4e64286f9c123b620b66410c8d5cc440dca1289a525e57ad1b79c52cecb7b,"ts_rank(anl14_stddev_ndebt_fp3,#)","ts_rank(FIELD,#)",2026-08-02T01:05:35.864023+00:00
candidate_ddb2bc163d61b11b3ef54269,margin_improvement,hyp_2505104656ec41c7b7c5043fd58718ac,growth,momentum,decayed_momentum,"Higher R&D expenditure raises current operating costs without immediate revenue offset, compressing margins in the short to medium term.",analyst14,"rank(ts_decay_linear(ts_delta(anl14_median_ebitda_fp2,21),63))",91d191ce7ecd84f8a8ff7bc3ea6fa9157d010a6037f5decdc9b6201f097659ed,"ts_decay_linear(ts_delta(anl14_median_ebitda_fp2,#),#)","ts_decay_linear(ts_delta(FIELD,#),#)",2026-08-02T01:05:35.864023+00:00
candidate_d9f8ca50ca90463957d8d1d4,asset_utilization,hyp_6f0b23201ecc4aa7a5357daf589388b2,efficiency,volatility,decayed_momentum,"Higher ROA indicates more efficient use of assets to generate profits, which may signal operational stability and lower financial risk, leading to less volatile stock returns.",analyst10,"rank(ts_decay_linear(ts_delta(anl10_smartest_roa_ff,63),21))",7f387c9feaeee3c51b92ae4d99786e3de420fb4c5cbd0b316c3a5d6cc52db2b3,"ts_decay_linear(ts_delta(anl10_smartest_roa_ff,#),#)","ts_decay_linear(ts_delta(FIELD,#),#)",2026-08-02T01:05:47.962497+00:00
candidate_8f9418b62ded2911240e9d95,asset_utilization,hyp_6f0b23201ecc4aa7a5357daf589388b2,efficiency,volatility,medium_horizon_momentum,"Higher ROA indicates more efficient use of assets to generate profits, which may signal operational stability and lower financial risk, leading to less volatile stock returns.",analyst10,"rank(ts_rank(dividend,21))",83b230a729319c62aa09d08aaf511b214409ea86ac60bed47c665115b49dd4bf,"ts_rank(dividend,#)","ts_rank(FIELD,#)",2026-08-02T01:05:47.962497+00:00
candidate_fb251250ebec4602e9163aff,asset_utilization,hyp_6f0b23201ecc4aa7a5357daf589388b2,efficiency,volatility,volatility_regime,"Higher ROA indicates more efficient use of assets to generate profits, which may signal operational stability and lower financial risk, leading to less volatile stock returns.",analyst10,"-rank(ts_std_dev(anl10_smartest_roa_ff,21))",6bbf095aa33468e3a31fa0aaad41114c2ffde8237ad9c9204db41c6e28598649,"neg(ts_std_dev(anl10_smartest_roa_ff,#))","neg(ts_std_dev(FIELD,#))",2026-08-02T01:05:47.962497+00:00
candidate_0e2dc4a09bd77c52c9318070,intraday_momentum_industry_neutral,hyp_f4b5444e57c14889a844c421d96fb7a6,momentum,fundamental,information_ratio,"Large intraday price swings indicate overreaction or noise trading, which tends to reverse on the next day as prices correct back toward fundamental values.",pv1,"rank(ts_ir(high,10))",00bd8c6791c5c6d7cd1604b77b1e5197319cef624f5b9c36fe9e3c600bdf6c5d,"ts_ir(high,#)","ts_ir(FIELD,#)",2026-08-02T01:05:47.962497+00:00
candidate_ad1ce1ccc693fbab44965461,intraday_momentum_industry_neutral,hyp_f4b5444e57c14889a844c421d96fb7a6,momentum,fundamental,smoothed_delta,"Large intraday price swings indicate overreaction or noise trading, which tends to reverse on the next day as prices correct back toward fundamental values.",pv1,"rank(ts_mean(ts_delta(low,1),20))",d411e7e28fffcc6950293b1533c8cf01ba1b0cbdb923f6209f4d4c1f24eda41b,"ts_mean(ts_delta(low,#),#)","ts_mean(ts_delta(FIELD,#),#)",2026-08-02T01:05:47.962497+00:00
candidate_775a877ee29260e6bba0a7d9,margin_improvement,hyp_2505104656ec41c7b7c5043fd58718ac,growth,momentum,smoothed_delta,"Higher R&D expenditure raises current operating costs without immediate revenue offset, compressing margins in the short to medium term.",analyst14,"rank(ts_mean(ts_delta(anl14_low_ebitda_fp1,1),21))",44a3e232d56d3ebb22cbb1c967358884fb2517a5a85973e99c56e14d4b0f14bc,"ts_mean(ts_delta(anl14_low_ebitda_fp1,#),#)","ts_mean(ts_delta(FIELD,#),#)",2026-08-02T01:06:00.091672+00:00
candidate_cff13201616e2f56e4df7925,analyst_revision_direction,hyp_678990791fcf42569beba9f285da3f60,expectations,fundamental,medium_horizon_momentum,"Downward target revisions signal deteriorating fundamentals, leading to negative market reactions as analysts incorporate new negative information.",analyst15,"rank(ts_rank(anl15_salgics_ind_18_m_cos,63))",72bcb3a0e628a837db4ebb2ff3085ab1387723ccf05580f5d4109efeb0a22d3f,"ts_rank(anl15_salgics_ind_18_m_cos,#)","ts_rank(FIELD,#)",2026-08-02T01:06:00.091672+00:00
candidate_53a13582170eecc5730d6fb9,analyst_revision_direction,hyp_1fb876fb532b4280b8dd24ef2ebe9a0e,expectations,fundamental,information_ratio,"Analysts update their forecasts in response to new information; a preponderance of upward revisions signals improving fundamentals or positive sentiment, which is not fully incorporated into price immediately due to attention constraints, leading to gradual price adjustment.",analyst10,"rank(ts_ir(anl10_netrevise_ratio_to_consensus_fy1_2537,63))",8a92ec75117ef275c3f5a1c11cbf9f6c970f6bd459974acad09ecf30eddb3e54,"ts_ir(anl10_netrevise_ratio_to_consensus_fy1_2537,#)","ts_ir(FIELD,#)",2026-08-02T01:06:00.091672+00:00
candidate_ebdc09205778d6418fcbca66,analyst_revision_direction,hyp_1fb876fb532b4280b8dd24ef2ebe9a0e,expectations,fundamental,decayed_momentum,"Analysts update their forecasts in response to new information; a preponderance of upward revisions signals improving fundamentals or positive sentiment, which is not fully incorporated into price immediately due to attention constraints, leading to gradual price adjustment.",analyst10,"rank(ts_decay_linear(ts_delta(anl15_dpsgics_gr_fy1_ests_up,126),63))",d63be41bc5430f4b92a3a39e754139d1a8905c3dc814e6728af1ac236a6cb752,"ts_decay_linear(ts_delta(anl15_dpsgics_gr_fy1_ests_up,#),#)","ts_decay_linear(ts_delta(FIELD,#),#)",2026-08-02T01:06:00.091672+00:00
candidate_d1474e028da8ed2cb2e5a2e4,analyst_revision_direction,hyp_1fb876fb532b4280b8dd24ef2ebe9a0e,expectations,fundamental,smoothed_delta,"Analysts update their forecasts in response to new information; a preponderance of upward revisions signals improving fundamentals or positive sentiment, which is not fully incorporated into price immediately due to attention constraints, leading to gradual price adjustment.",analyst10,"rank(ts_mean(ts_delta(anl10_netrevise_ratio_to_consensus_fy2_2522,1),126))",b66d122d123b1506986a0a22a94a34b788253559652d2612b36d4037a82e65bc,"ts_mean(ts_delta(anl10_netrevise_ratio_to_consensus_fy2_2522,#),#)","ts_mean(ts_delta(FIELD,#),#)",2026-08-02T01:06:12.311956+00:00
candidate_6b5090fad56ca6dc3fbc34b7,intraday_momentum_industry_neutral,hyp_f4b5444e57c14889a844c421d96fb7a6,momentum,fundamental,medium_horizon_momentum,"Large intraday price swings indicate overreaction or noise trading, which tends to reverse on the next day as prices correct back toward fundamental values.",pv1,"rank(ts_rank(high,10))",77561c9502f71c673b971af7f733371f3474d2c9d5e400acd8d70cc4b5904748,"ts_rank(high,#)","ts_rank(FIELD,#)",2026-08-02T01:06:12.311956+00:00
candidate_5fc6420b652ec06033b75dd4,analyst_revision_direction,hyp_e45d637f55c442699ca91ed68bac7feb,expectations,momentum,medium_horizon_momentum,"Analyst overreaction to recent information leads to initial price momentum, followed by reversal as the market corrects for the overreaction.",analyst15,"rank(ts_rank(anl15_cpsgics_gr_12_m_ests_up,126))",1d390e3f199a14e693656940f00fec47d9ff5d9b24f8a0e1e4d8fff1a88c97bd,"ts_rank(anl15_cpsgics_gr_12_m_ests_up,#)","ts_rank(FIELD,#)",2026-08-02T01:06:49.247933+00:00
candidate_5bda1d34c68803631ff4556a,analyst_revision_direction,hyp_e45d637f55c442699ca91ed68bac7feb,expectations,momentum,decayed_momentum,"Analyst overreaction to recent information leads to initial price momentum, followed by reversal as the market corrects for the overreaction.",analyst15,"rank(ts_decay_linear(ts_delta(anl15_dpsgics_gr_fy1_ests_up,63),126))",99ccfc67c7a915e617e6e6ca9c91556735f19dec1ec6f0e045eac0ade4548c04,"ts_decay_linear(ts_delta(anl15_dpsgics_gr_fy1_ests_up,#),#)","ts_decay_linear(ts_delta(FIELD,#),#)",2026-08-02T01:06:49.247933+00:00
candidate_32da10105b97d6a18d741f7e,revenue_growth,hyp_834fd9f15d4f4147b8f79334f9a76c1c,growth,momentum,decayed_momentum,"Higher capital expenditure indicates investment in long-term productive capacity, which can drive future revenue growth through expanded operations or improved efficiency.",analyst14,"rank(ts_decay_linear(ts_delta(anl14_mean_ebitda_fy5,63),126))",d2ce5789a34544908694969fa9f4cbb9d237bbd55659cf1b8f79c61ce6ecd6cd,"ts_decay_linear(ts_delta(anl14_mean_ebitda_fy5,#),#)","ts_decay_linear(ts_delta(FIELD,#),#)",2026-08-02T01:07:01.322848+00:00
candidate_f7991d70dde5a84061dcfa60,revenue_growth,hyp_834fd9f15d4f4147b8f79334f9a76c1c,growth,momentum,smoothed_delta,"Higher capital expenditure indicates investment in long-term productive capacity, which can drive future revenue growth through expanded operations or improved efficiency.",analyst14,"rank(ts_mean(ts_delta(anl14_mean_revenue_fy5,1),63))",666163cc9cf80154092908a26322f59cb9d91090c18b0a32601d4c74d85621a5,"ts_mean(ts_delta(anl14_mean_revenue_fy5,#),#)","ts_mean(ts_delta(FIELD,#),#)",2026-08-02T01:07:01.322848+00:00
candidate_1ff58026addcd7d68a8b15b2,fundamental_improvement_price_confirmation,hyp_221c70fb0bf74cb5b11acf334a861cee,composite,momentum,information_ratio,"An increase in asset turnover indicates improved operational efficiency and revenue generation from assets, signaling fundamental strength. A price above the 50-day moving average confirms short-term upward momentum, and the combination is expected to yield positive excess returns over a short horizon.",pv1,"rank(ts_ir(cap,10))",0f05fb6918d43de316e6846d05d2a83e5d00304a2d180a296db4bfdcf4ad6858,"ts_ir(cap,#)","ts_ir(FIELD,#)",2026-08-02T01:07:01.322848+00:00
candidate_d48e1cb17ab2f19387bcb418,vwap_close_deviation,hyp_3766088610864b88bf716723c3989467,mean_reversion,momentum,information_ratio,"Extreme deviations from VWAP indicate temporary order imbalance or momentum exhaustion, which mean-reverts as liquidity providers counteract the mispricing.",pv1,"rank(ts_ir(volume,10))",ab85f7441e27403de17413627e4bd58b520dc85a0498bd112a13d09d5a88a26f,"ts_ir(volume,#)","ts_ir(FIELD,#)",2026-08-02T01:07:49.880370+00:00
candidate_077f3b21f0ae3dd3ed5d5e9e,capital_efficiency,hyp_51de9c84a4b0454db1e00db48ace6998,profitability,fundamental,information_ratio,"Higher asset turnover indicates more efficient use of capital to generate sales, leading to higher operating profit per unit of invested capital.",analyst14,"rank(ts_ir(anl14_high_ebitda_fp1,10))",6ca7ecb249a024e181b25f9014cf67eba4ad2b96da6defc7a25602da4791e02b,"ts_ir(anl14_high_ebitda_fp1,#)","ts_ir(FIELD,#)",2026-08-02T01:37:20.157746+00:00
candidate_67c35bba7549dc79d54f4f63,capital_efficiency,hyp_51de9c84a4b0454db1e00db48ace6998,profitability,fundamental,medium_horizon_momentum,"Higher asset turnover indicates more efficient use of capital to generate sales, leading to higher operating profit per unit of invested capital.",analyst14,"rank(ts_rank(anl14_high_ebitda_fp1,10))",f00073216cd5cc067972ab1f6cc85443ba97415a7083dd43fbe8f271aff8b152,"ts_rank(anl14_high_ebitda_fp1,#)","ts_rank(FIELD,#)",2026-08-02T01:37:20.157746+00:00
candidate_373f72fd3612f124822b99cf,capital_efficiency,hyp_51de9c84a4b0454db1e00db48ace6998,profitability,fundamental,smoothed_delta,"Higher asset turnover indicates more efficient use of capital to generate sales, leading to higher operating profit per unit of invested capital.",analyst14,"rank(ts_mean(ts_delta(anl14_median_ebitda_fp1,1),20))",9e39a08265f5aae50545a5eb2a9065efe888f05ae82ae22b5933dea11bd0a6b9,"ts_mean(ts_delta(anl14_median_ebitda_fp1,#),#)","ts_mean(ts_delta(FIELD,#),#)",2026-08-02T01:37:20.157746+00:00
candidate_856a45e0c119f89b672417bd,capital_efficiency,hyp_51de9c84a4b0454db1e00db48ace6998,profitability,fundamental,historical_surprise,"Higher asset turnover indicates more efficient use of capital to generate sales, leading to higher operating profit per unit of invested capital.",analyst14,"rank(ts_zscore(anl14_median_ebitda_fp1,5))",fe8181eb1e4b34218d9cb9ab84962898db9f0c1eb0889b3e90c9a2b84a71cf7a,"ts_zscore(anl14_median_ebitda_fp1,#)","ts_zscore(FIELD,#)",2026-08-02T01:37:20.157746+00:00
candidate_47952c3539edd21e57d7ba3f,capital_efficiency,hyp_51de9c84a4b0454db1e00db48ace6998,profitability,fundamental,change_to_acceleration,"Higher asset turnover indicates more efficient use of capital to generate sales, leading to higher operating profit per unit of invested capital.",analyst14,"rank(ts_delta(ts_delta(anl14_high_ebitda_fp1,10),20))",877de12f6f586cca96e0ceef4dc5601ebde31decb1bd5b0693c0dd59e4ed242a,"ts_delta(ts_delta(anl14_high_ebitda_fp1,#),#)","ts_delta(ts_delta(FIELD,#),#)",2026-08-02T01:37:20.157746+00:00
candidate_264461babe76b318101015f8,capital_efficiency,hyp_51de9c84a4b0454db1e00db48ace6998,profitability,fundamental,decayed_momentum,"Higher asset turnover indicates more efficient use of capital to generate sales, leading to higher operating profit per unit of invested capital.",analyst14,"rank(ts_decay_linear(ts_delta(anl14_stddev_ebitda_fp1,20),10))",009ae538ea770a6c10647e96d8e29d24a4ed1b4620d222ac058d01795bf9eb53,"ts_decay_linear(ts_delta(anl14_stddev_ebitda_fp1,#),#)","ts_decay_linear(ts_delta(FIELD,#),#)",2026-08-02T01:37:20.157746+00:00
candidate_789ef5721e2bc236a0f907bc,capital_efficiency,hyp_51de9c84a4b0454db1e00db48ace6998,profitability,fundamental,short_horizon_reversal,"Higher asset turnover indicates more efficient use of capital to generate sales, leading to higher operating profit per unit of invested capital.",analyst14,"-rank(ts_delta(anl14_median_ebitda_fp1,20))",20d9f37d951566bac90fbb8fbb592d5ff1f7d2993f48a7776e374e8706b9c184,"neg(ts_delta(anl14_median_ebitda_fp1,#))","neg(ts_delta(FIELD,#))",2026-08-02T01:37:20.157746+00:00
candidate_2cd9c9fe1503c8fba30aa088,capital_efficiency,hyp_51de9c84a4b0454db1e00db48ace6998,profitability,fundamental,normalized_level,"Higher asset turnover indicates more efficient use of capital to generate sales, leading to higher operating profit per unit of invested capital.",analyst14,"rank(anl14_stddev_ebitda_fp1/ts_mean(anl14_stddev_ebitda_fp1,10))",b971cb6ce132f896c8aeae393f238fe04426e5b377d53c74d50485a075bbdb8c,"div(anl14_stddev_ebitda_fp1,ts_mean(anl14_stddev_ebitda_fp1,#))","div(FIELD,ts_mean(FIELD,#))",2026-08-02T01:37:20.157746+00:00
candidate_706815c35e15a9a565021cd1,intraday_momentum_industry_neutral,hyp_05a0d386ace04a1da0036ea1b63ab7c9,momentum,momentum,rank_spread_horizons,"High intraday volatility indicates ongoing information processing and investor attention, which may lead to continued price adjustment and momentum spillover to the next day. Industry neutralization ensures the effect is not driven by sector-level factors.",pv1,"rank(ts_rank(returns,5)-ts_rank(returns,20))",2d042e62c0d583108186d5c7f7016ad70eca8efb0711292e21d6a93e8a02760d,"sub(ts_rank(returns,#),ts_rank(returns,#))","sub(ts_rank(FIELD,#),ts_rank(FIELD,#))",2026-08-02T01:37:20.157746+00:00
candidate_19f6e4eee9f0c04ff0aa50bc,intraday_momentum_industry_neutral,hyp_05a0d386ace04a1da0036ea1b63ab7c9,momentum,momentum,cross_signal_divergence,"High intraday volatility indicates ongoing information processing and investor attention, which may lead to continued price adjustment and momentum spillover to the next day. Industry neutralization ensures the effect is not driven by sector-level factors.",pv1,"rank(ts_zscore(close,10)-ts_zscore(returns,10))",a75ca925c613524d2ca40f4290cfee6a487e51b1db511803917d8cfafacae7f1,"sub(ts_zscore(close,#),ts_zscore(returns,#))","sub(ts_zscore(FIELD,#),ts_zscore(FIELD,#))",2026-08-02T01:37:20.157746+00:00
candidate_8c5ceb55d55a9034a7ce527b,intraday_momentum_industry_neutral,hyp_05a0d386ace04a1da0036ea1b63ab7c9,momentum,momentum,volatility_regime,"High intraday volatility indicates ongoing information processing and investor attention, which may lead to continued price adjustment and momentum spillover to the next day. Industry neutralization ensures the effect is not driven by sector-level factors.",pv1,"-rank(ts_std_dev(open,10))",f742d0a286bf776f86dcdb2049dcf6d35afcf00dce40a636501077a108e64d1d,"neg(ts_std_dev(open,#))","neg(ts_std_dev(FIELD,#))",2026-08-02T01:37:20.157746+00:00
candidate_a517f8b8903928756eaea77c,asset_utilization,hyp_6f0b23201ecc4aa7a5357daf589388b2,efficiency,volatility,relative_flow,"Higher ROA indicates more efficient use of assets to generate profits, which may signal operational stability and lower financial risk, leading to less volatile stock returns.",analyst10,"rank(ts_mean(dividend,63)/ts_std_dev(dividend,21))",9e31170e911a59a1d5f4afa5c4aef20d5d7e2d6676feebe037468b6486e1419a,"div(ts_mean(dividend,#),ts_std_dev(dividend,#))","div(ts_mean(FIELD,#),ts_std_dev(FIELD,#))",2026-08-02T01:37:20.157746+00:00
candidate_4bd014d2272eb49674341088,asset_utilization,hyp_6f0b23201ecc4aa7a5357daf589388b2,efficiency,volatility,vol_ratio_regimes,"Higher ROA indicates more efficient use of assets to generate profits, which may signal operational stability and lower financial risk, leading to less volatile stock returns.",analyst10,"rank(ts_std_dev(anl14_stddev_ebitda_fp1,63)/ts_std_dev(anl14_stddev_ebitda_fp1,126))",4d77d35c41f061f005249ae7b275744debb263fb86b6a26da74221dd13461907,"div(ts_std_dev(anl14_stddev_ebitda_fp1,#),ts_std_dev(anl14_stddev_ebitda_fp1,#))","div(ts_std_dev(FIELD,#),ts_std_dev(FIELD,#))",2026-08-02T01:37:20.157746+00:00
candidate_564862dfe02dc706c5a8b464,asset_utilization,hyp_6f0b23201ecc4aa7a5357daf589388b2,efficiency,volatility,range_signal,"Higher ROA indicates more efficient use of assets to generate profits, which may signal operational stability and lower financial risk, leading to less volatile stock returns.",analyst10,"rank(ts_max(anl10_smartest_roa_ff,63)-ts_min(anl10_smartest_roa_ff,63))",9813806587d44c4c01cd429487047ee309da10707a6a8dea8f1df6bbef55f1e5,"sub(ts_max(anl10_smartest_roa_ff,#),ts_min(anl10_smartest_roa_ff,#))","sub(ts_max(FIELD,#),ts_min(FIELD,#))",2026-08-02T01:37:20.157746+00:00
candidate_c198dab39955391e3b73f4dd,margin_improvement,hyp_2505104656ec41c7b7c5043fd58718ac,growth,momentum,short_horizon_reversal,"Higher R&D expenditure raises current operating costs without immediate revenue offset, compressing margins in the short to medium term.",analyst14,"-rank(ts_delta(anl14_high_ebitda_fp1,21))",b731cf63e44756fecbfa8a51af2d4e3f425ab01703f25118fc3a81bb755ccfe0,"neg(ts_delta(anl14_high_ebitda_fp1,#))","neg(ts_delta(FIELD,#))",2026-08-02T01:37:32.210701+00:00
candidate_ddb2bc163d61b11b3ef54269,margin_improvement,hyp_2505104656ec41c7b7c5043fd58718ac,growth,momentum,decayed_momentum,"Higher R&D expenditure raises current operating costs without immediate revenue offset, compressing margins in the short to medium term.",analyst14,"rank(ts_decay_linear(ts_delta(anl14_median_ebitda_fp2,21),63))",91d191ce7ecd84f8a8ff7bc3ea6fa9157d010a6037f5decdc9b6201f097659ed,"ts_decay_linear(ts_delta(anl14_median_ebitda_fp2,#),#)","ts_decay_linear(ts_delta(FIELD,#),#)",2026-08-02T01:37:32.210701+00:00
candidate_fb8949ba6543e08e5acea793,margin_improvement,hyp_2505104656ec41c7b7c5043fd58718ac,growth,momentum,medium_horizon_momentum,"Higher R&D expenditure raises current operating costs without immediate revenue offset, compressing margins in the short to medium term.",analyst14,"rank(ts_rank(anl14_high_ebitda_fp1,63))",fa9372996e9de24fd023f215aa9824ef64a239e4bbebec942838cd05b34c1b5b,"ts_rank(anl14_high_ebitda_fp1,#)","ts_rank(FIELD,#)",2026-08-02T01:37:32.210701+00:00
candidate_c730cb40382ddd0a4c465fb9,margin_improvement,hyp_2505104656ec41c7b7c5043fd58718ac,growth,momentum,volatility_regime,"Higher R&D expenditure raises current operating costs without immediate revenue offset, compressing margins in the short to medium term.",analyst14,"-rank(ts_std_dev(anl14_stddev_ebitda_fp1,63))",884e0f05ba8e4774ccec2cc3b24d1f3e267b71fb7506208441d359fc96478f9f,"neg(ts_std_dev(anl14_stddev_ebitda_fp1,#))","neg(ts_std_dev(FIELD,#))",2026-08-02T01:37:32.210701+00:00
candidate_2575fe5315c2827ad9f748cd,margin_improvement,hyp_2505104656ec41c7b7c5043fd58718ac,growth,momentum,information_ratio,"Higher R&D expenditure raises current operating costs without immediate revenue offset, compressing margins in the short to medium term.",analyst14,"rank(ts_ir(anl14_stddev_ebitda_fp1,63))",c5dd04fcff4e8838fa1fd9e06fa10c3ac0114bb0938d7f1ef814e4d59e0bf23d,"ts_ir(anl14_stddev_ebitda_fp1,#)","ts_ir(FIELD,#)",2026-08-02T01:37:32.210701+00:00
candidate_775a877ee29260e6bba0a7d9,margin_improvement,hyp_2505104656ec41c7b7c5043fd58718ac,growth,momentum,smoothed_delta,"Higher R&D expenditure raises current operating costs without immediate revenue offset, compressing margins in the short to medium term.",analyst14,"rank(ts_mean(ts_delta(anl14_low_ebitda_fp1,1),21))",44a3e232d56d3ebb22cbb1c967358884fb2517a5a85973e99c56e14d4b0f14bc,"ts_mean(ts_delta(anl14_low_ebitda_fp1,#),#)","ts_mean(ts_delta(FIELD,#),#)",2026-08-02T01:37:32.210701+00:00
candidate_e382cff2f2f79a1e6bd7dd93,margin_improvement,hyp_2505104656ec41c7b7c5043fd58718ac,growth,momentum,rank_spread_horizons,"Higher R&D expenditure raises current operating costs without immediate revenue offset, compressing margins in the short to medium term.",analyst14,"rank(ts_rank(anl14_median_ebitda_fp2,21)-ts_rank(anl14_median_ebitda_fp2,126))",7b77ed219a616e826634a8e75c29f4e4f9cd444e3a6b5cd52a8688acc6543b7a,"sub(ts_rank(anl14_median_ebitda_fp2,#),ts_rank(anl14_median_ebitda_fp2,#))","sub(ts_rank(FIELD,#),ts_rank(FIELD,#))",2026-08-02T01:37:32.210701+00:00
candidate_4763a37bbb4c21e4fd5dae72,margin_improvement,hyp_2505104656ec41c7b7c5043fd58718ac,growth,momentum,cross_signal_divergence,"Higher R&D expenditure raises current operating costs without immediate revenue offset, compressing margins in the short to medium term.",analyst14,"rank(ts_zscore(anl14_low_ebitda_fp1,63)-ts_zscore(anl14_median_ebitda_fp2,63))",59df4f24db6a45ef74a529489f87cac1a3075926eaf078145eb3a3990d4b4fcd,"sub(ts_zscore(anl14_low_ebitda_fp1,#),ts_zscore(anl14_median_ebitda_fp2,#))","sub(ts_zscore(FIELD,#),ts_zscore(FIELD,#))",2026-08-02T01:37:32.210701+00:00
candidate_beb073c7d212811674cda4cb,earnings_surprise_persistence,hyp_684296a49b684502aec92caceb5672bc,expectations,volatility,relative_flow,"Earnings surprises that are not fully incorporated into prices due to industry-specific factors increase uncertainty, leading to higher future return volatility as investors reassess valuations.",analyst10,"rank(ts_mean(anl15_salgics_ind_18_m_mean,63)/ts_std_dev(anl15_salgics_ind_18_m_mean,21))",164c0fc819db6e4d31296f9dbded88f61e7f6ca0998b2d1ddbf5428d19a1c87f,"div(ts_mean(anl15_salgics_ind_18_m_mean,#),ts_std_dev(anl15_salgics_ind_18_m_mean,#))","div(ts_mean(FIELD,#),ts_std_dev(FIELD,#))",2026-08-02T01:37:32.210701+00:00
candidate_dbb9ef62bb595fce87bff040,earnings_surprise_persistence,hyp_684296a49b684502aec92caceb5672bc,expectations,volatility,range_signal,"Earnings surprises that are not fully incorporated into prices due to industry-specific factors increase uncertainty, leading to higher future return volatility as investors reassess valuations.",analyst10,"rank(ts_max(anl10_salfq1_pred_surps_v0_985,63)-ts_min(anl10_salfq1_pred_surps_v0_985,63))",0a4b104d31bfdb779bb25c8555500e7781b533f66a88667e422cddafd713ebb3,"sub(ts_max(anl10_salfq1_pred_surps_v0_985,#),ts_min(anl10_salfq1_pred_surps_v0_985,#))","sub(ts_max(FIELD,#),ts_min(FIELD,#))",2026-08-02T01:37:32.210701+00:00
candidate_4ab647c03eb17937f4a1e62a,earnings_surprise_persistence,hyp_684296a49b684502aec92caceb5672bc,expectations,volatility,vol_ratio_regimes,"Earnings surprises that are not fully incorporated into prices due to industry-specific factors increase uncertainty, leading to higher future return volatility as investors reassess valuations.",analyst10,"rank(ts_std_dev(anl15_ind_fy1_cos_up,63)/ts_std_dev(anl15_ind_fy1_cos_up,126))",299a4901b80d9091e7e29f288291b1c6ab00bda8353dd605553e3bca44d1bac5,"div(ts_std_dev(anl15_ind_fy1_cos_up,#),ts_std_dev(anl15_ind_fy1_cos_up,#))","div(ts_std_dev(FIELD,#),ts_std_dev(FIELD,#))",2026-08-02T01:37:32.210701+00:00
candidate_33d694de66fb04fda22e6b2b,analyst_revision_direction,hyp_1fb876fb532b4280b8dd24ef2ebe9a0e,expectations,fundamental,change_to_acceleration,"Analysts update their forecasts in response to new information; a preponderance of upward revisions signals improving fundamentals or positive sentiment, which is not fully incorporated into price immediately due to attention constraints, leading to gradual price adjustment.",analyst10,"rank(ts_delta(ts_delta(anl10_netrevise_ratio_to_consensus_fy1_2537,63),126))",65e3b92b856c88e1eaa3d1793befc9b3351baccacfc7152e57688365ef5d4003,"ts_delta(ts_delta(anl10_netrevise_ratio_to_consensus_fy1_2537,#),#)","ts_delta(ts_delta(FIELD,#),#)",2026-08-02T01:37:32.210701+00:00
candidate_e2d6f6599f8f215f536f358e,analyst_revision_direction,hyp_1fb876fb532b4280b8dd24ef2ebe9a0e,expectations,fundamental,normalized_level,"Analysts update their forecasts in response to new information; a preponderance of upward revisions signals improving fundamentals or positive sentiment, which is not fully incorporated into price immediately due to attention constraints, leading to gradual price adjustment.",analyst10,"rank(anl15_dpsgics_gr_fy1_ests_up/ts_mean(anl15_dpsgics_gr_fy1_ests_up,63))",97c90f81706be58db891a93bd8db6c3a78bd264f12aef0036ce3ee64ec8ac20c,"div(anl15_dpsgics_gr_fy1_ests_up,ts_mean(anl15_dpsgics_gr_fy1_ests_up,#))","div(FIELD,ts_mean(FIELD,#))",2026-08-02T01:37:32.210701+00:00
candidate_cc1cc90759137dff3dd0f6b1,analyst_revision_direction,hyp_1fb876fb532b4280b8dd24ef2ebe9a0e,expectations,fundamental,historical_surprise,"Analysts update their forecasts in response to new information; a preponderance of upward revisions signals improving fundamentals or positive sentiment, which is not fully incorporated into price immediately due to attention constraints, leading to gradual price adjustment.",analyst10,"rank(ts_zscore(anl10_netrevise_ratio_to_consensus_fy2_2522,21))",66d45762c93638fb28d37c9e8e03ef16851f4d3ac02bdd3c24eb213b118b2d3d,"ts_zscore(anl10_netrevise_ratio_to_consensus_fy2_2522,#)","ts_zscore(FIELD,#)",2026-08-02T01:37:32.210701+00:00
candidate_7259b7a24f2faaa72780885f,short_horizon_price_reversal,hyp_150ba3f166a84f91ab0f2998baf82c87,mean_reversion,reversal,volatility_regime,"Intraday reversals occur due to overreaction to short-term price movements, followed by mean reversion driven by liquidity demand or informed trading.",pv1,"-rank(ts_std_dev(returns,20))",2d15527498ec903f179f99110543056d7678d8bc1cc97c12a83a77b3d8ff4f83,"neg(ts_std_dev(returns,#))","neg(ts_std_dev(FIELD,#))",2026-08-02T01:37:44.249055+00:00
candidate_2934c2793dfb7130d9b8be5c,short_horizon_price_reversal,hyp_150ba3f166a84f91ab0f2998baf82c87,mean_reversion,reversal,medium_horizon_momentum,"Intraday reversals occur due to overreaction to short-term price movements, followed by mean reversion driven by liquidity demand or informed trading.",pv1,"rank(ts_rank(close,20))",8f51c0dd32484df30f9cee9d8b5c1b67e658e10f87cd045c78cd9f7d5deb7841,"ts_rank(close,#)","ts_rank(FIELD,#)",2026-08-02T01:37:44.249055+00:00
candidate_7b199e315fe067a13a8893dd,short_horizon_price_reversal,hyp_150ba3f166a84f91ab0f2998baf82c87,mean_reversion,reversal,cross_signal_divergence,"Intraday reversals occur due to overreaction to short-term price movements, followed by mean reversion driven by liquidity demand or informed trading.",pv1,"rank(ts_zscore(returns,20)-ts_zscore(volume,20))",180e80ceef1345c01794a89adb09233ea6e120814e2659a168e1df3e8552f981,"sub(ts_zscore(returns,#),ts_zscore(volume,#))","sub(ts_zscore(FIELD,#),ts_zscore(FIELD,#))",2026-08-02T01:37:44.249055+00:00
candidate_317a1a4cd01ff8e8b0d59989,short_horizon_price_reversal,hyp_150ba3f166a84f91ab0f2998baf82c87,mean_reversion,reversal,rank_spread_horizons,"Intraday reversals occur due to overreaction to short-term price movements, followed by mean reversion driven by liquidity demand or informed trading.",pv1,"rank(ts_rank(volume,5)-ts_rank(volume,10))",739df2890804c59df9fed5c9253f40b5b9483f79d2b6b2968abf4cb36938f16b,"sub(ts_rank(volume,#),ts_rank(volume,#))","sub(ts_rank(FIELD,#),ts_rank(FIELD,#))",2026-08-02T01:37:44.249055+00:00
candidate_02067c5fc7bb2c39677d393b,short_horizon_price_reversal,hyp_150ba3f166a84f91ab0f2998baf82c87,mean_reversion,reversal,information_ratio,"Intraday reversals occur due to overreaction to short-term price movements, followed by mean reversion driven by liquidity demand or informed trading.",pv1,"rank(ts_ir(close,20))",0968cf7f15607988a6877e70cf165f4f081f1313b6fec55da0720d7f940dba1b,"ts_ir(close,#)","ts_ir(FIELD,#)",2026-08-02T01:37:44.249055+00:00
candidate_fc9a0b2ef559640000ea2714,short_horizon_price_reversal,hyp_150ba3f166a84f91ab0f2998baf82c87,mean_reversion,reversal,decayed_momentum,"Intraday reversals occur due to overreaction to short-term price movements, followed by mean reversion driven by liquidity demand or informed trading.",pv1,"rank(ts_decay_linear(ts_delta(volume,5),20))",d1d2e5c421362c006a3b3fb3abd3b10edcd1cb56dbff3d3ce432ce1c9573cca6,"ts_decay_linear(ts_delta(volume,#),#)","ts_decay_linear(ts_delta(FIELD,#),#)",2026-08-02T01:37:44.249055+00:00
candidate_8aca9d97b2cb980c00a6b5ca,short_horizon_price_reversal,hyp_150ba3f166a84f91ab0f2998baf82c87,mean_reversion,reversal,short_horizon_reversal,"Intraday reversals occur due to overreaction to short-term price movements, followed by mean reversion driven by liquidity demand or informed trading.",pv1,"-rank(ts_delta(close,5))",78f637851cfce1b547cd66ec1628911911bd40b796a34a59673db11834e98276,"neg(ts_delta(close,#))","neg(ts_delta(FIELD,#))",2026-08-02T01:37:44.249055+00:00
candidate_32381be99e9e81e807c1abce,short_horizon_price_reversal,hyp_150ba3f166a84f91ab0f2998baf82c87,mean_reversion,reversal,smoothed_delta,"Intraday reversals occur due to overreaction to short-term price movements, followed by mean reversion driven by liquidity demand or informed trading.",pv1,"rank(ts_mean(ts_delta(returns,1),5))",abd870e86eba82a588547d5742fc2b9addccb91e16d3747485948d9a93e564f2,"ts_mean(ts_delta(returns,#),#)","ts_mean(ts_delta(FIELD,#),#)",2026-08-02T01:37:44.249055+00:00
candidate_540d00490cb96f881412a113,asset_utilization,hyp_1cce76d670e5425daa5d23b9fd48ff43,efficiency,volatility,range_signal,"Higher asset turnover indicates more efficient use of assets to generate sales, which typically leads to stronger cash flows and lower financial distress risk, thereby reducing the probability of default.",analyst14,"rank(ts_max(anl14_high_ebitda_fp1,10)-ts_min(anl14_high_ebitda_fp1,10))",967368bb13e0889af4d34a0b9d0f9cce848f485316c35584fedf8c3a810509a1,"sub(ts_max(anl14_high_ebitda_fp1,#),ts_min(anl14_high_ebitda_fp1,#))","sub(ts_max(FIELD,#),ts_min(FIELD,#))",2026-08-02T01:37:44.249055+00:00
candidate_6342d86e97389270e8e4bb46,asset_utilization,hyp_1cce76d670e5425daa5d23b9fd48ff43,efficiency,volatility,vol_ratio_regimes,"Higher asset turnover indicates more efficient use of assets to generate sales, which typically leads to stronger cash flows and lower financial distress risk, thereby reducing the probability of default.",analyst14,"rank(ts_std_dev(anl10_smartest_roa_ff,10)/ts_std_dev(anl10_smartest_roa_ff,20))",931653f18dc19cebe939eaf520464412bd99907d2c98515545415c8da14abf53,"div(ts_std_dev(anl10_smartest_roa_ff,#),ts_std_dev(anl10_smartest_roa_ff,#))","div(ts_std_dev(FIELD,#),ts_std_dev(FIELD,#))",2026-08-02T01:37:44.249055+00:00
candidate_3ca9a664b95c0b54bad11f90,asset_utilization,hyp_1cce76d670e5425daa5d23b9fd48ff43,efficiency,volatility,relative_flow,"Higher asset turnover indicates more efficient use of assets to generate sales, which typically leads to stronger cash flows and lower financial distress risk, thereby reducing the probability of default.",analyst14,"rank(ts_mean(dividend,10)/ts_std_dev(dividend,5))",eb58428404215b39d8dcfa80e367a2c2d0969bf19b225ba0133366910f2402d1,"div(ts_mean(dividend,#),ts_std_dev(dividend,#))","div(ts_mean(FIELD,#),ts_std_dev(FIELD,#))",2026-08-02T01:37:44.249055+00:00
candidate_fd100d0dea4142df59e265b1,asset_utilization,hyp_dcaf9421292d4d1e8e877c44830e0ea2,efficiency,fundamental,normalized_level,"Higher asset utilization indicates efficient use of assets to generate sales, which signals managerial effectiveness and competitive advantage, leading to higher profitability and ultimately higher stock returns.",analyst14,"rank(anl15_ind_hist_eps_gro/ts_mean(anl15_ind_hist_eps_gro,63))",35c0bd1ae02ecace8c9e04c8c23e7758f94eec9286ba2b78ec07bb3831d1e142,"div(anl15_ind_hist_eps_gro,ts_mean(anl15_ind_hist_eps_gro,#))","div(FIELD,ts_mean(FIELD,#))",2026-08-02T01:37:44.249055+00:00
candidate_3a99e588b7e9a2b1a9f1641c,asset_utilization,hyp_dcaf9421292d4d1e8e877c44830e0ea2,efficiency,fundamental,historical_surprise,"Higher asset utilization indicates efficient use of assets to generate sales, which signals managerial effectiveness and competitive advantage, leading to higher profitability and ultimately higher stock returns.",analyst14,"rank(ts_zscore(anl10_roeff_2323,21))",5809e9002e7796fa9cbf841462108cca9864f73400a88b50bdab87b54c27b62e,"ts_zscore(anl10_roeff_2323,#)","ts_zscore(FIELD,#)",2026-08-02T01:37:44.249055+00:00
candidate_8217bc3485c587d5b5cc3af8,asset_utilization,hyp_dcaf9421292d4d1e8e877c44830e0ea2,efficiency,fundamental,change_to_acceleration,"Higher asset utilization indicates efficient use of assets to generate sales, which signals managerial effectiveness and competitive advantage, leading to higher profitability and ultimately higher stock returns.",analyst14,"rank(ts_delta(ts_delta(anl14_mean_revenue_fy5,63),126))",cd5724fc98a844692a4e20f18d5f19793f62d49e8ec8f3877c60547476eabde0,"ts_delta(ts_delta(anl14_mean_revenue_fy5,#),#)","ts_delta(ts_delta(FIELD,#),#)",2026-08-02T01:37:44.249055+00:00
candidate_f1a29b1324464046b0fe327a,earnings_surprise_persistence,hyp_37b7fac43e9d4cc385d86ff907082b40,expectations,balanced,information_ratio,"Analysts underreact to earnings surprises due to anchoring on prior forecasts, leading to gradual revision of expectations.",analyst11,"rank(ts_ir(anl11_1e,10))",dab35450c5d66fbe5c9ab973a30cdfc0e4320ec01aff6520a36e493ccf260123,"ts_ir(anl11_1e,#)","ts_ir(FIELD,#)",2026-08-02T01:37:56.350786+00:00
candidate_16532d694e64e4198bcd073a,earnings_surprise_persistence,hyp_37b7fac43e9d4cc385d86ff907082b40,expectations,balanced,volatility_regime,"Analysts underreact to earnings surprises due to anchoring on prior forecasts, leading to gradual revision of expectations.",analyst11,"-rank(ts_std_dev(anl11_g,10))",a9ca821c0750f3b62987f951586fee02ebad9dd77297ab894e0feaa64400c8b7,"neg(ts_std_dev(anl11_g,#))","neg(ts_std_dev(FIELD,#))",2026-08-02T01:37:56.350786+00:00
candidate_3651ed278b4306db3cab4e73,earnings_surprise_persistence,hyp_37b7fac43e9d4cc385d86ff907082b40,expectations,balanced,rank_spread_horizons,"Analysts underreact to earnings surprises due to anchoring on prior forecasts, leading to gradual revision of expectations.",analyst11,"rank(ts_rank(anl11_pme,5)-ts_rank(anl11_pme,20))",0c3410183317d5c7bf7681b736dd78c799bd26dcec7018ff4aa6f436099db7b2,"sub(ts_rank(anl11_pme,#),ts_rank(anl11_pme,#))","sub(ts_rank(FIELD,#),ts_rank(FIELD,#))",2026-08-02T01:37:56.350786+00:00
candidate_a209e22c1130ef99d7b79b3d,earnings_surprise_persistence,hyp_37b7fac43e9d4cc385d86ff907082b40,expectations,balanced,cross_signal_divergence,"Analysts underreact to earnings surprises due to anchoring on prior forecasts, leading to gradual revision of expectations.",analyst11,"rank(ts_zscore(anl11_e,10)-ts_zscore(anl11_pme,10))",98365974079125a1708a60c69268909bee204d101d80536b9fdabbe1ecd3168d,"sub(ts_zscore(anl11_e,#),ts_zscore(anl11_pme,#))","sub(ts_zscore(FIELD,#),ts_zscore(FIELD,#))",2026-08-02T01:37:56.350786+00:00
candidate_69469cc89e3706de18fd66dc,earnings_surprise_persistence,hyp_37b7fac43e9d4cc385d86ff907082b40,expectations,balanced,decayed_momentum,"Analysts underreact to earnings surprises due to anchoring on prior forecasts, leading to gradual revision of expectations.",analyst11,"rank(ts_decay_linear(ts_delta(anl11_g,5),10))",b6dcaebc6558acceacbb3daba82b3de256c2873d410b2daca20e0a5a25acb0a1,"ts_decay_linear(ts_delta(anl11_g,#),#)","ts_decay_linear(ts_delta(FIELD,#),#)",2026-08-02T01:37:56.350786+00:00
candidate_d43f1a8fcd71463201e72d9c,earnings_surprise_persistence,hyp_37b7fac43e9d4cc385d86ff907082b40,expectations,balanced,smoothed_delta,"Analysts underreact to earnings surprises due to anchoring on prior forecasts, leading to gradual revision of expectations.",analyst11,"rank(ts_mean(ts_delta(anl11_pme,1),5))",16728183e1f0d7121b1ee8ae966b1fe92926ff398c6cfca25f99e91e1564f18c,"ts_mean(ts_delta(anl11_pme,#),#)","ts_mean(ts_delta(FIELD,#),#)",2026-08-02T01:37:56.350786+00:00
candidate_76a00001723c9d4ebd8e718a,earnings_surprise_persistence,hyp_37b7fac43e9d4cc385d86ff907082b40,expectations,balanced,medium_horizon_momentum,"Analysts underreact to earnings surprises due to anchoring on prior forecasts, leading to gradual revision of expectations.",analyst11,"rank(ts_rank(anl11_e,10))",57a1b280c3173bcbb32b9e911ef6da6c97d35cf2591c0ef721929af8552839ee,"ts_rank(anl11_e,#)","ts_rank(FIELD,#)",2026-08-02T01:37:56.350786+00:00
candidate_009b92763628e373055dc1e2,earnings_surprise_persistence,hyp_37b7fac43e9d4cc385d86ff907082b40,expectations,balanced,short_horizon_reversal,"Analysts underreact to earnings surprises due to anchoring on prior forecasts, leading to gradual revision of expectations.",analyst11,"-rank(ts_delta(anl11_greg_industryrnk,5))",6bbd01c7650a9128bdfd369cb4761b134e815394bebc98289d9586e8cbff0158,"neg(ts_delta(anl11_greg_industryrnk,#))","neg(ts_delta(FIELD,#))",2026-08-02T01:37:56.350786+00:00
candidate_160cd63fcc8a665fe7c40108,intraday_momentum_industry_neutral,hyp_f4b5444e57c14889a844c421d96fb7a6,momentum,fundamental,change_to_acceleration,"Large intraday price swings indicate overreaction or noise trading, which tends to reverse on the next day as prices correct back toward fundamental values.",pv1,"rank(ts_delta(ts_delta(high,10),20))",54bf56c0709cfca2e73e3ae856fa563e5e96ea82509c5677a6d102a7410803d1,"ts_delta(ts_delta(high,#),#)","ts_delta(ts_delta(FIELD,#),#)",2026-08-02T01:37:56.350786+00:00
candidate_5795a6faed65754aac33d599,intraday_momentum_industry_neutral,hyp_f4b5444e57c14889a844c421d96fb7a6,momentum,fundamental,normalized_level,"Large intraday price swings indicate overreaction or noise trading, which tends to reverse on the next day as prices correct back toward fundamental values.",pv1,"rank(open/ts_mean(open,10))",753b2a248b21e5b6deea7326be2d233f5b62a9ad1436851b5d3341d017313dac,"div(open,ts_mean(open,#))","div(FIELD,ts_mean(FIELD,#))",2026-08-02T01:37:56.350786+00:00
candidate_8f75b6fe1f9b759e70e54042,intraday_momentum_industry_neutral,hyp_f4b5444e57c14889a844c421d96fb7a6,momentum,fundamental,historical_surprise,"Large intraday price swings indicate overreaction or noise trading, which tends to reverse on the next day as prices correct back toward fundamental values.",pv1,"rank(ts_zscore(low,5))",5daa6be0bb9bd79c91ebf9db6a36de10c9b8cc734d0d881ef593eb893aa22828,"ts_zscore(low,#)","ts_zscore(FIELD,#)",2026-08-02T01:37:56.350786+00:00
candidate_ac7dba231a27c5edd46e2ca4,cash_flow_yield,hyp_f34d2cd5a59945ce86205a7613369f6c,value,volatility,relative_flow,"High free cash flow yield indicates strong cash generation relative to market value, which provides a buffer against financial distress and operational shocks, thereby reducing stock return volatility.",analyst14,"rank(ts_mean(anl14_stddev_ebitda_fp1,63)/ts_std_dev(anl14_stddev_ebitda_fp1,21))",7e6eb2141bbe421d756a4edaa258981d4e60748695b416c62c4971fb977cc31c,"div(ts_mean(anl14_stddev_ebitda_fp1,#),ts_std_dev(anl14_stddev_ebitda_fp1,#))","div(ts_mean(FIELD,#),ts_std_dev(FIELD,#))",2026-08-02T01:37:56.350786+00:00
candidate_028fd75e7bff53f794bfac40,cash_flow_yield,hyp_f34d2cd5a59945ce86205a7613369f6c,value,volatility,range_signal,"High free cash flow yield indicates strong cash generation relative to market value, which provides a buffer against financial distress and operational shocks, thereby reducing stock return volatility.",analyst14,"rank(ts_max(anl14_mean_ebitda_fp1,63)-ts_min(anl14_mean_ebitda_fp1,63))",e42dcc1a0ab8413dbc4ac47bfb51e473fe59027e082f4f9cf26699b9551b79a7,"sub(ts_max(anl14_mean_ebitda_fp1,#),ts_min(anl14_mean_ebitda_fp1,#))","sub(ts_max(FIELD,#),ts_min(FIELD,#))",2026-08-02T01:37:56.350786+00:00
candidate_a9898895940684aed1021807,cash_flow_yield,hyp_f34d2cd5a59945ce86205a7613369f6c,value,volatility,vol_ratio_regimes,"High free cash flow yield indicates strong cash generation relative to market value, which provides a buffer against financial distress and operational shocks, thereby reducing stock return volatility.",analyst14,"rank(ts_std_dev(anl14_low_ebitda_fp1,63)/ts_std_dev(anl14_low_ebitda_fp1,126))",39d04a49c1a872785a990c61ba1778f63e43d1f248a7720ac0da7fd577ddc858,"div(ts_std_dev(anl14_low_ebitda_fp1,#),ts_std_dev(anl14_low_ebitda_fp1,#))","div(ts_std_dev(FIELD,#),ts_std_dev(FIELD,#))",2026-08-02T01:37:56.350786+00:00
candidate_31d0a5217b03ea42179ac1ab,earnings_surprise_persistence,hyp_684296a49b684502aec92caceb5672bc,expectations,volatility,information_ratio,"Earnings surprises that are not fully incorporated into prices due to industry-specific factors increase uncertainty, leading to higher future return volatility as investors reassess valuations.",analyst10,"rank(ts_ir(anl15_salgics_ind_18_m_mean,21))",93b5b3f867c1edb4786bfb6715c03c2e861502ef1cf0b2ca216cc8986dfa150d,"ts_ir(anl15_salgics_ind_18_m_mean,#)","ts_ir(FIELD,#)",2026-08-02T01:38:08.330639+00:00
candidate_b22bb12e8c3e925a5eddcb30,earnings_surprise_persistence,hyp_684296a49b684502aec92caceb5672bc,expectations,volatility,volatility_regime,"Earnings surprises that are not fully incorporated into prices due to industry-specific factors increase uncertainty, leading to higher future return volatility as investors reassess valuations.",analyst10,"-rank(ts_std_dev(anl10_salfq1_pred_surps_v0_985,21))",683b5db2294aa4b2ee93f7b200e6edf468a9cd3a6b07fcaee4af2c83ff56f0d3,"neg(ts_std_dev(anl10_salfq1_pred_surps_v0_985,#))","neg(ts_std_dev(FIELD,#))",2026-08-02T01:38:08.330639+00:00
candidate_6b579c74a0bed74be73733d1,earnings_surprise_persistence,hyp_684296a49b684502aec92caceb5672bc,expectations,volatility,decayed_momentum,"Earnings surprises that are not fully incorporated into prices due to industry-specific factors increase uncertainty, leading to higher future return volatility as investors reassess valuations.",analyst10,"rank(ts_decay_linear(ts_delta(anl10_salfq1_pred_surps_v0_985,63),21))",c915b1c2b5249083b89e7574469a3926efd698746cd5ad00f7a4c32dffef2f22,"ts_decay_linear(ts_delta(anl10_salfq1_pred_surps_v0_985,#),#)","ts_decay_linear(ts_delta(FIELD,#),#)",2026-08-02T01:38:08.330639+00:00
candidate_0ac2626be4181e035ecc63fb,earnings_surprise_persistence,hyp_684296a49b684502aec92caceb5672bc,expectations,volatility,medium_horizon_momentum,"Earnings surprises that are not fully incorporated into prices due to industry-specific factors increase uncertainty, leading to higher future return volatility as investors reassess valuations.",analyst10,"rank(ts_rank(anl15_salgics_ind_18_m_mean,21))",71fbf49d69b40ad714436ef0dd104a399b9f568622edfeb014d53bfb3d22fd50,"ts_rank(anl15_salgics_ind_18_m_mean,#)","ts_rank(FIELD,#)",2026-08-02T01:38:08.330639+00:00
candidate_1d3a42577643c524bf6bebe9,earnings_surprise_persistence,hyp_684296a49b684502aec92caceb5672bc,expectations,volatility,smoothed_delta,"Earnings surprises that are not fully incorporated into prices due to industry-specific factors increase uncertainty, leading to higher future return volatility as investors reassess valuations.",analyst10,"rank(ts_mean(ts_delta(anl15_ind_fy1_cos_up,1),63))",89795f9836235efd0b1d3a369da22eb23f9197aadbe22e35aab2a7d7b1b0a8eb,"ts_mean(ts_delta(anl15_ind_fy1_cos_up,#),#)","ts_mean(ts_delta(FIELD,#),#)",2026-08-02T01:38:08.330639+00:00
candidate_a6d4d35719f7e76945c28cf9,balance_sheet_leverage,hyp_c0ee6d97371a447f9775e8342dd09ce3,quality,fundamental,historical_surprise,"Firms in high-leverage industries may face increased competition from leveraged rivals, compelling them to maintain lower leverage to preserve financial flexibility for strategic investments and avoid distress.",analyst14,"rank(ts_zscore(dividend,21))",9e1d7a67051f774bd560a9b400c29a112669fe2ff845d6a858b241aeac12d5f3,"ts_zscore(dividend,#)","ts_zscore(FIELD,#)",2026-08-02T01:38:08.330639+00:00
candidate_df03fb9c4bd174136c4f6277,balance_sheet_leverage,hyp_c0ee6d97371a447f9775e8342dd09ce3,quality,fundamental,change_to_acceleration,"Firms in high-leverage industries may face increased competition from leveraged rivals, compelling them to maintain lower leverage to preserve financial flexibility for strategic investments and avoid distress.",analyst14,"rank(ts_delta(ts_delta(anl14_median_ndebt_fp3,63),126))",22d196290ac331bd125d8cf2e2df37ac022d0ef11e448d94b90b8d85cd34cb7a,"ts_delta(ts_delta(anl14_median_ndebt_fp3,#),#)","ts_delta(ts_delta(FIELD,#),#)",2026-08-02T01:38:08.330639+00:00
candidate_47343d50e2da77ae45760f44,balance_sheet_leverage,hyp_c0ee6d97371a447f9775e8342dd09ce3,quality,fundamental,short_horizon_reversal,"Firms in high-leverage industries may face increased competition from leveraged rivals, compelling them to maintain lower leverage to preserve financial flexibility for strategic investments and avoid distress.",analyst14,"-rank(ts_delta(anl10_epsinnovation_score_fq1,126))",fff3210032a396e42d34deddab5a2a5a1eff1e7f865b5ac0d97b75c23251430c,"neg(ts_delta(anl10_epsinnovation_score_fq1,#))","neg(ts_delta(FIELD,#))",2026-08-02T01:38:08.330639+00:00
candidate_298e9246cf32eb94d6f4e1fd,balance_sheet_leverage,hyp_c0ee6d97371a447f9775e8342dd09ce3,quality,fundamental,normalized_level,"Firms in high-leverage industries may face increased competition from leveraged rivals, compelling them to maintain lower leverage to preserve financial flexibility for strategic investments and avoid distress.",analyst14,"rank(anl14_stddev_ebitda_fp1/ts_mean(anl14_stddev_ebitda_fp1,63))",842ec6f66ad6b890487a7fdc7d38a25b097ce1d731aad9b24abb143380be7370,"div(anl14_stddev_ebitda_fp1,ts_mean(anl14_stddev_ebitda_fp1,#))","div(FIELD,ts_mean(FIELD,#))",2026-08-02T01:38:08.330639+00:00
candidate_179039ef28b75ea3ec3f4de6,intraday_momentum_industry_neutral,hyp_09bc9614253446408d56fd6b3cf95852,momentum,momentum,rank_spread_horizons,"Intraday price trends that are orthogonal to industry factors reflect persistent order flow or information processing that is not fully incorporated by market makers overnight, leading to continuation in the following session.",pv1,"rank(ts_rank(open,5)-ts_rank(open,20))",e0b2a1a4865ceb5319668fa751e929eaf39de1fc395268162a478c256210916f,"sub(ts_rank(open,#),ts_rank(open,#))","sub(ts_rank(FIELD,#),ts_rank(FIELD,#))",2026-08-02T01:38:08.330639+00:00
candidate_076e395f399e63275745bbfa,intraday_momentum_industry_neutral,hyp_09bc9614253446408d56fd6b3cf95852,momentum,momentum,cross_signal_divergence,"Intraday price trends that are orthogonal to industry factors reflect persistent order flow or information processing that is not fully incorporated by market makers overnight, leading to continuation in the following session.",pv1,"rank(ts_zscore(returns,10)-ts_zscore(open,10))",da998b51e7eab75ebde4ae53771fd96829137546c55f444b4bc60072d88c30e2,"sub(ts_zscore(returns,#),ts_zscore(open,#))","sub(ts_zscore(FIELD,#),ts_zscore(FIELD,#))",2026-08-02T01:38:08.330639+00:00
candidate_ba92611b266ba6dc85860f48,quality_low_volatility,hyp_b1cecf9cf5674d73ac4a9d93a1f5d417,composite,volatility,range_signal,"High operating cash flow margins indicate durable quality, while low earnings variability reduces uncertainty. Low idiosyncratic volatility captures the low-volatility effect without excessive exposure to systematic factors, leading to a smoother performance and higher compounded returns over longer horizons.",analyst14,"rank(ts_max(close,126)-ts_min(close,126))",03ee84ad6f6bb428221a4fe76fa4263ee5501a247ef7baa5cace45b8ff2de04f,"sub(ts_max(close,#),ts_min(close,#))","sub(ts_max(FIELD,#),ts_min(FIELD,#))",2026-08-02T01:38:08.330639+00:00
candidate_799e554fff5e2a80c5c995cd,quality_low_volatility,hyp_b1cecf9cf5674d73ac4a9d93a1f5d417,composite,volatility,vol_ratio_regimes,"High operating cash flow margins indicate durable quality, while low earnings variability reduces uncertainty. Low idiosyncratic volatility captures the low-volatility effect without excessive exposure to systematic factors, leading to a smoother performance and higher compounded returns over longer horizons.",analyst14,"rank(ts_std_dev(returns,126)/ts_std_dev(returns,252))",16256e68d230fd386f4edb3226dc8448e7739a6d23cc7571f63fc5e73167a4a1,"div(ts_std_dev(returns,#),ts_std_dev(returns,#))","div(ts_std_dev(FIELD,#),ts_std_dev(FIELD,#))",2026-08-02T01:38:08.330639+00:00
candidate_f874c6f586847b0c4962fb9b,quality_low_volatility,hyp_b1cecf9cf5674d73ac4a9d93a1f5d417,composite,volatility,relative_flow,"High operating cash flow margins indicate durable quality, while low earnings variability reduces uncertainty. Low idiosyncratic volatility captures the low-volatility effect without excessive exposure to systematic factors, leading to a smoother performance and higher compounded returns over longer horizons.",analyst14,"rank(ts_mean(anl14_stddev_ebitda_fp1,126)/ts_std_dev(anl14_stddev_ebitda_fp1,63))",a062dab72bbedf991bc43f5b2a7ea47c59a316b0c905e34c219ae6d59773f73b,"div(ts_mean(anl14_stddev_ebitda_fp1,#),ts_std_dev(anl14_stddev_ebitda_fp1,#))","div(ts_mean(FIELD,#),ts_std_dev(FIELD,#))",2026-08-02T01:38:08.330639+00:00
candidate_0d4905d70528754e2bbc6c79,fundamental_improvement_price_confirmation,hyp_5106c83a7a954de196d11a2d150cbf3a,composite,momentum,rank_spread_horizons,"An increase in operating cash flow per share indicates improved cash generation efficiency, a fundamental improvement. A bullish RSI crossover from oversold levels suggests a short-term price reversal. The combination signals both financial health and recent positive momentum, leading to near-term outperformance.",analyst14,"rank(ts_rank(anl14_actvalue_ebitda_fy0,5)-ts_rank(anl14_actvalue_ebitda_fy0,20))",4ea1a8264e8119b401583e632ff346309681bd5acc0ded06cda3980ffa1eb4cb,"sub(ts_rank(anl14_actvalue_ebitda_fy0,#),ts_rank(anl14_actvalue_ebitda_fy0,#))","sub(ts_rank(FIELD,#),ts_rank(FIELD,#))",2026-08-02T01:38:20.362599+00:00
candidate_0af8b7898faebb2c30367371,fundamental_improvement_price_confirmation,hyp_5106c83a7a954de196d11a2d150cbf3a,composite,momentum,information_ratio,"An increase in operating cash flow per share indicates improved cash generation efficiency, a fundamental improvement. A bullish RSI crossover from oversold levels suggests a short-term price reversal. The combination signals both financial health and recent positive momentum, leading to near-term outperformance.",analyst14,"rank(ts_ir(anl14_actvalue_ebitda_fy0,10))",a022693e248f8368badb0cb362f0b3c565efbe5cf777d8f37491b833c7bcb29f,"ts_ir(anl14_actvalue_ebitda_fy0,#)","ts_ir(FIELD,#)",2026-08-02T01:38:20.362599+00:00
candidate_6672aa9f77a15d1260d3e1ed,fundamental_improvement_price_confirmation,hyp_5106c83a7a954de196d11a2d150cbf3a,composite,momentum,medium_horizon_momentum,"An increase in operating cash flow per share indicates improved cash generation efficiency, a fundamental improvement. A bullish RSI crossover from oversold levels suggests a short-term price reversal. The combination signals both financial health and recent positive momentum, leading to near-term outperformance.",analyst14,"rank(ts_rank(anl14_actvalue_ebitda_fy0,10))",7046de92d9d5db1b94a659bda74491a389cd58a7a8c5d9d154e2eb3825c4932e,"ts_rank(anl14_actvalue_ebitda_fy0,#)","ts_rank(FIELD,#)",2026-08-02T01:38:20.362599+00:00
candidate_f39564b8602d7d7463c1be2c,fundamental_improvement_price_confirmation,hyp_5106c83a7a954de196d11a2d150cbf3a,composite,momentum,decayed_momentum,"An increase in operating cash flow per share indicates improved cash generation efficiency, a fundamental improvement. A bullish RSI crossover from oversold levels suggests a short-term price reversal. The combination signals both financial health and recent positive momentum, leading to near-term outperformance.",analyst14,"rank(ts_decay_linear(ts_delta(close,5),10))",c84c62e4a6deeee31f936df0f3578382c82d0f43be51629ef93375e571242668,"ts_decay_linear(ts_delta(close,#),#)","ts_decay_linear(ts_delta(FIELD,#),#)",2026-08-02T01:38:20.362599+00:00
candidate_eddcfd9f4ad7f8e082881384,fundamental_improvement_price_confirmation,hyp_5106c83a7a954de196d11a2d150cbf3a,composite,momentum,short_horizon_reversal,"An increase in operating cash flow per share indicates improved cash generation efficiency, a fundamental improvement. A bullish RSI crossover from oversold levels suggests a short-term price reversal. The combination signals both financial health and recent positive momentum, leading to near-term outperformance.",analyst14,"-rank(ts_delta(sharesout,5))",002bba18138be996db7ecf62ddbf6534d21cd4ef8da07cebc00867c410bbb181,"neg(ts_delta(sharesout,#))","neg(ts_delta(FIELD,#))",2026-08-02T01:38:20.362599+00:00
candidate_d3cdbf5ee222a21db15a7c37,fundamental_improvement_price_confirmation,hyp_5106c83a7a954de196d11a2d150cbf3a,composite,momentum,volatility_regime,"An increase in operating cash flow per share indicates improved cash generation efficiency, a fundamental improvement. A bullish RSI crossover from oversold levels suggests a short-term price reversal. The combination signals both financial health and recent positive momentum, leading to near-term outperformance.",analyst14,"-rank(ts_std_dev(sharesout,10))",166f8ed1ba664dde5d1f071a12cc276b26eaba16bad7a34a9f61acebfb4ee2af,"neg(ts_std_dev(sharesout,#))","neg(ts_std_dev(FIELD,#))",2026-08-02T01:38:20.362599+00:00
candidate_d544ac146933787a6ef70318,fundamental_improvement_price_confirmation,hyp_5106c83a7a954de196d11a2d150cbf3a,composite,momentum,smoothed_delta,"An increase in operating cash flow per share indicates improved cash generation efficiency, a fundamental improvement. A bullish RSI crossover from oversold levels suggests a short-term price reversal. The combination signals both financial health and recent positive momentum, leading to near-term outperformance.",analyst14,"rank(ts_mean(ts_delta(sharesout,1),5))",2f19bd65b0bf6d33a585a65bdeb710be46f71ad88433103f8ce1a793dd79fab2,"ts_mean(ts_delta(sharesout,#),#)","ts_mean(ts_delta(FIELD,#),#)",2026-08-02T01:38:20.362599+00:00
candidate_bb821afe2181a19e39757b3b,fundamental_improvement_price_confirmation,hyp_5106c83a7a954de196d11a2d150cbf3a,composite,momentum,cross_signal_divergence,"An increase in operating cash flow per share indicates improved cash generation efficiency, a fundamental improvement. A bullish RSI crossover from oversold levels suggests a short-term price reversal. The combination signals both financial health and recent positive momentum, leading to near-term outperformance.",analyst14,"rank(ts_zscore(close,10)-ts_zscore(anl14_actvalue_ebitda_fy0,10))",ba4e36c1683b068a29be466147ed920d9ff7da172c0e2e6a51c69b4a172b1106,"sub(ts_zscore(close,#),ts_zscore(anl14_actvalue_ebitda_fy0,#))","sub(ts_zscore(FIELD,#),ts_zscore(FIELD,#))",2026-08-02T01:38:20.362599+00:00
candidate_13cfcb2d5ed4a9237b0cac39,capital_efficiency,hyp_25ca0d0370bc436abd0c7eabbfbc5f71,profitability,fundamental,change_to_acceleration,Higher capital expenditure intensity may indicate aggressive expansion or asset-heavy strategies that temporarily depress capital efficiency until the new investments generate sufficient returns.,analyst14,"rank(ts_delta(ts_delta(anl14_stddev_capex_fy5,63),126))",2bb68f2ee26642df7ce04b20b1402b6890e01a41c59153b9a1fc0c98b56773d9,"ts_delta(ts_delta(anl14_stddev_capex_fy5,#),#)","ts_delta(ts_delta(FIELD,#),#)",2026-08-02T01:38:20.362599+00:00
candidate_287d1ddb2d3f15510175478f,capital_efficiency,hyp_25ca0d0370bc436abd0c7eabbfbc5f71,profitability,fundamental,normalized_level,Higher capital expenditure intensity may indicate aggressive expansion or asset-heavy strategies that temporarily depress capital efficiency until the new investments generate sufficient returns.,analyst14,"rank(anl14_mean_ebit_fy5/ts_mean(anl14_mean_ebit_fy5,63))",fbcde46c9538593f17306f3125962d67aa9fd73c8680d970bc74dab33c3e9a81,"div(anl14_mean_ebit_fy5,ts_mean(anl14_mean_ebit_fy5,#))","div(FIELD,ts_mean(FIELD,#))",2026-08-02T01:38:20.362599+00:00
candidate_c257a612e457508636f99a64,capital_efficiency,hyp_25ca0d0370bc436abd0c7eabbfbc5f71,profitability,fundamental,historical_surprise,Higher capital expenditure intensity may indicate aggressive expansion or asset-heavy strategies that temporarily depress capital efficiency until the new investments generate sufficient returns.,analyst14,"rank(ts_zscore(anl14_mean_capex_fy5,21))",b90e47d91fe3b3e900c18736211c6ef1179af748f63d582d71598561557d2f74,"ts_zscore(anl14_mean_capex_fy5,#)","ts_zscore(FIELD,#)",2026-08-02T01:38:20.362599+00:00
candidate_5d0a6930763f16628deb773e,margin_improvement,hyp_73fd645edeb44b33a64992a27ac4dcf4,growth,momentum,cross_signal_divergence,"When firms have a higher proportion of fixed costs, any increase in revenue translates more directly into operating margin expansion because variable costs do not scale proportionally. This leverage effect becomes apparent within a medium horizon as revenue growth materializes.",analyst14,"rank(ts_zscore(anl14_median_ebitda_fp1,63)-ts_zscore(anl14_median_ebitda_fp2,63))",8530f5efb8500b0192cc3ed377f3395324b9138d41e141329ac6461cee934261,"sub(ts_zscore(anl14_median_ebitda_fp1,#),ts_zscore(anl14_median_ebitda_fp2,#))","sub(ts_zscore(FIELD,#),ts_zscore(FIELD,#))",2026-08-02T01:38:32.450954+00:00
candidate_d63781298f8b3bfc2b9f8c35,margin_improvement,hyp_73fd645edeb44b33a64992a27ac4dcf4,growth,momentum,short_horizon_reversal,"When firms have a higher proportion of fixed costs, any increase in revenue translates more directly into operating margin expansion because variable costs do not scale proportionally. This leverage effect becomes apparent within a medium horizon as revenue growth materializes.",analyst14,"-rank(ts_delta(anl14_stddev_revenue_fy5,21))",884a4eff7b74140146b260ce123e1c783663d17e758824bd25f9ede3a1505c0c,"neg(ts_delta(anl14_stddev_revenue_fy5,#))","neg(ts_delta(FIELD,#))",2026-08-02T01:38:32.450954+00:00
candidate_4194b89b941e81428f2836d1,margin_improvement,hyp_73fd645edeb44b33a64992a27ac4dcf4,growth,momentum,smoothed_delta,"When firms have a higher proportion of fixed costs, any increase in revenue translates more directly into operating margin expansion because variable costs do not scale proportionally. This leverage effect becomes apparent within a medium horizon as revenue growth materializes.",analyst14,"rank(ts_mean(ts_delta(anl14_median_ebitda_fp2,1),21))",ec9a69c963f5aaa51a3e14999876ffb5d2b0b331f48663a4b9087f47fcfc4019,"ts_mean(ts_delta(anl14_median_ebitda_fp2,#),#)","ts_mean(ts_delta(FIELD,#),#)",2026-08-02T01:38:32.450954+00:00
candidate_e40cadb2e8237f70bfe23112,margin_improvement,hyp_73fd645edeb44b33a64992a27ac4dcf4,growth,momentum,information_ratio,"When firms have a higher proportion of fixed costs, any increase in revenue translates more directly into operating margin expansion because variable costs do not scale proportionally. This leverage effect becomes apparent within a medium horizon as revenue growth materializes.",analyst14,"rank(ts_ir(anl14_median_revenue_fy5,63))",295779f4f21525051db9dc54482a46469887478bee4522ccc06be5290feabce6,"ts_ir(anl14_median_revenue_fy5,#)","ts_ir(FIELD,#)",2026-08-02T01:38:32.450954+00:00
candidate_7ffdd76d7d0927b08241a778,margin_improvement,hyp_73fd645edeb44b33a64992a27ac4dcf4,growth,momentum,decayed_momentum,"When firms have a higher proportion of fixed costs, any increase in revenue translates more directly into operating margin expansion because variable costs do not scale proportionally. This leverage effect becomes apparent within a medium horizon as revenue growth materializes.",analyst14,"rank(ts_decay_linear(ts_delta(anl14_stddev_ebitda_fp1,21),63))",84be8568c663f4d7d0d49bcd73e34ac8f662a695e0d7f2026778472ad1572dd5,"ts_decay_linear(ts_delta(anl14_stddev_ebitda_fp1,#),#)","ts_decay_linear(ts_delta(FIELD,#),#)",2026-08-02T01:38:32.450954+00:00
candidate_b3d4bbfd25952dc51ef38c47,margin_improvement,hyp_73fd645edeb44b33a64992a27ac4dcf4,growth,momentum,medium_horizon_momentum,"When firms have a higher proportion of fixed costs, any increase in revenue translates more directly into operating margin expansion because variable costs do not scale proportionally. This leverage effect becomes apparent within a medium horizon as revenue growth materializes.",analyst14,"rank(ts_rank(anl14_median_ebitda_fp1,63))",ace7cbdb7891a09f3a5b8bab63f755625d172da0f419a7234decdff907ba0740,"ts_rank(anl14_median_ebitda_fp1,#)","ts_rank(FIELD,#)",2026-08-02T01:38:32.450954+00:00
candidate_9d154210041652c318e35d58,short_horizon_price_reversal,hyp_37d376828c374cd7bed0769daedf168a,mean_reversion,reversal,volatility_regime,"Overreaction to overnight news and subsequent intraday mean reversion, amplified by liquidity constraints that delay execution.",pv1,"-rank(ts_std_dev(open,20))",4bcdf2c7c9e8436950314fc2a618c663114b190a7d3843401806bcee7d385cf2,"neg(ts_std_dev(open,#))","neg(ts_std_dev(FIELD,#))",2026-08-02T01:38:32.450954+00:00
candidate_6e49900762edb19a67af6fef,short_horizon_price_reversal,hyp_37d376828c374cd7bed0769daedf168a,mean_reversion,reversal,rank_spread_horizons,"Overreaction to overnight news and subsequent intraday mean reversion, amplified by liquidity constraints that delay execution.",pv1,"rank(ts_rank(returns,5)-ts_rank(returns,10))",757a821d29c22ed602d05c967d7ab765a7d7cfc04331a4c5d62622e4a2fde7e9,"sub(ts_rank(returns,#),ts_rank(returns,#))","sub(ts_rank(FIELD,#),ts_rank(FIELD,#))",2026-08-02T01:38:32.450954+00:00
candidate_bd7275e3dc3bdf943969ccd8,balance_sheet_leverage,hyp_2cf260353dd34aadb7fec97465b9321d,quality,volatility,range_signal,"High operating leverage implies that fixed costs constitute a large proportion of total costs, making earnings more sensitive to revenue changes. To maintain financial stability and cover fixed obligations during downturns, firms in such industries use more debt financing, expecting that the additional risk is compensated by higher returns during upturns.",analyst14,"rank(ts_max(anl14_stddev_ebitda_fp1,63)-ts_min(anl14_stddev_ebitda_fp1,63))",ff8b65514e75dc57c0f9eb2d8c9c709d37b50afbbf94d7437c46e37e532f23d9,"sub(ts_max(anl14_stddev_ebitda_fp1,#),ts_min(anl14_stddev_ebitda_fp1,#))","sub(ts_max(FIELD,#),ts_min(FIELD,#))",2026-08-02T01:38:32.450954+00:00
candidate_9c549bd7c2d2ceca0e5a4162,balance_sheet_leverage,hyp_2cf260353dd34aadb7fec97465b9321d,quality,volatility,relative_flow,"High operating leverage implies that fixed costs constitute a large proportion of total costs, making earnings more sensitive to revenue changes. To maintain financial stability and cover fixed obligations during downturns, firms in such industries use more debt financing, expecting that the additional risk is compensated by higher returns during upturns.",analyst14,"rank(ts_mean(anl14_stddev_ndebt_fp3,63)/ts_std_dev(anl14_stddev_ndebt_fp3,21))",37ecb339da94e65f724796142d7baabce3ef06330afbc062d24c2d27fbbd77d1,"div(ts_mean(anl14_stddev_ndebt_fp3,#),ts_std_dev(anl14_stddev_ndebt_fp3,#))","div(ts_mean(FIELD,#),ts_std_dev(FIELD,#))",2026-08-02T01:38:32.450954+00:00
candidate_4ae470466634caf8ec8e889b,balance_sheet_leverage,hyp_2cf260353dd34aadb7fec97465b9321d,quality,volatility,vol_ratio_regimes,"High operating leverage implies that fixed costs constitute a large proportion of total costs, making earnings more sensitive to revenue changes. To maintain financial stability and cover fixed obligations during downturns, firms in such industries use more debt financing, expecting that the additional risk is compensated by higher returns during upturns.",analyst14,"rank(ts_std_dev(anl14_mean_ndebt_fp3,63)/ts_std_dev(anl14_mean_ndebt_fp3,126))",4b2ff27a6c7665a50af6148d67f7f12ef659e884ddd5b19c718cd5e725fb09bd,"div(ts_std_dev(anl14_mean_ndebt_fp3,#),ts_std_dev(anl14_mean_ndebt_fp3,#))","div(ts_std_dev(FIELD,#),ts_std_dev(FIELD,#))",2026-08-02T01:38:32.450954+00:00
candidate_900836b501fb89130003e4f4,earnings_quality_accruals,hyp_992b606749cd4c6582ff64f8278c70fc,quality,fundamental,historical_surprise,"Cash-backed earnings are less subject to estimation errors and manipulation than accrual-intensive earnings, leading to a more sustainable earnings stream that better predicts future performance. The accrual anomaly suggests that investors overestimate the persistence of accruals, so lower accrual intensity reduces the mispricing correction, resulting in more persistent returns.",pv1,"rank(ts_zscore(anl14_stddev_ebitda_fy1,63))",9cb4771c838b3459241659f529dae6e9f7a957f31f36fb5444f4c2101736c4dc,"ts_zscore(anl14_stddev_ebitda_fy1,#)","ts_zscore(FIELD,#)",2026-08-02T01:38:32.450954+00:00
candidate_2a0e039a1333fc4e2c9851f7,earnings_quality_accruals,hyp_992b606749cd4c6582ff64f8278c70fc,quality,fundamental,change_to_acceleration,"Cash-backed earnings are less subject to estimation errors and manipulation than accrual-intensive earnings, leading to a more sustainable earnings stream that better predicts future performance. The accrual anomaly suggests that investors overestimate the persistence of accruals, so lower accrual intensity reduces the mispricing correction, resulting in more persistent returns.",pv1,"rank(ts_delta(ts_delta(dividend,126),252))",71e5611bc7f8dfffcdfcce4e625117f3f361487f78c5064320f3380e2770d6a2,"ts_delta(ts_delta(dividend,#),#)","ts_delta(ts_delta(FIELD,#),#)",2026-08-02T01:38:32.450954+00:00
candidate_af986f3a8792a448b168aa3e,earnings_quality_accruals,hyp_992b606749cd4c6582ff64f8278c70fc,quality,fundamental,normalized_level,"Cash-backed earnings are less subject to estimation errors and manipulation than accrual-intensive earnings, leading to a more sustainable earnings stream that better predicts future performance. The accrual anomaly suggests that investors overestimate the persistence of accruals, so lower accrual intensity reduces the mispricing correction, resulting in more persistent returns.",pv1,"rank(anl10_epsinnovation_score_fy1/ts_mean(anl10_epsinnovation_score_fy1,126))",ece868a0ab34b3cc9d496ec5a4016c5e96ed5bc1551cadcd8e8d58bf526a490e,"div(anl10_epsinnovation_score_fy1,ts_mean(anl10_epsinnovation_score_fy1,#))","div(FIELD,ts_mean(FIELD,#))",2026-08-02T01:38:32.450954+00:00
candidate_44b5b2847f2a65cfa88bb06d,cash_flow_yield,hyp_e1399c7b8fcb4d019b357fe3d6e700fc,value,reversal,information_ratio,"Operating cash flow yield captures the efficiency and profitability of a firm's core operations. After normalizing for size, a high yield indicates undervaluation or strong cash generation, leading to mean reversion or positive market adjustment as the market recognizes the firm's true value.",pv1,"rank(ts_ir(dividend,126))",b8407bd40c23db1456a06a66bb1c2e0de334cb70cc2f2e25c01538ffc12ad33d,"ts_ir(dividend,#)","ts_ir(FIELD,#)",2026-08-02T01:38:44.476987+00:00
candidate_d955c20e48cb4556dc2b6a0f,cash_flow_yield,hyp_e1399c7b8fcb4d019b357fe3d6e700fc,value,reversal,smoothed_delta,"Operating cash flow yield captures the efficiency and profitability of a firm's core operations. After normalizing for size, a high yield indicates undervaluation or strong cash generation, leading to mean reversion or positive market adjustment as the market recognizes the firm's true value.",pv1,"rank(ts_mean(ts_delta(anl14_high_ebitda_fp1,1),21))",bf11dcabac1e0324eb3503f4dd5477ceeb955f95d149400c817a3d1ea934bc65,"ts_mean(ts_delta(anl14_high_ebitda_fp1,#),#)","ts_mean(ts_delta(FIELD,#),#)",2026-08-02T01:38:44.476987+00:00
candidate_5e7695aa2ae356a31ec8b735,cash_flow_yield,hyp_e1399c7b8fcb4d019b357fe3d6e700fc,value,reversal,short_horizon_reversal,"Operating cash flow yield captures the efficiency and profitability of a firm's core operations. After normalizing for size, a high yield indicates undervaluation or strong cash generation, leading to mean reversion or positive market adjustment as the market recognizes the firm's true value.",pv1,"-rank(ts_delta(dividend,21))",7f6cc79609c9051fce187bd903c890c4d27e0e674328b180ce1f227c570919fa,"neg(ts_delta(dividend,#))","neg(ts_delta(FIELD,#))",2026-08-02T01:38:44.476987+00:00
candidate_7e6a750a6ee1aa2c48510a7d,cash_flow_yield,hyp_e1399c7b8fcb4d019b357fe3d6e700fc,value,reversal,cross_signal_divergence,"Operating cash flow yield captures the efficiency and profitability of a firm's core operations. After normalizing for size, a high yield indicates undervaluation or strong cash generation, leading to mean reversion or positive market adjustment as the market recognizes the firm's true value.",pv1,"rank(ts_zscore(anl14_high_ebitda_fp1,126)-ts_zscore(anl14_mean_ebitda_fp1,126))",c23f8ebc00285c92d16ee69f847ed454f1ac9c275418a3574e2ac93265a49b9e,"sub(ts_zscore(anl14_high_ebitda_fp1,#),ts_zscore(anl14_mean_ebitda_fp1,#))","sub(ts_zscore(FIELD,#),ts_zscore(FIELD,#))",2026-08-02T01:38:44.476987+00:00
candidate_4dce4f431c11957d33a4b610,cash_flow_yield,hyp_e1399c7b8fcb4d019b357fe3d6e700fc,value,reversal,decayed_momentum,"Operating cash flow yield captures the efficiency and profitability of a firm's core operations. After normalizing for size, a high yield indicates undervaluation or strong cash generation, leading to mean reversion or positive market adjustment as the market recognizes the firm's true value.",pv1,"rank(ts_decay_linear(ts_delta(anl14_mean_ebitda_fp1,21),126))",f98a231d85b89a2db5312f791aef288af61b86b54a689c80eea2235247a14b76,"ts_decay_linear(ts_delta(anl14_mean_ebitda_fp1,#),#)","ts_decay_linear(ts_delta(FIELD,#),#)",2026-08-02T01:38:44.476987+00:00
candidate_68f0b37390d086bb2f4b4154,cash_flow_yield,hyp_e1399c7b8fcb4d019b357fe3d6e700fc,value,reversal,rank_spread_horizons,"Operating cash flow yield captures the efficiency and profitability of a firm's core operations. After normalizing for size, a high yield indicates undervaluation or strong cash generation, leading to mean reversion or positive market adjustment as the market recognizes the firm's true value.",pv1,"rank(ts_rank(anl14_mean_ebitda_fp1,21)-ts_rank(anl14_mean_ebitda_fp1,63))",2b7d37d90eb77ccb5ffef0f80e2093773287a15df4c87b447e79f92ca9327cd8,"sub(ts_rank(anl14_mean_ebitda_fp1,#),ts_rank(anl14_mean_ebitda_fp1,#))","sub(ts_rank(FIELD,#),ts_rank(FIELD,#))",2026-08-02T01:38:44.476987+00:00
candidate_b477c5f220f72f07107258ba,cash_flow_yield,hyp_e1399c7b8fcb4d019b357fe3d6e700fc,value,reversal,medium_horizon_momentum,"Operating cash flow yield captures the efficiency and profitability of a firm's core operations. After normalizing for size, a high yield indicates undervaluation or strong cash generation, leading to mean reversion or positive market adjustment as the market recognizes the firm's true value.",pv1,"rank(ts_rank(dividend,126))",d3b829b7180c28e9b55234b7f2c1f5d98708ab9f9eb0194852bdbc86776f3763,"ts_rank(dividend,#)","ts_rank(FIELD,#)",2026-08-02T01:38:44.476987+00:00
candidate_de90394b1c86b5e556e7b644,cash_flow_yield,hyp_e1399c7b8fcb4d019b357fe3d6e700fc,value,reversal,volatility_regime,"Operating cash flow yield captures the efficiency and profitability of a firm's core operations. After normalizing for size, a high yield indicates undervaluation or strong cash generation, leading to mean reversion or positive market adjustment as the market recognizes the firm's true value.",pv1,"-rank(ts_std_dev(anl14_high_ebitda_fp1,126))",9e9a599f36a5836632b3f0614b95e2f9d9d540c5419044d2e6561a5de0d87799,"neg(ts_std_dev(anl14_high_ebitda_fp1,#))","neg(ts_std_dev(FIELD,#))",2026-08-02T01:38:44.476987+00:00
candidate_46c1b6af4cb8cf28d66753c0,balance_sheet_leverage,hyp_90d6dfd273a2439fb0d22f4195feae0a,quality,fundamental,historical_surprise,"Regulatory bodies impose capital adequacy ratios and leverage limits, especially in finance and utilities, directly reducing the debt relative to equity or assets. In less regulated industries, firms have greater discretion to increase leverage.",pv1,"rank(ts_zscore(anl10_smartest_roe_ff,21))",bcbd54d4ab683dc6de3241a706aec3764d469502005accf05954deb9d1c5930e,"ts_zscore(anl10_smartest_roe_ff,#)","ts_zscore(FIELD,#)",2026-08-02T01:38:44.476987+00:00
candidate_75afccc393f2b89d1689ceb7,balance_sheet_leverage,hyp_90d6dfd273a2439fb0d22f4195feae0a,quality,fundamental,normalized_level,"Regulatory bodies impose capital adequacy ratios and leverage limits, especially in finance and utilities, directly reducing the debt relative to equity or assets. In less regulated industries, firms have greater discretion to increase leverage.",pv1,"rank(anl10_smartest_roa_ff/ts_mean(anl10_smartest_roa_ff,63))",37468b64e0ce8fe45a4befa7d45aa1b7ab31e0dfd1e2325a01792c41a42f6f7d,"div(anl10_smartest_roa_ff,ts_mean(anl10_smartest_roa_ff,#))","div(FIELD,ts_mean(FIELD,#))",2026-08-02T01:38:44.476987+00:00
candidate_6cc6bc7a4bd672bf8bc0d641,balance_sheet_leverage,hyp_90d6dfd273a2439fb0d22f4195feae0a,quality,fundamental,change_to_acceleration,"Regulatory bodies impose capital adequacy ratios and leverage limits, especially in finance and utilities, directly reducing the debt relative to equity or assets. In less regulated industries, firms have greater discretion to increase leverage.",pv1,"rank(ts_delta(ts_delta(dividend,63),126))",ad3102a86f81205df73edc9ce27f9633f5bd2e2ef777632e779eba0275c90fb9,"ts_delta(ts_delta(dividend,#),#)","ts_delta(ts_delta(FIELD,#),#)",2026-08-02T01:38:44.476987+00:00
candidate_8de3cb1f5d8cb9216eaa4e77,asset_utilization,hyp_d709c2ee9e2f44fd80ebfe169e611196,efficiency,volatility,vol_ratio_regimes,"Higher asset turnover indicates more efficient use of assets, reducing operational risk and information asymmetry, leading to lower required returns by equity investors.",analyst14,"rank(ts_std_dev(anl14_median_ndebt_fp3,63)/ts_std_dev(anl14_median_ndebt_fp3,126))",47085b376bdcac48d7da2ea5037938de2f8170f4a289728bcc501b55ccb7b108,"div(ts_std_dev(anl14_median_ndebt_fp3,#),ts_std_dev(anl14_median_ndebt_fp3,#))","div(ts_std_dev(FIELD,#),ts_std_dev(FIELD,#))",2026-08-02T01:38:44.476987+00:00
candidate_9fc1dbc01f469e92788d10bc,balance_sheet_leverage,hyp_2cf260353dd34aadb7fec97465b9321d,quality,volatility,smoothed_delta,"High operating leverage implies that fixed costs constitute a large proportion of total costs, making earnings more sensitive to revenue changes. To maintain financial stability and cover fixed obligations during downturns, firms in such industries use more debt financing, expecting that the additional risk is compensated by higher returns during upturns.",analyst14,"rank(ts_mean(ts_delta(anl14_mean_ndebt_fp3,1),63))",6cf451733f58fc7a5910505ac99dc81faee6a555d2ab5c39b921eeacb516e129,"ts_mean(ts_delta(anl14_mean_ndebt_fp3,#),#)","ts_mean(ts_delta(FIELD,#),#)",2026-08-02T01:38:56.547532+00:00
candidate_7e4a6556d1b4746d13c61f0a,balance_sheet_leverage,hyp_2cf260353dd34aadb7fec97465b9321d,quality,volatility,decayed_momentum,"High operating leverage implies that fixed costs constitute a large proportion of total costs, making earnings more sensitive to revenue changes. To maintain financial stability and cover fixed obligations during downturns, firms in such industries use more debt financing, expecting that the additional risk is compensated by higher returns during upturns.",analyst14,"rank(ts_decay_linear(ts_delta(anl14_stddev_ebitda_fp1,63),21))",c0b651ce70571aea1cc7f12a4301555f308b598829cd29c87286e11c43e33264,"ts_decay_linear(ts_delta(anl14_stddev_ebitda_fp1,#),#)","ts_decay_linear(ts_delta(FIELD,#),#)",2026-08-02T01:38:56.547532+00:00
candidate_3bb1c277bf12438d45e95122,balance_sheet_leverage,hyp_2cf260353dd34aadb7fec97465b9321d,quality,volatility,medium_horizon_momentum,"High operating leverage implies that fixed costs constitute a large proportion of total costs, making earnings more sensitive to revenue changes. To maintain financial stability and cover fixed obligations during downturns, firms in such industries use more debt financing, expecting that the additional risk is compensated by higher returns during upturns.",analyst14,"rank(ts_rank(anl14_stddev_ndebt_fp3,21))",eff4e64286f9c123b620b66410c8d5cc440dca1289a525e57ad1b79c52cecb7b,"ts_rank(anl14_stddev_ndebt_fp3,#)","ts_rank(FIELD,#)",2026-08-02T01:38:56.547532+00:00
candidate_ea3d838dc3c5100b0f6c9400,balance_sheet_leverage,hyp_2cf260353dd34aadb7fec97465b9321d,quality,volatility,volatility_regime,"High operating leverage implies that fixed costs constitute a large proportion of total costs, making earnings more sensitive to revenue changes. To maintain financial stability and cover fixed obligations during downturns, firms in such industries use more debt financing, expecting that the additional risk is compensated by higher returns during upturns.",analyst14,"-rank(ts_std_dev(anl14_stddev_ebitda_fp1,21))",53a72266c3302f84f7f0935e8118aa8dbcc15de9509f6c09dc86af2061726122,"neg(ts_std_dev(anl14_stddev_ebitda_fp1,#))","neg(ts_std_dev(FIELD,#))",2026-08-02T01:38:56.547532+00:00
candidate_3c322c7e2a0fb4374c97ccf6,balance_sheet_leverage,hyp_2cf260353dd34aadb7fec97465b9321d,quality,volatility,information_ratio,"High operating leverage implies that fixed costs constitute a large proportion of total costs, making earnings more sensitive to revenue changes. To maintain financial stability and cover fixed obligations during downturns, firms in such industries use more debt financing, expecting that the additional risk is compensated by higher returns during upturns.",analyst14,"rank(ts_ir(anl14_stddev_ndebt_fp3,21))",b4092b1f8d30ab9c4a13eeb0a568c1526186eb1df615b3a6a5f9c3a9675fb683,"ts_ir(anl14_stddev_ndebt_fp3,#)","ts_ir(FIELD,#)",2026-08-02T01:38:56.547532+00:00
candidate_21c96c89de64379749b18540,operating_profitability,hyp_b545334bf43e4800a3797fb432b70f98,profitability,fundamental,short_horizon_reversal,"High operating profitability signals efficient operations and strong pricing power, which are persistent and lead to higher future returns as the market underreacts to this information.",analyst10,"-rank(ts_delta(anl10_roeff_2323,126))",de63c2ae952d1bae7a1d069245b940fa1d3fe6fd7e7fe2799f239cf56e629449,"neg(ts_delta(anl10_roeff_2323,#))","neg(ts_delta(FIELD,#))",2026-08-02T01:38:56.547532+00:00
candidate_318104dd2f98942af23bb255,operating_profitability,hyp_b545334bf43e4800a3797fb432b70f98,profitability,fundamental,normalized_level,"High operating profitability signals efficient operations and strong pricing power, which are persistent and lead to higher future returns as the market underreacts to this information.",analyst10,"rank(anl14_actvalue_ebitda_fy0/ts_mean(anl14_actvalue_ebitda_fy0,63))",47b69f26a370719a0d165b7fd8af7b8c025a0b55ba5b7e734e18c0edc3974587,"div(anl14_actvalue_ebitda_fy0,ts_mean(anl14_actvalue_ebitda_fy0,#))","div(FIELD,ts_mean(FIELD,#))",2026-08-02T01:38:56.547532+00:00
candidate_293e99c9ce689210bb63d4c2,operating_profitability,hyp_b545334bf43e4800a3797fb432b70f98,profitability,fundamental,change_to_acceleration,"High operating profitability signals efficient operations and strong pricing power, which are persistent and lead to higher future returns as the market underreacts to this information.",analyst10,"rank(ts_delta(ts_delta(anl10_smartest_roa_ff,63),126))",5eb8dd3821e9d7558c8912c6372417d61f488eb0c9a219bfb5d87c5c81845cd9,"ts_delta(ts_delta(anl10_smartest_roa_ff,#),#)","ts_delta(ts_delta(FIELD,#),#)",2026-08-02T01:38:56.547532+00:00
candidate_bb0346c7a5151bb0c2514929,analyst_revision_direction,hyp_0638c71610d94c088650e30f69215811,expectations,balanced,cross_signal_divergence,"A net increase in the breadth of upward revisions signals improving consensus among analysts about a stock's prospects, leading to positive investor sentiment and subsequent price appreciation as the market gradually incorporates this information.",analyst15,"rank(ts_zscore(anl15_salgics_gr_cal_fy1_cos,63)-ts_zscore(anl15_salgics_gr_cal_fy2_total,63))",b46fc303ae7ee75fc6f363955e4b20d58e691e3ce6ff5810d24a54c04bb6cac7,"sub(ts_zscore(anl15_salgics_gr_cal_fy1_cos,#),ts_zscore(anl15_salgics_gr_cal_fy2_total,#))","sub(ts_zscore(FIELD,#),ts_zscore(FIELD,#))",2026-08-02T01:38:56.547532+00:00
candidate_d95ccd456f7bd3ecc65fc40c,analyst_revision_direction,hyp_0638c71610d94c088650e30f69215811,expectations,balanced,rank_spread_horizons,"A net increase in the breadth of upward revisions signals improving consensus among analysts about a stock's prospects, leading to positive investor sentiment and subsequent price appreciation as the market gradually incorporates this information.",analyst15,"rank(ts_rank(anl15_salgics_gr_cal_fy2_total,21)-ts_rank(anl15_salgics_gr_cal_fy2_total,126))",17d1c867a9907077675258bbe887b4dbdadfd6177ac71694bd65f1f7309c1fcf,"sub(ts_rank(anl15_salgics_gr_cal_fy2_total,#),ts_rank(anl15_salgics_gr_cal_fy2_total,#))","sub(ts_rank(FIELD,#),ts_rank(FIELD,#))",2026-08-02T01:38:56.547532+00:00
candidate_b5e93c63c2a5bdc4a7216ee8,quality_low_volatility,hyp_66d04bba2d7f42ada1c699d860bbdff5,composite,volatility,vol_ratio_regimes,"High asset turnover indicates efficient use of assets to generate revenue, while low financial leverage reduces bankruptcy risk, combining to form durable quality that, when paired with low realized volatility, identifies stocks with stable earnings and lower downside risk, leading to superior performance.",analyst14,"rank(ts_std_dev(anl14_stddev_ebitda_fy3,63)/ts_std_dev(anl14_stddev_ebitda_fy3,126))",96184086aca192dc0974fbe5db7b851eb14a03ad048796130120cc1c67141a05,"div(ts_std_dev(anl14_stddev_ebitda_fy3,#),ts_std_dev(anl14_stddev_ebitda_fy3,#))","div(ts_std_dev(FIELD,#),ts_std_dev(FIELD,#))",2026-08-02T01:38:56.547532+00:00
candidate_d6044af34b592dc97ba81103,quality_low_volatility,hyp_66d04bba2d7f42ada1c699d860bbdff5,composite,volatility,range_signal,"High asset turnover indicates efficient use of assets to generate revenue, while low financial leverage reduces bankruptcy risk, combining to form durable quality that, when paired with low realized volatility, identifies stocks with stable earnings and lower downside risk, leading to superior performance.",analyst14,"rank(ts_max(anl14_stddev_ebitda_fy4,63)-ts_min(anl14_stddev_ebitda_fy4,63))",6b3bd017af7886429c871ad69f8dd8c04fb44afb891246fca4ce67c3da926d2d,"sub(ts_max(anl14_stddev_ebitda_fy4,#),ts_min(anl14_stddev_ebitda_fy4,#))","sub(ts_max(FIELD,#),ts_min(FIELD,#))",2026-08-02T01:38:56.547532+00:00
candidate_fc5282d9a8c46e72153028f2,quality_low_volatility,hyp_66d04bba2d7f42ada1c699d860bbdff5,composite,volatility,relative_flow,"High asset turnover indicates efficient use of assets to generate revenue, while low financial leverage reduces bankruptcy risk, combining to form durable quality that, when paired with low realized volatility, identifies stocks with stable earnings and lower downside risk, leading to superior performance.",analyst14,"rank(ts_mean(anl14_stddev_ebitda_fy2,63)/ts_std_dev(anl14_stddev_ebitda_fy2,21))",1bd51e2c1506500d1f36614fba21e03a81de90fe3ce23ac06ada82011e7d99f3,"div(ts_mean(anl14_stddev_ebitda_fy2,#),ts_std_dev(anl14_stddev_ebitda_fy2,#))","div(ts_mean(FIELD,#),ts_std_dev(FIELD,#))",2026-08-02T01:38:56.547532+00:00
candidate_96bbec709b1a50cd44589aeb,analyst_revision_direction,hyp_678990791fcf42569beba9f285da3f60,expectations,fundamental,historical_surprise,"Downward target revisions signal deteriorating fundamentals, leading to negative market reactions as analysts incorporate new negative information.",analyst15,"rank(ts_zscore(anl15_salgics_ind_cal_fy1_1m_chg,21))",de027bb101d640b28cf6788322caf099d3cfac26e91e7c3a6dfe805a4b1ce8b1,"ts_zscore(anl15_salgics_ind_cal_fy1_1m_chg,#)","ts_zscore(FIELD,#)",2026-08-02T01:38:56.547532+00:00
candidate_0089f85bf4577421be113d25,earnings_surprise_persistence,hyp_46177fc8f9ce4b7b9f725b7f7631a735,expectations,balanced,medium_horizon_momentum,"Earnings persistence due to sticky components in earnings, such as costs or revenues that adjust slowly, leading to serial correlation in earnings surprises.",analyst10,"rank(ts_rank(anl10_salfy2_pred_surps_v2_994,10))",a30737a60acd68bff8101952c882484ffa956c2c5d789621a7fa836993e25df7,"ts_rank(anl10_salfy2_pred_surps_v2_994,#)","ts_rank(FIELD,#)",2026-08-02T01:39:08.634640+00:00
candidate_cc50b9668be8fef7b6129447,earnings_surprise_persistence,hyp_46177fc8f9ce4b7b9f725b7f7631a735,expectations,balanced,cross_signal_divergence,"Earnings persistence due to sticky components in earnings, such as costs or revenues that adjust slowly, leading to serial correlation in earnings surprises.",analyst10,"rank(ts_zscore(anl10_salfy1_pred_surps_v2_1006,10)-ts_zscore(anl10_salfq1_pred_surps_v0_985,10))",28c48f6b31cebd1c0773e96d7c08bb28c3307b66df9d4000e627d8cd808270f1,"sub(ts_zscore(anl10_salfy1_pred_surps_v2_1006,#),ts_zscore(anl10_salfq1_pred_surps_v0_985,#))","sub(ts_zscore(FIELD,#),ts_zscore(FIELD,#))",2026-08-02T01:39:08.634640+00:00
candidate_7c296bb23012a6c4b66bfe2a,earnings_surprise_persistence,hyp_46177fc8f9ce4b7b9f725b7f7631a735,expectations,balanced,short_horizon_reversal,"Earnings persistence due to sticky components in earnings, such as costs or revenues that adjust slowly, leading to serial correlation in earnings surprises.",analyst10,"-rank(ts_delta(anl10_salfy2_pred_surps_v2_994,5))",bdcfe14a7e6da6deae09af0d9fa6a7abb35cafe89a5918ee2d81ddf33fc489f0,"neg(ts_delta(anl10_salfy2_pred_surps_v2_994,#))","neg(ts_delta(FIELD,#))",2026-08-02T01:39:08.634640+00:00
candidate_1be054d1e6df6587a82a5744,earnings_surprise_persistence,hyp_46177fc8f9ce4b7b9f725b7f7631a735,expectations,balanced,smoothed_delta,"Earnings persistence due to sticky components in earnings, such as costs or revenues that adjust slowly, leading to serial correlation in earnings surprises.",analyst10,"rank(ts_mean(ts_delta(anl10_salfy1_pred_surps_v2_1006,1),5))",766b4ef0c0911880ef3220a653c1f27055599a2305f55b64db45e7935e24cab8,"ts_mean(ts_delta(anl10_salfy1_pred_surps_v2_1006,#),#)","ts_mean(ts_delta(FIELD,#),#)",2026-08-02T01:39:08.634640+00:00
candidate_16d332665e5bce6fc48c7bcd,earnings_surprise_persistence,hyp_46177fc8f9ce4b7b9f725b7f7631a735,expectations,balanced,decayed_momentum,"Earnings persistence due to sticky components in earnings, such as costs or revenues that adjust slowly, leading to serial correlation in earnings surprises.",analyst10,"rank(ts_decay_linear(ts_delta(anl10_salfq1_pred_surps_v0_985,5),10))",55891a4783719ec743e336e661db4e3f6bc6ca953796e76aff90f52614f359f1,"ts_decay_linear(ts_delta(anl10_salfq1_pred_surps_v0_985,#),#)","ts_decay_linear(ts_delta(FIELD,#),#)",2026-08-02T01:39:08.634640+00:00
candidate_0dcbb5d1f7dfd53d583d73b4,earnings_surprise_persistence,hyp_46177fc8f9ce4b7b9f725b7f7631a735,expectations,balanced,rank_spread_horizons,"Earnings persistence due to sticky components in earnings, such as costs or revenues that adjust slowly, leading to serial correlation in earnings surprises.",analyst10,"rank(ts_rank(anl10_salfq1_pred_surps_v0_985,5)-ts_rank(anl10_salfq1_pred_surps_v0_985,20))",555dd2a3741f00692814b755b94b0239dfd14803a63eb941222cee6ac515a6d9,"sub(ts_rank(anl10_salfq1_pred_surps_v0_985,#),ts_rank(anl10_salfq1_pred_surps_v0_985,#))","sub(ts_rank(FIELD,#),ts_rank(FIELD,#))",2026-08-02T01:39:08.634640+00:00
candidate_e713c476f29790b6cba5e6d2,earnings_surprise_persistence,hyp_46177fc8f9ce4b7b9f725b7f7631a735,expectations,balanced,information_ratio,"Earnings persistence due to sticky components in earnings, such as costs or revenues that adjust slowly, leading to serial correlation in earnings surprises.",analyst10,"rank(ts_ir(anl10_netfq1_pred_surps_v2_1053,10))",a322bde9625ea3291d752d6bd95c38fa955a90cef504c312ca1207511e5fc7b1,"ts_ir(anl10_netfq1_pred_surps_v2_1053,#)","ts_ir(FIELD,#)",2026-08-02T01:39:08.634640+00:00
candidate_a405e60d5f8e5c5f4f0c9797,earnings_surprise_persistence,hyp_46177fc8f9ce4b7b9f725b7f7631a735,expectations,balanced,volatility_regime,"Earnings persistence due to sticky components in earnings, such as costs or revenues that adjust slowly, leading to serial correlation in earnings surprises.",analyst10,"-rank(ts_std_dev(anl10_netfq1_pred_surps_v2_1053,10))",a052f5039e29523dc82701c1eede0e4d62147b00b09f0fc71e91aa2eb54ab8ea,"neg(ts_std_dev(anl10_netfq1_pred_surps_v2_1053,#))","neg(ts_std_dev(FIELD,#))",2026-08-02T01:39:08.634640+00:00
candidate_a4db62cb2281ea882a32f412,quality_low_volatility,hyp_ecd0fdcf524941a0af755d2ae597d809,composite,volatility,range_signal,"High-quality firms with low downside risk are less prone to financial distress and benefit from lower cost of capital, leading to superior long-term returns.",analyst14,"rank(ts_max(cap,63)-ts_min(cap,63))",1e827bc01ccf23349f35d9bd23073f00082c9c032398f8598cd065694e3fa5be,"sub(ts_max(cap,#),ts_min(cap,#))","sub(ts_max(FIELD,#),ts_min(FIELD,#))",2026-08-02T01:39:08.634640+00:00
candidate_7a3c7532d8b1c4546ae4c073,quality_low_volatility,hyp_ecd0fdcf524941a0af755d2ae597d809,composite,volatility,vol_ratio_regimes,"High-quality firms with low downside risk are less prone to financial distress and benefit from lower cost of capital, leading to superior long-term returns.",analyst14,"rank(ts_std_dev(returns,63)/ts_std_dev(returns,126))",3aff8118e7dee680f12ad26ed29362ccc8ec76e68e30e0621a32d856d08fc0f9,"div(ts_std_dev(returns,#),ts_std_dev(returns,#))","div(ts_std_dev(FIELD,#),ts_std_dev(FIELD,#))",2026-08-02T01:39:08.634640+00:00
candidate_3daec89d348126437450e224,margin_improvement,hyp_7fa9e47171634d619b8246b322d6f34e,growth,fundamental,normalized_level,"SG&A expenses are a component of operating costs; reducing them directly improves profitability margins, assuming revenue remains constant or grows.",analyst14,"rank(dividend/ts_mean(dividend,63))",cf0c52eaa214d3532324d673782e782fe831b3cdd98dde64b212e1ba1de1f4a4,"div(dividend,ts_mean(dividend,#))","div(FIELD,ts_mean(FIELD,#))",2026-08-02T01:39:08.634640+00:00
candidate_e4e63b91f241c150044e9506,margin_improvement,hyp_7fa9e47171634d619b8246b322d6f34e,growth,fundamental,change_to_acceleration,"SG&A expenses are a component of operating costs; reducing them directly improves profitability margins, assuming revenue remains constant or grows.",analyst14,"rank(ts_delta(ts_delta(anl14_mean_ebitda_fy2,63),126))",040de39910924b394321b4c110ece038014fd6e2a540e0db650345401e71afcd,"ts_delta(ts_delta(anl14_mean_ebitda_fy2,#),#)","ts_delta(ts_delta(FIELD,#),#)",2026-08-02T01:39:08.634640+00:00
candidate_261280938d572dcf1e229ab7,margin_improvement,hyp_7fa9e47171634d619b8246b322d6f34e,growth,fundamental,historical_surprise,"SG&A expenses are a component of operating costs; reducing them directly improves profitability margins, assuming revenue remains constant or grows.",analyst14,"rank(ts_zscore(anl14_stddev_ebitda_fy2,21))",c63abb363f8297647c64e55ece466ba62f99dbe40312788ac1e35326723371b4,"ts_zscore(anl14_stddev_ebitda_fy2,#)","ts_zscore(FIELD,#)",2026-08-02T01:39:08.634640+00:00
candidate_69d9b9c9326215c67304bc53,asset_utilization,hyp_538936e31d584135838a14c9ff9623d5,efficiency,balanced,volatility_regime,"Higher asset turnover reflects efficient use of assets to generate sales, which typically indicates stable demand and operational discipline, leading to more predictable earnings streams.",analyst14,"-rank(ts_std_dev(anl14_stddev_ebitda_fp1,126))",fbb693cd90ad57cdff1c29c42f4dca1cfb83662be43553d72dfc474e3b3e5d1c,"neg(ts_std_dev(anl14_stddev_ebitda_fp1,#))","neg(ts_std_dev(FIELD,#))",2026-08-02T01:39:20.726361+00:00
candidate_604782cfd7b3e3c59bd87bcc,asset_utilization,hyp_538936e31d584135838a14c9ff9623d5,efficiency,balanced,information_ratio,"Higher asset turnover reflects efficient use of assets to generate sales, which typically indicates stable demand and operational discipline, leading to more predictable earnings streams.",analyst14,"rank(ts_ir(anl14_stddev_ebitda_fp2,126))",838830f52a2a8067028b314ff42e7107d321e5f707b064ef1db38e32e4cebe1c,"ts_ir(anl14_stddev_ebitda_fp2,#)","ts_ir(FIELD,#)",2026-08-02T01:39:20.726361+00:00
candidate_94775fd217833c5f46ef8850,asset_utilization,hyp_538936e31d584135838a14c9ff9623d5,efficiency,balanced,medium_horizon_momentum,"Higher asset turnover reflects efficient use of assets to generate sales, which typically indicates stable demand and operational discipline, leading to more predictable earnings streams.",analyst14,"rank(ts_rank(anl14_high_ebitda_fp1,126))",e01bbb8d1fb602aa1f5bb7e60394782da9a2ce0ed43ec6f9326e8ee67270a03b,"ts_rank(anl14_high_ebitda_fp1,#)","ts_rank(FIELD,#)",2026-08-02T01:39:20.726361+00:00
candidate_de0babfce05a8ff32d11ccca,asset_utilization,hyp_538936e31d584135838a14c9ff9623d5,efficiency,balanced,rank_spread_horizons,"Higher asset turnover reflects efficient use of assets to generate sales, which typically indicates stable demand and operational discipline, leading to more predictable earnings streams.",analyst14,"rank(ts_rank(anl14_low_ebitda_fp2,63)-ts_rank(anl14_low_ebitda_fp2,252))",481dc53b334948501c618b13f090d0f9ad31749fea4541f7fe0351140c0a3881,"sub(ts_rank(anl14_low_ebitda_fp2,#),ts_rank(anl14_low_ebitda_fp2,#))","sub(ts_rank(FIELD,#),ts_rank(FIELD,#))",2026-08-02T01:39:20.726361+00:00
candidate_3471344d18f563f1e7b5d1a5,asset_utilization,hyp_538936e31d584135838a14c9ff9623d5,efficiency,balanced,smoothed_delta,"Higher asset turnover reflects efficient use of assets to generate sales, which typically indicates stable demand and operational discipline, leading to more predictable earnings streams.",analyst14,"rank(ts_mean(ts_delta(anl14_low_ebitda_fp2,1),63))",efd2a719557a9d1139cfeecc904030c634d78e6b14bbda9a2ac436dd21eed73a,"ts_mean(ts_delta(anl14_low_ebitda_fp2,#),#)","ts_mean(ts_delta(FIELD,#),#)",2026-08-02T01:39:20.726361+00:00
candidate_bf356a836fac7f4395f587ff,asset_utilization,hyp_538936e31d584135838a14c9ff9623d5,efficiency,balanced,short_horizon_reversal,"Higher asset turnover reflects efficient use of assets to generate sales, which typically indicates stable demand and operational discipline, leading to more predictable earnings streams.",analyst14,"-rank(ts_delta(anl14_stddev_ebitda_fp3,63))",d5a5536358876d8331c3e1678e3d03855d804130cc98db45c8a5e0c8c4b98498,"neg(ts_delta(anl14_stddev_ebitda_fp3,#))","neg(ts_delta(FIELD,#))",2026-08-02T01:39:20.726361+00:00
candidate_fce341b532489363592c5010,asset_utilization,hyp_538936e31d584135838a14c9ff9623d5,efficiency,balanced,cross_signal_divergence,"Higher asset turnover reflects efficient use of assets to generate sales, which typically indicates stable demand and operational discipline, leading to more predictable earnings streams.",analyst14,"rank(ts_zscore(anl14_high_ebitda_fp1,126)-ts_zscore(anl14_low_ebitda_fp2,126))",152f778ba4df79d2155dad42f00dd5051bb9e649a0bbacc1c559a59155e3c6c6,"sub(ts_zscore(anl14_high_ebitda_fp1,#),ts_zscore(anl14_low_ebitda_fp2,#))","sub(ts_zscore(FIELD,#),ts_zscore(FIELD,#))",2026-08-02T01:39:20.726361+00:00
candidate_778d967338718e9a8e1dc7c1,asset_utilization,hyp_538936e31d584135838a14c9ff9623d5,efficiency,balanced,decayed_momentum,"Higher asset turnover reflects efficient use of assets to generate sales, which typically indicates stable demand and operational discipline, leading to more predictable earnings streams.",analyst14,"rank(ts_decay_linear(ts_delta(anl14_stddev_ebitda_fp1,63),126))",67d15dd8dee7c6e0f764dd794dbd20898ecc64a421f5314a7d70939de428726a,"ts_decay_linear(ts_delta(anl14_stddev_ebitda_fp1,#),#)","ts_decay_linear(ts_delta(FIELD,#),#)",2026-08-02T01:39:20.726361+00:00
candidate_c0c0e1afbab058b64cb51bb1,analyst_revision_direction,hyp_678990791fcf42569beba9f285da3f60,expectations,fundamental,normalized_level,"Downward target revisions signal deteriorating fundamentals, leading to negative market reactions as analysts incorporate new negative information.",analyst15,"rank(anl15_salgics_gr_cal_fy1_total/ts_mean(anl15_salgics_gr_cal_fy1_total,63))",11be2c9c822e8eaff207a339ac0a2d4f9280a19291f1708b3a74c7f7f14a576c,"div(anl15_salgics_gr_cal_fy1_total,ts_mean(anl15_salgics_gr_cal_fy1_total,#))","div(FIELD,ts_mean(FIELD,#))",2026-08-02T01:39:20.726361+00:00
candidate_1f95177113fbe09ed4d22334,analyst_revision_direction,hyp_678990791fcf42569beba9f285da3f60,expectations,fundamental,change_to_acceleration,"Downward target revisions signal deteriorating fundamentals, leading to negative market reactions as analysts incorporate new negative information.",analyst15,"rank(ts_delta(ts_delta(anl15_salgics_ind_18_m_cos,63),126))",e2553e01687e959c06034b7ad6a7568b33a154be623b43d5ef7510badd3e508b,"ts_delta(ts_delta(anl15_salgics_ind_18_m_cos,#),#)","ts_delta(ts_delta(FIELD,#),#)",2026-08-02T01:39:20.726361+00:00
candidate_3c77683077bdda39e41640a7,capital_efficiency,hyp_66a98478b669448f85e7866a62e098e3,profitability,fundamental,historical_surprise,"Intangible assets (e.g., patents, brand, software) often generate higher returns on capital without proportional increases in capital base, leading to higher capital efficiency.",analyst14,"rank(ts_zscore(anl14_mean_ebitda_fp2,21))",d2955229b3b4076a5b92994913eb3e50962572412677cb5b087e257910b69157,"ts_zscore(anl14_mean_ebitda_fp2,#)","ts_zscore(FIELD,#)",2026-08-02T01:39:20.726361+00:00
candidate_b905768e120efb9a0945cc1a,asset_utilization,hyp_1cce76d670e5425daa5d23b9fd48ff43,efficiency,volatility,volatility_regime,"Higher asset turnover indicates more efficient use of assets to generate sales, which typically leads to stronger cash flows and lower financial distress risk, thereby reducing the probability of default.",analyst14,"-rank(ts_std_dev(anl14_high_ebitda_fp1,5))",46c38ea74563c033e7577213a6f11e412203e75ec6f2f0a29ff494f6d0ee6cd9,"neg(ts_std_dev(anl14_high_ebitda_fp1,#))","neg(ts_std_dev(FIELD,#))",2026-08-02T01:39:32.750857+00:00
candidate_aa6c412246cec4f6a691f64f,asset_utilization,hyp_1cce76d670e5425daa5d23b9fd48ff43,efficiency,volatility,information_ratio,"Higher asset turnover indicates more efficient use of assets to generate sales, which typically leads to stronger cash flows and lower financial distress risk, thereby reducing the probability of default.",analyst14,"rank(ts_ir(dividend,5))",99bff4647a58a71ff0b533f1fa0cb75ecb5492e3b8da09462893dea808e1b40b,"ts_ir(dividend,#)","ts_ir(FIELD,#)",2026-08-02T01:39:32.750857+00:00
candidate_cadefc4484098c47eee75655,asset_utilization,hyp_1cce76d670e5425daa5d23b9fd48ff43,efficiency,volatility,medium_horizon_momentum,"Higher asset turnover indicates more efficient use of assets to generate sales, which typically leads to stronger cash flows and lower financial distress risk, thereby reducing the probability of default.",analyst14,"rank(ts_rank(dividend,5))",d35122220e695a76aa6110475ec893df46d9d1380c68a8e852402410a2ad8178,"ts_rank(dividend,#)","ts_rank(FIELD,#)",2026-08-02T01:39:32.750857+00:00
candidate_0b6faf89f1117646c8ac072c,asset_utilization,hyp_1cce76d670e5425daa5d23b9fd48ff43,efficiency,volatility,smoothed_delta,"Higher asset turnover indicates more efficient use of assets to generate sales, which typically leads to stronger cash flows and lower financial distress risk, thereby reducing the probability of default.",analyst14,"rank(ts_mean(ts_delta(anl10_smartest_roa_ff,1),10))",7c7005cdb8af2fec30dade4215d43653323b7f8c995ff36384eb37da00790019,"ts_mean(ts_delta(anl10_smartest_roa_ff,#),#)","ts_mean(ts_delta(FIELD,#),#)",2026-08-02T01:39:32.750857+00:00
candidate_c2770111c25311084b888342,asset_utilization,hyp_1cce76d670e5425daa5d23b9fd48ff43,efficiency,volatility,decayed_momentum,"Higher asset turnover indicates more efficient use of assets to generate sales, which typically leads to stronger cash flows and lower financial distress risk, thereby reducing the probability of default.",analyst14,"rank(ts_decay_linear(ts_delta(anl14_high_ebitda_fp1,10),5))",c236f93af2687bc00bf17bf3adbc6677dd8cfb0ff46baa12bd6f6594b3f0c902,"ts_decay_linear(ts_delta(anl14_high_ebitda_fp1,#),#)","ts_decay_linear(ts_delta(FIELD,#),#)",2026-08-02T01:39:32.750857+00:00
candidate_4d15e5443590ce850751bb66,analyst_revision_direction,hyp_e45d637f55c442699ca91ed68bac7feb,expectations,momentum,cross_signal_divergence,"Analyst overreaction to recent information leads to initial price momentum, followed by reversal as the market corrects for the overreaction.",analyst15,"rank(ts_zscore(anl15_ebtgics_gr_fy1_ests_up,126)-ts_zscore(anl15_dpsgics_gr_fy1_ests_up,126))",77fb0d075b64751a898b81c9b07c443ae96839763c763f1e9ff8cd000c4136ae,"sub(ts_zscore(anl15_ebtgics_gr_fy1_ests_up,#),ts_zscore(anl15_dpsgics_gr_fy1_ests_up,#))","sub(ts_zscore(FIELD,#),ts_zscore(FIELD,#))",2026-08-02T01:39:32.750857+00:00
candidate_88b5a257ededc6184b771359,analyst_revision_direction,hyp_e45d637f55c442699ca91ed68bac7feb,expectations,momentum,short_horizon_reversal,"Analyst overreaction to recent information leads to initial price momentum, followed by reversal as the market corrects for the overreaction.",analyst15,"-rank(ts_delta(anl15_cpsgics_gr_12_m_ests_up,63))",6a4f2c77d00d8e5e10fe3e4e49b6a59f0d3203fc9a08f944696c21976e84958e,"neg(ts_delta(anl15_cpsgics_gr_12_m_ests_up,#))","neg(ts_delta(FIELD,#))",2026-08-02T01:39:32.750857+00:00
candidate_38114bbf2beb016edcf72d69,analyst_revision_direction,hyp_e45d637f55c442699ca91ed68bac7feb,expectations,momentum,rank_spread_horizons,"Analyst overreaction to recent information leads to initial price momentum, followed by reversal as the market corrects for the overreaction.",analyst15,"rank(ts_rank(anl15_dpsgics_gr_fy1_ests_up,63)-ts_rank(anl15_dpsgics_gr_fy1_ests_up,252))",800fdcf4c9bd3ed6828528c02b9e29ca3f62eff5d4dbdc08f518b173b3c4eefd,"sub(ts_rank(anl15_dpsgics_gr_fy1_ests_up,#),ts_rank(anl15_dpsgics_gr_fy1_ests_up,#))","sub(ts_rank(FIELD,#),ts_rank(FIELD,#))",2026-08-02T01:39:32.750857+00:00
candidate_a3e6d73f70604d32223d6d91,capital_efficiency,hyp_66a98478b669448f85e7866a62e098e3,profitability,fundamental,normalized_level,"Intangible assets (e.g., patents, brand, software) often generate higher returns on capital without proportional increases in capital base, leading to higher capital efficiency.",analyst14,"rank(anl14_high_ebitda_fp1/ts_mean(anl14_high_ebitda_fp1,63))",0fb94d6238eb28ee1285f6ed965923be7008c1997537f7632f6a40de071800c8,"div(anl14_high_ebitda_fp1,ts_mean(anl14_high_ebitda_fp1,#))","div(FIELD,ts_mean(FIELD,#))",2026-08-02T01:39:32.750857+00:00
candidate_43e357665b75ea4a1752e4a7,capital_efficiency,hyp_66a98478b669448f85e7866a62e098e3,profitability,fundamental,change_to_acceleration,"Intangible assets (e.g., patents, brand, software) often generate higher returns on capital without proportional increases in capital base, leading to higher capital efficiency.",analyst14,"rank(ts_delta(ts_delta(anl14_mean_ebitda_fp1,63),126))",9d6fff4c5b3a87afd724c4f07095ab1a97b5a07bce261b85e49aaceb72f32f34,"ts_delta(ts_delta(anl14_mean_ebitda_fp1,#),#)","ts_delta(ts_delta(FIELD,#),#)",2026-08-02T01:39:32.750857+00:00
candidate_0508a55ccd9978dc744e1a5d,short_horizon_price_reversal,hyp_2e93bccafc824ffc9992d0efebfb049e,mean_reversion,reversal,short_horizon_reversal,"Short-horizon reversal due to overreaction to intraday news or order flow, followed by mean reversion as initial price pressure dissipates.",pv1,"-rank(ts_delta(open,5))",59be11565350ee984b853f91a18c54dfcdaf35371c6b23d029637a9d8ca4b64b,"neg(ts_delta(open,#))","neg(ts_delta(FIELD,#))",2026-08-02T01:39:44.772033+00:00
candidate_cd26615d50c2ee96582cf5e5,short_horizon_price_reversal,hyp_2e93bccafc824ffc9992d0efebfb049e,mean_reversion,reversal,volatility_regime,"Short-horizon reversal due to overreaction to intraday news or order flow, followed by mean reversion as initial price pressure dissipates.",pv1,"-rank(ts_std_dev(close,20))",3e013da5bae5363ac50d7f7dc5ac30ac0c71ab0cf984dabe2338cc668362e2f5,"neg(ts_std_dev(close,#))","neg(ts_std_dev(FIELD,#))",2026-08-02T01:39:44.772033+00:00
candidate_e2a94317de5cc586dee82979,short_horizon_price_reversal,hyp_2e93bccafc824ffc9992d0efebfb049e,mean_reversion,reversal,information_ratio,"Short-horizon reversal due to overreaction to intraday news or order flow, followed by mean reversion as initial price pressure dissipates.",pv1,"rank(ts_ir(open,20))",f3f10c597fe794352086bea7ee427bc76ce44900af19dba84c95c122e9ebbbf7,"ts_ir(open,#)","ts_ir(FIELD,#)",2026-08-02T01:39:44.772033+00:00
candidate_06f8ee5fa8bfd4deb62d6e9f,short_horizon_price_reversal,hyp_2e93bccafc824ffc9992d0efebfb049e,mean_reversion,reversal,smoothed_delta,"Short-horizon reversal due to overreaction to intraday news or order flow, followed by mean reversion as initial price pressure dissipates.",pv1,"rank(ts_mean(ts_delta(close,1),5))",94f9264c73e4459afd6df7acb6f74f420a27670db66c00056f466c25d1070354,"ts_mean(ts_delta(close,#),#)","ts_mean(ts_delta(FIELD,#),#)",2026-08-02T01:39:44.772033+00:00
candidate_71ad1953660102e34da5eae5,short_horizon_price_reversal,hyp_2e93bccafc824ffc9992d0efebfb049e,mean_reversion,reversal,decayed_momentum,"Short-horizon reversal due to overreaction to intraday news or order flow, followed by mean reversion as initial price pressure dissipates.",pv1,"rank(ts_decay_linear(ts_delta(returns,5),20))",691fab7fd2ed16bcfe21556ee2cc2f763a204911674bef99b2c6fef75971fbb1,"ts_decay_linear(ts_delta(returns,#),#)","ts_decay_linear(ts_delta(FIELD,#),#)",2026-08-02T01:39:44.772033+00:00
candidate_e5181afc5ed91dcf625af5a6,short_horizon_price_reversal,hyp_2e93bccafc824ffc9992d0efebfb049e,mean_reversion,reversal,cross_signal_divergence,"Short-horizon reversal due to overreaction to intraday news or order flow, followed by mean reversion as initial price pressure dissipates.",pv1,"rank(ts_zscore(close,20)-ts_zscore(returns,20))",bc5b39646a07bd3bf78b31876785921031bed4775e33d34d68d3b94f0246ff64,"sub(ts_zscore(close,#),ts_zscore(returns,#))","sub(ts_zscore(FIELD,#),ts_zscore(FIELD,#))",2026-08-02T01:39:44.772033+00:00
candidate_261681f43b84779baf1d70f3,short_horizon_price_reversal,hyp_2e93bccafc824ffc9992d0efebfb049e,mean_reversion,reversal,medium_horizon_momentum,"Short-horizon reversal due to overreaction to intraday news or order flow, followed by mean reversion as initial price pressure dissipates.",pv1,"rank(ts_rank(open,20))",959b58f5a5799280d27eb76037fc3dcf0c6bfd5ed4b143af672e7d3ca16a97d3,"ts_rank(open,#)","ts_rank(FIELD,#)",2026-08-02T01:39:44.772033+00:00
candidate_9d50896d2fa18583dc2309f5,analyst_revision_direction,hyp_4931166f8fdc4706a9416df537024c83,expectations,balanced,rank_spread_horizons,"Consistent revisions across both earnings and target price by multiple analysts signal a stronger consensus and higher confidence in the stock's future prospects, leading to price continuation.",analyst11,"rank(ts_rank(anl11_1g,21)-ts_rank(anl11_1g,126))",68836d2527d00975f54f135a1cb876016c152e230639c862348265e9757830ab,"sub(ts_rank(anl11_1g,#),ts_rank(anl11_1g,#))","sub(ts_rank(FIELD,#),ts_rank(FIELD,#))",2026-08-02T01:39:44.772033+00:00
candidate_f260824224d7b2f18ce0182a,capital_efficiency,hyp_66a98478b669448f85e7866a62e098e3,profitability,fundamental,information_ratio,"Intangible assets (e.g., patents, brand, software) often generate higher returns on capital without proportional increases in capital base, leading to higher capital efficiency.",analyst14,"rank(ts_ir(anl14_high_ebitda_fp1,63))",c1305c58727aeb77dd1d52810b611f1a563addc3221a6a899ea18ca68276ca95,"ts_ir(anl14_high_ebitda_fp1,#)","ts_ir(FIELD,#)",2026-08-02T01:39:56.721803+00:00
candidate_ecf97a2fa0280ac984a250eb,capital_efficiency,hyp_66a98478b669448f85e7866a62e098e3,profitability,fundamental,short_horizon_reversal,"Intangible assets (e.g., patents, brand, software) often generate higher returns on capital without proportional increases in capital base, leading to higher capital efficiency.",analyst14,"-rank(ts_delta(anl14_low_ebitda_fp1,126))",4273f01023345c6ba1ce8f9d28d8afc2acb16c8bd9ce9a3f11fff5077bc5ff2c,"neg(ts_delta(anl14_low_ebitda_fp1,#))","neg(ts_delta(FIELD,#))",2026-08-02T01:39:56.721803+00:00
candidate_d4885b7b8162b0cbc2440f84,capital_efficiency,hyp_66a98478b669448f85e7866a62e098e3,profitability,fundamental,decayed_momentum,"Intangible assets (e.g., patents, brand, software) often generate higher returns on capital without proportional increases in capital base, leading to higher capital efficiency.",analyst14,"rank(ts_decay_linear(ts_delta(anl14_mean_ebitda_fp2,126),63))",eb7ee8def3dea041e8cf8b96ea8988431d6e3332fab7161904c3ad32c2259cd5,"ts_decay_linear(ts_delta(anl14_mean_ebitda_fp2,#),#)","ts_decay_linear(ts_delta(FIELD,#),#)",2026-08-02T01:39:56.721803+00:00
candidate_3a8cb4096c5ce27323c8f24e,capital_efficiency,hyp_66a98478b669448f85e7866a62e098e3,profitability,fundamental,smoothed_delta,"Intangible assets (e.g., patents, brand, software) often generate higher returns on capital without proportional increases in capital base, leading to higher capital efficiency.",analyst14,"rank(ts_mean(ts_delta(anl14_mean_ebitda_fp1,1),126))",93eb50f65bfa44f0e28b924be1bc130cafec57f496d729c54ee9b053b4c484e8,"ts_mean(ts_delta(anl14_mean_ebitda_fp1,#),#)","ts_mean(ts_delta(FIELD,#),#)",2026-08-02T01:39:56.721803+00:00
candidate_038b28bbea07f91ec7a0c62e,capital_efficiency,hyp_66a98478b669448f85e7866a62e098e3,profitability,fundamental,medium_horizon_momentum,"Intangible assets (e.g., patents, brand, software) often generate higher returns on capital without proportional increases in capital base, leading to higher capital efficiency.",analyst14,"rank(ts_rank(anl14_low_ebitda_fp1,63))",911c4a8262aa55fdb7cfb5aed16c791b126b3a6d8b9f9601a8aec1d7b80fd081,"ts_rank(anl14_low_ebitda_fp1,#)","ts_rank(FIELD,#)",2026-08-02T01:39:56.721803+00:00
candidate_5bb2ae1f369e572fdc18495c,fundamental_improvement_price_confirmation,hyp_221c70fb0bf74cb5b11acf334a861cee,composite,momentum,volatility_regime,"An increase in asset turnover indicates improved operational efficiency and revenue generation from assets, signaling fundamental strength. A price above the 50-day moving average confirms short-term upward momentum, and the combination is expected to yield positive excess returns over a short horizon.",pv1,"-rank(ts_std_dev(cap,10))",ccc539bd0d4d82a555e518e938b32f27f236b3c99f2ef0c93553321728ca3e75,"neg(ts_std_dev(cap,#))","neg(ts_std_dev(FIELD,#))",2026-08-02T01:39:56.721803+00:00
candidate_09c51a3303ad7e6d400a0ebe,fundamental_improvement_price_confirmation,hyp_221c70fb0bf74cb5b11acf334a861cee,composite,momentum,cross_signal_divergence,"An increase in asset turnover indicates improved operational efficiency and revenue generation from assets, signaling fundamental strength. A price above the 50-day moving average confirms short-term upward momentum, and the combination is expected to yield positive excess returns over a short horizon.",pv1,"rank(ts_zscore(volume,10)-ts_zscore(returns,10))",a6e94f2bb1312d601d4d7a5a84c35c2cd5d3ea1156e321ab6b5a973d294cee11,"sub(ts_zscore(volume,#),ts_zscore(returns,#))","sub(ts_zscore(FIELD,#),ts_zscore(FIELD,#))",2026-08-02T01:39:56.721803+00:00
candidate_9dd34c4772c7c164a15b2816,quality_low_volatility,hyp_f78a326da49140c0aca624a2839a0a5e,composite,momentum,rank_spread_horizons,"Investors tend to overpay for growth and glamour stocks, leading to lower future returns for high-risk equities; meanwhile, durable quality firms with stable earnings and low volatility are undervalued, and their consistent performance compounds over time, delivering excess returns.",analyst15,"rank(ts_rank(returns,21)-ts_rank(returns,126))",ff9204250efb6447706c43bf9d6b39d1092b735262f2c53234ef38aa2be47a22,"sub(ts_rank(returns,#),ts_rank(returns,#))","sub(ts_rank(FIELD,#),ts_rank(FIELD,#))",2026-08-02T01:39:56.721803+00:00
candidate_0ff376ebf92e38e346069799,quality_low_volatility,hyp_ecd0fdcf524941a0af755d2ae597d809,composite,volatility,volatility_regime,"High-quality firms with low downside risk are less prone to financial distress and benefit from lower cost of capital, leading to superior long-term returns.",analyst14,"-rank(ts_std_dev(anl14_high_ebitda_fp1,21))",bcb2c98f374a0e475c2441d6b71360bab9573e34090003d85a4b088c7ebe001c,"neg(ts_std_dev(anl14_high_ebitda_fp1,#))","neg(ts_std_dev(FIELD,#))",2026-08-02T01:40:08.791278+00:00
candidate_daaa1e81082a1fbdce6e0705,quality_low_volatility,hyp_ecd0fdcf524941a0af755d2ae597d809,composite,volatility,information_ratio,"High-quality firms with low downside risk are less prone to financial distress and benefit from lower cost of capital, leading to superior long-term returns.",analyst14,"rank(ts_ir(returns,21))",e75e0790abe6764bf9d7a658ca91aaeda579f3965e3fc1ca4a7112d2f33d3fc6,"ts_ir(returns,#)","ts_ir(FIELD,#)",2026-08-02T01:40:08.791278+00:00
candidate_ec8230911cc7b0e0191d4858,quality_low_volatility,hyp_ecd0fdcf524941a0af755d2ae597d809,composite,volatility,medium_horizon_momentum,"High-quality firms with low downside risk are less prone to financial distress and benefit from lower cost of capital, leading to superior long-term returns.",analyst14,"rank(ts_rank(anl14_low_ebitda_fp3,21))",1b2dc426f8a1d44539b64d77fc40a15f0b68add183319773b6a5c6d5d2b4cb5e,"ts_rank(anl14_low_ebitda_fp3,#)","ts_rank(FIELD,#)",2026-08-02T01:40:08.791278+00:00
candidate_1b3703a4f482ede7c39524e9,quality_low_volatility,hyp_ecd0fdcf524941a0af755d2ae597d809,composite,volatility,smoothed_delta,"High-quality firms with low downside risk are less prone to financial distress and benefit from lower cost of capital, leading to superior long-term returns.",analyst14,"rank(ts_mean(ts_delta(anl14_high_ebitda_fp1,1),63))",9c7e242c897575c73f17ba652dae5abcc794da63c7b835c9d8341ffe14f5478a,"ts_mean(ts_delta(anl14_high_ebitda_fp1,#),#)","ts_mean(ts_delta(FIELD,#),#)",2026-08-02T01:40:08.791278+00:00
candidate_f78a02ea72f730d9c23db047,analyst_revision_direction,hyp_4931166f8fdc4706a9416df537024c83,expectations,balanced,cross_signal_divergence,"Consistent revisions across both earnings and target price by multiple analysts signal a stronger consensus and higher confidence in the stock's future prospects, leading to price continuation.",analyst11,"rank(ts_zscore(anl11_1e,63)-ts_zscore(anl11_1g,63))",f3211614164938a8c1fa6d604996a5f0e88ac4f29becd4a8cf246ee9d98434ce,"sub(ts_zscore(anl11_1e,#),ts_zscore(anl11_1g,#))","sub(ts_zscore(FIELD,#),ts_zscore(FIELD,#))",2026-08-02T01:40:08.791278+00:00
candidate_3b67c73571980db9cc5d3ea5,analyst_revision_direction,hyp_4931166f8fdc4706a9416df537024c83,expectations,balanced,decayed_momentum,"Consistent revisions across both earnings and target price by multiple analysts signal a stronger consensus and higher confidence in the stock's future prospects, leading to price continuation.",analyst11,"rank(ts_decay_linear(ts_delta(anl15_gr_div_cos,21),63))",54c44d91293385a0f3f06cbb39f772a7896bfe3803d83e2d1b3a8ae907eac985,"ts_decay_linear(ts_delta(anl15_gr_div_cos,#),#)","ts_decay_linear(ts_delta(FIELD,#),#)",2026-08-02T01:40:08.791278+00:00
candidate_ed7f750eb42a979a6b6702be,analyst_revision_direction,hyp_4931166f8fdc4706a9416df537024c83,expectations,balanced,short_horizon_reversal,"Consistent revisions across both earnings and target price by multiple analysts signal a stronger consensus and higher confidence in the stock's future prospects, leading to price continuation.",analyst11,"-rank(ts_delta(anl15_ind_fy3_ests_dn,21))",e9bbdbf7c9ffb9ba3e65fae35fbedd200ee3961d2ab3895ed5137def805cf745,"neg(ts_delta(anl15_ind_fy3_ests_dn,#))","neg(ts_delta(FIELD,#))",2026-08-02T01:40:08.791278+00:00
candidate_b7115db26346c8c120244067,balance_sheet_leverage,hyp_554c7892ddac49b9a206eac3cc36186e,quality,volatility,range_signal,"In concentrated industries, firms face less competitive pressure, leading to more stable cash flows and lower bankruptcy risk, which enables them to sustain higher debt levels.",analyst14,"rank(ts_max(anl14_mean_ebitda_fp1,126)-ts_min(anl14_mean_ebitda_fp1,126))",8ccf29dfc4d10671f4d429e174f059cc5b05814ed85f93af3a3df73372e50268,"sub(ts_max(anl14_mean_ebitda_fp1,#),ts_min(anl14_mean_ebitda_fp1,#))","sub(ts_max(FIELD,#),ts_min(FIELD,#))",2026-08-02T01:40:08.791278+00:00
candidate_545e2b12a35171754a530402,balance_sheet_leverage,hyp_554c7892ddac49b9a206eac3cc36186e,quality,volatility,relative_flow,"In concentrated industries, firms face less competitive pressure, leading to more stable cash flows and lower bankruptcy risk, which enables them to sustain higher debt levels.",analyst14,"rank(ts_mean(anl14_stddev_ebitda_fp2,126)/ts_std_dev(anl14_stddev_ebitda_fp2,63))",60a95bb2c954638aaeb8fe8d5c2d51d63300c1f4caf78656ad07af3d490ff4a8,"div(ts_mean(anl14_stddev_ebitda_fp2,#),ts_std_dev(anl14_stddev_ebitda_fp2,#))","div(ts_mean(FIELD,#),ts_std_dev(FIELD,#))",2026-08-02T01:40:08.791278+00:00
candidate_9292fe236beca0c77560f334,balance_sheet_leverage,hyp_554c7892ddac49b9a206eac3cc36186e,quality,volatility,vol_ratio_regimes,"In concentrated industries, firms face less competitive pressure, leading to more stable cash flows and lower bankruptcy risk, which enables them to sustain higher debt levels.",analyst14,"rank(ts_std_dev(anl14_high_ebitda_fp1,126)/ts_std_dev(anl14_high_ebitda_fp1,252))",2b260aa61fcda0bbbb75966bfbc55717bafe6417d38473a3e626dacf2bdce7e5,"div(ts_std_dev(anl14_high_ebitda_fp1,#),ts_std_dev(anl14_high_ebitda_fp1,#))","div(ts_std_dev(FIELD,#),ts_std_dev(FIELD,#))",2026-08-02T01:40:08.791278+00:00
candidate_57a017f8dd94bd325e039e3e,fundamental_improvement_price_confirmation,hyp_68417d0da35444f4933717b12245173e,composite,momentum,rank_spread_horizons,"A fundamental improvement in earnings growth signals strengthening profitability, while a low price-to-sales ratio relative to peers indicates undervaluation; the combination may attract momentum traders and value investors, leading to short-term outperformance.",analyst15,"rank(ts_rank(anl15_gr_hist_eps_gro,5)-ts_rank(anl15_gr_hist_eps_gro,20))",af7e55578597ef0b9b509a4472d77e339c9061dbfc21226f9b63178874b330cd,"sub(ts_rank(anl15_gr_hist_eps_gro,#),ts_rank(anl15_gr_hist_eps_gro,#))","sub(ts_rank(FIELD,#),ts_rank(FIELD,#))",2026-08-02T01:40:08.791278+00:00
candidate_120f148b9b348eead7d376f7,earnings_surprise_persistence,hyp_374bfd5a47844cc283d59ff93da13129,expectations,balanced,medium_horizon_momentum,Underreaction to earnings news within industries and slow information diffusion due to limited attention or sticky expectations lead to persistence of earnings surprises across subsequent quarters.,analyst10,"rank(ts_rank(anl10_salfq1_pred_surps_v0_985,126))",33d4eff60f15b0a1c0f37f117b4c6e08a497c3a1dd1740f04850df3185c2eaec,"ts_rank(anl10_salfq1_pred_surps_v0_985,#)","ts_rank(FIELD,#)",2026-08-02T01:40:20.825336+00:00
candidate_0ecfd1021ee2665c3cfb5e68,earnings_surprise_persistence,hyp_374bfd5a47844cc283d59ff93da13129,expectations,balanced,decayed_momentum,Underreaction to earnings news within industries and slow information diffusion due to limited attention or sticky expectations lead to persistence of earnings surprises across subsequent quarters.,analyst10,"rank(ts_decay_linear(ts_delta(anl11_tic,63),126))",57cb2585a07c642b10cb18e2c383d9c0695a8e050a759c63366cbee048b91cbf,"ts_decay_linear(ts_delta(anl11_tic,#),#)","ts_decay_linear(ts_delta(FIELD,#),#)",2026-08-02T01:40:20.825336+00:00
candidate_ec7e506aebc6011b16fc93f9,earnings_surprise_persistence,hyp_374bfd5a47844cc283d59ff93da13129,expectations,balanced,cross_signal_divergence,Underreaction to earnings news within industries and slow information diffusion due to limited attention or sticky expectations lead to persistence of earnings surprises across subsequent quarters.,analyst10,"rank(ts_zscore(anl10_salfq1_pred_surps_v0_985,126)-ts_zscore(anl11_1e,126))",8c2eedb62c122f1ed59ec2f99f616bdbc2461ac73d017d519ee07d3f88404e8a,"sub(ts_zscore(anl10_salfq1_pred_surps_v0_985,#),ts_zscore(anl11_1e,#))","sub(ts_zscore(FIELD,#),ts_zscore(FIELD,#))",2026-08-02T01:40:20.825336+00:00
candidate_0013bbd318893ef6d5427064,earnings_surprise_persistence,hyp_374bfd5a47844cc283d59ff93da13129,expectations,balanced,smoothed_delta,Underreaction to earnings news within industries and slow information diffusion due to limited attention or sticky expectations lead to persistence of earnings surprises across subsequent quarters.,analyst10,"rank(ts_mean(ts_delta(anl11_1e,1),63))",249e0709d2282745fdc46cc863b167abefac2d502930279d71361b5c8c03bcc1,"ts_mean(ts_delta(anl11_1e,#),#)","ts_mean(ts_delta(FIELD,#),#)",2026-08-02T01:40:20.825336+00:00
candidate_887378c67a7035498ec6d148,earnings_surprise_persistence,hyp_374bfd5a47844cc283d59ff93da13129,expectations,balanced,information_ratio,Underreaction to earnings news within industries and slow information diffusion due to limited attention or sticky expectations lead to persistence of earnings surprises across subsequent quarters.,analyst10,"rank(ts_ir(anl11_greg_industryrnk,126))",3989ab7a3b222512edf8a65892b9abb9c6ccc7f8a8e59228b3239a1b3e2398c6,"ts_ir(anl11_greg_industryrnk,#)","ts_ir(FIELD,#)",2026-08-02T01:40:20.825336+00:00
candidate_0e8f0d80475f15159e9d2bfd,earnings_surprise_persistence,hyp_374bfd5a47844cc283d59ff93da13129,expectations,balanced,short_horizon_reversal,Underreaction to earnings news within industries and slow information diffusion due to limited attention or sticky expectations lead to persistence of earnings surprises across subsequent quarters.,analyst10,"-rank(ts_delta(anl15_ind_fy1_cos_up,63))",a4dc8e5d980b0eaf5a5d93d0ae029ba8173d34c1744b18a8afbfd9091b9920b1,"neg(ts_delta(anl15_ind_fy1_cos_up,#))","neg(ts_delta(FIELD,#))",2026-08-02T01:40:20.825336+00:00
candidate_deba975e571bd88e81816a76,earnings_surprise_persistence,hyp_374bfd5a47844cc283d59ff93da13129,expectations,balanced,rank_spread_horizons,Underreaction to earnings news within industries and slow information diffusion due to limited attention or sticky expectations lead to persistence of earnings surprises across subsequent quarters.,analyst10,"rank(ts_rank(anl11_1e,63)-ts_rank(anl11_1e,252))",b5241185bcb08cc69c511004893835a2653807232c90ac3a4e309db483c4beac,"sub(ts_rank(anl11_1e,#),ts_rank(anl11_1e,#))","sub(ts_rank(FIELD,#),ts_rank(FIELD,#))",2026-08-02T01:40:20.825336+00:00
candidate_c74830512334a13d355dc5a7,earnings_surprise_persistence,hyp_374bfd5a47844cc283d59ff93da13129,expectations,balanced,volatility_regime,Underreaction to earnings news within industries and slow information diffusion due to limited attention or sticky expectations lead to persistence of earnings surprises across subsequent quarters.,analyst10,"-rank(ts_std_dev(anl11_tic,126))",b7fd6b9e7ac33e6a3462026f69fdd66932d024161d0df75b400d8a18723c66da,"neg(ts_std_dev(anl11_tic,#))","neg(ts_std_dev(FIELD,#))",2026-08-02T01:40:20.825336+00:00
candidate_a634cc6180986fd82695ecac,intraday_momentum_industry_neutral,hyp_09bc9614253446408d56fd6b3cf95852,momentum,momentum,medium_horizon_momentum,"Intraday price trends that are orthogonal to industry factors reflect persistent order flow or information processing that is not fully incorporated by market makers overnight, leading to continuation in the following session.",pv1,"rank(ts_rank(open,10))",c9e2c3a1bac1dee36fff5336c6664524604b23aceea2a6f116e5ecce01602045,"ts_rank(open,#)","ts_rank(FIELD,#)",2026-08-02T01:40:32.926695+00:00
candidate_b903cb273be0d07e0438dfbc,intraday_momentum_industry_neutral,hyp_09bc9614253446408d56fd6b3cf95852,momentum,momentum,volatility_regime,"Intraday price trends that are orthogonal to industry factors reflect persistent order flow or information processing that is not fully incorporated by market makers overnight, leading to continuation in the following session.",pv1,"-rank(ts_std_dev(close,10))",c63b680d3c17b8ad4fe50e58068f8b279390545505202f4d04f2bd03610217ec,"neg(ts_std_dev(close,#))","neg(ts_std_dev(FIELD,#))",2026-08-02T01:40:32.926695+00:00
candidate_32d0a7828a03e8ba17b49961,intraday_momentum_industry_neutral,hyp_09bc9614253446408d56fd6b3cf95852,momentum,momentum,decayed_momentum,"Intraday price trends that are orthogonal to industry factors reflect persistent order flow or information processing that is not fully incorporated by market makers overnight, leading to continuation in the following session.",pv1,"rank(ts_decay_linear(ts_delta(returns,5),10))",990343c77464637c16f5db0d1e793728bacc51d93697696bab8ac5021d77dd6e,"ts_decay_linear(ts_delta(returns,#),#)","ts_decay_linear(ts_delta(FIELD,#),#)",2026-08-02T01:40:32.926695+00:00
candidate_2c90a4f5d1a8f92f9ca60670,intraday_momentum_industry_neutral,hyp_09bc9614253446408d56fd6b3cf95852,momentum,momentum,information_ratio,"Intraday price trends that are orthogonal to industry factors reflect persistent order flow or information processing that is not fully incorporated by market makers overnight, leading to continuation in the following session.",pv1,"rank(ts_ir(open,10))",b3ac44a7b39c9bd14998436242d506622246afc64237f45d3571def9d059a0dd,"ts_ir(open,#)","ts_ir(FIELD,#)",2026-08-02T01:40:32.926695+00:00
candidate_b3a2ec281994a4d9a6fd881a,asset_utilization,hyp_dcaf9421292d4d1e8e877c44830e0ea2,efficiency,fundamental,smoothed_delta,"Higher asset utilization indicates efficient use of assets to generate sales, which signals managerial effectiveness and competitive advantage, leading to higher profitability and ultimately higher stock returns.",analyst14,"rank(ts_mean(ts_delta(anl10_roeff_2323,1),126))",33294feee130efe6d0a0a0302ce3f300a2fb36b70e2b9b90ca4718cddf29e0f3,"ts_mean(ts_delta(anl10_roeff_2323,#),#)","ts_mean(ts_delta(FIELD,#),#)",2026-08-02T01:40:32.926695+00:00
candidate_e64234f9d3df50ba544a2b19,earnings_surprise_persistence,hyp_99ced5fe2a7a4e3b881c049a86a9e4ce,expectations,momentum,rank_spread_horizons,"Institutional investors adjust their portfolio holdings based on earnings surprises to capture subsequent price momentum or to rebalance risk, leading to persistent ownership changes.",analyst10,"rank(ts_rank(anl10_salfy1_pred_surps_v2_1006,21)-ts_rank(anl10_salfy1_pred_surps_v2_1006,126))",6ff3e7b8f06d0b5ff00aed40eff61d85f71ac8f88ac2985e1ea82deab2cc8eab,"sub(ts_rank(anl10_salfy1_pred_surps_v2_1006,#),ts_rank(anl10_salfy1_pred_surps_v2_1006,#))","sub(ts_rank(FIELD,#),ts_rank(FIELD,#))",2026-08-02T01:40:32.926695+00:00
candidate_823ac0f866164814a1343cbb,earnings_surprise_persistence,hyp_99ced5fe2a7a4e3b881c049a86a9e4ce,expectations,momentum,cross_signal_divergence,"Institutional investors adjust their portfolio holdings based on earnings surprises to capture subsequent price momentum or to rebalance risk, leading to persistent ownership changes.",analyst10,"rank(ts_zscore(social_pillar_composite_score,63)-ts_zscore(anl10_salfy1_pred_surps_v2_1006,63))",3454b94d9f9b72c6ba504bb2b40f0441bae8d656fb90074b0f9eafcefbb3ae9c,"sub(ts_zscore(social_pillar_composite_score,#),ts_zscore(anl10_salfy1_pred_surps_v2_1006,#))","sub(ts_zscore(FIELD,#),ts_zscore(FIELD,#))",2026-08-02T01:40:32.926695+00:00
candidate_dc6120083fee809356b24e42,earnings_surprise_persistence,hyp_99ced5fe2a7a4e3b881c049a86a9e4ce,expectations,momentum,short_horizon_reversal,"Institutional investors adjust their portfolio holdings based on earnings surprises to capture subsequent price momentum or to rebalance risk, leading to persistent ownership changes.",analyst10,"-rank(ts_delta(social_score_industry_percentile,21))",66cac847fd4e35c6823ab0429364b67c7c918fde05667f95bc9c48b97d7fbedb,"neg(ts_delta(social_score_industry_percentile,#))","neg(ts_delta(FIELD,#))",2026-08-02T01:40:32.926695+00:00
candidate_2b798b733a91f24b39d0a5c2,balance_sheet_leverage,hyp_c0ee6d97371a447f9775e8342dd09ce3,quality,fundamental,decayed_momentum,"Firms in high-leverage industries may face increased competition from leveraged rivals, compelling them to maintain lower leverage to preserve financial flexibility for strategic investments and avoid distress.",analyst14,"rank(ts_decay_linear(ts_delta(dividend,126),63))",2d9b54e34e7d5e28b1e36aec46b636020833a651d68b4f985e06a225bf9677ac,"ts_decay_linear(ts_delta(dividend,#),#)","ts_decay_linear(ts_delta(FIELD,#),#)",2026-08-02T01:40:44.972568+00:00
candidate_6e36f068c77f52bc876e4f80,balance_sheet_leverage,hyp_c0ee6d97371a447f9775e8342dd09ce3,quality,fundamental,smoothed_delta,"Firms in high-leverage industries may face increased competition from leveraged rivals, compelling them to maintain lower leverage to preserve financial flexibility for strategic investments and avoid distress.",analyst14,"rank(ts_mean(ts_delta(anl14_median_ndebt_fp3,1),126))",1ccceb7703e7b06a9405e68e01a2526d629733d48d3c421b5c977f049c2e72c8,"ts_mean(ts_delta(anl14_median_ndebt_fp3,#),#)","ts_mean(ts_delta(FIELD,#),#)",2026-08-02T01:40:44.972568+00:00
candidate_1aa1f09139b24387b86ba92c,balance_sheet_leverage,hyp_c0ee6d97371a447f9775e8342dd09ce3,quality,fundamental,medium_horizon_momentum,"Firms in high-leverage industries may face increased competition from leveraged rivals, compelling them to maintain lower leverage to preserve financial flexibility for strategic investments and avoid distress.",analyst14,"rank(ts_rank(anl10_epsinnovation_score_fq1,63))",55bb88d5fbada21d7c51421c384cbedc1dfd3b86f50a06e8febc8eff986a91fa,"ts_rank(anl10_epsinnovation_score_fq1,#)","ts_rank(FIELD,#)",2026-08-02T01:40:44.972568+00:00
candidate_aa96f7f0ba74f9a5a38a01d8,short_horizon_price_reversal,hyp_37d376828c374cd7bed0769daedf168a,mean_reversion,reversal,information_ratio,"Overreaction to overnight news and subsequent intraday mean reversion, amplified by liquidity constraints that delay execution.",pv1,"rank(ts_ir(low,20))",508b7a3722c1ead0f2e7ed3ad659605b41d9a3c3200338ada6aa1894cb8eaa0b,"ts_ir(low,#)","ts_ir(FIELD,#)",2026-08-02T01:40:44.972568+00:00
candidate_d5ffe777ab629bc4f4c5a5a6,analyst_revision_direction,hyp_e45d637f55c442699ca91ed68bac7feb,expectations,momentum,volatility_regime,"Analyst overreaction to recent information leads to initial price momentum, followed by reversal as the market corrects for the overreaction.",analyst15,"-rank(ts_std_dev(anl15_bpsgics_gr_18_m_total,126))",a30cf6cf4285eba66de9d2b68f2e9a6b53021e1157515a6f08abd56713d3958c,"neg(ts_std_dev(anl15_bpsgics_gr_18_m_total,#))","neg(ts_std_dev(FIELD,#))",2026-08-02T01:40:44.972568+00:00
candidate_44c2696fccfa62f285590c86,analyst_revision_direction,hyp_0638c71610d94c088650e30f69215811,expectations,balanced,short_horizon_reversal,"A net increase in the breadth of upward revisions signals improving consensus among analysts about a stock's prospects, leading to positive investor sentiment and subsequent price appreciation as the market gradually incorporates this information.",analyst15,"-rank(ts_delta(anl15_salgics_gr_18_m_cos_up,21))",33c049b8b80cd644ec8e57456db898218087368da32bf7968caf859069c93cf9,"neg(ts_delta(anl15_salgics_gr_18_m_cos_up,#))","neg(ts_delta(FIELD,#))",2026-08-02T01:40:44.972568+00:00
candidate_24615200c639b74b73540e1e,fundamental_time_series_strength,hyp_4641966dda26401092eb94ea602081f1,quality,reversal,cross_signal_divergence,"Investors overreact to rank improvements in persistent fundamentals, leading to temporary overpricing and subsequent mean reversion in returns.",pv1,"rank(ts_zscore(anl10_epsinnovate_increase_fy1,126)-ts_zscore(anl10_epsnormal_increase_fy1,126))",d96b7965ab3c5384887e04dc960bd565eaf0c4d169e0615efc37e4898d58f7d2,"sub(ts_zscore(anl10_epsinnovate_increase_fy1,#),ts_zscore(anl10_epsnormal_increase_fy1,#))","sub(ts_zscore(FIELD,#),ts_zscore(FIELD,#))",2026-08-02T01:40:44.972568+00:00
candidate_8f9473cf4c2c1a895f124211,fundamental_time_series_strength,hyp_4641966dda26401092eb94ea602081f1,quality,reversal,rank_spread_horizons,"Investors overreact to rank improvements in persistent fundamentals, leading to temporary overpricing and subsequent mean reversion in returns.",pv1,"rank(ts_rank(anl10_epsnormal_increase_fy1,21)-ts_rank(anl10_epsnormal_increase_fy1,63))",5826ceb4615e0433146e3e4d455d3501fbbb1beca13d7e9f3530652062e68409,"sub(ts_rank(anl10_epsnormal_increase_fy1,#),ts_rank(anl10_epsnormal_increase_fy1,#))","sub(ts_rank(FIELD,#),ts_rank(FIELD,#))",2026-08-02T01:40:44.972568+00:00
candidate_b7273877edc2f0db69c7d1c2,capital_efficiency,hyp_25ca0d0370bc436abd0c7eabbfbc5f71,profitability,fundamental,short_horizon_reversal,Higher capital expenditure intensity may indicate aggressive expansion or asset-heavy strategies that temporarily depress capital efficiency until the new investments generate sufficient returns.,analyst14,"-rank(ts_delta(anl14_mean_revenue_fy5,126))",757baf93bf2193c1c9cc76f2c8c78c601986c23915598d97b4b48772678d497f,"neg(ts_delta(anl14_mean_revenue_fy5,#))","neg(ts_delta(FIELD,#))",2026-08-02T01:40:56.958098+00:00
candidate_08d0059816228e044559769f,capital_efficiency,hyp_25ca0d0370bc436abd0c7eabbfbc5f71,profitability,fundamental,medium_horizon_momentum,Higher capital expenditure intensity may indicate aggressive expansion or asset-heavy strategies that temporarily depress capital efficiency until the new investments generate sufficient returns.,analyst14,"rank(ts_rank(anl14_mean_revenue_fy5,63))",ee0d403b884d7b0fee0e60523a6acaebd4ba4cce35e3159cdf4475fc798775d7,"ts_rank(anl14_mean_revenue_fy5,#)","ts_rank(FIELD,#)",2026-08-02T01:40:56.958098+00:00
candidate_9336f8d1772b60e25d8f3560,capital_efficiency,hyp_25ca0d0370bc436abd0c7eabbfbc5f71,profitability,fundamental,information_ratio,Higher capital expenditure intensity may indicate aggressive expansion or asset-heavy strategies that temporarily depress capital efficiency until the new investments generate sufficient returns.,analyst14,"rank(ts_ir(anl14_mean_ebit_fy5,63))",8b80bd72efca9456ca01ad04d627b4a0db6125e7ffa6589d594f429fd1578f93,"ts_ir(anl14_mean_ebit_fy5,#)","ts_ir(FIELD,#)",2026-08-02T01:40:56.958098+00:00
candidate_c08e097dbe91de7a99f03d68,capital_efficiency,hyp_25ca0d0370bc436abd0c7eabbfbc5f71,profitability,fundamental,smoothed_delta,Higher capital expenditure intensity may indicate aggressive expansion or asset-heavy strategies that temporarily depress capital efficiency until the new investments generate sufficient returns.,analyst14,"rank(ts_mean(ts_delta(anl14_stddev_capex_fy5,1),126))",8cb37fa15181c9489eed03dee84afc03f12f5f52845f247d2d9d89f157ba40eb,"ts_mean(ts_delta(anl14_stddev_capex_fy5,#),#)","ts_mean(ts_delta(FIELD,#),#)",2026-08-02T01:40:56.958098+00:00
candidate_ecff5b6b31a84ae5db8aa817,capital_efficiency,hyp_25ca0d0370bc436abd0c7eabbfbc5f71,profitability,fundamental,decayed_momentum,Higher capital expenditure intensity may indicate aggressive expansion or asset-heavy strategies that temporarily depress capital efficiency until the new investments generate sufficient returns.,analyst14,"rank(ts_decay_linear(ts_delta(anl14_mean_capex_fy5,126),63))",1d1b0f72ed6bdaaa1da08a0fb59d61145816b4878e714b85006de2812c606043,"ts_decay_linear(ts_delta(anl14_mean_capex_fy5,#),#)","ts_decay_linear(ts_delta(FIELD,#),#)",2026-08-02T01:40:56.958098+00:00
candidate_fbe0dce2174f67e267f6f3dd,fundamental_time_series_strength,hyp_4641966dda26401092eb94ea602081f1,quality,reversal,volatility_regime,"Investors overreact to rank improvements in persistent fundamentals, leading to temporary overpricing and subsequent mean reversion in returns.",pv1,"-rank(ts_std_dev(anl14_low_ebitda_fy1,126))",a2e1c2811d3fb60bbf513f3fac634565456a3c2985f8af41cb086ad524338589,"neg(ts_std_dev(anl14_low_ebitda_fy1,#))","neg(ts_std_dev(FIELD,#))",2026-08-02T01:40:56.958098+00:00
candidate_fe805540e51dd85ab7166803,vwap_close_deviation,hyp_3766088610864b88bf716723c3989467,mean_reversion,momentum,rank_spread_horizons,"Extreme deviations from VWAP indicate temporary order imbalance or momentum exhaustion, which mean-reverts as liquidity providers counteract the mispricing.",pv1,"rank(ts_rank(vwap,5)-ts_rank(vwap,20))",b387eb3bb3e7bd2ab98bb7ddaf67372959f861d795ce6f49bd9b9f5a2c2817a1,"sub(ts_rank(vwap,#),ts_rank(vwap,#))","sub(ts_rank(FIELD,#),ts_rank(FIELD,#))",2026-08-02T01:40:56.958098+00:00
candidate_4d260e14852970838ca9be57,vwap_close_deviation,hyp_3766088610864b88bf716723c3989467,mean_reversion,momentum,cross_signal_divergence,"Extreme deviations from VWAP indicate temporary order imbalance or momentum exhaustion, which mean-reverts as liquidity providers counteract the mispricing.",pv1,"rank(ts_zscore(close,10)-ts_zscore(vwap,10))",b0c3eafedc1841401e56db2a73051505f1e049a34bd62c3cac0da8d0449ed96c,"sub(ts_zscore(close,#),ts_zscore(vwap,#))","sub(ts_zscore(FIELD,#),ts_zscore(FIELD,#))",2026-08-02T01:40:56.958098+00:00
candidate_efa78e89307166862b655b73,fundamental_improvement_price_confirmation,hyp_a7a36457d27a48c486f801a37da3c3d4,composite,momentum,information_ratio,"Improving net profit margin signals growing profitability and operational efficiency, while the moving average crossover indicates short-term upward price momentum. Together, they suggest sustainable earnings growth and positive market sentiment, leading to outperformance.",analyst15,"rank(ts_ir(anl15_gr_hist_eps_gro,10))",c867bb14053e568ee55a2041ca5316ce74d36fa1880536a1a97b9f30ed7fbeab,"ts_ir(anl15_gr_hist_eps_gro,#)","ts_ir(FIELD,#)",2026-08-02T01:41:08.982514+00:00
candidate_8e24d9c877e0db53ae1fa8c1,fundamental_improvement_price_confirmation,hyp_a7a36457d27a48c486f801a37da3c3d4,composite,momentum,medium_horizon_momentum,"Improving net profit margin signals growing profitability and operational efficiency, while the moving average crossover indicates short-term upward price momentum. Together, they suggest sustainable earnings growth and positive market sentiment, leading to outperformance.",analyst15,"rank(ts_rank(anl15_gr_hist_eps_gro,10))",91f27a392dad76e51f9ae897048e887ebf687fef7080d31ace96c855587a7b7c,"ts_rank(anl15_gr_hist_eps_gro,#)","ts_rank(FIELD,#)",2026-08-02T01:41:08.982514+00:00
candidate_daa6d13b97333a6a9938fef9,fundamental_improvement_price_confirmation,hyp_a7a36457d27a48c486f801a37da3c3d4,composite,momentum,cross_signal_divergence,"Improving net profit margin signals growing profitability and operational efficiency, while the moving average crossover indicates short-term upward price momentum. Together, they suggest sustainable earnings growth and positive market sentiment, leading to outperformance.",analyst15,"rank(ts_zscore(returns,10)-ts_zscore(anl15_gr_hist_eps_gro,10))",e5e31ccbff1b78738e60d27b9a3f15674c64d9deaf13c844187c4ea8d2039c66,"sub(ts_zscore(returns,#),ts_zscore(anl15_gr_hist_eps_gro,#))","sub(ts_zscore(FIELD,#),ts_zscore(FIELD,#))",2026-08-02T01:41:08.982514+00:00
candidate_574cfd23586470ef197f7575,fundamental_time_series_strength,hyp_4641966dda26401092eb94ea602081f1,quality,reversal,decayed_momentum,"Investors overreact to rank improvements in persistent fundamentals, leading to temporary overpricing and subsequent mean reversion in returns.",pv1,"rank(ts_decay_linear(ts_delta(anl14_mean_ebitda_fy1,21),126))",eb2518cb08d57b9ab226e66f5474a7e154f1c2ea15630717b5d4354be9d07a95,"ts_decay_linear(ts_delta(anl14_mean_ebitda_fy1,#),#)","ts_decay_linear(ts_delta(FIELD,#),#)",2026-08-02T01:41:08.982514+00:00
candidate_f7f010fede23ba317704d1a9,fundamental_time_series_strength,hyp_4641966dda26401092eb94ea602081f1,quality,reversal,smoothed_delta,"Investors overreact to rank improvements in persistent fundamentals, leading to temporary overpricing and subsequent mean reversion in returns.",pv1,"rank(ts_mean(ts_delta(anl10_epsinnovation_score_fy1,1),21))",4650eb39c712add14fb093004018d8da311f166bd177b56530062952a705f572,"ts_mean(ts_delta(anl10_epsinnovation_score_fy1,#),#)","ts_mean(ts_delta(FIELD,#),#)",2026-08-02T01:41:08.982514+00:00
candidate_fb251250ebec4602e9163aff,asset_utilization,hyp_6f0b23201ecc4aa7a5357daf589388b2,efficiency,volatility,volatility_regime,"Higher ROA indicates more efficient use of assets to generate profits, which may signal operational stability and lower financial risk, leading to less volatile stock returns.",analyst10,"-rank(ts_std_dev(anl10_smartest_roa_ff,21))",6bbf095aa33468e3a31fa0aaad41114c2ffde8237ad9c9204db41c6e28598649,"neg(ts_std_dev(anl10_smartest_roa_ff,#))","neg(ts_std_dev(FIELD,#))",2026-08-02T01:41:08.982514+00:00
candidate_8a10eacc1054a4dea3ad7fd2,revenue_growth,hyp_834fd9f15d4f4147b8f79334f9a76c1c,growth,momentum,short_horizon_reversal,"Higher capital expenditure indicates investment in long-term productive capacity, which can drive future revenue growth through expanded operations or improved efficiency.",analyst14,"-rank(ts_delta(anl14_mean_capex_fy5,63))",af4e3ed33c319d4fc832c81bfb841ca17e15430dedacfc9a84f5fe42b02b55d4,"neg(ts_delta(anl14_mean_capex_fy5,#))","neg(ts_delta(FIELD,#))",2026-08-02T01:41:08.982514+00:00
candidate_0ff1c387f9e27a345cabddca,revenue_growth,hyp_834fd9f15d4f4147b8f79334f9a76c1c,growth,momentum,rank_spread_horizons,"Higher capital expenditure indicates investment in long-term productive capacity, which can drive future revenue growth through expanded operations or improved efficiency.",analyst14,"rank(ts_rank(anl14_mean_revenue_fy5,63)-ts_rank(anl14_mean_revenue_fy5,252))",685be7d065849b734dd1346dd3516dafeb4e730062aabe9a576efae0b7941f3b,"sub(ts_rank(anl14_mean_revenue_fy5,#),ts_rank(anl14_mean_revenue_fy5,#))","sub(ts_rank(FIELD,#),ts_rank(FIELD,#))",2026-08-02T01:41:08.982514+00:00
candidate_70c9b003f98d4b198b86b863,short_horizon_price_reversal,hyp_37d376828c374cd7bed0769daedf168a,mean_reversion,reversal,smoothed_delta,"Overreaction to overnight news and subsequent intraday mean reversion, amplified by liquidity constraints that delay execution.",pv1,"rank(ts_mean(ts_delta(vwap,1),5))",dab8758ae647c77446528a5551ae780a00c23adc60f07152cbe6eb2dea5b93dd,"ts_mean(ts_delta(vwap,#),#)","ts_mean(ts_delta(FIELD,#),#)",2026-08-02T01:41:21.036939+00:00
candidate_21d75497a572c4cfd2a0354b,short_horizon_price_reversal,hyp_37d376828c374cd7bed0769daedf168a,mean_reversion,reversal,medium_horizon_momentum,"Overreaction to overnight news and subsequent intraday mean reversion, amplified by liquidity constraints that delay execution.",pv1,"rank(ts_rank(volume,20))",022e3fc6e8c5a790316dd23d7f2e54385b8f37535062ca7710c8792631ff8c3d,"ts_rank(volume,#)","ts_rank(FIELD,#)",2026-08-02T01:41:21.036939+00:00
candidate_22770aafba638753533d6df8,short_horizon_price_reversal,hyp_37d376828c374cd7bed0769daedf168a,mean_reversion,reversal,decayed_momentum,"Overreaction to overnight news and subsequent intraday mean reversion, amplified by liquidity constraints that delay execution.",pv1,"rank(ts_decay_linear(ts_delta(high,5),20))",199d66f7b989db741b8d3c1b8f8d28e9117869614b8b1b6c312259cd0a72a10a,"ts_decay_linear(ts_delta(high,#),#)","ts_decay_linear(ts_delta(FIELD,#),#)",2026-08-02T01:41:21.036939+00:00
candidate_cdc4671c1c2040624a652b4e,quality_low_volatility,hyp_b1cecf9cf5674d73ac4a9d93a1f5d417,composite,volatility,information_ratio,"High operating cash flow margins indicate durable quality, while low earnings variability reduces uncertainty. Low idiosyncratic volatility captures the low-volatility effect without excessive exposure to systematic factors, leading to a smoother performance and higher compounded returns over longer horizons.",analyst14,"rank(ts_ir(close,63))",11228d6df2062b8479c97cd489b21dcef4d7d0fdebd5c2e0b2679b9195bfb288,"ts_ir(close,#)","ts_ir(FIELD,#)",2026-08-02T01:41:21.036939+00:00
candidate_f3720ab126fd7c666a473809,quality_low_volatility,hyp_b1cecf9cf5674d73ac4a9d93a1f5d417,composite,volatility,volatility_regime,"High operating cash flow margins indicate durable quality, while low earnings variability reduces uncertainty. Low idiosyncratic volatility captures the low-volatility effect without excessive exposure to systematic factors, leading to a smoother performance and higher compounded returns over longer horizons.",analyst14,"-rank(ts_std_dev(anl14_high_ebitda_fp1,63))",529e9e58e3b82ff672575d4ddf3d9f6c86de743beb32fe8900fc3f2b4baa7a84,"neg(ts_std_dev(anl14_high_ebitda_fp1,#))","neg(ts_std_dev(FIELD,#))",2026-08-02T01:41:21.036939+00:00
candidate_f5019830e6b822a3f9f10dc8,earnings_quality_accruals,hyp_992b606749cd4c6582ff64f8278c70fc,quality,fundamental,short_horizon_reversal,"Cash-backed earnings are less subject to estimation errors and manipulation than accrual-intensive earnings, leading to a more sustainable earnings stream that better predicts future performance. The accrual anomaly suggests that investors overestimate the persistence of accruals, so lower accrual intensity reduces the mispricing correction, resulting in more persistent returns.",pv1,"-rank(ts_delta(anl14_stddev_ebitda_fy1,252))",7b0c711aa63157f9c7712f1172d6e3b052ccbda1c3b6caf43bd34ce7e5dbe266,"neg(ts_delta(anl14_stddev_ebitda_fy1,#))","neg(ts_delta(FIELD,#))",2026-08-02T01:41:21.036939+00:00
candidate_ddfcbf6296590a9e8a1ed027,analyst_revision_direction,hyp_4931166f8fdc4706a9416df537024c83,expectations,balanced,smoothed_delta,"Consistent revisions across both earnings and target price by multiple analysts signal a stronger consensus and higher confidence in the stock's future prospects, leading to price continuation.",analyst11,"rank(ts_mean(ts_delta(anl11_1g,1),21))",2852f2dbeecebc267fc35e4162757e98171620d62743e141d7fbc6946b0f941e,"ts_mean(ts_delta(anl11_1g,#),#)","ts_mean(ts_delta(FIELD,#),#)",2026-08-02T01:41:33.065419+00:00
candidate_3618cfecea55842e652f41ef,analyst_revision_direction,hyp_4931166f8fdc4706a9416df537024c83,expectations,balanced,medium_horizon_momentum,"Consistent revisions across both earnings and target price by multiple analysts signal a stronger consensus and higher confidence in the stock's future prospects, leading to price continuation.",analyst11,"rank(ts_rank(anl11_1e,63))",26e8455479457931417f5a57682e2f77abba9e4e2625329a6e9cee116687588a,"ts_rank(anl11_1e,#)","ts_rank(FIELD,#)",2026-08-02T01:41:33.065419+00:00
candidate_6ae9e3de1ef8cba7dc95eb3d,analyst_revision_direction,hyp_4931166f8fdc4706a9416df537024c83,expectations,balanced,information_ratio,"Consistent revisions across both earnings and target price by multiple analysts signal a stronger consensus and higher confidence in the stock's future prospects, leading to price continuation.",analyst11,"rank(ts_ir(anl15_ind_fy1_cos_up,63))",cb00fd696d65b2908c81ae0d164b21a35c7dc283d2dc63245ba0405a6a34dc1e,"ts_ir(anl15_ind_fy1_cos_up,#)","ts_ir(FIELD,#)",2026-08-02T01:41:33.065419+00:00
candidate_72fe5a36f2fa121985cb2ef1,analyst_revision_direction,hyp_4931166f8fdc4706a9416df537024c83,expectations,balanced,volatility_regime,"Consistent revisions across both earnings and target price by multiple analysts signal a stronger consensus and higher confidence in the stock's future prospects, leading to price continuation.",analyst11,"-rank(ts_std_dev(anl15_gr_div_cos,63))",73d1ab7650c45a1cfe44050e5fc2a3b922cb0cbc7d13d8e6b5dff5d79a369b4c,"neg(ts_std_dev(anl15_gr_div_cos,#))","neg(ts_std_dev(FIELD,#))",2026-08-02T01:41:33.065419+00:00
candidate_d9fd215f3f42ac92499fa440,margin_improvement,hyp_c29c5dcc9dc74dcfbf206d032a9ee679,growth,momentum,cross_signal_divergence,"Share buybacks reduce the number of outstanding shares, which increases earnings per share. This can lead to improved operating margins as the same level of earnings is distributed over fewer shares, and the buyback itself signals management's confidence, potentially boosting stock price and reducing cost of equity.",analyst14,"rank(ts_zscore(dividend,63)-ts_zscore(anl14_mean_ebitda_fy1,63))",479ce3d4ef2dd8b37ac99fcc3f06f3678b0c73fabbb64fd6037f6a23ab271130,"sub(ts_zscore(dividend,#),ts_zscore(anl14_mean_ebitda_fy1,#))","sub(ts_zscore(FIELD,#),ts_zscore(FIELD,#))",2026-08-02T01:41:33.065419+00:00
candidate_ae7f2722559a6b624a952274,margin_improvement,hyp_c29c5dcc9dc74dcfbf206d032a9ee679,growth,momentum,decayed_momentum,"Share buybacks reduce the number of outstanding shares, which increases earnings per share. This can lead to improved operating margins as the same level of earnings is distributed over fewer shares, and the buyback itself signals management's confidence, potentially boosting stock price and reducing cost of equity.",analyst14,"rank(ts_decay_linear(ts_delta(dividend,21),63))",b05e09a8cc2871661fd76985e243a73c6918885ab9bbf341b4ef64074d79ca47,"ts_decay_linear(ts_delta(dividend,#),#)","ts_decay_linear(ts_delta(FIELD,#),#)",2026-08-02T01:41:33.065419+00:00
candidate_fbcd688a2efc3a0a4f9b5074,margin_improvement,hyp_c29c5dcc9dc74dcfbf206d032a9ee679,growth,momentum,short_horizon_reversal,"Share buybacks reduce the number of outstanding shares, which increases earnings per share. This can lead to improved operating margins as the same level of earnings is distributed over fewer shares, and the buyback itself signals management's confidence, potentially boosting stock price and reducing cost of equity.",analyst14,"-rank(ts_delta(anl14_median_ebitda_fy2,21))",ff6ca4e70be24b349efca8c88cfc2636c0f2eea94a555f145702abf338d902ab,"neg(ts_delta(anl14_median_ebitda_fy2,#))","neg(ts_delta(FIELD,#))",2026-08-02T01:41:33.065419+00:00
candidate_cb9be8b16393c294015906fd,margin_improvement,hyp_c29c5dcc9dc74dcfbf206d032a9ee679,growth,momentum,rank_spread_horizons,"Share buybacks reduce the number of outstanding shares, which increases earnings per share. This can lead to improved operating margins as the same level of earnings is distributed over fewer shares, and the buyback itself signals management's confidence, potentially boosting stock price and reducing cost of equity.",analyst14,"rank(ts_rank(anl14_mean_ebitda_fy1,21)-ts_rank(anl14_mean_ebitda_fy1,126))",91dd12d2cb8692bfecb8359b1afbea16b380917d541cc8b6034d581a77501e93,"sub(ts_rank(anl14_mean_ebitda_fy1,#),ts_rank(anl14_mean_ebitda_fy1,#))","sub(ts_rank(FIELD,#),ts_rank(FIELD,#))",2026-08-02T01:41:33.065419+00:00
candidate_6e3890753a5773673b909cc2,asset_utilization,hyp_d709c2ee9e2f44fd80ebfe169e611196,efficiency,volatility,decayed_momentum,"Higher asset turnover indicates more efficient use of assets, reducing operational risk and information asymmetry, leading to lower required returns by equity investors.",analyst14,"rank(ts_decay_linear(ts_delta(anl14_mean_revenue_fy5,63),21))",6b9d46f08f8c6b93d9420a85e509459fa2905926c54ee4b816f26a829e264b52,"ts_decay_linear(ts_delta(anl14_mean_revenue_fy5,#),#)","ts_decay_linear(ts_delta(FIELD,#),#)",2026-08-02T01:41:45.071464+00:00
candidate_180adb240ebe8b756c8000c3,asset_utilization,hyp_d709c2ee9e2f44fd80ebfe169e611196,efficiency,volatility,smoothed_delta,"Higher asset turnover indicates more efficient use of assets, reducing operational risk and information asymmetry, leading to lower required returns by equity investors.",analyst14,"rank(ts_mean(ts_delta(anl14_high_ebitda_fy1,1),63))",69100d35802768d8b3d7a7a0102e653308356b1a8a8a7966f6040a0bc0548ea2,"ts_mean(ts_delta(anl14_high_ebitda_fy1,#),#)","ts_mean(ts_delta(FIELD,#),#)",2026-08-02T01:41:45.071464+00:00
candidate_730fc8a67221fd2da29ca89f,asset_utilization,hyp_d709c2ee9e2f44fd80ebfe169e611196,efficiency,volatility,information_ratio,"Higher asset turnover indicates more efficient use of assets, reducing operational risk and information asymmetry, leading to lower required returns by equity investors.",analyst14,"rank(ts_ir(dividend,21))",ea0fc047cac0f49450133dc74f12540c60ffe725df2086ece6c189e6200d9e26,"ts_ir(dividend,#)","ts_ir(FIELD,#)",2026-08-02T01:41:45.071464+00:00
candidate_55ca6d4bd174f6705dd2e5d9,asset_utilization,hyp_d709c2ee9e2f44fd80ebfe169e611196,efficiency,volatility,volatility_regime,"Higher asset turnover indicates more efficient use of assets, reducing operational risk and information asymmetry, leading to lower required returns by equity investors.",analyst14,"-rank(ts_std_dev(anl14_mean_revenue_fy5,21))",90f914928a16e2122c339921994428661bbae20e4de67af523ea61a74186db8c,"neg(ts_std_dev(anl14_mean_revenue_fy5,#))","neg(ts_std_dev(FIELD,#))",2026-08-02T01:41:45.071464+00:00
candidate_2eaaf53769533c5d3199c8b6,asset_utilization,hyp_d709c2ee9e2f44fd80ebfe169e611196,efficiency,volatility,medium_horizon_momentum,"Higher asset turnover indicates more efficient use of assets, reducing operational risk and information asymmetry, leading to lower required returns by equity investors.",analyst14,"rank(ts_rank(anl14_mean_ebitda_fy1,21))",b4b795603c52cc4837ef7c8c26a2dd9db0e6c1b03aa9efb83826d0b508400944,"ts_rank(anl14_mean_ebitda_fy1,#)","ts_rank(FIELD,#)",2026-08-02T01:41:45.071464+00:00
candidate_a3d7d51dd535100ec661a53a,revenue_growth,hyp_834fd9f15d4f4147b8f79334f9a76c1c,growth,momentum,cross_signal_divergence,"Higher capital expenditure indicates investment in long-term productive capacity, which can drive future revenue growth through expanded operations or improved efficiency.",analyst14,"rank(ts_zscore(anl14_mean_capex_fy4,126)-ts_zscore(anl14_mean_revenue_fy5,126))",21b0180ef185050ecd8ee28d922b865876bc3279c1a80de821e5909f9326c097,"sub(ts_zscore(anl14_mean_capex_fy4,#),ts_zscore(anl14_mean_revenue_fy5,#))","sub(ts_zscore(FIELD,#),ts_zscore(FIELD,#))",2026-08-02T01:41:45.071464+00:00
candidate_6ce7e8b3d31f055dea6b904a,margin_improvement,hyp_7fa9e47171634d619b8246b322d6f34e,growth,fundamental,short_horizon_reversal,"SG&A expenses are a component of operating costs; reducing them directly improves profitability margins, assuming revenue remains constant or grows.",analyst14,"-rank(ts_delta(anl14_stddev_ebitda_fy2,126))",f1624939c60e520a55656fd4ef0a8e9d431f55cfe14dc11af74b908aa93fd145,"neg(ts_delta(anl14_stddev_ebitda_fy2,#))","neg(ts_delta(FIELD,#))",2026-08-02T01:41:45.071464+00:00
candidate_6e3becd81b6d55049d6d614e,margin_improvement,hyp_7fa9e47171634d619b8246b322d6f34e,growth,fundamental,information_ratio,"SG&A expenses are a component of operating costs; reducing them directly improves profitability margins, assuming revenue remains constant or grows.",analyst14,"rank(ts_ir(anl14_mean_ebitda_fy2,63))",591e893e8708ab86ef592e9e50620393919fb820addd5f9edef6371316fa640c,"ts_ir(anl14_mean_ebitda_fy2,#)","ts_ir(FIELD,#)",2026-08-02T01:41:57.024871+00:00
candidate_b382785c1aa056563519607d,margin_improvement,hyp_7fa9e47171634d619b8246b322d6f34e,growth,fundamental,smoothed_delta,"SG&A expenses are a component of operating costs; reducing them directly improves profitability margins, assuming revenue remains constant or grows.",analyst14,"rank(ts_mean(ts_delta(anl14_stddev_ebitda_fy2,1),126))",4c9f8c1ed9280879f5ed50cfa541c12e6640ebf29717d5627fcaaaa3ac94ddde,"ts_mean(ts_delta(anl14_stddev_ebitda_fy2,#),#)","ts_mean(ts_delta(FIELD,#),#)",2026-08-02T01:41:57.024871+00:00
candidate_662f886fd0052164f73a1de1,margin_improvement,hyp_7fa9e47171634d619b8246b322d6f34e,growth,fundamental,medium_horizon_momentum,"SG&A expenses are a component of operating costs; reducing them directly improves profitability margins, assuming revenue remains constant or grows.",analyst14,"rank(ts_rank(anl14_mean_ebitda_fy2,63))",eeabadf8352cc566f8f621703661f99b6efd51c2845f26b14045f0bf582f40c8,"ts_rank(anl14_mean_ebitda_fy2,#)","ts_rank(FIELD,#)",2026-08-02T01:41:57.024871+00:00
candidate_8f0809dae1097fde069c8f61,earnings_quality_accruals,hyp_992b606749cd4c6582ff64f8278c70fc,quality,fundamental,decayed_momentum,"Cash-backed earnings are less subject to estimation errors and manipulation than accrual-intensive earnings, leading to a more sustainable earnings stream that better predicts future performance. The accrual anomaly suggests that investors overestimate the persistence of accruals, so lower accrual intensity reduces the mispricing correction, resulting in more persistent returns.",pv1,"rank(ts_decay_linear(ts_delta(anl10_epsinnovation_score_fy1,252),126))",e3fc7d8c3f3bdd8b9601cacf89a6b9277eb0d7f5dce31f202dd841c8a38a0560,"ts_decay_linear(ts_delta(anl10_epsinnovation_score_fy1,#),#)","ts_decay_linear(ts_delta(FIELD,#),#)",2026-08-02T01:41:57.024871+00:00
candidate_a15eec38e0ea4bf53d630332,vwap_close_deviation,hyp_10efc199e62f439a91d5b702e86cedd9,mean_reversion,reversal,short_horizon_reversal,"Low-liquidity stocks are more prone to price impact from large trades, causing temporary deviations that mean-revert as liquidity providers step in.",pv1,"-rank(ts_delta(vwap,5))",2f20824b4390d840b85137893907afc25c5634fca48325e2a588e004174913a1,"neg(ts_delta(vwap,#))","neg(ts_delta(FIELD,#))",2026-08-02T01:41:57.024871+00:00
candidate_bf826de575b005a2af0131b0,analyst_revision_direction,hyp_0638c71610d94c088650e30f69215811,expectations,balanced,volatility_regime,"A net increase in the breadth of upward revisions signals improving consensus among analysts about a stock's prospects, leading to positive investor sentiment and subsequent price appreciation as the market gradually incorporates this information.",analyst15,"-rank(ts_std_dev(anl15_gr_fy2_cos_up,63))",0f85417df0f4e704de3f799a43392fc195e46c907bef73a4acd7b4e5b67e6d33,"neg(ts_std_dev(anl15_gr_fy2_cos_up,#))","neg(ts_std_dev(FIELD,#))",2026-08-02T01:41:57.024871+00:00
candidate_c70752f0ef08bbbebc961093,operating_profitability,hyp_b545334bf43e4800a3797fb432b70f98,profitability,fundamental,information_ratio,"High operating profitability signals efficient operations and strong pricing power, which are persistent and lead to higher future returns as the market underreacts to this information.",analyst10,"rank(ts_ir(anl10_smartest_roa_ff,63))",b462b7fdce65fbf004507069d53ffada148cf5879de3c70f20ac000b8ee8e595,"ts_ir(anl10_smartest_roa_ff,#)","ts_ir(FIELD,#)",2026-08-02T01:42:09.062363+00:00
candidate_eb9225132ee3c4c43a418a99,operating_profitability,hyp_b545334bf43e4800a3797fb432b70f98,profitability,fundamental,medium_horizon_momentum,"High operating profitability signals efficient operations and strong pricing power, which are persistent and lead to higher future returns as the market underreacts to this information.",analyst10,"rank(ts_rank(anl10_smartest_roa_ff,63))",f460a128d487583ff10c04567e85ce80bcc99a2ee5c5767a1eb67402c9a3b10a,"ts_rank(anl10_smartest_roa_ff,#)","ts_rank(FIELD,#)",2026-08-02T01:42:09.062363+00:00
candidate_a0b59463d18061a8879d03f5,operating_profitability,hyp_b545334bf43e4800a3797fb432b70f98,profitability,fundamental,decayed_momentum,"High operating profitability signals efficient operations and strong pricing power, which are persistent and lead to higher future returns as the market underreacts to this information.",analyst10,"rank(ts_decay_linear(ts_delta(anl14_actvalue_ebitda_fy0,126),63))",79db71488a23f080fe58632ccc787a651aae0096bc101cb59095077d45b629b1,"ts_decay_linear(ts_delta(anl14_actvalue_ebitda_fy0,#),#)","ts_decay_linear(ts_delta(FIELD,#),#)",2026-08-02T01:42:09.062363+00:00
candidate_6b67939da396aa08e3a9712a,vwap_close_deviation,hyp_10efc199e62f439a91d5b702e86cedd9,mean_reversion,reversal,smoothed_delta,"Low-liquidity stocks are more prone to price impact from large trades, causing temporary deviations that mean-revert as liquidity providers step in.",pv1,"rank(ts_mean(ts_delta(adv20,1),5))",c217d098835e17ce3af09c338e80ebff31bae55f6385f81071ea8aee670cecfc,"ts_mean(ts_delta(adv20,#),#)","ts_mean(ts_delta(FIELD,#),#)",2026-08-02T01:42:09.062363+00:00
candidate_bd6af229b1f3bc3577ab89cd,quality_low_volatility,hyp_66d04bba2d7f42ada1c699d860bbdff5,composite,volatility,volatility_regime,"High asset turnover indicates efficient use of assets to generate revenue, while low financial leverage reduces bankruptcy risk, combining to form durable quality that, when paired with low realized volatility, identifies stocks with stable earnings and lower downside risk, leading to superior performance.",analyst14,"-rank(ts_std_dev(anl14_stddev_ebitda_fy1,21))",db957b7e1f77026f71c772fb69492d99f792cd9299ded25ff73ae5be2ad1dc69,"neg(ts_std_dev(anl14_stddev_ebitda_fy1,#))","neg(ts_std_dev(FIELD,#))",2026-08-02T01:42:09.062363+00:00
candidate_84b52c0ae80d27a72f1803a0,balance_sheet_leverage,hyp_90d6dfd273a2439fb0d22f4195feae0a,quality,fundamental,short_horizon_reversal,"Regulatory bodies impose capital adequacy ratios and leverage limits, especially in finance and utilities, directly reducing the debt relative to equity or assets. In less regulated industries, firms have greater discretion to increase leverage.",pv1,"-rank(ts_delta(anl14_mean_ndebt_fp3,126))",252e9fc7f2f2b62e5f3beaf44496656de2f3034d2291278c3db51699b15e61e0,"neg(ts_delta(anl14_mean_ndebt_fp3,#))","neg(ts_delta(FIELD,#))",2026-08-02T01:42:09.062363+00:00
candidate_d9f8ca50ca90463957d8d1d4,asset_utilization,hyp_6f0b23201ecc4aa7a5357daf589388b2,efficiency,volatility,decayed_momentum,"Higher ROA indicates more efficient use of assets to generate profits, which may signal operational stability and lower financial risk, leading to less volatile stock returns.",analyst10,"rank(ts_decay_linear(ts_delta(anl10_smartest_roa_ff,63),21))",7f387c9feaeee3c51b92ae4d99786e3de420fb4c5cbd0b316c3a5d6cc52db2b3,"ts_decay_linear(ts_delta(anl10_smartest_roa_ff,#),#)","ts_decay_linear(ts_delta(FIELD,#),#)",2026-08-02T01:42:21.186900+00:00
candidate_c2c54d234d0018cf6493ac9f,asset_utilization,hyp_6f0b23201ecc4aa7a5357daf589388b2,efficiency,volatility,smoothed_delta,"Higher ROA indicates more efficient use of assets to generate profits, which may signal operational stability and lower financial risk, leading to less volatile stock returns.",analyst10,"rank(ts_mean(ts_delta(anl14_stddev_ebitda_fp1,1),63))",26577084a8fb7cb7e259e048688c16e074b9d0aad368187b0b2ca414584e9f41,"ts_mean(ts_delta(anl14_stddev_ebitda_fp1,#),#)","ts_mean(ts_delta(FIELD,#),#)",2026-08-02T01:42:21.186900+00:00
candidate_8f9418b62ded2911240e9d95,asset_utilization,hyp_6f0b23201ecc4aa7a5357daf589388b2,efficiency,volatility,medium_horizon_momentum,"Higher ROA indicates more efficient use of assets to generate profits, which may signal operational stability and lower financial risk, leading to less volatile stock returns.",analyst10,"rank(ts_rank(dividend,21))",83b230a729319c62aa09d08aaf511b214409ea86ac60bed47c665115b49dd4bf,"ts_rank(dividend,#)","ts_rank(FIELD,#)",2026-08-02T01:42:21.186900+00:00
candidate_3b73e6ff81fe44e56f98ca41,cash_flow_yield,hyp_f34d2cd5a59945ce86205a7613369f6c,value,volatility,information_ratio,"High free cash flow yield indicates strong cash generation relative to market value, which provides a buffer against financial distress and operational shocks, thereby reducing stock return volatility.",analyst14,"rank(ts_ir(anl14_stddev_ebitda_fp1,21))",c3f8a33aa6f786c488946035d70140ac966d1e42aa5904820627fc9d7546a5e4,"ts_ir(anl14_stddev_ebitda_fp1,#)","ts_ir(FIELD,#)",2026-08-02T01:42:21.186900+00:00
candidate_8fe471ba9238c226edf97cea,cash_flow_yield,hyp_f34d2cd5a59945ce86205a7613369f6c,value,volatility,volatility_regime,"High free cash flow yield indicates strong cash generation relative to market value, which provides a buffer against financial distress and operational shocks, thereby reducing stock return volatility.",analyst14,"-rank(ts_std_dev(anl14_mean_ebitda_fp1,21))",9400fc7137cfc902501e4870743343b268687bd7fbb0ace688ae98c6a64a7844,"neg(ts_std_dev(anl14_mean_ebitda_fp1,#))","neg(ts_std_dev(FIELD,#))",2026-08-02T01:42:21.186900+00:00
candidate_f7a96e0a824ab7b4eeee7bfc,analyst_revision_direction,hyp_1fb876fb532b4280b8dd24ef2ebe9a0e,expectations,fundamental,short_horizon_reversal,"Analysts update their forecasts in response to new information; a preponderance of upward revisions signals improving fundamentals or positive sentiment, which is not fully incorporated into price immediately due to attention constraints, leading to gradual price adjustment.",analyst10,"-rank(ts_delta(anl10_netrevise_ratio_to_consensus_fy2_2522,126))",f5f79e0ac748e2914ddf67ef1fe91676869cdab285c2fb9a1733899079071b69,"neg(ts_delta(anl10_netrevise_ratio_to_consensus_fy2_2522,#))","neg(ts_delta(FIELD,#))",2026-08-02T01:42:21.186900+00:00
candidate_1ab98fe79a2b59f27efc05a8,analyst_revision_direction,hyp_678990791fcf42569beba9f285da3f60,expectations,fundamental,smoothed_delta,"Downward target revisions signal deteriorating fundamentals, leading to negative market reactions as analysts incorporate new negative information.",analyst15,"rank(ts_mean(ts_delta(anl15_salgics_ind_cal_fy1_1m_chg,1),126))",72582e256785625db807684a7f7f6951d5a93b063f7aab4cea0780f6b46243af,"ts_mean(ts_delta(anl15_salgics_ind_cal_fy1_1m_chg,#),#)","ts_mean(ts_delta(FIELD,#),#)",2026-08-02T01:42:33.136256+00:00
candidate_a22a4b22e798a81c93ad7298,analyst_revision_direction,hyp_678990791fcf42569beba9f285da3f60,expectations,fundamental,information_ratio,"Downward target revisions signal deteriorating fundamentals, leading to negative market reactions as analysts incorporate new negative information.",analyst15,"rank(ts_ir(anl15_salgics_ind_18_m_cos,63))",83c27baf688dc60dba61c9df5f6b7065a9f24a5b090bb2a7ba009decafd5b145,"ts_ir(anl15_salgics_ind_18_m_cos,#)","ts_ir(FIELD,#)",2026-08-02T01:42:33.136256+00:00
candidate_4fbc167d4959228d5224d31c,analyst_revision_direction,hyp_678990791fcf42569beba9f285da3f60,expectations,fundamental,short_horizon_reversal,"Downward target revisions signal deteriorating fundamentals, leading to negative market reactions as analysts incorporate new negative information.",analyst15,"-rank(ts_delta(anl15_salgics_ind_cal_fy1_1m_chg,126))",58008da46b0f28e22e05733561d313fec25f524f91467527429b65cda28ca3a8,"neg(ts_delta(anl15_salgics_ind_cal_fy1_1m_chg,#))","neg(ts_delta(FIELD,#))",2026-08-02T01:42:33.136256+00:00
candidate_cff13201616e2f56e4df7925,analyst_revision_direction,hyp_678990791fcf42569beba9f285da3f60,expectations,fundamental,medium_horizon_momentum,"Downward target revisions signal deteriorating fundamentals, leading to negative market reactions as analysts incorporate new negative information.",analyst15,"rank(ts_rank(anl15_salgics_ind_18_m_cos,63))",72bcb3a0e628a837db4ebb2ff3085ab1387723ccf05580f5d4109efeb0a22d3f,"ts_rank(anl15_salgics_ind_18_m_cos,#)","ts_rank(FIELD,#)",2026-08-02T01:42:33.136256+00:00
candidate_f50b2e677eda8a7a385b662b,analyst_revision_direction,hyp_678990791fcf42569beba9f285da3f60,expectations,fundamental,decayed_momentum,"Downward target revisions signal deteriorating fundamentals, leading to negative market reactions as analysts incorporate new negative information.",analyst15,"rank(ts_decay_linear(ts_delta(anl15_salgics_gr_cal_fy1_total,126),63))",c17410edbc169407fc874ed6b28bd6e4446c58d8c34420ac8b2c867777f87c2c,"ts_decay_linear(ts_delta(anl15_salgics_gr_cal_fy1_total,#),#)","ts_decay_linear(ts_delta(FIELD,#),#)",2026-08-02T01:42:33.136256+00:00
candidate_36e161d7ea817f3aa97ecd56,vwap_close_deviation,hyp_3766088610864b88bf716723c3989467,mean_reversion,momentum,volatility_regime,"Extreme deviations from VWAP indicate temporary order imbalance or momentum exhaustion, which mean-reverts as liquidity providers counteract the mispricing.",pv1,"-rank(ts_std_dev(returns,10))",c3caee6be37b3211ff9533c9999c8ebe4a80195416d600e660e27c265e47f169,"neg(ts_std_dev(returns,#))","neg(ts_std_dev(FIELD,#))",2026-08-02T01:42:33.136256+00:00
candidate_520f0315899d49ea790846a8,balance_sheet_leverage,hyp_90d6dfd273a2439fb0d22f4195feae0a,quality,fundamental,smoothed_delta,"Regulatory bodies impose capital adequacy ratios and leverage limits, especially in finance and utilities, directly reducing the debt relative to equity or assets. In less regulated industries, firms have greater discretion to increase leverage.",pv1,"rank(ts_mean(ts_delta(dividend,1),126))",136341f4b849e8173033c41edccd90ded31c32d5880272a85d8e50870c201e3f,"ts_mean(ts_delta(dividend,#),#)","ts_mean(ts_delta(FIELD,#),#)",2026-08-02T01:42:45.186541+00:00
candidate_48e078f96df2a3b04d653ada,balance_sheet_leverage,hyp_90d6dfd273a2439fb0d22f4195feae0a,quality,fundamental,medium_horizon_momentum,"Regulatory bodies impose capital adequacy ratios and leverage limits, especially in finance and utilities, directly reducing the debt relative to equity or assets. In less regulated industries, firms have greater discretion to increase leverage.",pv1,"rank(ts_rank(anl14_mean_ndebt_fp3,63))",38f31830aba7922724c93dc8d05040e0fb816bca554efbb9999a661d632a8eec,"ts_rank(anl14_mean_ndebt_fp3,#)","ts_rank(FIELD,#)",2026-08-02T01:42:45.186541+00:00
candidate_94e1563e702808f617898ae7,balance_sheet_leverage,hyp_90d6dfd273a2439fb0d22f4195feae0a,quality,fundamental,decayed_momentum,"Regulatory bodies impose capital adequacy ratios and leverage limits, especially in finance and utilities, directly reducing the debt relative to equity or assets. In less regulated industries, firms have greater discretion to increase leverage.",pv1,"rank(ts_decay_linear(ts_delta(anl10_smartest_roe_ff,126),63))",54de2d1f1d3df1c80911e56733a63558ab368d620bca552507ff343ec01183ab,"ts_decay_linear(ts_delta(anl10_smartest_roe_ff,#),#)","ts_decay_linear(ts_delta(FIELD,#),#)",2026-08-02T01:42:45.186541+00:00
candidate_65877c2d6433924d29fb63ad,fundamental_time_series_strength,hyp_4641966dda26401092eb94ea602081f1,quality,reversal,information_ratio,"Investors overreact to rank improvements in persistent fundamentals, leading to temporary overpricing and subsequent mean reversion in returns.",pv1,"rank(ts_ir(anl14_high_ebitda_fy1,126))",bfe55c532862a75f8f111afdc1b4a59db2980ec935754f1f2ef00124a5d90448,"ts_ir(anl14_high_ebitda_fy1,#)","ts_ir(FIELD,#)",2026-08-02T01:42:45.186541+00:00
candidate_69517b2b6ca6f02923414b5d,intraday_momentum_industry_neutral,hyp_f4b5444e57c14889a844c421d96fb7a6,momentum,fundamental,short_horizon_reversal,"Large intraday price swings indicate overreaction or noise trading, which tends to reverse on the next day as prices correct back toward fundamental values.",pv1,"-rank(ts_delta(low,20))",5d01354724175fed599e6a0d861c2405686c5c35da56c569f9f55bdd1aab0273,"neg(ts_delta(low,#))","neg(ts_delta(FIELD,#))",2026-08-02T01:42:45.186541+00:00
candidate_63b4f3731d0b825fe1ea42dd,analyst_revision_direction,hyp_0638c71610d94c088650e30f69215811,expectations,balanced,smoothed_delta,"A net increase in the breadth of upward revisions signals improving consensus among analysts about a stock's prospects, leading to positive investor sentiment and subsequent price appreciation as the market gradually incorporates this information.",analyst15,"rank(ts_mean(ts_delta(anl15_gr_fy2_ests_dn,1),21))",f63927199376fb99be28bd68e7ca114f3cc57012852c3b4b5fe26ab6a87246bc,"ts_mean(ts_delta(anl15_gr_fy2_ests_dn,#),#)","ts_mean(ts_delta(FIELD,#),#)",2026-08-02T01:42:57.214737+00:00
candidate_5b9cb52bb6ecc1270de0bb15,analyst_revision_direction,hyp_0638c71610d94c088650e30f69215811,expectations,balanced,medium_horizon_momentum,"A net increase in the breadth of upward revisions signals improving consensus among analysts about a stock's prospects, leading to positive investor sentiment and subsequent price appreciation as the market gradually incorporates this information.",analyst15,"rank(ts_rank(anl15_gr_fy2_cos_up,63))",d2b70d318a4955faf287e00cc98d9740d217e9afba818ff0d5af4027c74e22e4,"ts_rank(anl15_gr_fy2_cos_up,#)","ts_rank(FIELD,#)",2026-08-02T01:42:57.214737+00:00
candidate_a7580a15477d76e3abc0157c,analyst_revision_direction,hyp_0638c71610d94c088650e30f69215811,expectations,balanced,decayed_momentum,"A net increase in the breadth of upward revisions signals improving consensus among analysts about a stock's prospects, leading to positive investor sentiment and subsequent price appreciation as the market gradually incorporates this information.",analyst15,"rank(ts_decay_linear(ts_delta(anl15_gr_cal_fy1_3m_chg,21),63))",c5689a9906c5f200335f6bec477ed3a25b6caa3ab7ee34e9029e8ee6277b5226,"ts_decay_linear(ts_delta(anl15_gr_cal_fy1_3m_chg,#),#)","ts_decay_linear(ts_delta(FIELD,#),#)",2026-08-02T01:42:57.214737+00:00
candidate_2512c0d8de2edb7b1973d3a3,analyst_revision_direction,hyp_0638c71610d94c088650e30f69215811,expectations,balanced,information_ratio,"A net increase in the breadth of upward revisions signals improving consensus among analysts about a stock's prospects, leading to positive investor sentiment and subsequent price appreciation as the market gradually incorporates this information.",analyst15,"rank(ts_ir(anl15_salgics_gr_12_m_total,63))",d47f7e202cca9371e546cf428050e11ac835e2797256937f40ff01420977ac61,"ts_ir(anl15_salgics_gr_12_m_total,#)","ts_ir(FIELD,#)",2026-08-02T01:42:57.214737+00:00
candidate_4f9079445f1d945d5d1d4719,earnings_surprise_persistence,hyp_99ced5fe2a7a4e3b881c049a86a9e4ce,expectations,momentum,volatility_regime,"Institutional investors adjust their portfolio holdings based on earnings surprises to capture subsequent price momentum or to rebalance risk, leading to persistent ownership changes.",analyst10,"-rank(ts_std_dev(anl10_salfq1_pred_surps_v0_985,63))",8ba07b297b5398dab48645671fe6e2b8e0e4f8e40e9e9be49ea0897a189ed4cb,"neg(ts_std_dev(anl10_salfq1_pred_surps_v0_985,#))","neg(ts_std_dev(FIELD,#))",2026-08-02T01:42:57.214737+00:00
candidate_501c52eb44a3b7e58eed11f2,asset_utilization,hyp_dcaf9421292d4d1e8e877c44830e0ea2,efficiency,fundamental,decayed_momentum,"Higher asset utilization indicates efficient use of assets to generate sales, which signals managerial effectiveness and competitive advantage, leading to higher profitability and ultimately higher stock returns.",analyst14,"rank(ts_decay_linear(ts_delta(anl15_ind_hist_eps_gro,126),63))",463cfc37680e5a108ba4e13349f7a0f45ac47cb0295e172598c2bb49317a2d1c,"ts_decay_linear(ts_delta(anl15_ind_hist_eps_gro,#),#)","ts_decay_linear(ts_delta(FIELD,#),#)",2026-08-02T01:43:09.259885+00:00
candidate_ec850313b7df3314f775045c,asset_utilization,hyp_dcaf9421292d4d1e8e877c44830e0ea2,efficiency,fundamental,information_ratio,"Higher asset utilization indicates efficient use of assets to generate sales, which signals managerial effectiveness and competitive advantage, leading to higher profitability and ultimately higher stock returns.",analyst14,"rank(ts_ir(anl14_mean_revenue_fy5,63))",086c20c3ac76e91fa668a84286b4616d2cc5fdb0abeaeb654b667db6ec098869,"ts_ir(anl14_mean_revenue_fy5,#)","ts_ir(FIELD,#)",2026-08-02T01:43:09.259885+00:00
candidate_ccac26884b2fca6151b7a61a,margin_improvement,hyp_c29c5dcc9dc74dcfbf206d032a9ee679,growth,momentum,volatility_regime,"Share buybacks reduce the number of outstanding shares, which increases earnings per share. This can lead to improved operating margins as the same level of earnings is distributed over fewer shares, and the buyback itself signals management's confidence, potentially boosting stock price and reducing cost of equity.",analyst14,"-rank(ts_std_dev(anl14_median_ebitda_fy2,63))",9d28f38e53346b8c45959545f6294e5ebc884254b882ea1b259340cf7c250e33,"neg(ts_std_dev(anl14_median_ebitda_fy2,#))","neg(ts_std_dev(FIELD,#))",2026-08-02T01:43:09.259885+00:00
candidate_ddba1847d52695cf4d1ea2d6,margin_improvement,hyp_c29c5dcc9dc74dcfbf206d032a9ee679,growth,momentum,medium_horizon_momentum,"Share buybacks reduce the number of outstanding shares, which increases earnings per share. This can lead to improved operating margins as the same level of earnings is distributed over fewer shares, and the buyback itself signals management's confidence, potentially boosting stock price and reducing cost of equity.",analyst14,"rank(ts_rank(anl14_mean_ebitda_fy1,63))",7af8958f0b4ad40c52ade851814f753175b1df4df9371d6b890909c025a4f434,"ts_rank(anl14_mean_ebitda_fy1,#)","ts_rank(FIELD,#)",2026-08-02T01:43:09.259885+00:00
candidate_85ebd224b579e4379c18202f,margin_improvement,hyp_c29c5dcc9dc74dcfbf206d032a9ee679,growth,momentum,smoothed_delta,"Share buybacks reduce the number of outstanding shares, which increases earnings per share. This can lead to improved operating margins as the same level of earnings is distributed over fewer shares, and the buyback itself signals management's confidence, potentially boosting stock price and reducing cost of equity.",analyst14,"rank(ts_mean(ts_delta(anl14_median_ebitda_fy2,1),21))",7cde994e628803929dfdd8ead8bb17ea2d7fd5117ab07ce8cf3568a24901a5f8,"ts_mean(ts_delta(anl14_median_ebitda_fy2,#),#)","ts_mean(ts_delta(FIELD,#),#)",2026-08-02T01:43:09.259885+00:00
candidate_a49e45889189962809611b23,cash_flow_yield,hyp_f34d2cd5a59945ce86205a7613369f6c,value,volatility,smoothed_delta,"High free cash flow yield indicates strong cash generation relative to market value, which provides a buffer against financial distress and operational shocks, thereby reducing stock return volatility.",analyst14,"rank(ts_mean(ts_delta(anl14_low_ebitda_fp1,1),63))",f6a5ca4cb0f558a8aa31dbe8175e1c88274a261a3143463cbf0572bc8568aaf2,"ts_mean(ts_delta(anl14_low_ebitda_fp1,#),#)","ts_mean(ts_delta(FIELD,#),#)",2026-08-02T01:43:21.287290+00:00
candidate_50a98e290299abcea6c9592e,cash_flow_yield,hyp_f34d2cd5a59945ce86205a7613369f6c,value,volatility,medium_horizon_momentum,"High free cash flow yield indicates strong cash generation relative to market value, which provides a buffer against financial distress and operational shocks, thereby reducing stock return volatility.",analyst14,"rank(ts_rank(anl14_stddev_ebitda_fp1,21))",fc59e24e6ca1fed5064339deeb5e603e8994788167cdff783bb56fe17404f5a1,"ts_rank(anl14_stddev_ebitda_fp1,#)","ts_rank(FIELD,#)",2026-08-02T01:43:21.287290+00:00
candidate_a34798dd5426f43226f4b644,cash_flow_yield,hyp_f34d2cd5a59945ce86205a7613369f6c,value,volatility,decayed_momentum,"High free cash flow yield indicates strong cash generation relative to market value, which provides a buffer against financial distress and operational shocks, thereby reducing stock return volatility.",analyst14,"rank(ts_decay_linear(ts_delta(anl14_mean_ebitda_fp1,63),21))",07e4bc3198b48359c22b1efd945a64a2b08e9fd623c177ff0ebc1e5923206c05,"ts_decay_linear(ts_delta(anl14_mean_ebitda_fp1,#),#)","ts_decay_linear(ts_delta(FIELD,#),#)",2026-08-02T01:43:21.287290+00:00
candidate_0e2dc4a09bd77c52c9318070,intraday_momentum_industry_neutral,hyp_f4b5444e57c14889a844c421d96fb7a6,momentum,fundamental,information_ratio,"Large intraday price swings indicate overreaction or noise trading, which tends to reverse on the next day as prices correct back toward fundamental values.",pv1,"rank(ts_ir(high,10))",00bd8c6791c5c6d7cd1604b77b1e5197319cef624f5b9c36fe9e3c600bdf6c5d,"ts_ir(high,#)","ts_ir(FIELD,#)",2026-08-02T01:43:21.287290+00:00
candidate_0ee0746e8f1b48bd8c96d18f,vwap_close_deviation,hyp_10efc199e62f439a91d5b702e86cedd9,mean_reversion,reversal,decayed_momentum,"Low-liquidity stocks are more prone to price impact from large trades, causing temporary deviations that mean-revert as liquidity providers step in.",pv1,"rank(ts_decay_linear(ts_delta(vwap,5),20))",d1f69b18dfe4020a4e3d81377e1e9bffcd0d183419f59e7c247a4e9e0e2bd49b,"ts_decay_linear(ts_delta(vwap,#),#)","ts_decay_linear(ts_delta(FIELD,#),#)",2026-08-02T01:43:33.342966+00:00
candidate_286dd17b583ee99dd2f4ff3f,intraday_momentum_industry_neutral,hyp_05a0d386ace04a1da0036ea1b63ab7c9,momentum,momentum,smoothed_delta,"High intraday volatility indicates ongoing information processing and investor attention, which may lead to continued price adjustment and momentum spillover to the next day. Industry neutralization ensures the effect is not driven by sector-level factors.",pv1,"rank(ts_mean(ts_delta(open,1),5))",8bd562ff6533a05b89d405fdbcf0857ff7205cd7187f911b8444dc96cafd6c49,"ts_mean(ts_delta(open,#),#)","ts_mean(ts_delta(FIELD,#),#)",2026-08-02T01:43:33.342966+00:00
candidate_c55b3dea0ef138107c6d1bc9,intraday_momentum_industry_neutral,hyp_05a0d386ace04a1da0036ea1b63ab7c9,momentum,momentum,information_ratio,"High intraday volatility indicates ongoing information processing and investor attention, which may lead to continued price adjustment and momentum spillover to the next day. Industry neutralization ensures the effect is not driven by sector-level factors.",pv1,"rank(ts_ir(returns,10))",6997f221bf20e7b5a030990664ce9dfa373110f0f9a0640e9a09d509841e5698,"ts_ir(returns,#)","ts_ir(FIELD,#)",2026-08-02T01:43:33.342966+00:00
candidate_af8b0ea75083d543f7a27364,intraday_momentum_industry_neutral,hyp_05a0d386ace04a1da0036ea1b63ab7c9,momentum,momentum,medium_horizon_momentum,"High intraday volatility indicates ongoing information processing and investor attention, which may lead to continued price adjustment and momentum spillover to the next day. Industry neutralization ensures the effect is not driven by sector-level factors.",pv1,"rank(ts_rank(returns,10))",88b7a6be193d6ac9049392bef201b9fbbd50253997d2c17f56b07ad3f98a3097,"ts_rank(returns,#)","ts_rank(FIELD,#)",2026-08-02T01:43:33.342966+00:00
candidate_ac881d0ae7a717f56372e687,vwap_close_deviation,hyp_3766088610864b88bf716723c3989467,mean_reversion,momentum,short_horizon_reversal,"Extreme deviations from VWAP indicate temporary order imbalance or momentum exhaustion, which mean-reverts as liquidity providers counteract the mispricing.",pv1,"-rank(ts_delta(adv20,5))",89f7b7adff66ff203226f98088ce2d3358a395e755bab994eca5aed9b066f932,"neg(ts_delta(adv20,#))","neg(ts_delta(FIELD,#))",2026-08-02T01:43:45.366581+00:00
candidate_644694124ed52fe4e73c213a,vwap_close_deviation,hyp_3766088610864b88bf716723c3989467,mean_reversion,momentum,medium_horizon_momentum,"Extreme deviations from VWAP indicate temporary order imbalance or momentum exhaustion, which mean-reverts as liquidity providers counteract the mispricing.",pv1,"rank(ts_rank(close,10))",d9725d9a675a58d1143aaacbf849ad87965bc0e3087422525c1442bd960a3f7e,"ts_rank(close,#)","ts_rank(FIELD,#)",2026-08-02T01:43:45.366581+00:00
candidate_d48e1cb17ab2f19387bcb418,vwap_close_deviation,hyp_3766088610864b88bf716723c3989467,mean_reversion,momentum,information_ratio,"Extreme deviations from VWAP indicate temporary order imbalance or momentum exhaustion, which mean-reverts as liquidity providers counteract the mispricing.",pv1,"rank(ts_ir(volume,10))",ab85f7441e27403de17413627e4bd58b520dc85a0498bd112a13d09d5a88a26f,"ts_ir(volume,#)","ts_ir(FIELD,#)",2026-08-02T01:43:45.366581+00:00
candidate_ad1ce1ccc693fbab44965461,intraday_momentum_industry_neutral,hyp_f4b5444e57c14889a844c421d96fb7a6,momentum,fundamental,smoothed_delta,"Large intraday price swings indicate overreaction or noise trading, which tends to reverse on the next day as prices correct back toward fundamental values.",pv1,"rank(ts_mean(ts_delta(low,1),20))",d411e7e28fffcc6950293b1533c8cf01ba1b0cbdb923f6209f4d4c1f24eda41b,"ts_mean(ts_delta(low,#),#)","ts_mean(ts_delta(FIELD,#),#)",2026-08-02T01:43:45.366581+00:00
candidate_6bda2836dc91257575ba5a27,intraday_momentum_industry_neutral,hyp_f4b5444e57c14889a844c421d96fb7a6,momentum,fundamental,decayed_momentum,"Large intraday price swings indicate overreaction or noise trading, which tends to reverse on the next day as prices correct back toward fundamental values.",pv1,"rank(ts_decay_linear(ts_delta(open,20),10))",c4d540619a12690ff168c66ea78c0ec8b9c8512143a398eb5ab30b678d79ea6a,"ts_decay_linear(ts_delta(open,#),#)","ts_decay_linear(ts_delta(FIELD,#),#)",2026-08-02T01:43:45.366581+00:00
candidate_d492580a7641bd02fffae0e3,fundamental_improvement_price_confirmation,hyp_221c70fb0bf74cb5b11acf334a861cee,composite,momentum,smoothed_delta,"An increase in asset turnover indicates improved operational efficiency and revenue generation from assets, signaling fundamental strength. A price above the 50-day moving average confirms short-term upward momentum, and the combination is expected to yield positive excess returns over a short horizon.",pv1,"rank(ts_mean(ts_delta(volume,1),5))",8c6554fb283c07f5354496b1745ce28f3d750feb728f77f05fc607c3f01259e9,"ts_mean(ts_delta(volume,#),#)","ts_mean(ts_delta(FIELD,#),#)",2026-08-02T01:43:57.341990+00:00
candidate_1ff58026addcd7d68a8b15b2,fundamental_improvement_price_confirmation,hyp_221c70fb0bf74cb5b11acf334a861cee,composite,momentum,information_ratio,"An increase in asset turnover indicates improved operational efficiency and revenue generation from assets, signaling fundamental strength. A price above the 50-day moving average confirms short-term upward momentum, and the combination is expected to yield positive excess returns over a short horizon.",pv1,"rank(ts_ir(cap,10))",0f05fb6918d43de316e6846d05d2a83e5d00304a2d180a296db4bfdcf4ad6858,"ts_ir(cap,#)","ts_ir(FIELD,#)",2026-08-02T01:43:57.341990+00:00
candidate_6510114c92495a5ca092eb44,fundamental_time_series_strength,hyp_4641966dda26401092eb94ea602081f1,quality,reversal,medium_horizon_momentum,"Investors overreact to rank improvements in persistent fundamentals, leading to temporary overpricing and subsequent mean reversion in returns.",pv1,"rank(ts_rank(anl10_epsrevise_value_fy1,126))",8f112b4954c7e41b292794e24ea3c33194c51c7eb925cade08a0f01d83ee6ea2,"ts_rank(anl10_epsrevise_value_fy1,#)","ts_rank(FIELD,#)",2026-08-02T01:43:57.341990+00:00
candidate_ebdc09205778d6418fcbca66,analyst_revision_direction,hyp_1fb876fb532b4280b8dd24ef2ebe9a0e,expectations,fundamental,decayed_momentum,"Analysts update their forecasts in response to new information; a preponderance of upward revisions signals improving fundamentals or positive sentiment, which is not fully incorporated into price immediately due to attention constraints, leading to gradual price adjustment.",analyst10,"rank(ts_decay_linear(ts_delta(anl15_dpsgics_gr_fy1_ests_up,126),63))",d63be41bc5430f4b92a3a39e754139d1a8905c3dc814e6728af1ac236a6cb752,"ts_decay_linear(ts_delta(anl15_dpsgics_gr_fy1_ests_up,#),#)","ts_decay_linear(ts_delta(FIELD,#),#)",2026-08-02T01:43:57.341990+00:00
candidate_5bda1d34c68803631ff4556a,analyst_revision_direction,hyp_e45d637f55c442699ca91ed68bac7feb,expectations,momentum,decayed_momentum,"Analyst overreaction to recent information leads to initial price momentum, followed by reversal as the market corrects for the overreaction.",analyst15,"rank(ts_decay_linear(ts_delta(anl15_dpsgics_gr_fy1_ests_up,63),126))",99ccfc67c7a915e617e6e6ca9c91556735f19dec1ec6f0e045eac0ade4548c04,"ts_decay_linear(ts_delta(anl15_dpsgics_gr_fy1_ests_up,#),#)","ts_decay_linear(ts_delta(FIELD,#),#)",2026-08-02T01:44:09.397528+00:00
candidate_4c4654c23ff837a2f006dbea,analyst_revision_direction,hyp_e45d637f55c442699ca91ed68bac7feb,expectations,momentum,smoothed_delta,"Analyst overreaction to recent information leads to initial price momentum, followed by reversal as the market corrects for the overreaction.",analyst15,"rank(ts_mean(ts_delta(anl15_ebtgics_gr_fy1_ests_up,1),63))",332f7a1b1a9b14e03c7f57c22888d46fd8c31ccc2b6a21fcff91d92fc38d0e66,"ts_mean(ts_delta(anl15_ebtgics_gr_fy1_ests_up,#),#)","ts_mean(ts_delta(FIELD,#),#)",2026-08-02T01:44:09.397528+00:00
candidate_5fc6420b652ec06033b75dd4,analyst_revision_direction,hyp_e45d637f55c442699ca91ed68bac7feb,expectations,momentum,medium_horizon_momentum,"Analyst overreaction to recent information leads to initial price momentum, followed by reversal as the market corrects for the overreaction.",analyst15,"rank(ts_rank(anl15_cpsgics_gr_12_m_ests_up,126))",1d390e3f199a14e693656940f00fec47d9ff5d9b24f8a0e1e4d8fff1a88c97bd,"ts_rank(anl15_cpsgics_gr_12_m_ests_up,#)","ts_rank(FIELD,#)",2026-08-02T01:44:09.397528+00:00
candidate_5b43c2ace818dd633c89f81c,analyst_revision_direction,hyp_e45d637f55c442699ca91ed68bac7feb,expectations,momentum,information_ratio,"Analyst overreaction to recent information leads to initial price momentum, followed by reversal as the market corrects for the overreaction.",analyst15,"rank(ts_ir(anl15_bpsgics_gr_18_m_total,126))",b212a95ce3d5f4e47be04e26cce17ef896f706c19d97334b3ca762b55b600d83,"ts_ir(anl15_bpsgics_gr_18_m_total,#)","ts_ir(FIELD,#)",2026-08-02T01:44:09.397528+00:00
candidate_9f1cf2ab8f8bd088df47f4b7,balance_sheet_leverage,hyp_554c7892ddac49b9a206eac3cc36186e,quality,volatility,decayed_momentum,"In concentrated industries, firms face less competitive pressure, leading to more stable cash flows and lower bankruptcy risk, which enables them to sustain higher debt levels.",analyst14,"rank(ts_decay_linear(ts_delta(anl14_stddev_ebitda_fp1,126),63))",5198867eeb9a3a286769abdcf27d6f50c2e3b88f60c1eb481061b364cc6bccd8,"ts_decay_linear(ts_delta(anl14_stddev_ebitda_fp1,#),#)","ts_decay_linear(ts_delta(FIELD,#),#)",2026-08-02T01:44:21.500242+00:00
candidate_2a6a75a20c3eb003911ae382,balance_sheet_leverage,hyp_554c7892ddac49b9a206eac3cc36186e,quality,volatility,medium_horizon_momentum,"In concentrated industries, firms face less competitive pressure, leading to more stable cash flows and lower bankruptcy risk, which enables them to sustain higher debt levels.",analyst14,"rank(ts_rank(anl14_numofests_ebitda_fp1,63))",5c006cf8ce67cedfa75fa50cb1c581933eddc86a3d697b446eed315dd9ef5d13,"ts_rank(anl14_numofests_ebitda_fp1,#)","ts_rank(FIELD,#)",2026-08-02T01:44:21.500242+00:00
candidate_ca5c41a9e499a5a28c01d49e,balance_sheet_leverage,hyp_554c7892ddac49b9a206eac3cc36186e,quality,volatility,information_ratio,"In concentrated industries, firms face less competitive pressure, leading to more stable cash flows and lower bankruptcy risk, which enables them to sustain higher debt levels.",analyst14,"rank(ts_ir(anl14_stddev_ebitda_fp2,63))",f0c2de2bd1927d7b15400e89a6fe104e7eb0c2f0c7e83d637380488f52889526,"ts_ir(anl14_stddev_ebitda_fp2,#)","ts_ir(FIELD,#)",2026-08-02T01:44:21.500242+00:00
candidate_632973c283bf883f10e59fdf,fundamental_improvement_price_confirmation,hyp_68417d0da35444f4933717b12245173e,composite,momentum,cross_signal_divergence,"A fundamental improvement in earnings growth signals strengthening profitability, while a low price-to-sales ratio relative to peers indicates undervaluation; the combination may attract momentum traders and value investors, leading to short-term outperformance.",analyst15,"rank(ts_zscore(anl11_region_industrycount,10)-ts_zscore(anl15_gr_hist_eps_gro,10))",11654a6cb972ec408ad3cd0bef22ad2d28b7a6500e614e95e585cfeaf55af912,"sub(ts_zscore(anl11_region_industrycount,#),ts_zscore(anl15_gr_hist_eps_gro,#))","sub(ts_zscore(FIELD,#),ts_zscore(FIELD,#))",2026-08-02T01:44:21.500242+00:00
candidate_fff549cb384d8b58057b9041,earnings_quality_accruals,hyp_992b606749cd4c6582ff64f8278c70fc,quality,fundamental,smoothed_delta,"Cash-backed earnings are less subject to estimation errors and manipulation than accrual-intensive earnings, leading to a more sustainable earnings stream that better predicts future performance. The accrual anomaly suggests that investors overestimate the persistence of accruals, so lower accrual intensity reduces the mispricing correction, resulting in more persistent returns.",pv1,"rank(ts_mean(ts_delta(anl14_stddev_ebitda_fy1,1),252))",8d012613004414092e4ab89af6086fcf4d05229e2c7dc08e5bcc84e4234fca78,"ts_mean(ts_delta(anl14_stddev_ebitda_fy1,#),#)","ts_mean(ts_delta(FIELD,#),#)",2026-08-02T01:44:21.500242+00:00
candidate_6b5090fad56ca6dc3fbc34b7,intraday_momentum_industry_neutral,hyp_f4b5444e57c14889a844c421d96fb7a6,momentum,fundamental,medium_horizon_momentum,"Large intraday price swings indicate overreaction or noise trading, which tends to reverse on the next day as prices correct back toward fundamental values.",pv1,"rank(ts_rank(high,10))",77561c9502f71c673b971af7f733371f3474d2c9d5e400acd8d70cc4b5904748,"ts_rank(high,#)","ts_rank(FIELD,#)",2026-08-02T01:44:33.453929+00:00
candidate_d1474e028da8ed2cb2e5a2e4,analyst_revision_direction,hyp_1fb876fb532b4280b8dd24ef2ebe9a0e,expectations,fundamental,smoothed_delta,"Analysts update their forecasts in response to new information; a preponderance of upward revisions signals improving fundamentals or positive sentiment, which is not fully incorporated into price immediately due to attention constraints, leading to gradual price adjustment.",analyst10,"rank(ts_mean(ts_delta(anl10_netrevise_ratio_to_consensus_fy2_2522,1),126))",b66d122d123b1506986a0a22a94a34b788253559652d2612b36d4037a82e65bc,"ts_mean(ts_delta(anl10_netrevise_ratio_to_consensus_fy2_2522,#),#)","ts_mean(ts_delta(FIELD,#),#)",2026-08-02T01:44:33.453929+00:00
candidate_53a13582170eecc5730d6fb9,analyst_revision_direction,hyp_1fb876fb532b4280b8dd24ef2ebe9a0e,expectations,fundamental,information_ratio,"Analysts update their forecasts in response to new information; a preponderance of upward revisions signals improving fundamentals or positive sentiment, which is not fully incorporated into price immediately due to attention constraints, leading to gradual price adjustment.",analyst10,"rank(ts_ir(anl10_netrevise_ratio_to_consensus_fy1_2537,63))",8a92ec75117ef275c3f5a1c11cbf9f6c970f6bd459974acad09ecf30eddb3e54,"ts_ir(anl10_netrevise_ratio_to_consensus_fy1_2537,#)","ts_ir(FIELD,#)",2026-08-02T01:44:33.453929+00:00
candidate_1aa1ea62de2c28182684c870,quality_low_volatility,hyp_66d04bba2d7f42ada1c699d860bbdff5,composite,volatility,decayed_momentum,"High asset turnover indicates efficient use of assets to generate revenue, while low financial leverage reduces bankruptcy risk, combining to form durable quality that, when paired with low realized volatility, identifies stocks with stable earnings and lower downside risk, leading to superior performance.",analyst14,"rank(ts_decay_linear(ts_delta(anl14_stddev_ebitda_fy1,63),21))",10affd85707aa806cdabec278628c3ed8d9749c7f18a5597a252acf13a7d0d81,"ts_decay_linear(ts_delta(anl14_stddev_ebitda_fy1,#),#)","ts_decay_linear(ts_delta(FIELD,#),#)",2026-08-02T01:44:45.492931+00:00
candidate_088793288956e8a05a09916e,quality_low_volatility,hyp_66d04bba2d7f42ada1c699d860bbdff5,composite,volatility,medium_horizon_momentum,"High asset turnover indicates efficient use of assets to generate revenue, while low financial leverage reduces bankruptcy risk, combining to form durable quality that, when paired with low realized volatility, identifies stocks with stable earnings and lower downside risk, leading to superior performance.",analyst14,"rank(ts_rank(anl14_stddev_ebitda_fy5,21))",d1548312db452936669fb47334525b63bd555863557b8b6389a7a2b696704fdc,"ts_rank(anl14_stddev_ebitda_fy5,#)","ts_rank(FIELD,#)",2026-08-02T01:44:45.492931+00:00
candidate_a2cb0b63b1ec9876f3becbce,quality_low_volatility,hyp_66d04bba2d7f42ada1c699d860bbdff5,composite,volatility,information_ratio,"High asset turnover indicates efficient use of assets to generate revenue, while low financial leverage reduces bankruptcy risk, combining to form durable quality that, when paired with low realized volatility, identifies stocks with stable earnings and lower downside risk, leading to superior performance.",analyst14,"rank(ts_ir(anl14_stddev_ebitda_fy2,21))",b9371ed186dd01ad90b814bb21d29a8a92d284c66eaa95d4060edce8e14c72b3,"ts_ir(anl14_stddev_ebitda_fy2,#)","ts_ir(FIELD,#)",2026-08-02T01:44:45.492931+00:00
candidate_8298d5b29d1720b0b1901d52,quality_low_volatility,hyp_66d04bba2d7f42ada1c699d860bbdff5,composite,volatility,smoothed_delta,"High asset turnover indicates efficient use of assets to generate revenue, while low financial leverage reduces bankruptcy risk, combining to form durable quality that, when paired with low realized volatility, identifies stocks with stable earnings and lower downside risk, leading to superior performance.",analyst14,"rank(ts_mean(ts_delta(returns,1),63))",dd38baec2ed7269cde7a34a658458b95e302dc14380f66a86ddafa9629455d7d,"ts_mean(ts_delta(returns,#),#)","ts_mean(ts_delta(FIELD,#),#)",2026-08-02T01:44:45.492931+00:00
candidate_744bfb98b073f69211c1276b,analyst_revision_direction,hyp_1fb876fb532b4280b8dd24ef2ebe9a0e,expectations,fundamental,medium_horizon_momentum,"Analysts update their forecasts in response to new information; a preponderance of upward revisions signals improving fundamentals or positive sentiment, which is not fully incorporated into price immediately due to attention constraints, leading to gradual price adjustment.",analyst10,"rank(ts_rank(anl10_netrevise_ratio_to_consensus_fy1_2537,63))",63bd1933c56d765184fd8ab4dd8dd1dad566e5b55116c94018faa00f0b0627c0,"ts_rank(anl10_netrevise_ratio_to_consensus_fy1_2537,#)","ts_rank(FIELD,#)",2026-08-02T01:44:57.571443+00:00
candidate_7fd6d85eb7f8abdc6cdc30bf,quality_low_volatility,hyp_f78a326da49140c0aca624a2839a0a5e,composite,momentum,smoothed_delta,"Investors tend to overpay for growth and glamour stocks, leading to lower future returns for high-risk equities; meanwhile, durable quality firms with stable earnings and low volatility are undervalued, and their consistent performance compounds over time, delivering excess returns.",analyst15,"rank(ts_mean(ts_delta(close,1),21))",7287442edee48ba0d15f0dd1184986a3e9c00006bc747952c577d3a7ca19a81b,"ts_mean(ts_delta(close,#),#)","ts_mean(ts_delta(FIELD,#),#)",2026-08-02T01:45:09.556235+00:00
candidate_c1d406ae2d0b888dea2a79a9,quality_low_volatility,hyp_f78a326da49140c0aca624a2839a0a5e,composite,momentum,cross_signal_divergence,"Investors tend to overpay for growth and glamour stocks, leading to lower future returns for high-risk equities; meanwhile, durable quality firms with stable earnings and low volatility are undervalued, and their consistent performance compounds over time, delivering excess returns.",analyst15,"rank(ts_zscore(close,63)-ts_zscore(returns,63))",753c9a067a317ef68c47e376a6139b4dadc6315024d01b7e51d1358be6aeb220,"sub(ts_zscore(close,#),ts_zscore(returns,#))","sub(ts_zscore(FIELD,#),ts_zscore(FIELD,#))",2026-08-02T01:45:09.556235+00:00
candidate_906fdc77e719fefae19aa5b0,quality_low_volatility,hyp_f78a326da49140c0aca624a2839a0a5e,composite,momentum,medium_horizon_momentum,"Investors tend to overpay for growth and glamour stocks, leading to lower future returns for high-risk equities; meanwhile, durable quality firms with stable earnings and low volatility are undervalued, and their consistent performance compounds over time, delivering excess returns.",analyst15,"rank(ts_rank(anl15_s_hist_eps_gro,63))",299a1c54b6e91bb1b49449870ffce72ff47f58debe99b8bbda2c379ed151b27a,"ts_rank(anl15_s_hist_eps_gro,#)","ts_rank(FIELD,#)",2026-08-02T01:45:09.556235+00:00
candidate_ca7cbd4104c15602ce946f21,quality_low_volatility,hyp_f78a326da49140c0aca624a2839a0a5e,composite,momentum,volatility_regime,"Investors tend to overpay for growth and glamour stocks, leading to lower future returns for high-risk equities; meanwhile, durable quality firms with stable earnings and low volatility are undervalued, and their consistent performance compounds over time, delivering excess returns.",analyst15,"-rank(ts_std_dev(cap,63))",660b7290406a951d8f7c99f4efe93927f431cb89b8e35920b42257fc2a8a2e5a,"neg(ts_std_dev(cap,#))","neg(ts_std_dev(FIELD,#))",2026-08-02T01:45:09.556235+00:00
candidate_3aabaeec9446d1a296273901,quality_low_volatility,hyp_f78a326da49140c0aca624a2839a0a5e,composite,momentum,short_horizon_reversal,"Investors tend to overpay for growth and glamour stocks, leading to lower future returns for high-risk equities; meanwhile, durable quality firms with stable earnings and low volatility are undervalued, and their consistent performance compounds over time, delivering excess returns.",analyst15,"-rank(ts_delta(anl15_s_hist_eps_gro,21))",c34d78a1bb77c884b866ebdd62da4f20949d2188c22e9435ef0065cbae5942f2,"neg(ts_delta(anl15_s_hist_eps_gro,#))","neg(ts_delta(FIELD,#))",2026-08-02T01:45:09.556235+00:00
candidate_5bc8864e1f263fb3905e1ee1,quality_low_volatility,hyp_f78a326da49140c0aca624a2839a0a5e,composite,momentum,information_ratio,"Investors tend to overpay for growth and glamour stocks, leading to lower future returns for high-risk equities; meanwhile, durable quality firms with stable earnings and low volatility are undervalued, and their consistent performance compounds over time, delivering excess returns.",analyst15,"rank(ts_ir(cap,63))",daa525b2dae36c2c6950a90d68c97d409dc4b0a16db077d1dfc8628d2e011f98,"ts_ir(cap,#)","ts_ir(FIELD,#)",2026-08-02T01:45:09.556235+00:00
candidate_abbfb5104cb5cc8e28238bf8,quality_low_volatility,hyp_f78a326da49140c0aca624a2839a0a5e,composite,momentum,decayed_momentum,"Investors tend to overpay for growth and glamour stocks, leading to lower future returns for high-risk equities; meanwhile, durable quality firms with stable earnings and low volatility are undervalued, and their consistent performance compounds over time, delivering excess returns.",analyst15,"rank(ts_decay_linear(ts_delta(returns,21),63))",17ddc3c91c9649b1aea4767aa30be5cefe4a36500688821957e4e189849fdb09,"ts_decay_linear(ts_delta(returns,#),#)","ts_decay_linear(ts_delta(FIELD,#),#)",2026-08-02T01:45:09.556235+00:00
candidate_5bc39afef6c987af74c5a258,revenue_growth,hyp_834fd9f15d4f4147b8f79334f9a76c1c,growth,momentum,information_ratio,"Higher capital expenditure indicates investment in long-term productive capacity, which can drive future revenue growth through expanded operations or improved efficiency.",analyst14,"rank(ts_ir(anl14_numofests_revenue_fy5,126))",38e4c432d762469220f36c059acb530ae157b1e232733b5edd99c5e091082cf8,"ts_ir(anl14_numofests_revenue_fy5,#)","ts_ir(FIELD,#)",2026-08-02T01:45:21.548815+00:00
candidate_32da10105b97d6a18d741f7e,revenue_growth,hyp_834fd9f15d4f4147b8f79334f9a76c1c,growth,momentum,decayed_momentum,"Higher capital expenditure indicates investment in long-term productive capacity, which can drive future revenue growth through expanded operations or improved efficiency.",analyst14,"rank(ts_decay_linear(ts_delta(anl14_mean_ebitda_fy5,63),126))",d2ce5789a34544908694969fa9f4cbb9d237bbd55659cf1b8f79c61ce6ecd6cd,"ts_decay_linear(ts_delta(anl14_mean_ebitda_fy5,#),#)","ts_decay_linear(ts_delta(FIELD,#),#)",2026-08-02T01:45:21.548815+00:00
candidate_53a82ce224692e817b44a3eb,revenue_growth,hyp_834fd9f15d4f4147b8f79334f9a76c1c,growth,momentum,volatility_regime,"Higher capital expenditure indicates investment in long-term productive capacity, which can drive future revenue growth through expanded operations or improved efficiency.",analyst14,"-rank(ts_std_dev(anl14_mean_ebitda_fy5,126))",d3623e6e57aecf3aa7dd17c4edef0fad10bc8c63684e9bf39018b741e642b652,"neg(ts_std_dev(anl14_mean_ebitda_fy5,#))","neg(ts_std_dev(FIELD,#))",2026-08-02T01:45:21.548815+00:00
candidate_a71b733957f7923f33c956bf,revenue_growth,hyp_834fd9f15d4f4147b8f79334f9a76c1c,growth,momentum,medium_horizon_momentum,"Higher capital expenditure indicates investment in long-term productive capacity, which can drive future revenue growth through expanded operations or improved efficiency.",analyst14,"rank(ts_rank(anl14_mean_capex_fy4,126))",88b7cd91177867646bfbf1b256241b5d753b2cecaa21ef16684064d9d08e5fb3,"ts_rank(anl14_mean_capex_fy4,#)","ts_rank(FIELD,#)",2026-08-02T01:45:21.548815+00:00
candidate_f7991d70dde5a84061dcfa60,revenue_growth,hyp_834fd9f15d4f4147b8f79334f9a76c1c,growth,momentum,smoothed_delta,"Higher capital expenditure indicates investment in long-term productive capacity, which can drive future revenue growth through expanded operations or improved efficiency.",analyst14,"rank(ts_mean(ts_delta(anl14_mean_revenue_fy5,1),63))",666163cc9cf80154092908a26322f59cb9d91090c18b0a32601d4c74d85621a5,"ts_mean(ts_delta(anl14_mean_revenue_fy5,#),#)","ts_mean(ts_delta(FIELD,#),#)",2026-08-02T01:45:21.548815+00:00
candidate_4313a612c82a8d765204ede6,earnings_surprise_persistence,hyp_99ced5fe2a7a4e3b881c049a86a9e4ce,expectations,momentum,medium_horizon_momentum,"Institutional investors adjust their portfolio holdings based on earnings surprises to capture subsequent price momentum or to rebalance risk, leading to persistent ownership changes.",analyst10,"rank(ts_rank(anl10_salfy1_pred_surps_v2_1006,63))",3e047f5c0b7a521d43b9aae719a59fe8bb543f95900c4f0e8e3a3665e1d06541,"ts_rank(anl10_salfy1_pred_surps_v2_1006,#)","ts_rank(FIELD,#)",2026-08-02T01:45:33.626529+00:00
candidate_c4bbf6764af6e2eb8fbf507e,earnings_surprise_persistence,hyp_99ced5fe2a7a4e3b881c049a86a9e4ce,expectations,momentum,smoothed_delta,"Institutional investors adjust their portfolio holdings based on earnings surprises to capture subsequent price momentum or to rebalance risk, leading to persistent ownership changes.",analyst10,"rank(ts_mean(ts_delta(anl10_salfq1_pred_surps_v0_985,1),21))",52774ced157d24a548105360b536a11afe00c67d3c90499efa1babe56b3ed32d,"ts_mean(ts_delta(anl10_salfq1_pred_surps_v0_985,#),#)","ts_mean(ts_delta(FIELD,#),#)",2026-08-02T01:45:33.626529+00:00
candidate_2b5fbd3c027ff387bd183c73,earnings_surprise_persistence,hyp_99ced5fe2a7a4e3b881c049a86a9e4ce,expectations,momentum,decayed_momentum,"Institutional investors adjust their portfolio holdings based on earnings surprises to capture subsequent price momentum or to rebalance risk, leading to persistent ownership changes.",analyst10,"rank(ts_decay_linear(ts_delta(anl10_netfq1_pred_surps_v2_1053,21),63))",e4f6ccdb6d8f168d5301e9d67e826d2fb809d7d713938133f040f4dfbba1b21e,"ts_decay_linear(ts_delta(anl10_netfq1_pred_surps_v2_1053,#),#)","ts_decay_linear(ts_delta(FIELD,#),#)",2026-08-02T01:45:33.626529+00:00
candidate_dca434ffa10ce97d223e81e3,earnings_surprise_persistence,hyp_99ced5fe2a7a4e3b881c049a86a9e4ce,expectations,momentum,information_ratio,"Institutional investors adjust their portfolio holdings based on earnings surprises to capture subsequent price momentum or to rebalance risk, leading to persistent ownership changes.",analyst10,"rank(ts_ir(sector_fy2_marketcap_percent,63))",dd375976c5dfe5f99119929bef3691377f172d76ab09dfbc83ca829c1ee439d6,"ts_ir(sector_fy2_marketcap_percent,#)","ts_ir(FIELD,#)",2026-08-02T01:45:33.626529+00:00
candidate_a9bdcae5eae29cda3e0a1e1b,quality_low_volatility,hyp_b1cecf9cf5674d73ac4a9d93a1f5d417,composite,volatility,decayed_momentum,"High operating cash flow margins indicate durable quality, while low earnings variability reduces uncertainty. Low idiosyncratic volatility captures the low-volatility effect without excessive exposure to systematic factors, leading to a smoother performance and higher compounded returns over longer horizons.",analyst14,"rank(ts_decay_linear(ts_delta(returns,126),63))",cb03a2dc81f7bea5ee70dadeead615864cd563b3f7a5deec15a7a04e50fb7c71,"ts_decay_linear(ts_delta(returns,#),#)","ts_decay_linear(ts_delta(FIELD,#),#)",2026-08-02T01:45:45.631070+00:00
candidate_3103d9e50eadd85750674db4,quality_low_volatility,hyp_b1cecf9cf5674d73ac4a9d93a1f5d417,composite,volatility,smoothed_delta,"High operating cash flow margins indicate durable quality, while low earnings variability reduces uncertainty. Low idiosyncratic volatility captures the low-volatility effect without excessive exposure to systematic factors, leading to a smoother performance and higher compounded returns over longer horizons.",analyst14,"rank(ts_mean(ts_delta(anl14_stddev_ebitda_fp1,1),126))",7061528644a9d4ff6e6e3b9989d891f9a83fa7b9229e6ae5db5f6258de3bd26f,"ts_mean(ts_delta(anl14_stddev_ebitda_fp1,#),#)","ts_mean(ts_delta(FIELD,#),#)",2026-08-02T01:45:45.631070+00:00
candidate_23d2556ed3e8c2927d19cdbc,fundamental_improvement_price_confirmation,hyp_68417d0da35444f4933717b12245173e,composite,momentum,decayed_momentum,"A fundamental improvement in earnings growth signals strengthening profitability, while a low price-to-sales ratio relative to peers indicates undervaluation; the combination may attract momentum traders and value investors, leading to short-term outperformance.",analyst15,"rank(ts_decay_linear(ts_delta(anl11_region_industrycount,5),10))",1bd84a3029027ab0b9eb9423ab5eaca2784ea42578ae8b4d1af5990375f3e561,"ts_decay_linear(ts_delta(anl11_region_industrycount,#),#)","ts_decay_linear(ts_delta(FIELD,#),#)",2026-08-02T01:45:57.674363+00:00
candidate_f176fb80321a6faa1c35b872,margin_improvement,hyp_c29c5dcc9dc74dcfbf206d032a9ee679,growth,momentum,information_ratio,"Share buybacks reduce the number of outstanding shares, which increases earnings per share. This can lead to improved operating margins as the same level of earnings is distributed over fewer shares, and the buyback itself signals management's confidence, potentially boosting stock price and reducing cost of equity.",analyst14,"rank(ts_ir(anl14_mean_ebitda_fy1,63))",17582c41a793a979df822e634f14260c3bde5e71bce1ec15850c78238ff20fe6,"ts_ir(anl14_mean_ebitda_fy1,#)","ts_ir(FIELD,#)",2026-08-02T01:48:46.090659+00:00
arch_delta_liquid:primary,arch_delta_liquid,proven,10.7,"group_neutralize(ts_zscore(ts_delta(anl10_analyst_innovation_eps_innovate_decrease_fy1,126)/cap,126)*rank(ts_mean(volume,63)/adv20),sector)","{""instrumentType"": ""EQUITY"", ""region"": ""USA"", ""universe"": ""TOP3000"", ""delay"": 1, ""decay"": 4, ""neutralization"": ""MARKET"", ""truncation"": 0.05, ""pasteurization"": ""ON"", ""unitHandling"": ""VERIFY"", ""nanHandling"": ""ON"", ""language"": ""FASTEXPR"", ""visualization"": false}",0,ebeb9bd778845d32443ecc9ff17a0b12ab0b2b6dca700d6d8e538776da7f18f7,"group_neutralize(mul(div(ts_mean(volume,#),adv20),ts_zscore(div(ts_delta(anl10_analyst_innovation_eps_innovate_decrease_fy1,#),cap),#)),sector)","group_neutralize(mul(div(ts_mean(FIELD,#),FIELD),ts_zscore(div(ts_delta(FIELD,#),FIELD),#)),sector)",2026-08-02T02:25:38.282907+00:00
arch_delta_liquid:primary,arch_delta_liquid,proven,10.7,"group_neutralize(ts_zscore(ts_delta(anl10_analyst_innovation_eps_innovate_increase_fy1,126)/cap,126)*rank(ts_mean(volume,63)/adv20),sector)","{""instrumentType"": ""EQUITY"", ""region"": ""USA"", ""universe"": ""TOP3000"", ""delay"": 1, ""decay"": 4, ""neutralization"": ""MARKET"", ""truncation"": 0.05, ""pasteurization"": ""ON"", ""unitHandling"": ""VERIFY"", ""nanHandling"": ""ON"", ""language"": ""FASTEXPR"", ""visualization"": false}",0,ad447d4822cd5bdfed5e1fd016f38b050a21e18054ba196c2bd41c0751347d4a,"group_neutralize(mul(div(ts_mean(volume,#),adv20),ts_zscore(div(ts_delta(anl10_analyst_innovation_eps_innovate_increase_fy1,#),cap),#)),sector)","group_neutralize(mul(div(ts_mean(FIELD,#),FIELD),ts_zscore(div(ts_delta(FIELD,#),FIELD),#)),sector)",2026-08-02T02:25:38.282907+00:00
arch_delta_liquid:primary,arch_delta_liquid,proven,10.7,"group_neutralize(ts_zscore(ts_delta(anl10_analyst_innovation_eps_innovate_increase_fy2,126)/cap,126)*rank(ts_mean(volume,63)/adv20),sector)","{""instrumentType"": ""EQUITY"", ""region"": ""USA"", ""universe"": ""TOP3000"", ""delay"": 1, ""decay"": 4, ""neutralization"": ""MARKET"", ""truncation"": 0.05, ""pasteurization"": ""ON"", ""unitHandling"": ""VERIFY"", ""nanHandling"": ""ON"", ""language"": ""FASTEXPR"", ""visualization"": false}",0,fefee2f06ad763812591c53520bfeb1c2ba618ca2302017efc697ea677c786df,"group_neutralize(mul(div(ts_mean(volume,#),adv20),ts_zscore(div(ts_delta(anl10_analyst_innovation_eps_innovate_increase_fy2,#),cap),#)),sector)","group_neutralize(mul(div(ts_mean(FIELD,#),FIELD),ts_zscore(div(ts_delta(FIELD,#),FIELD),#)),sector)",2026-08-02T02:25:38.282907+00:00
arch_delta_liquid:primary,arch_delta_liquid,proven,10.7,"group_neutralize(ts_zscore(ts_delta(anl10_analyst_innovation_eps_innovate_decrease_fy2,126)/cap,126)*rank(ts_mean(volume,63)/adv20),sector)","{""instrumentType"": ""EQUITY"", ""region"": ""USA"", ""universe"": ""TOP3000"", ""delay"": 1, ""decay"": 4, ""neutralization"": ""MARKET"", ""truncation"": 0.05, ""pasteurization"": ""ON"", ""unitHandling"": ""VERIFY"", ""nanHandling"": ""ON"", ""language"": ""FASTEXPR"", ""visualization"": false}",0,c8894f97dcee786197eed0aff9e124265a9f8c115c0fadb97cc506d7cf6f8510,"group_neutralize(mul(div(ts_mean(volume,#),adv20),ts_zscore(div(ts_delta(anl10_analyst_innovation_eps_innovate_decrease_fy2,#),cap),#)),sector)","group_neutralize(mul(div(ts_mean(FIELD,#),FIELD),ts_zscore(div(ts_delta(FIELD,#),FIELD),#)),sector)",2026-08-02T02:25:38.282907+00:00
arch_delta_liquid:primary,arch_delta_liquid,proven,10.7,"group_neutralize(ts_zscore(ts_delta(anl10_analyst_innovation_eps_innovate_decrease_fq1,126)/cap,126)*rank(ts_mean(volume,63)/adv20),sector)","{""instrumentType"": ""EQUITY"", ""region"": ""USA"", ""universe"": ""TOP3000"", ""delay"": 1, ""decay"": 4, ""neutralization"": ""MARKET"", ""truncation"": 0.05, ""pasteurization"": ""ON"", ""unitHandling"": ""VERIFY"", ""nanHandling"": ""ON"", ""language"": ""FASTEXPR"", ""visualization"": false}",0,4c1acb84e7b4daf88905c7f9185df3419a246592350e2461111847082ad215c5,"group_neutralize(mul(div(ts_mean(volume,#),adv20),ts_zscore(div(ts_delta(anl10_analyst_innovation_eps_innovate_decrease_fq1,#),cap),#)),sector)","group_neutralize(mul(div(ts_mean(FIELD,#),FIELD),ts_zscore(div(ts_delta(FIELD,#),FIELD),#)),sector)",2026-08-02T02:25:38.282907+00:00
arch_delta_liquid:primary,arch_delta_liquid,proven,10.7,"group_neutralize(ts_zscore(ts_delta(anl10_analyst_innovation_eps_innovate_increase_fq1,126)/cap,126)*rank(ts_mean(volume,63)/adv20),sector)","{""instrumentType"": ""EQUITY"", ""region"": ""USA"", ""universe"": ""TOP3000"", ""delay"": 1, ""decay"": 4, ""neutralization"": ""MARKET"", ""truncation"": 0.05, ""pasteurization"": ""ON"", ""unitHandling"": ""VERIFY"", ""nanHandling"": ""ON"", ""language"": ""FASTEXPR"", ""visualization"": false}",0,1a264a1365e83e31fd462bd2f68236e96f21b8bf5e9f89d7e16506102eb45713,"group_neutralize(mul(div(ts_mean(volume,#),adv20),ts_zscore(div(ts_delta(anl10_analyst_innovation_eps_innovate_increase_fq1,#),cap),#)),sector)","group_neutralize(mul(div(ts_mean(FIELD,#),FIELD),ts_zscore(div(ts_delta(FIELD,#),FIELD),#)),sector)",2026-08-02T02:25:38.282907+00:00
arch_delta_liquid:primary,arch_delta_liquid,proven,10.7,"group_neutralize(ts_zscore(ts_delta(anl10_analyst_innovation_eps_innovate_decrease_fq2,126)/cap,126)*rank(ts_mean(volume,63)/adv20),sector)","{""instrumentType"": ""EQUITY"", ""region"": ""USA"", ""universe"": ""TOP3000"", ""delay"": 1, ""decay"": 4, ""neutralization"": ""MARKET"", ""truncation"": 0.05, ""pasteurization"": ""ON"", ""unitHandling"": ""VERIFY"", ""nanHandling"": ""ON"", ""language"": ""FASTEXPR"", ""visualization"": false}",0,d5bfb68db29ad4637be896df75571f92e5ac5edd5d44a0190e9f59b61cb5546f,"group_neutralize(mul(div(ts_mean(volume,#),adv20),ts_zscore(div(ts_delta(anl10_analyst_innovation_eps_innovate_decrease_fq2,#),cap),#)),sector)","group_neutralize(mul(div(ts_mean(FIELD,#),FIELD),ts_zscore(div(ts_delta(FIELD,#),FIELD),#)),sector)",2026-08-02T02:25:38.282907+00:00
arch_delta_liquid:primary,arch_delta_liquid,proven,10.7,"group_neutralize(ts_zscore(ts_delta(anl10_analyst_innovation_eps_innovate_increase_fq2,126)/cap,126)*rank(ts_mean(volume,63)/adv20),sector)","{""instrumentType"": ""EQUITY"", ""region"": ""USA"", ""universe"": ""TOP3000"", ""delay"": 1, ""decay"": 4, ""neutralization"": ""MARKET"", ""truncation"": 0.05, ""pasteurization"": ""ON"", ""unitHandling"": ""VERIFY"", ""nanHandling"": ""ON"", ""language"": ""FASTEXPR"", ""visualization"": false}",0,365e0210591bcedc777c4fb077040a8b6426c2c07e6918f62fb4fdcadd82a1f1,"group_neutralize(mul(div(ts_mean(volume,#),adv20),ts_zscore(div(ts_delta(anl10_analyst_innovation_eps_innovate_increase_fq2,#),cap),#)),sector)","group_neutralize(mul(div(ts_mean(FIELD,#),FIELD),ts_zscore(div(ts_delta(FIELD,#),FIELD),#)),sector)",2026-08-02T02:25:38.282907+00:00
arch_delta_liquid:primary,arch_delta_liquid,proven,10.7,"group_neutralize(ts_zscore(ts_delta(anl10_analyst_innovation_eps_revise_ratio_to_close_fq1,126)/cap,126)*rank(ts_mean(volume,63)/adv20),sector)","{""instrumentType"": ""EQUITY"", ""region"": ""USA"", ""universe"": ""TOP3000"", ""delay"": 1, ""decay"": 4, ""neutralization"": ""MARKET"", ""truncation"": 0.05, ""pasteurization"": ""ON"", ""unitHandling"": ""VERIFY"", ""nanHandling"": ""ON"", ""language"": ""FASTEXPR"", ""visualization"": false}",0,20aec875d765909b5575efe470e08dff69a04f15a0be9c25c4504c290146f832,"group_neutralize(mul(div(ts_mean(volume,#),adv20),ts_zscore(div(ts_delta(anl10_analyst_innovation_eps_revise_ratio_to_close_fq1,#),cap),#)),sector)","group_neutralize(mul(div(ts_mean(FIELD,#),FIELD),ts_zscore(div(ts_delta(FIELD,#),FIELD),#)),sector)",2026-08-02T02:25:38.282907+00:00
arch_delta_liquid:primary,arch_delta_liquid,proven,10.7,"group_neutralize(ts_zscore(ts_delta(anl10_analyst_innovation_eps_revise_ratio_to_close_fq2,126)/cap,126)*rank(ts_mean(volume,63)/adv20),sector)","{""instrumentType"": ""EQUITY"", ""region"": ""USA"", ""universe"": ""TOP3000"", ""delay"": 1, ""decay"": 4, ""neutralization"": ""MARKET"", ""truncation"": 0.05, ""pasteurization"": ""ON"", ""unitHandling"": ""VERIFY"", ""nanHandling"": ""ON"", ""language"": ""FASTEXPR"", ""visualization"": false}",0,c51eeb3cbae4b95f024aac3d214d8c2480f0e3e01eaca1e6dc81da96f3dcb85d,"group_neutralize(mul(div(ts_mean(volume,#),adv20),ts_zscore(div(ts_delta(anl10_analyst_innovation_eps_revise_ratio_to_close_fq2,#),cap),#)),sector)","group_neutralize(mul(div(ts_mean(FIELD,#),FIELD),ts_zscore(div(ts_delta(FIELD,#),FIELD),#)),sector)",2026-08-02T02:25:38.282907+00:00
arch_hybrid_lowvol:primary,arch_hybrid_lowvol,proven,9.95,"group_neutralize(ts_zscore(anl14_stddev_ebitda_fy4/cap,126)*-rank(ts_std_dev(returns,126)),sector)","{""instrumentType"": ""EQUITY"", ""region"": ""USA"", ""universe"": ""TOP3000"", ""delay"": 1, ""decay"": 4, ""neutralization"": ""MARKET"", ""truncation"": 0.05, ""pasteurization"": ""ON"", ""unitHandling"": ""VERIFY"", ""nanHandling"": ""ON"", ""language"": ""FASTEXPR"", ""visualization"": false}",0,d95ae49e46f1a43d8642c3e547d9ae174277321b941edb6d6f35f0bbca41ff5e,"group_neutralize(mul(neg(ts_std_dev(returns,#)),ts_zscore(div(anl14_stddev_ebitda_fy4,cap),#)),sector)","group_neutralize(mul(neg(ts_std_dev(FIELD,#)),ts_zscore(div(FIELD,FIELD),#)),sector)",2026-08-02T02:25:38.282907+00:00
arch_hybrid_lowvol:primary,arch_hybrid_lowvol,proven,9.95,"group_neutralize(ts_zscore(anl14_median_ebitda_fy5/cap,126)*-rank(ts_std_dev(returns,126)),market)","{""instrumentType"": ""EQUITY"", ""region"": ""USA"", ""universe"": ""TOP3000"", ""delay"": 1, ""decay"": 4, ""neutralization"": ""MARKET"", ""truncation"": 0.05, ""pasteurization"": ""ON"", ""unitHandling"": ""VERIFY"", ""nanHandling"": ""ON"", ""language"": ""FASTEXPR"", ""visualization"": false}",0,d3ebd0ce537cff698a33d2133e8ece56b15ea6f5655a7c721023821b2b6d1a98,"group_neutralize(mul(neg(ts_std_dev(returns,#)),ts_zscore(div(anl14_median_ebitda_fy5,cap),#)),market)","group_neutralize(mul(neg(ts_std_dev(FIELD,#)),ts_zscore(div(FIELD,FIELD),#)),market)",2026-08-02T02:25:38.282907+00:00
arch_hybrid_lowvol:primary,arch_hybrid_lowvol,proven,9.95,"group_neutralize(ts_zscore(anl14_median_ebitda_fy4/cap,126)*-rank(ts_std_dev(returns,126)),sector)","{""instrumentType"": ""EQUITY"", ""region"": ""USA"", ""universe"": ""TOP3000"", ""delay"": 1, ""decay"": 4, ""neutralization"": ""MARKET"", ""truncation"": 0.05, ""pasteurization"": ""ON"", ""unitHandling"": ""VERIFY"", ""nanHandling"": ""ON"", ""language"": ""FASTEXPR"", ""visualization"": false}",0,48f4ef2d12d32beba7bee88098a272557581ba836d1b44694ea2bb67406b6b72,"group_neutralize(mul(neg(ts_std_dev(returns,#)),ts_zscore(div(anl14_median_ebitda_fy4,cap),#)),sector)","group_neutralize(mul(neg(ts_std_dev(FIELD,#)),ts_zscore(div(FIELD,FIELD),#)),sector)",2026-08-02T02:25:38.282907+00:00
arch_hybrid_lowvol:primary,arch_hybrid_lowvol,proven,9.95,"group_neutralize(ts_zscore(anl14_stddev_ebitda_fp4/cap,126)*-rank(ts_std_dev(returns,126)),sector)","{""instrumentType"": ""EQUITY"", ""region"": ""USA"", ""universe"": ""TOP3000"", ""delay"": 1, ""decay"": 4, ""neutralization"": ""MARKET"", ""truncation"": 0.05, ""pasteurization"": ""ON"", ""unitHandling"": ""VERIFY"", ""nanHandling"": ""ON"", ""language"": ""FASTEXPR"", ""visualization"": false}",0,91bb8f8d34058cfb3e3be21de3a9ea8dd96857a2f5771b04ff84f8e55238d6d4,"group_neutralize(mul(neg(ts_std_dev(returns,#)),ts_zscore(div(anl14_stddev_ebitda_fp4,cap),#)),sector)","group_neutralize(mul(neg(ts_std_dev(FIELD,#)),ts_zscore(div(FIELD,FIELD),#)),sector)",2026-08-02T02:25:38.282907+00:00
arch_hybrid_lowvol:primary,arch_hybrid_lowvol,proven,9.95,"group_neutralize(ts_zscore(anl14_stddev_ebitda_fp5/cap,126)*-rank(ts_std_dev(returns,126)),market)","{""instrumentType"": ""EQUITY"", ""region"": ""USA"", ""universe"": ""TOP3000"", ""delay"": 1, ""decay"": 4, ""neutralization"": ""MARKET"", ""truncation"": 0.05, ""pasteurization"": ""ON"", ""unitHandling"": ""VERIFY"", ""nanHandling"": ""ON"", ""language"": ""FASTEXPR"", ""visualization"": false}",0,00a2cc434f6f0979113fdaf8103cde555b116e660fed2b83675b7670d4d55c52,"group_neutralize(mul(neg(ts_std_dev(returns,#)),ts_zscore(div(anl14_stddev_ebitda_fp5,cap),#)),market)","group_neutralize(mul(neg(ts_std_dev(FIELD,#)),ts_zscore(div(FIELD,FIELD),#)),market)",2026-08-02T02:25:38.282907+00:00
arch_hybrid_lowvol:primary,arch_hybrid_lowvol,proven,9.95,"group_neutralize(ts_zscore(anl14_stddev_ebitda_fy1/cap,126)*-rank(ts_std_dev(returns,126)),market)","{""instrumentType"": ""EQUITY"", ""region"": ""USA"", ""universe"": ""TOP3000"", ""delay"": 1, ""decay"": 4, ""neutralization"": ""MARKET"", ""truncation"": 0.05, ""pasteurization"": ""ON"", ""unitHandling"": ""VERIFY"", ""nanHandling"": ""ON"", ""language"": ""FASTEXPR"", ""visualization"": false}",0,da53e71896eae01197a738ae52cd39fa85c6d56390858607e3aedb383f866847,"group_neutralize(mul(neg(ts_std_dev(returns,#)),ts_zscore(div(anl14_stddev_ebitda_fy1,cap),#)),market)","group_neutralize(mul(neg(ts_std_dev(FIELD,#)),ts_zscore(div(FIELD,FIELD),#)),market)",2026-08-02T02:25:38.282907+00:00
arch_hybrid_lowvol:primary,arch_hybrid_lowvol,proven,9.95,"group_neutralize(ts_zscore(anl14_median_ebitda_fp5/cap,126)*-rank(ts_std_dev(returns,126)),sector)","{""instrumentType"": ""EQUITY"", ""region"": ""USA"", ""universe"": ""TOP3000"", ""delay"": 1, ""decay"": 4, ""neutralization"": ""MARKET"", ""truncation"": 0.05, ""pasteurization"": ""ON"", ""unitHandling"": ""VERIFY"", ""nanHandling"": ""ON"", ""language"": ""FASTEXPR"", ""visualization"": false}",0,0a1f58e26d78c0dbc1b86a232cb90986474fa522069f63248b09b22fd097a85d,"group_neutralize(mul(neg(ts_std_dev(returns,#)),ts_zscore(div(anl14_median_ebitda_fp5,cap),#)),sector)","group_neutralize(mul(neg(ts_std_dev(FIELD,#)),ts_zscore(div(FIELD,FIELD),#)),sector)",2026-08-02T02:25:38.282907+00:00
arch_hybrid_lowvol:primary,arch_hybrid_lowvol,proven,9.95,"group_neutralize(ts_zscore(anl14_stddev_ebitda_fp3/cap,126)*-rank(ts_std_dev(returns,126)),market)","{""instrumentType"": ""EQUITY"", ""region"": ""USA"", ""universe"": ""TOP3000"", ""delay"": 1, ""decay"": 4, ""neutralization"": ""MARKET"", ""truncation"": 0.05, ""pasteurization"": ""ON"", ""unitHandling"": ""VERIFY"", ""nanHandling"": ""ON"", ""language"": ""FASTEXPR"", ""visualization"": false}",0,54a707a657c52218f51a2ef959b3785971f4d30efd4a23d76aea99e7168fab26,"group_neutralize(mul(neg(ts_std_dev(returns,#)),ts_zscore(div(anl14_stddev_ebitda_fp3,cap),#)),market)","group_neutralize(mul(neg(ts_std_dev(FIELD,#)),ts_zscore(div(FIELD,FIELD),#)),market)",2026-08-02T02:25:38.282907+00:00
arch_hybrid_lowvol:primary,arch_hybrid_lowvol,proven,9.95,"group_neutralize(ts_zscore(anl14_stddev_ebitda_fy5/cap,126)*-rank(ts_std_dev(returns,126)),industry)","{""instrumentType"": ""EQUITY"", ""region"": ""USA"", ""universe"": ""TOP3000"", ""delay"": 1, ""decay"": 4, ""neutralization"": ""MARKET"", ""truncation"": 0.05, ""pasteurization"": ""ON"", ""unitHandling"": ""VERIFY"", ""nanHandling"": ""ON"", ""language"": ""FASTEXPR"", ""visualization"": false}",0,16df37046861603b1816efa1e47e7f90de414b543bbad6091373da6b49e8b4ad,"group_neutralize(mul(neg(ts_std_dev(returns,#)),ts_zscore(div(anl14_stddev_ebitda_fy5,cap),#)),industry)","group_neutralize(mul(neg(ts_std_dev(FIELD,#)),ts_zscore(div(FIELD,FIELD),#)),industry)",2026-08-02T02:25:38.282907+00:00
arch_hybrid_lowvol:primary,arch_hybrid_lowvol,proven,9.95,"group_neutralize(ts_zscore(anl14_numofests_ebitda_fy1/cap,126)*-rank(ts_std_dev(returns,126)),sector)","{""instrumentType"": ""EQUITY"", ""region"": ""USA"", ""universe"": ""TOP3000"", ""delay"": 1, ""decay"": 4, ""neutralization"": ""MARKET"", ""truncation"": 0.05, ""pasteurization"": ""ON"", ""unitHandling"": ""VERIFY"", ""nanHandling"": ""ON"", ""language"": ""FASTEXPR"", ""visualization"": false}",0,6b50e058057657d022d376a46757d873f9b34fd78a9b850cde10be76f87a9eb9,"group_neutralize(mul(neg(ts_std_dev(returns,#)),ts_zscore(div(anl14_numofests_ebitda_fy1,cap),#)),sector)","group_neutralize(mul(neg(ts_std_dev(FIELD,#)),ts_zscore(div(FIELD,FIELD),#)),sector)",2026-08-02T02:25:38.282907+00:00
arch_regime_shift:primary,arch_regime_shift,proven,9.3,"group_neutralize((ts_zscore(anl10_roeff_2323/cap,126)-ts_zscore(anl10_roeff_2323/cap,252))*rank(ts_mean(volume,63)/adv20),industry)","{""instrumentType"": ""EQUITY"", ""region"": ""USA"", ""universe"": ""TOP3000"", ""delay"": 1, ""decay"": 6, ""neutralization"": ""MARKET"", ""truncation"": 0.05, ""pasteurization"": ""ON"", ""unitHandling"": ""VERIFY"", ""nanHandling"": ""ON"", ""language"": ""FASTEXPR"", ""visualization"": false}",0,ca153994339996a7e4c46fc67d09431e4956e04e830e0f30575c8529fbeb80a6,"group_neutralize(mul(div(ts_mean(volume,#),adv20),sub(ts_zscore(div(anl10_roeff_2323,cap),#),ts_zscore(div(anl10_roeff_2323,cap),#))),industry)","group_neutralize(mul(div(ts_mean(FIELD,#),FIELD),sub(ts_zscore(div(FIELD,FIELD),#),ts_zscore(div(FIELD,FIELD),#))),industry)",2026-08-02T02:25:38.282907+00:00
arch_regime_shift:primary,arch_regime_shift,proven,9.15,"group_neutralize((ts_zscore(anl10_roeff_2323/cap,63)-ts_zscore(anl10_roeff_2323/cap,252))*rank(ts_mean(volume,63)/adv20),industry)","{""instrumentType"": ""EQUITY"", ""region"": ""USA"", ""universe"": ""TOP3000"", ""delay"": 1, ""decay"": 6, ""neutralization"": ""MARKET"", ""truncation"": 0.05, ""pasteurization"": ""ON"", ""unitHandling"": ""VERIFY"", ""nanHandling"": ""ON"", ""language"": ""FASTEXPR"", ""visualization"": false}",0,6fd947992d1efeab27bd248c28d44d6f3552cadfa30c5835db3c9bf1ef1a5315,"group_neutralize(mul(div(ts_mean(volume,#),adv20),sub(ts_zscore(div(anl10_roeff_2323,cap),#),ts_zscore(div(anl10_roeff_2323,cap),#))),industry)","group_neutralize(mul(div(ts_mean(FIELD,#),FIELD),sub(ts_zscore(div(FIELD,FIELD),#),ts_zscore(div(FIELD,FIELD),#))),industry)",2026-08-02T02:25:38.282907+00:00
arch_regime_shift:primary,arch_regime_shift,proven,9.0,"group_neutralize((ts_zscore(anl10_roeff_2323/cap,63)-ts_zscore(anl10_roeff_2323/cap,126))*rank(ts_mean(volume,63)/adv20),industry)","{""instrumentType"": ""EQUITY"", ""region"": ""USA"", ""universe"": ""TOP3000"", ""delay"": 1, ""decay"": 6, ""neutralization"": ""MARKET"", ""truncation"": 0.05, ""pasteurization"": ""ON"", ""unitHandling"": ""VERIFY"", ""nanHandling"": ""ON"", ""language"": ""FASTEXPR"", ""visualization"": false}",0,7f30a4d4009260dcff2eacbd4910b1e6539e7ab9a5be9e81f0550565a8ae3456,"group_neutralize(mul(div(ts_mean(volume,#),adv20),sub(ts_zscore(div(anl10_roeff_2323,cap),#),ts_zscore(div(anl10_roeff_2323,cap),#))),industry)","group_neutralize(mul(div(ts_mean(FIELD,#),FIELD),sub(ts_zscore(div(FIELD,FIELD),#),ts_zscore(div(FIELD,FIELD),#))),industry)",2026-08-02T02:25:38.282907+00:00
arch_analyst_liquid:primary,arch_analyst_liquid,proven,8.7,"group_neutralize(ts_zscore(workforce_pillar_composite_score,126)*rank(ts_mean(volume,63)/adv20),market)","{""instrumentType"": ""EQUITY"", ""region"": ""USA"", ""universe"": ""TOP3000"", ""delay"": 1, ""decay"": 4, ""neutralization"": ""MARKET"", ""truncation"": 0.06, ""pasteurization"": ""ON"", ""unitHandling"": ""VERIFY"", ""nanHandling"": ""ON"", ""language"": ""FASTEXPR"", ""visualization"": false}",0,177f977f60a4dc84c7aa44cc1448dff5fc216947ca29db9e53df11c95bc96b6d,"group_neutralize(mul(div(ts_mean(volume,#),adv20),ts_zscore(workforce_pillar_composite_score,#)),market)","group_neutralize(mul(div(ts_mean(FIELD,#),FIELD),ts_zscore(FIELD,#)),market)",2026-08-02T02:25:38.282907+00:00
arch_analyst_liquid:primary,arch_analyst_liquid,proven,8.7,"group_neutralize(ts_zscore(industry_fy3_marketcap_percent,126)*rank(ts_mean(volume,63)/adv20),industry)","{""instrumentType"": ""EQUITY"", ""region"": ""USA"", ""universe"": ""TOP3000"", ""delay"": 1, ""decay"": 4, ""neutralization"": ""MARKET"", ""truncation"": 0.06, ""pasteurization"": ""ON"", ""unitHandling"": ""VERIFY"", ""nanHandling"": ""ON"", ""language"": ""FASTEXPR"", ""visualization"": false}",0,1d99d58047c625bf36cf94163788be7651f5245ca4bab5660c7973e04a14fed1,"group_neutralize(mul(div(ts_mean(volume,#),adv20),ts_zscore(industry_fy3_marketcap_percent,#)),industry)","group_neutralize(mul(div(ts_mean(FIELD,#),FIELD),ts_zscore(FIELD,#)),industry)",2026-08-02T02:25:38.282907+00:00
arch_analyst_liquid:primary,arch_analyst_liquid,proven,8.7,"group_neutralize(ts_zscore(community_pillar_composite_score,126)*rank(ts_mean(volume,63)/adv20),market)","{""instrumentType"": ""EQUITY"", ""region"": ""USA"", ""universe"": ""TOP3000"", ""delay"": 1, ""decay"": 4, ""neutralization"": ""MARKET"", ""truncation"": 0.06, ""pasteurization"": ""ON"", ""unitHandling"": ""VERIFY"", ""nanHandling"": ""ON"", ""language"": ""FASTEXPR"", ""visualization"": false}",0,36e4733cce8bb5d907954f3c5b1ca8f443b28d9e4c9f5b82ff5ec09e93a58cab,"group_neutralize(mul(div(ts_mean(volume,#),adv20),ts_zscore(community_pillar_composite_score,#)),market)","group_neutralize(mul(div(ts_mean(FIELD,#),FIELD),ts_zscore(FIELD,#)),market)",2026-08-02T02:25:38.282907+00:00
arch_analyst_liquid:primary,arch_analyst_liquid,proven,8.7,"group_neutralize(ts_zscore(anl15_dpsgics_ind_18_m_ests_dn,126)*rank(ts_mean(volume,63)/adv20),industry)","{""instrumentType"": ""EQUITY"", ""region"": ""USA"", ""universe"": ""TOP3000"", ""delay"": 1, ""decay"": 4, ""neutralization"": ""MARKET"", ""truncation"": 0.06, ""pasteurization"": ""ON"", ""unitHandling"": ""VERIFY"", ""nanHandling"": ""ON"", ""language"": ""FASTEXPR"", ""visualization"": false}",0,1e16ff9a2c59e73e75c4fee1158eb6abbc6ab078b3593f2bfa2472c7efea53d8,"group_neutralize(mul(div(ts_mean(volume,#),adv20),ts_zscore(anl15_dpsgics_ind_18_m_ests_dn,#)),industry)","group_neutralize(mul(div(ts_mean(FIELD,#),FIELD),ts_zscore(FIELD,#)),industry)",2026-08-02T02:25:38.282907+00:00
arch_analyst_liquid:primary,arch_analyst_liquid,proven,8.7,"group_neutralize(ts_zscore(industry_12mo_marketcap_percent,126)*rank(ts_mean(volume,63)/adv20),industry)","{""instrumentType"": ""EQUITY"", ""region"": ""USA"", ""universe"": ""TOP3000"", ""delay"": 1, ""decay"": 4, ""neutralization"": ""MARKET"", ""truncation"": 0.06, ""pasteurization"": ""ON"", ""unitHandling"": ""VERIFY"", ""nanHandling"": ""ON"", ""language"": ""FASTEXPR"", ""visualization"": false}",0,a5fa003dc38e057d7d0326eb67384ccdc8265896464b15923197ebf30d35ce71,"group_neutralize(mul(div(ts_mean(volume,#),adv20),ts_zscore(industry_12mo_marketcap_percent,#)),industry)","group_neutralize(mul(div(ts_mean(FIELD,#),FIELD),ts_zscore(FIELD,#)),industry)",2026-08-02T02:25:38.282907+00:00
arch_analyst_liquid:primary,arch_analyst_liquid,proven,8.7,"group_neutralize(ts_zscore(governance_pillar_composite_score,126)*rank(ts_mean(volume,63)/adv20),market)","{""instrumentType"": ""EQUITY"", ""region"": ""USA"", ""universe"": ""TOP3000"", ""delay"": 1, ""decay"": 4, ""neutralization"": ""MARKET"", ""truncation"": 0.06, ""pasteurization"": ""ON"", ""unitHandling"": ""VERIFY"", ""nanHandling"": ""ON"", ""language"": ""FASTEXPR"", ""visualization"": false}",0,681c3b003a19d29c8c48b7d6332bb11324aef39fbbb1d92ed7664e630f287d69,"group_neutralize(mul(div(ts_mean(volume,#),adv20),ts_zscore(governance_pillar_composite_score,#)),market)","group_neutralize(mul(div(ts_mean(FIELD,#),FIELD),ts_zscore(FIELD,#)),market)",2026-08-02T02:25:38.282907+00:00
arch_analyst_liquid:primary,arch_analyst_liquid,proven,8.7,"group_neutralize(ts_zscore(management_ethics_standards_score,126)*rank(ts_mean(volume,63)/adv20),sector)","{""instrumentType"": ""EQUITY"", ""region"": ""USA"", ""universe"": ""TOP3000"", ""delay"": 1, ""decay"": 4, ""neutralization"": ""MARKET"", ""truncation"": 0.06, ""pasteurization"": ""ON"", ""unitHandling"": ""VERIFY"", ""nanHandling"": ""ON"", ""language"": ""FASTEXPR"", ""visualization"": false}",0,0588db8e5b7eca215e110d95d3fb902f5e1c1db642c2a2c36acb83bd6edff871,"group_neutralize(mul(div(ts_mean(volume,#),adv20),ts_zscore(management_ethics_standards_score,#)),sector)","group_neutralize(mul(div(ts_mean(FIELD,#),FIELD),ts_zscore(FIELD,#)),sector)",2026-08-02T02:25:38.282907+00:00
arch_vol_price_div:primary,arch_vol_price_div,proven,8.55,"group_neutralize(ts_rank(ts_mean(volume,126)/adv20,126)*-rank(ts_delta(close,126)),market)","{""instrumentType"": ""EQUITY"", ""region"": ""USA"", ""universe"": ""TOP3000"", ""delay"": 1, ""decay"": 4, ""neutralization"": ""MARKET"", ""truncation"": 0.06, ""pasteurization"": ""ON"", ""unitHandling"": ""VERIFY"", ""nanHandling"": ""ON"", ""language"": ""FASTEXPR"", ""visualization"": false}",0,fbe366ce0ec43cc70b74c9528ac2f49bac38a2e69e2b935c71a9b3b5c74afe31,"group_neutralize(mul(neg(ts_delta(close,#)),ts_rank(div(ts_mean(volume,#),adv20),#)),market)","group_neutralize(mul(neg(ts_delta(FIELD,#)),ts_rank(div(ts_mean(FIELD,#),FIELD),#)),market)",2026-08-02T02:25:38.282907+00:00
arch_vol_price_div:primary,arch_vol_price_div,proven,8.55,"group_neutralize(ts_rank(ts_mean(volume,126)/adv20,126)*-rank(ts_delta(close,126)),sector)","{""instrumentType"": ""EQUITY"", ""region"": ""USA"", ""universe"": ""TOP3000"", ""delay"": 1, ""decay"": 4, ""neutralization"": ""MARKET"", ""truncation"": 0.06, ""pasteurization"": ""ON"", ""unitHandling"": ""VERIFY"", ""nanHandling"": ""ON"", ""language"": ""FASTEXPR"", ""visualization"": false}",0,32b665372629344ba465a82768d4c283c47916bb3dc985f882f3b2ca028f08c5,"group_neutralize(mul(neg(ts_delta(close,#)),ts_rank(div(ts_mean(volume,#),adv20),#)),sector)","group_neutralize(mul(neg(ts_delta(FIELD,#)),ts_rank(div(ts_mean(FIELD,#),FIELD),#)),sector)",2026-08-02T02:25:38.282907+00:00
arch_analyst_liquid:primary,arch_analyst_liquid,proven,8.55,"group_neutralize(ts_zscore(industry_12mo_marketcap_percent,63)*rank(ts_mean(volume,63)/adv20),industry)","{""instrumentType"": ""EQUITY"", ""region"": ""USA"", ""universe"": ""TOP3000"", ""delay"": 1, ""decay"": 4, ""neutralization"": ""MARKET"", ""truncation"": 0.06, ""pasteurization"": ""ON"", ""unitHandling"": ""VERIFY"", ""nanHandling"": ""ON"", ""language"": ""FASTEXPR"", ""visualization"": false}",0,55744033ac75666ab8e0a051e22e5eaa8a27a64eb2cffb3ff396ddbd6a87f796,"group_neutralize(mul(div(ts_mean(volume,#),adv20),ts_zscore(industry_12mo_marketcap_percent,#)),industry)","group_neutralize(mul(div(ts_mean(FIELD,#),FIELD),ts_zscore(FIELD,#)),industry)",2026-08-02T02:25:38.282907+00:00
arch_analyst_liquid:primary,arch_analyst_liquid,proven,8.55,"group_neutralize(ts_zscore(governance_pillar_composite_score,63)*rank(ts_mean(volume,63)/adv20),market)","{""instrumentType"": ""EQUITY"", ""region"": ""USA"", ""universe"": ""TOP3000"", ""delay"": 1, ""decay"": 4, ""neutralization"": ""MARKET"", ""truncation"": 0.06, ""pasteurization"": ""ON"", ""unitHandling"": ""VERIFY"", ""nanHandling"": ""ON"", ""language"": ""FASTEXPR"", ""visualization"": false}",0,8f05ffcc4296fb3ccc5fa9249803d193d48d498ecdd63a6c910f359611fe0aea,"group_neutralize(mul(div(ts_mean(volume,#),adv20),ts_zscore(governance_pillar_composite_score,#)),market)","group_neutralize(mul(div(ts_mean(FIELD,#),FIELD),ts_zscore(FIELD,#)),market)",2026-08-02T02:25:38.282907+00:00
arch_analyst_liquid:primary,arch_analyst_liquid,proven,8.55,"group_neutralize(ts_zscore(management_ethics_standards_score,63)*rank(ts_mean(volume,63)/adv20),sector)","{""instrumentType"": ""EQUITY"", ""region"": ""USA"", ""universe"": ""TOP3000"", ""delay"": 1, ""decay"": 4, ""neutralization"": ""MARKET"", ""truncation"": 0.06, ""pasteurization"": ""ON"", ""unitHandling"": ""VERIFY"", ""nanHandling"": ""ON"", ""language"": ""FASTEXPR"", ""visualization"": false}",0,b7672b2f848a8df3ad4d884153840f8b7f39757985362c35b83c9386fbff0ae0,"group_neutralize(mul(div(ts_mean(volume,#),adv20),ts_zscore(management_ethics_standards_score,#)),sector)","group_neutralize(mul(div(ts_mean(FIELD,#),FIELD),ts_zscore(FIELD,#)),sector)",2026-08-02T02:25:38.282907+00:00
arch_delta_liquid:primary,arch_delta_liquid,proven,8.5,"(group_rank(ts_delta(anl10_analyst_innovation_eps_innovate_decrease_fy1,126)/cap,industry)-0.5)*rank(ts_mean(volume,63)/adv20)","{""instrumentType"": ""EQUITY"", ""region"": ""USA"", ""universe"": ""TOP3000"", ""delay"": 1, ""decay"": 4, ""neutralization"": ""MARKET"", ""truncation"": 0.05, ""pasteurization"": ""ON"", ""unitHandling"": ""VERIFY"", ""nanHandling"": ""ON"", ""language"": ""FASTEXPR"", ""visualization"": false}",0,447e8c0ecc9970431540a8740d0aad6b98a859f0567b4f054c76c196b511be76,"mul(div(ts_mean(volume,#),adv20),sub(group_rank(div(ts_delta(anl10_analyst_innovation_eps_innovate_decrease_fy1,#),cap),industry),#))","mul(div(ts_mean(FIELD,#),FIELD),sub(group_rank(div(ts_delta(FIELD,#),FIELD),industry),#))",2026-08-02T02:25:38.282907+00:00
arch_delta_liquid:primary,arch_delta_liquid,proven,8.5,"(group_rank(ts_delta(anl10_analyst_innovation_eps_innovate_increase_fy1,126)/cap,industry)-0.5)*rank(ts_mean(volume,63)/adv20)","{""instrumentType"": ""EQUITY"", ""region"": ""USA"", ""universe"": ""TOP3000"", ""delay"": 1, ""decay"": 4, ""neutralization"": ""MARKET"", ""truncation"": 0.05, ""pasteurization"": ""ON"", ""unitHandling"": ""VERIFY"", ""nanHandling"": ""ON"", ""language"": ""FASTEXPR"", ""visualization"": false}",0,e529dd9dd326a9f17315633cb7bd5b151d9758ddf59c408ab3508926d565ce0f,"mul(div(ts_mean(volume,#),adv20),sub(group_rank(div(ts_delta(anl10_analyst_innovation_eps_innovate_increase_fy1,#),cap),industry),#))","mul(div(ts_mean(FIELD,#),FIELD),sub(group_rank(div(ts_delta(FIELD,#),FIELD),industry),#))",2026-08-02T02:25:38.282907+00:00
arch_delta_liquid:primary,arch_delta_liquid,proven,8.5,"(group_rank(ts_delta(anl10_analyst_innovation_eps_innovate_increase_fy2,126)/cap,industry)-0.5)*rank(ts_mean(volume,63)/adv20)","{""instrumentType"": ""EQUITY"", ""region"": ""USA"", ""universe"": ""TOP3000"", ""delay"": 1, ""decay"": 4, ""neutralization"": ""MARKET"", ""truncation"": 0.05, ""pasteurization"": ""ON"", ""unitHandling"": ""VERIFY"", ""nanHandling"": ""ON"", ""language"": ""FASTEXPR"", ""visualization"": false}",0,ccb8df4c6f817c489babb91fda6d67fedb466a39b31026a4b3fad12c8791f3f9,"mul(div(ts_mean(volume,#),adv20),sub(group_rank(div(ts_delta(anl10_analyst_innovation_eps_innovate_increase_fy2,#),cap),industry),#))","mul(div(ts_mean(FIELD,#),FIELD),sub(group_rank(div(ts_delta(FIELD,#),FIELD),industry),#))",2026-08-02T02:25:38.282907+00:00
arch_delta_liquid:primary,arch_delta_liquid,proven,8.5,"(group_rank(ts_delta(anl10_analyst_innovation_eps_innovate_decrease_fy2,126)/cap,industry)-0.5)*rank(ts_mean(volume,63)/adv20)","{""instrumentType"": ""EQUITY"", ""region"": ""USA"", ""universe"": ""TOP3000"", ""delay"": 1, ""decay"": 4, ""neutralization"": ""MARKET"", ""truncation"": 0.05, ""pasteurization"": ""ON"", ""unitHandling"": ""VERIFY"", ""nanHandling"": ""ON"", ""language"": ""FASTEXPR"", ""visualization"": false}",0,bd8f4ba47f55bc973e52eb8248e24d155d5da8a46eaa08e111224b22889121d0,"mul(div(ts_mean(volume,#),adv20),sub(group_rank(div(ts_delta(anl10_analyst_innovation_eps_innovate_decrease_fy2,#),cap),industry),#))","mul(div(ts_mean(FIELD,#),FIELD),sub(group_rank(div(ts_delta(FIELD,#),FIELD),industry),#))",2026-08-02T02:25:38.282907+00:00
arch_delta_liquid:primary,arch_delta_liquid,proven,8.5,"(group_rank(ts_delta(anl10_analyst_innovation_eps_innovate_decrease_fq1,126)/cap,industry)-0.5)*rank(ts_mean(volume,63)/adv20)","{""instrumentType"": ""EQUITY"", ""region"": ""USA"", ""universe"": ""TOP3000"", ""delay"": 1, ""decay"": 4, ""neutralization"": ""MARKET"", ""truncation"": 0.05, ""pasteurization"": ""ON"", ""unitHandling"": ""VERIFY"", ""nanHandling"": ""ON"", ""language"": ""FASTEXPR"", ""visualization"": false}",0,c64c66df2ce7013be14999a0784eb64e76e367c16d1a08a903a111efd4fc86d8,"mul(div(ts_mean(volume,#),adv20),sub(group_rank(div(ts_delta(anl10_analyst_innovation_eps_innovate_decrease_fq1,#),cap),industry),#))","mul(div(ts_mean(FIELD,#),FIELD),sub(group_rank(div(ts_delta(FIELD,#),FIELD),industry),#))",2026-08-02T02:25:38.282907+00:00
arch_delta_liquid:primary,arch_delta_liquid,proven,8.5,"(group_rank(ts_delta(anl10_analyst_innovation_eps_innovate_increase_fq1,126)/cap,industry)-0.5)*rank(ts_mean(volume,63)/adv20)","{""instrumentType"": ""EQUITY"", ""region"": ""USA"", ""universe"": ""TOP3000"", ""delay"": 1, ""decay"": 4, ""neutralization"": ""MARKET"", ""truncation"": 0.05, ""pasteurization"": ""ON"", ""unitHandling"": ""VERIFY"", ""nanHandling"": ""ON"", ""language"": ""FASTEXPR"", ""visualization"": false}",0,e2ce79f148c10032b53e20fd66c76704e8ee3f1512f233ab96ff7c15d44eeb04,"mul(div(ts_mean(volume,#),adv20),sub(group_rank(div(ts_delta(anl10_analyst_innovation_eps_innovate_increase_fq1,#),cap),industry),#))","mul(div(ts_mean(FIELD,#),FIELD),sub(group_rank(div(ts_delta(FIELD,#),FIELD),industry),#))",2026-08-02T02:25:38.282907+00:00
arch_delta_liquid:primary,arch_delta_liquid,proven,8.5,"(group_rank(ts_delta(anl10_analyst_innovation_eps_innovate_decrease_fq2,126)/cap,industry)-0.5)*rank(ts_mean(volume,63)/adv20)","{""instrumentType"": ""EQUITY"", ""region"": ""USA"", ""universe"": ""TOP3000"", ""delay"": 1, ""decay"": 4, ""neutralization"": ""MARKET"", ""truncation"": 0.05, ""pasteurization"": ""ON"", ""unitHandling"": ""VERIFY"", ""nanHandling"": ""ON"", ""language"": ""FASTEXPR"", ""visualization"": false}",0,d262e12ab425c90464d40b7047592b7576bed449e2d3fbee9bf6e0543d26414b,"mul(div(ts_mean(volume,#),adv20),sub(group_rank(div(ts_delta(anl10_analyst_innovation_eps_innovate_decrease_fq2,#),cap),industry),#))","mul(div(ts_mean(FIELD,#),FIELD),sub(group_rank(div(ts_delta(FIELD,#),FIELD),industry),#))",2026-08-02T02:25:38.282907+00:00
arch_delta_liquid:primary,arch_delta_liquid,proven,8.5,"(group_rank(ts_delta(anl10_analyst_innovation_eps_innovate_increase_fq2,126)/cap,industry)-0.5)*rank(ts_mean(volume,63)/adv20)","{""instrumentType"": ""EQUITY"", ""region"": ""USA"", ""universe"": ""TOP3000"", ""delay"": 1, ""decay"": 4, ""neutralization"": ""MARKET"", ""truncation"": 0.05, ""pasteurization"": ""ON"", ""unitHandling"": ""VERIFY"", ""nanHandling"": ""ON"", ""language"": ""FASTEXPR"", ""visualization"": false}",0,9c9e5c47178443753488c16b4cd33f0fe3a8e537a13b22bc4b2d4c5ca0731d83,"mul(div(ts_mean(volume,#),adv20),sub(group_rank(div(ts_delta(anl10_analyst_innovation_eps_innovate_increase_fq2,#),cap),industry),#))","mul(div(ts_mean(FIELD,#),FIELD),sub(group_rank(div(ts_delta(FIELD,#),FIELD),industry),#))",2026-08-02T02:25:38.282907+00:00
arch_delta_liquid:primary,arch_delta_liquid,proven,8.5,"(group_rank(ts_delta(anl10_analyst_innovation_eps_revise_ratio_to_close_fq1,126)/cap,industry)-0.5)*rank(ts_mean(volume,63)/adv20)","{""instrumentType"": ""EQUITY"", ""region"": ""USA"", ""universe"": ""TOP3000"", ""delay"": 1, ""decay"": 4, ""neutralization"": ""MARKET"", ""truncation"": 0.05, ""pasteurization"": ""ON"", ""unitHandling"": ""VERIFY"", ""nanHandling"": ""ON"", ""language"": ""FASTEXPR"", ""visualization"": false}",0,b26cdd7bc2ef47a2d158ef482835c3d0d5c2e5166855b915e888c5e9f58ac1ca,"mul(div(ts_mean(volume,#),adv20),sub(group_rank(div(ts_delta(anl10_analyst_innovation_eps_revise_ratio_to_close_fq1,#),cap),industry),#))","mul(div(ts_mean(FIELD,#),FIELD),sub(group_rank(div(ts_delta(FIELD,#),FIELD),industry),#))",2026-08-02T02:25:38.282907+00:00
arch_delta_liquid:primary,arch_delta_liquid,proven,8.5,"(group_rank(ts_delta(anl10_analyst_innovation_eps_revise_ratio_to_close_fq2,126)/cap,industry)-0.5)*rank(ts_mean(volume,63)/adv20)","{""instrumentType"": ""EQUITY"", ""region"": ""USA"", ""universe"": ""TOP3000"", ""delay"": 1, ""decay"": 4, ""neutralization"": ""MARKET"", ""truncation"": 0.05, ""pasteurization"": ""ON"", ""unitHandling"": ""VERIFY"", ""nanHandling"": ""ON"", ""language"": ""FASTEXPR"", ""visualization"": false}",0,e969c4cd5c71bb6a153b2772d4de86061fc0c56775a223e5c1d5841a4bcd48bc,"mul(div(ts_mean(volume,#),adv20),sub(group_rank(div(ts_delta(anl10_analyst_innovation_eps_revise_ratio_to_close_fq2,#),cap),industry),#))","mul(div(ts_mean(FIELD,#),FIELD),sub(group_rank(div(ts_delta(FIELD,#),FIELD),industry),#))",2026-08-02T02:25:38.282907+00:00
arch_vol_price_div:primary,arch_vol_price_div,proven,8.399999999999999,"group_neutralize(ts_rank(ts_mean(volume,63)/adv20,126)*-rank(ts_delta(close,126)),market)","{""instrumentType"": ""EQUITY"", ""region"": ""USA"", ""universe"": ""TOP3000"", ""delay"": 1, ""decay"": 4, ""neutralization"": ""MARKET"", ""truncation"": 0.06, ""pasteurization"": ""ON"", ""unitHandling"": ""VERIFY"", ""nanHandling"": ""ON"", ""language"": ""FASTEXPR"", ""visualization"": false}",0,b7b3c209ba384e2b33058b9e9bc266fee8e6c7caf70418c74e6a05856b7d1d14,"group_neutralize(mul(neg(ts_delta(close,#)),ts_rank(div(ts_mean(volume,#),adv20),#)),market)","group_neutralize(mul(neg(ts_delta(FIELD,#)),ts_rank(div(ts_mean(FIELD,#),FIELD),#)),market)",2026-08-02T02:25:38.282907+00:00
arch_vol_price_div:primary,arch_vol_price_div,proven,8.399999999999999,"group_neutralize(ts_rank(ts_mean(volume,63)/adv20,126)*-rank(ts_delta(close,126)),sector)","{""instrumentType"": ""EQUITY"", ""region"": ""USA"", ""universe"": ""TOP3000"", ""delay"": 1, ""decay"": 4, ""neutralization"": ""MARKET"", ""truncation"": 0.06, ""pasteurization"": ""ON"", ""unitHandling"": ""VERIFY"", ""nanHandling"": ""ON"", ""language"": ""FASTEXPR"", ""visualization"": false}",0,3cf42f0572b17a7ade60d43e6ea575fbad6a01b9d62247c0dac7aa809080e5df,"group_neutralize(mul(neg(ts_delta(close,#)),ts_rank(div(ts_mean(volume,#),adv20),#)),sector)","group_neutralize(mul(neg(ts_delta(FIELD,#)),ts_rank(div(ts_mean(FIELD,#),FIELD),#)),sector)",2026-08-02T02:25:38.282907+00:00
arch_vol_price_div:primary,arch_vol_price_div,proven,8.3,"group_neutralize(ts_rank(ts_mean(volume,42)/adv20,126)*-rank(ts_delta(close,126)),market)","{""instrumentType"": ""EQUITY"", ""region"": ""USA"", ""universe"": ""TOP3000"", ""delay"": 1, ""decay"": 4, ""neutralization"": ""MARKET"", ""truncation"": 0.06, ""pasteurization"": ""ON"", ""unitHandling"": ""VERIFY"", ""nanHandling"": ""ON"", ""language"": ""FASTEXPR"", ""visualization"": false}",0,9dced409fcf1c75a884cd36a95f4b0022a5dac99a082a70160b6330330209f62,"group_neutralize(mul(neg(ts_delta(close,#)),ts_rank(div(ts_mean(volume,#),adv20),#)),market)","group_neutralize(mul(neg(ts_delta(FIELD,#)),ts_rank(div(ts_mean(FIELD,#),FIELD),#)),market)",2026-08-02T02:25:38.282907+00:00
arch_vol_price_div:primary,arch_vol_price_div,proven,8.3,"group_neutralize(ts_rank(ts_mean(volume,42)/adv20,126)*-rank(ts_delta(close,126)),sector)","{""instrumentType"": ""EQUITY"", ""region"": ""USA"", ""universe"": ""TOP3000"", ""delay"": 1, ""decay"": 4, ""neutralization"": ""MARKET"", ""truncation"": 0.06, ""pasteurization"": ""ON"", ""unitHandling"": ""VERIFY"", ""nanHandling"": ""ON"", ""language"": ""FASTEXPR"", ""visualization"": false}",0,ae1ed6dbb2f1d605adebb036d72c993a2b7738bc633dff95fd176d313b6c4510,"group_neutralize(mul(neg(ts_delta(close,#)),ts_rank(div(ts_mean(volume,#),adv20),#)),sector)","group_neutralize(mul(neg(ts_delta(FIELD,#)),ts_rank(div(ts_mean(FIELD,#),FIELD),#)),sector)",2026-08-02T02:25:38.282907+00:00
arch_vol_price_div:primary,arch_vol_price_div,proven,8.25,"group_neutralize(ts_rank(ts_mean(volume,126)/adv20,63)*-rank(ts_delta(close,63)),market)","{""instrumentType"": ""EQUITY"", ""region"": ""USA"", ""universe"": ""TOP3000"", ""delay"": 1, ""decay"": 4, ""neutralization"": ""MARKET"", ""truncation"": 0.06, ""pasteurization"": ""ON"", ""unitHandling"": ""VERIFY"", ""nanHandling"": ""ON"", ""language"": ""FASTEXPR"", ""visualization"": false}",0,62b2a8684d00997117aca0949de17dffc291abf7e20c5025cc3f76a4e11a56d8,"group_neutralize(mul(neg(ts_delta(close,#)),ts_rank(div(ts_mean(volume,#),adv20),#)),market)","group_neutralize(mul(neg(ts_delta(FIELD,#)),ts_rank(div(ts_mean(FIELD,#),FIELD),#)),market)",2026-08-02T02:25:38.282907+00:00
arch_vol_price_div:primary,arch_vol_price_div,proven,8.25,"group_neutralize(ts_rank(ts_mean(volume,126)/adv20,63)*-rank(ts_delta(close,63)),sector)","{""instrumentType"": ""EQUITY"", ""region"": ""USA"", ""universe"": ""TOP3000"", ""delay"": 1, ""decay"": 4, ""neutralization"": ""MARKET"", ""truncation"": 0.06, ""pasteurization"": ""ON"", ""unitHandling"": ""VERIFY"", ""nanHandling"": ""ON"", ""language"": ""FASTEXPR"", ""visualization"": false}",0,05fb3639573ee0399ca132c8d087e1294517d9cd15b59e98364f8cef2a151f06,"group_neutralize(mul(neg(ts_delta(close,#)),ts_rank(div(ts_mean(volume,#),adv20),#)),sector)","group_neutralize(mul(neg(ts_delta(FIELD,#)),ts_rank(div(ts_mean(FIELD,#),FIELD),#)),sector)",2026-08-02T02:25:38.282907+00:00
arch_hybrid_level_liq:primary,arch_hybrid_level_liq,proven,8.25,"(group_rank(anl10_analyst_innovation_eps_innovate_decrease_fy1/cap,sector)-0.5)*rank(ts_mean(volume,63)/adv20)","{""instrumentType"": ""EQUITY"", ""region"": ""USA"", ""universe"": ""TOP3000"", ""delay"": 1, ""decay"": 4, ""neutralization"": ""MARKET"", ""truncation"": 0.05, ""pasteurization"": ""ON"", ""unitHandling"": ""VERIFY"", ""nanHandling"": ""ON"", ""language"": ""FASTEXPR"", ""visualization"": false}",0,18f430b3a899941cb3dd87c698256cc8d0439dbde6e101e33565ff04821f3151,"mul(div(ts_mean(volume,#),adv20),sub(group_rank(div(anl10_analyst_innovation_eps_innovate_decrease_fy1,cap),sector),#))","mul(div(ts_mean(FIELD,#),FIELD),sub(group_rank(div(FIELD,FIELD),sector),#))",2026-08-02T02:25:38.282907+00:00
arch_hybrid_level_liq:primary,arch_hybrid_level_liq,proven,8.25,"(group_rank(anl10_analyst_innovation_eps_innovate_increase_fy1/cap,market)-0.5)*rank(ts_mean(volume,63)/adv20)","{""instrumentType"": ""EQUITY"", ""region"": ""USA"", ""universe"": ""TOP3000"", ""delay"": 1, ""decay"": 4, ""neutralization"": ""MARKET"", ""truncation"": 0.05, ""pasteurization"": ""ON"", ""unitHandling"": ""VERIFY"", ""nanHandling"": ""ON"", ""language"": ""FASTEXPR"", ""visualization"": false}",0,9e2f36aeab38e8de7ecb388f75ab35bf049ed0c1ffc3c3c0fbfd9a914051bc85,"mul(div(ts_mean(volume,#),adv20),sub(group_rank(div(anl10_analyst_innovation_eps_innovate_increase_fy1,cap),market),#))","mul(div(ts_mean(FIELD,#),FIELD),sub(group_rank(div(FIELD,FIELD),market),#))",2026-08-02T02:25:38.282907+00:00
arch_hybrid_level_liq:primary,arch_hybrid_level_liq,proven,8.25,"(group_rank(anl10_analyst_innovation_eps_innovate_increase_fy2/cap,sector)-0.5)*rank(ts_mean(volume,63)/adv20)","{""instrumentType"": ""EQUITY"", ""region"": ""USA"", ""universe"": ""TOP3000"", ""delay"": 1, ""decay"": 4, ""neutralization"": ""MARKET"", ""truncation"": 0.05, ""pasteurization"": ""ON"", ""unitHandling"": ""VERIFY"", ""nanHandling"": ""ON"", ""language"": ""FASTEXPR"", ""visualization"": false}",0,efab004731644f9e1f6d81977bcc314f87628b702ecbbcaa99186a3fd13cfad2,"mul(div(ts_mean(volume,#),adv20),sub(group_rank(div(anl10_analyst_innovation_eps_innovate_increase_fy2,cap),sector),#))","mul(div(ts_mean(FIELD,#),FIELD),sub(group_rank(div(FIELD,FIELD),sector),#))",2026-08-02T02:25:38.282907+00:00
arch_hybrid_level_liq:primary,arch_hybrid_level_liq,proven,8.25,"(group_rank(anl10_analyst_innovation_eps_innovate_decrease_fy2/cap,market)-0.5)*rank(ts_mean(volume,63)/adv20)","{""instrumentType"": ""EQUITY"", ""region"": ""USA"", ""universe"": ""TOP3000"", ""delay"": 1, ""decay"": 4, ""neutralization"": ""MARKET"", ""truncation"": 0.05, ""pasteurization"": ""ON"", ""unitHandling"": ""VERIFY"", ""nanHandling"": ""ON"", ""language"": ""FASTEXPR"", ""visualization"": false}",0,b196d1e24358e7ddc14617fe46489a3272e1e444355ea6f7ec62e9bf7ae502a2,"mul(div(ts_mean(volume,#),adv20),sub(group_rank(div(anl10_analyst_innovation_eps_innovate_decrease_fy2,cap),market),#))","mul(div(ts_mean(FIELD,#),FIELD),sub(group_rank(div(FIELD,FIELD),market),#))",2026-08-02T02:25:38.282907+00:00
arch_hybrid_level_liq:primary,arch_hybrid_level_liq,proven,8.25,"(group_rank(anl10_analyst_innovation_eps_innovate_decrease_fq1/cap,market)-0.5)*rank(ts_mean(volume,63)/adv20)","{""instrumentType"": ""EQUITY"", ""region"": ""USA"", ""universe"": ""TOP3000"", ""delay"": 1, ""decay"": 4, ""neutralization"": ""MARKET"", ""truncation"": 0.05, ""pasteurization"": ""ON"", ""unitHandling"": ""VERIFY"", ""nanHandling"": ""ON"", ""language"": ""FASTEXPR"", ""visualization"": false}",0,2f2c34372cf92f4bb9773249cf87407492c716be1dd5ccf930f6b24fa6f92aca,"mul(div(ts_mean(volume,#),adv20),sub(group_rank(div(anl10_analyst_innovation_eps_innovate_decrease_fq1,cap),market),#))","mul(div(ts_mean(FIELD,#),FIELD),sub(group_rank(div(FIELD,FIELD),market),#))",2026-08-02T02:25:38.282907+00:00
arch_hybrid_level_liq:primary,arch_hybrid_level_liq,proven,8.25,"(group_rank(anl10_analyst_innovation_eps_innovate_decrease_fq2/cap,market)-0.5)*rank(ts_mean(volume,63)/adv20)","{""instrumentType"": ""EQUITY"", ""region"": ""USA"", ""universe"": ""TOP3000"", ""delay"": 1, ""decay"": 4, ""neutralization"": ""MARKET"", ""truncation"": 0.05, ""pasteurization"": ""ON"", ""unitHandling"": ""VERIFY"", ""nanHandling"": ""ON"", ""language"": ""FASTEXPR"", ""visualization"": false}",0,0c87f2ff0130a67fddeedbcb541ce8b693ab934e8f279b04ac081cd95ff5c5a5,"mul(div(ts_mean(volume,#),adv20),sub(group_rank(div(anl10_analyst_innovation_eps_innovate_decrease_fq2,cap),market),#))","mul(div(ts_mean(FIELD,#),FIELD),sub(group_rank(div(FIELD,FIELD),market),#))",2026-08-02T02:25:38.282907+00:00
arch_hybrid_level_liq:primary,arch_hybrid_level_liq,proven,8.25,"(group_rank(anl10_analyst_innovation_eps_normal_increase_fq2/cap,industry)-0.5)*rank(ts_mean(volume,63)/adv20)","{""instrumentType"": ""EQUITY"", ""region"": ""USA"", ""universe"": ""TOP3000"", ""delay"": 1, ""decay"": 4, ""neutralization"": ""MARKET"", ""truncation"": 0.05, ""pasteurization"": ""ON"", ""unitHandling"": ""VERIFY"", ""nanHandling"": ""ON"", ""language"": ""FASTEXPR"", ""visualization"": false}",0,a73c3b0cbec25ed6682e5a64fc0f5d5baad95f906f2d3f00074ff6641424ded5,"mul(div(ts_mean(volume,#),adv20),sub(group_rank(div(anl10_analyst_innovation_eps_normal_increase_fq2,cap),industry),#))","mul(div(ts_mean(FIELD,#),FIELD),sub(group_rank(div(FIELD,FIELD),industry),#))",2026-08-02T02:25:38.282907+00:00
arch_hybrid_level_liq:primary,arch_hybrid_level_liq,proven,8.25,"(group_rank(anl10_analyst_innovation_eps_innovate_increase_fq1/cap,industry)-0.5)*rank(ts_mean(volume,63)/adv20)","{""instrumentType"": ""EQUITY"", ""region"": ""USA"", ""universe"": ""TOP3000"", ""delay"": 1, ""decay"": 4, ""neutralization"": ""MARKET"", ""truncation"": 0.05, ""pasteurization"": ""ON"", ""unitHandling"": ""VERIFY"", ""nanHandling"": ""ON"", ""language"": ""FASTEXPR"", ""visualization"": false}",0,b749ba1df106d7c3125e3da9da4b16d6a7b466f5b1423db9105683caa379a965,"mul(div(ts_mean(volume,#),adv20),sub(group_rank(div(anl10_analyst_innovation_eps_innovate_increase_fq1,cap),industry),#))","mul(div(ts_mean(FIELD,#),FIELD),sub(group_rank(div(FIELD,FIELD),industry),#))",2026-08-02T02:25:38.282907+00:00
arch_hybrid_level_liq:primary,arch_hybrid_level_liq,proven,8.25,"(group_rank(anl10_analyst_innovation_eps_revise_ratio_to_close_fq1/cap,market)-0.5)*rank(ts_mean(volume,63)/adv20)","{""instrumentType"": ""EQUITY"", ""region"": ""USA"", ""universe"": ""TOP3000"", ""delay"": 1, ""decay"": 4, ""neutralization"": ""MARKET"", ""truncation"": 0.05, ""pasteurization"": ""ON"", ""unitHandling"": ""VERIFY"", ""nanHandling"": ""ON"", ""language"": ""FASTEXPR"", ""visualization"": false}",0,47be167e25294425b84becc23894155a0614ca28771c71cdc1424c2d215c0076,"mul(div(ts_mean(volume,#),adv20),sub(group_rank(div(anl10_analyst_innovation_eps_revise_ratio_to_close_fq1,cap),market),#))","mul(div(ts_mean(FIELD,#),FIELD),sub(group_rank(div(FIELD,FIELD),market),#))",2026-08-02T02:25:38.282907+00:00
arch_hybrid_level_liq:primary,arch_hybrid_level_liq,proven,8.25,"(group_rank(anl10_analyst_innovation_eps_revise_ratio_to_close_fq2/cap,sector)-0.5)*rank(ts_mean(volume,63)/adv20)","{""instrumentType"": ""EQUITY"", ""region"": ""USA"", ""universe"": ""TOP3000"", ""delay"": 1, ""decay"": 4, ""neutralization"": ""MARKET"", ""truncation"": 0.05, ""pasteurization"": ""ON"", ""unitHandling"": ""VERIFY"", ""nanHandling"": ""ON"", ""language"": ""FASTEXPR"", ""visualization"": false}",0,eeea2e0de38b74ded02ebc62ae357045e1e1ea6f87384135a242c3feca11bec1,"mul(div(ts_mean(volume,#),adv20),sub(group_rank(div(anl10_analyst_innovation_eps_revise_ratio_to_close_fq2,cap),sector),#))","mul(div(ts_mean(FIELD,#),FIELD),sub(group_rank(div(FIELD,FIELD),sector),#))",2026-08-02T02:25:38.282907+00:00
arch_vol_price_div:primary,arch_vol_price_div,proven,8.100000000000001,"group_neutralize(ts_rank(ts_mean(volume,63)/adv20,63)*-rank(ts_delta(close,63)),market)","{""instrumentType"": ""EQUITY"", ""region"": ""USA"", ""universe"": ""TOP3000"", ""delay"": 1, ""decay"": 4, ""neutralization"": ""MARKET"", ""truncation"": 0.06, ""pasteurization"": ""ON"", ""unitHandling"": ""VERIFY"", ""nanHandling"": ""ON"", ""language"": ""FASTEXPR"", ""visualization"": false}",0,13b3706adcb1c5b68fc78bbab93dd901ac68516f5b64c0fb69af6f5dc8d41f1e,"group_neutralize(mul(neg(ts_delta(close,#)),ts_rank(div(ts_mean(volume,#),adv20),#)),market)","group_neutralize(mul(neg(ts_delta(FIELD,#)),ts_rank(div(ts_mean(FIELD,#),FIELD),#)),market)",2026-08-02T02:25:38.282907+00:00
arch_spread:primary,arch_spread,proven,8.1,"group_neutralize(ts_zscore(anl14_stddev_ebitda_fy4/cap,126)-ts_zscore(anl14_stddev_ndebt_fp4/cap,126),sector)","{""instrumentType"": ""EQUITY"", ""region"": ""USA"", ""universe"": ""TOP3000"", ""delay"": 1, ""decay"": 6, ""neutralization"": ""MARKET"", ""truncation"": 0.05, ""pasteurization"": ""ON"", ""unitHandling"": ""VERIFY"", ""nanHandling"": ""ON"", ""language"": ""FASTEXPR"", ""visualization"": false}",0,0fed0dcd4dd1a0f2c459fe400a83b7e3cb58503ece80451d1c6db9b0cdf8211e,"group_neutralize(sub(ts_zscore(div(anl14_stddev_ebitda_fy4,cap),#),ts_zscore(div(anl14_stddev_ndebt_fp4,cap),#)),sector)","group_neutralize(sub(ts_zscore(div(FIELD,FIELD),#),ts_zscore(div(FIELD,FIELD),#)),sector)",2026-08-02T02:25:38.282907+00:00
arch_spread:primary,arch_spread,proven,8.1,"group_neutralize(ts_zscore(anl14_median_ebitda_fy5/cap,126)-ts_zscore(anl14_stddev_capex_fp2/cap,126),market)","{""instrumentType"": ""EQUITY"", ""region"": ""USA"", ""universe"": ""TOP3000"", ""delay"": 1, ""decay"": 6, ""neutralization"": ""MARKET"", ""truncation"": 0.05, ""pasteurization"": ""ON"", ""unitHandling"": ""VERIFY"", ""nanHandling"": ""ON"", ""language"": ""FASTEXPR"", ""visualization"": false}",0,759e2e51c3158bd2d03c7f84640e74b992a0e60852e0a9463925ec633676a9fc,"group_neutralize(sub(ts_zscore(div(anl14_median_ebitda_fy5,cap),#),ts_zscore(div(anl14_stddev_capex_fp2,cap),#)),market)","group_neutralize(sub(ts_zscore(div(FIELD,FIELD),#),ts_zscore(div(FIELD,FIELD),#)),market)",2026-08-02T02:25:38.282907+00:00
arch_spread:primary,arch_spread,proven,8.1,"group_neutralize(ts_zscore(anl14_stddev_ebitda_fy3/cap,126)-ts_zscore(anl14_stddev_capex_fy5/cap,126),market)","{""instrumentType"": ""EQUITY"", ""region"": ""USA"", ""universe"": ""TOP3000"", ""delay"": 1, ""decay"": 6, ""neutralization"": ""MARKET"", ""truncation"": 0.05, ""pasteurization"": ""ON"", ""unitHandling"": ""VERIFY"", ""nanHandling"": ""ON"", ""language"": ""FASTEXPR"", ""visualization"": false}",0,3955cc244750d128b65aff9b7ce82b6c226431d56f3ffc60bbdcc220acf89227,"group_neutralize(sub(ts_zscore(div(anl14_stddev_ebitda_fy3,cap),#),ts_zscore(div(anl14_stddev_capex_fy5,cap),#)),market)","group_neutralize(sub(ts_zscore(div(FIELD,FIELD),#),ts_zscore(div(FIELD,FIELD),#)),market)",2026-08-02T02:25:38.282907+00:00
arch_spread:primary,arch_spread,proven,8.1,"group_neutralize(ts_zscore(anl14_low_ebitda_fy1/cap,126)-ts_zscore(anl14_numofests_ndebt_fp1/cap,126),market)","{""instrumentType"": ""EQUITY"", ""region"": ""USA"", ""universe"": ""TOP3000"", ""delay"": 1, ""decay"": 6, ""neutralization"": ""MARKET"", ""truncation"": 0.05, ""pasteurization"": ""ON"", ""unitHandling"": ""VERIFY"", ""nanHandling"": ""ON"", ""language"": ""FASTEXPR"", ""visualization"": false}",0,40e8117089cdded110a776db6b3bf7aaf27c9c96803a418aef1792fede032b80,"group_neutralize(sub(ts_zscore(div(anl14_low_ebitda_fy1,cap),#),ts_zscore(div(anl14_numofests_ndebt_fp1,cap),#)),market)","group_neutralize(sub(ts_zscore(div(FIELD,FIELD),#),ts_zscore(div(FIELD,FIELD),#)),market)",2026-08-02T02:25:38.282907+00:00
arch_spread:primary,arch_spread,proven,8.1,"group_neutralize(ts_zscore(anl14_mean_ebitda_fp5/cap,126)-ts_zscore(anl14_stddev_revenue_fy4/cap,126),sector)","{""instrumentType"": ""EQUITY"", ""region"": ""USA"", ""universe"": ""TOP3000"", ""delay"": 1, ""decay"": 6, ""neutralization"": ""MARKET"", ""truncation"": 0.05, ""pasteurization"": ""ON"", ""unitHandling"": ""VERIFY"", ""nanHandling"": ""ON"", ""language"": ""FASTEXPR"", ""visualization"": false}",0,4c0dd1f15e52af72d79cfb3d04ebfa8fe836c48f0f413faf7f4f1d0f20fcda04,"group_neutralize(sub(ts_zscore(div(anl14_mean_ebitda_fp5,cap),#),ts_zscore(div(anl14_stddev_revenue_fy4,cap),#)),sector)","group_neutralize(sub(ts_zscore(div(FIELD,FIELD),#),ts_zscore(div(FIELD,FIELD),#)),sector)",2026-08-02T02:25:38.282907+00:00
arch_spread:primary,arch_spread,proven,8.1,"group_neutralize(ts_zscore(anl14_stddev_ebitda_fy2/cap,126)-ts_zscore(anl14_mean_revenue_fy5/cap,126),market)","{""instrumentType"": ""EQUITY"", ""region"": ""USA"", ""universe"": ""TOP3000"", ""delay"": 1, ""decay"": 6, ""neutralization"": ""MARKET"", ""truncation"": 0.05, ""pasteurization"": ""ON"", ""unitHandling"": ""VERIFY"", ""nanHandling"": ""ON"", ""language"": ""FASTEXPR"", ""visualization"": false}",0,bc5c20359793481dc11b347dfa952bb77d533afa2d9069caebab4b9c000f8b5f,"group_neutralize(sub(ts_zscore(div(anl14_stddev_ebitda_fy2,cap),#),ts_zscore(div(anl14_mean_revenue_fy5,cap),#)),market)","group_neutralize(sub(ts_zscore(div(FIELD,FIELD),#),ts_zscore(div(FIELD,FIELD),#)),market)",2026-08-02T02:25:38.282907+00:00
arch_spread:primary,arch_spread,proven,8.1,"group_neutralize(ts_zscore(anl14_stddev_ebitda_fp3/cap,126)-ts_zscore(anl14_numofests_capex_fp5/cap,126),market)","{""instrumentType"": ""EQUITY"", ""region"": ""USA"", ""universe"": ""TOP3000"", ""delay"": 1, ""decay"": 6, ""neutralization"": ""MARKET"", ""truncation"": 0.05, ""pasteurization"": ""ON"", ""unitHandling"": ""VERIFY"", ""nanHandling"": ""ON"", ""language"": ""FASTEXPR"", ""visualization"": false}",0,ea727b15bfe27a8e966627d913a0d51f564f36d3f846c3d02353bc8c68a1008d,"group_neutralize(sub(ts_zscore(div(anl14_stddev_ebitda_fp3,cap),#),ts_zscore(div(anl14_numofests_capex_fp5,cap),#)),market)","group_neutralize(sub(ts_zscore(div(FIELD,FIELD),#),ts_zscore(div(FIELD,FIELD),#)),market)",2026-08-02T02:25:38.282907+00:00
arch_spread:primary,arch_spread,proven,8.1,"group_neutralize(ts_zscore(anl14_numofests_ebitda_fp4/cap,126)-ts_zscore(anl14_median_ndebt_fp4/cap,126),market)","{""instrumentType"": ""EQUITY"", ""region"": ""USA"", ""universe"": ""TOP3000"", ""delay"": 1, ""decay"": 6, ""neutralization"": ""MARKET"", ""truncation"": 0.05, ""pasteurization"": ""ON"", ""unitHandling"": ""VERIFY"", ""nanHandling"": ""ON"", ""language"": ""FASTEXPR"", ""visualization"": false}",0,d33af77a01d0d5dbe565c7805d81167818d8b25785ab58e46a9acdb741fdc62c,"group_neutralize(sub(ts_zscore(div(anl14_numofests_ebitda_fp4,cap),#),ts_zscore(div(anl14_median_ndebt_fp4,cap),#)),market)","group_neutralize(sub(ts_zscore(div(FIELD,FIELD),#),ts_zscore(div(FIELD,FIELD),#)),market)",2026-08-02T02:25:38.282907+00:00
arch_spread:primary,arch_spread,proven,8.1,"group_neutralize(ts_zscore(anl14_numofests_ebitda_fy3/cap,126)-ts_zscore(anl14_median_ndebt_fp3/cap,126),industry)","{""instrumentType"": ""EQUITY"", ""region"": ""USA"", ""universe"": ""TOP3000"", ""delay"": 1, ""decay"": 6, ""neutralization"": ""MARKET"", ""truncation"": 0.05, ""pasteurization"": ""ON"", ""unitHandling"": ""VERIFY"", ""nanHandling"": ""ON"", ""language"": ""FASTEXPR"", ""visualization"": false}",0,ae531a0ba8556bc8fdfb9aac0b1a7d00046088ce8b3af903e39fc3a241ee472b,"group_neutralize(sub(ts_zscore(div(anl14_numofests_ebitda_fy3,cap),#),ts_zscore(div(anl14_median_ndebt_fp3,cap),#)),industry)","group_neutralize(sub(ts_zscore(div(FIELD,FIELD),#),ts_zscore(div(FIELD,FIELD),#)),industry)",2026-08-02T02:25:38.282907+00:00
arch_spread:primary,arch_spread,proven,8.1,"group_neutralize(ts_zscore(anl14_median_ebitda_fy3/cap,126)-ts_zscore(anl14_numofests_revenue_fy4/cap,126),sector)","{""instrumentType"": ""EQUITY"", ""region"": ""USA"", ""universe"": ""TOP3000"", ""delay"": 1, ""decay"": 6, ""neutralization"": ""MARKET"", ""truncation"": 0.05, ""pasteurization"": ""ON"", ""unitHandling"": ""VERIFY"", ""nanHandling"": ""ON"", ""language"": ""FASTEXPR"", ""visualization"": false}",0,bcb5e730a805dd0c8aab668aef5bf97a85d4e09eacad6bcc807b0d9fb611a050,"group_neutralize(sub(ts_zscore(div(anl14_median_ebitda_fy3,cap),#),ts_zscore(div(anl14_numofests_revenue_fy4,cap),#)),sector)","group_neutralize(sub(ts_zscore(div(FIELD,FIELD),#),ts_zscore(div(FIELD,FIELD),#)),sector)",2026-08-02T02:25:38.282907+00:00
arch_regime_shift:primary,arch_regime_shift,proven,8.05,"group_neutralize(ts_zscore(anl10_analyst_innovation_eps_revise_ratio_to_consensus_fy1/cap,126)-ts_zscore(anl10_analyst_innovation_eps_revise_ratio_to_consensus_fy1/cap,252),market)","{""instrumentType"": ""EQUITY"", ""region"": ""USA"", ""universe"": ""TOP3000"", ""delay"": 1, ""decay"": 6, ""neutralization"": ""MARKET"", ""truncation"": 0.05, ""pasteurization"": ""ON"", ""unitHandling"": ""VERIFY"", ""nanHandling"": ""ON"", ""language"": ""FASTEXPR"", ""visualization"": false}",0,2063677db04b47f7569531b2ddf321b79c77637018ddab3ca21c238601415e19,"group_neutralize(sub(ts_zscore(div(anl10_analyst_innovation_eps_revise_ratio_to_consensus_fy1,cap),#),ts_zscore(div(anl10_analyst_innovation_eps_revise_ratio_to_consensus_fy1,cap),#)),market)","group_neutralize(sub(ts_zscore(div(FIELD,FIELD),#),ts_zscore(div(FIELD,FIELD),#)),market)",2026-08-02T02:25:38.282907+00:00
arch_regime_shift:primary,arch_regime_shift,proven,8.05,"group_neutralize(ts_zscore(anl10_analyst_innovation_eps_revise_ratio_to_consensus_fy2/cap,126)-ts_zscore(anl10_analyst_innovation_eps_revise_ratio_to_consensus_fy2/cap,252),market)","{""instrumentType"": ""EQUITY"", ""region"": ""USA"", ""universe"": ""TOP3000"", ""delay"": 1, ""decay"": 6, ""neutralization"": ""MARKET"", ""truncation"": 0.05, ""pasteurization"": ""ON"", ""unitHandling"": ""VERIFY"", ""nanHandling"": ""ON"", ""language"": ""FASTEXPR"", ""visualization"": false}",0,2f7b68adacd3bac4712b19eb3397dc3cc125e8b55d556ce0b21a080bd56d839d,"group_neutralize(sub(ts_zscore(div(anl10_analyst_innovation_eps_revise_ratio_to_consensus_fy2,cap),#),ts_zscore(div(anl10_analyst_innovation_eps_revise_ratio_to_consensus_fy2,cap),#)),market)","group_neutralize(sub(ts_zscore(div(FIELD,FIELD),#),ts_zscore(div(FIELD,FIELD),#)),market)",2026-08-02T02:25:38.282907+00:00
arch_regime_shift:primary,arch_regime_shift,proven,8.05,"group_neutralize(ts_zscore(anl10_analyst_innovation_eps_revise_ratio_to_consensus_fq1/cap,126)-ts_zscore(anl10_analyst_innovation_eps_revise_ratio_to_consensus_fq1/cap,252),market)","{""instrumentType"": ""EQUITY"", ""region"": ""USA"", ""universe"": ""TOP3000"", ""delay"": 1, ""decay"": 6, ""neutralization"": ""MARKET"", ""truncation"": 0.05, ""pasteurization"": ""ON"", ""unitHandling"": ""VERIFY"", ""nanHandling"": ""ON"", ""language"": ""FASTEXPR"", ""visualization"": false}",0,bee98da640b4d9e541e5594c7700915ec7a1d9a1b7097a032861b67df7e0432b,"group_neutralize(sub(ts_zscore(div(anl10_analyst_innovation_eps_revise_ratio_to_consensus_fq1,cap),#),ts_zscore(div(anl10_analyst_innovation_eps_revise_ratio_to_consensus_fq1,cap),#)),market)","group_neutralize(sub(ts_zscore(div(FIELD,FIELD),#),ts_zscore(div(FIELD,FIELD),#)),market)",2026-08-02T02:25:38.282907+00:00
arch_regime_shift:primary,arch_regime_shift,proven,8.05,"group_neutralize(ts_zscore(anl10_analyst_innovation_eps_revise_ratio_to_consensus_fq2/cap,126)-ts_zscore(anl10_analyst_innovation_eps_revise_ratio_to_consensus_fq2/cap,252),market)","{""instrumentType"": ""EQUITY"", ""region"": ""USA"", ""universe"": ""TOP3000"", ""delay"": 1, ""decay"": 6, ""neutralization"": ""MARKET"", ""truncation"": 0.05, ""pasteurization"": ""ON"", ""unitHandling"": ""VERIFY"", ""nanHandling"": ""ON"", ""language"": ""FASTEXPR"", ""visualization"": false}",0,f2367973dc64c5023116ecce5ad34367c20c8577d755b72bd976e81e28f9444a,"group_neutralize(sub(ts_zscore(div(anl10_analyst_innovation_eps_revise_ratio_to_consensus_fq2,cap),#),ts_zscore(div(anl10_analyst_innovation_eps_revise_ratio_to_consensus_fq2,cap),#)),market)","group_neutralize(sub(ts_zscore(div(FIELD,FIELD),#),ts_zscore(div(FIELD,FIELD),#)),market)",2026-08-02T02:25:38.282907+00:00
arch_vol_price_div:primary,arch_vol_price_div,proven,8.0,"group_neutralize(ts_rank(ts_mean(volume,42)/adv20,63)*-rank(ts_delta(close,63)),market)","{""instrumentType"": ""EQUITY"", ""region"": ""USA"", ""universe"": ""TOP3000"", ""delay"": 1, ""decay"": 4, ""neutralization"": ""MARKET"", ""truncation"": 0.06, ""pasteurization"": ""ON"", ""unitHandling"": ""VERIFY"", ""nanHandling"": ""ON"", ""language"": ""FASTEXPR"", ""visualization"": false}",0,f5e90d488f5f0961730cafac209fa40d4cf0dca70750879f8997f49bdd47c50e,"group_neutralize(mul(neg(ts_delta(close,#)),ts_rank(div(ts_mean(volume,#),adv20),#)),market)","group_neutralize(mul(neg(ts_delta(FIELD,#)),ts_rank(div(ts_mean(FIELD,#),FIELD),#)),market)",2026-08-02T02:25:38.282907+00:00
arch_vol_scaled:primary,arch_vol_scaled,proven,8.0,"group_neutralize(ts_zscore(anl10_analyst_innovation_eps_normal_increase_fy1/cap,126)*-rank(ts_std_dev(returns,126)),market)","{""instrumentType"": ""EQUITY"", ""region"": ""USA"", ""universe"": ""TOP3000"", ""delay"": 1, ""decay"": 6, ""neutralization"": ""MARKET"", ""truncation"": 0.05, ""pasteurization"": ""ON"", ""unitHandling"": ""VERIFY"", ""nanHandling"": ""ON"", ""language"": ""FASTEXPR"", ""visualization"": false}",0,00a426c920e5ce4d8dc0e3976bb8db6a53a019731590636ccf13284c41e4fd5c,"group_neutralize(mul(neg(ts_std_dev(returns,#)),ts_zscore(div(anl10_analyst_innovation_eps_normal_increase_fy1,cap),#)),market)","group_neutralize(mul(neg(ts_std_dev(FIELD,#)),ts_zscore(div(FIELD,FIELD),#)),market)",2026-08-02T02:25:38.282907+00:00
arch_vol_scaled:primary,arch_vol_scaled,proven,8.0,"group_neutralize(ts_zscore(anl10_analyst_innovation_eps_innovation_score_fy1/cap,126)*-rank(ts_std_dev(returns,126)),market)","{""instrumentType"": ""EQUITY"", ""region"": ""USA"", ""universe"": ""TOP3000"", ""delay"": 1, ""decay"": 6, ""neutralization"": ""MARKET"", ""truncation"": 0.05, ""pasteurization"": ""ON"", ""unitHandling"": ""VERIFY"", ""nanHandling"": ""ON"", ""language"": ""FASTEXPR"", ""visualization"": false}",0,905fe193adf97ca887ebf53906fd95322b62ee229b9ed243d9c5844358369b47,"group_neutralize(mul(neg(ts_std_dev(returns,#)),ts_zscore(div(anl10_analyst_innovation_eps_innovation_score_fy1,cap),#)),market)","group_neutralize(mul(neg(ts_std_dev(FIELD,#)),ts_zscore(div(FIELD,FIELD),#)),market)",2026-08-02T02:25:38.282907+00:00
arch_vol_scaled:primary,arch_vol_scaled,proven,8.0,"group_neutralize(ts_zscore(anl10_analyst_innovation_eps_innovation_score_fy2/cap,126)*-rank(ts_std_dev(returns,126)),market)","{""instrumentType"": ""EQUITY"", ""region"": ""USA"", ""universe"": ""TOP3000"", ""delay"": 1, ""decay"": 6, ""neutralization"": ""MARKET"", ""truncation"": 0.05, ""pasteurization"": ""ON"", ""unitHandling"": ""VERIFY"", ""nanHandling"": ""ON"", ""language"": ""FASTEXPR"", ""visualization"": false}",0,2471e021db5a1c1795e6fb7bf9d084b1e7a686cade9a4b9239675fa169e5f942,"group_neutralize(mul(neg(ts_std_dev(returns,#)),ts_zscore(div(anl10_analyst_innovation_eps_innovation_score_fy2,cap),#)),market)","group_neutralize(mul(neg(ts_std_dev(FIELD,#)),ts_zscore(div(FIELD,FIELD),#)),market)",2026-08-02T02:25:38.282907+00:00
arch_vol_scaled:primary,arch_vol_scaled,proven,8.0,"group_neutralize(ts_zscore(anl10_analyst_innovation_eps_innovation_score_fq1/cap,126)*-rank(ts_std_dev(returns,126)),market)","{""instrumentType"": ""EQUITY"", ""region"": ""USA"", ""universe"": ""TOP3000"", ""delay"": 1, ""decay"": 6, ""neutralization"": ""MARKET"", ""truncation"": 0.05, ""pasteurization"": ""ON"", ""unitHandling"": ""VERIFY"", ""nanHandling"": ""ON"", ""language"": ""FASTEXPR"", ""visualization"": false}",0,4fb3ccd634385b011aabd13409b4fc58bd69b5da2e11cf6f3ef6e20b1321553a,"group_neutralize(mul(neg(ts_std_dev(returns,#)),ts_zscore(div(anl10_analyst_innovation_eps_innovation_score_fq1,cap),#)),market)","group_neutralize(mul(neg(ts_std_dev(FIELD,#)),ts_zscore(div(FIELD,FIELD),#)),market)",2026-08-02T02:25:38.282907+00:00
arch_vol_scaled:primary,arch_vol_scaled,proven,8.0,"group_neutralize(ts_zscore(anl10_analyst_innovation_eps_innovate_decrease_fy1/cap,126)*-rank(ts_std_dev(returns,126)),sector)","{""instrumentType"": ""EQUITY"", ""region"": ""USA"", ""universe"": ""TOP3000"", ""delay"": 1, ""decay"": 6, ""neutralization"": ""MARKET"", ""truncation"": 0.05, ""pasteurization"": ""ON"", ""unitHandling"": ""VERIFY"", ""nanHandling"": ""ON"", ""language"": ""FASTEXPR"", ""visualization"": false}",0,d4c4dcf2d4e5f03a909159c806d443136f18436e79521c28a4e2d26271084b71,"group_neutralize(mul(neg(ts_std_dev(returns,#)),ts_zscore(div(anl10_analyst_innovation_eps_innovate_decrease_fy1,cap),#)),sector)","group_neutralize(mul(neg(ts_std_dev(FIELD,#)),ts_zscore(div(FIELD,FIELD),#)),sector)",2026-08-02T02:25:38.282907+00:00
arch_vol_scaled:primary,arch_vol_scaled,proven,8.0,"group_neutralize(ts_zscore(anl10_analyst_innovation_eps_normal_decrease_fy1/cap,126)*-rank(ts_std_dev(returns,126)),industry)","{""instrumentType"": ""EQUITY"", ""region"": ""USA"", ""universe"": ""TOP3000"", ""delay"": 1, ""decay"": 6, ""neutralization"": ""MARKET"", ""truncation"": 0.05, ""pasteurization"": ""ON"", ""unitHandling"": ""VERIFY"", ""nanHandling"": ""ON"", ""language"": ""FASTEXPR"", ""visualization"": false}",0,a1be93f77853fa2488be759e3d9f497f13f93667da5e3ca6d61c46006e2a41c9,"group_neutralize(mul(neg(ts_std_dev(returns,#)),ts_zscore(div(anl10_analyst_innovation_eps_normal_decrease_fy1,cap),#)),industry)","group_neutralize(mul(neg(ts_std_dev(FIELD,#)),ts_zscore(div(FIELD,FIELD),#)),industry)",2026-08-02T02:25:38.282907+00:00
arch_vol_scaled:primary,arch_vol_scaled,proven,8.0,"group_neutralize(ts_zscore(anl10_analyst_innovation_eps_innovate_increase_fy1/cap,126)*-rank(ts_std_dev(returns,126)),market)","{""instrumentType"": ""EQUITY"", ""region"": ""USA"", ""universe"": ""TOP3000"", ""delay"": 1, ""decay"": 6, ""neutralization"": ""MARKET"", ""truncation"": 0.05, ""pasteurization"": ""ON"", ""unitHandling"": ""VERIFY"", ""nanHandling"": ""ON"", ""language"": ""FASTEXPR"", ""visualization"": false}",0,4d24d50b74d5ab39c62969f51fb1fbfc821da9844936e018595a8f1320e6ac9a,"group_neutralize(mul(neg(ts_std_dev(returns,#)),ts_zscore(div(anl10_analyst_innovation_eps_innovate_increase_fy1,cap),#)),market)","group_neutralize(mul(neg(ts_std_dev(FIELD,#)),ts_zscore(div(FIELD,FIELD),#)),market)",2026-08-02T02:25:38.282907+00:00
arch_vol_scaled:primary,arch_vol_scaled,proven,8.0,"group_neutralize(ts_zscore(anl10_analyst_innovation_eps_innovate_increase_fy2/cap,126)*-rank(ts_std_dev(returns,126)),sector)","{""instrumentType"": ""EQUITY"", ""region"": ""USA"", ""universe"": ""TOP3000"", ""delay"": 1, ""decay"": 6, ""neutralization"": ""MARKET"", ""truncation"": 0.05, ""pasteurization"": ""ON"", ""unitHandling"": ""VERIFY"", ""nanHandling"": ""ON"", ""language"": ""FASTEXPR"", ""visualization"": false}",0,24398619080771357bc939ad3b41e91610b1801bb8706ebf927cdf38f399f1d9,"group_neutralize(mul(neg(ts_std_dev(returns,#)),ts_zscore(div(anl10_analyst_innovation_eps_innovate_increase_fy2,cap),#)),sector)","group_neutralize(mul(neg(ts_std_dev(FIELD,#)),ts_zscore(div(FIELD,FIELD),#)),sector)",2026-08-02T02:25:38.282907+00:00
arch_vol_scaled:primary,arch_vol_scaled,proven,8.0,"group_neutralize(ts_zscore(anl10_analyst_innovation_eps_innovate_decrease_fq1/cap,126)*-rank(ts_std_dev(returns,126)),sector)","{""instrumentType"": ""EQUITY"", ""region"": ""USA"", ""universe"": ""TOP3000"", ""delay"": 1, ""decay"": 6, ""neutralization"": ""MARKET"", ""truncation"": 0.05, ""pasteurization"": ""ON"", ""unitHandling"": ""VERIFY"", ""nanHandling"": ""ON"", ""language"": ""FASTEXPR"", ""visualization"": false}",0,14a2fc43d6c13d50f77ef086ef8ae815332f9f9e12b8aac6b16f0192c74cd5cb,"group_neutralize(mul(neg(ts_std_dev(returns,#)),ts_zscore(div(anl10_analyst_innovation_eps_innovate_decrease_fq1,cap),#)),sector)","group_neutralize(mul(neg(ts_std_dev(FIELD,#)),ts_zscore(div(FIELD,FIELD),#)),sector)",2026-08-02T02:25:38.282907+00:00
arch_vol_scaled:primary,arch_vol_scaled,proven,8.0,"group_neutralize(ts_zscore(anl10_analyst_innovation_eps_innovate_increase_fq1/cap,126)*-rank(ts_std_dev(returns,126)),market)","{""instrumentType"": ""EQUITY"", ""region"": ""USA"", ""universe"": ""TOP3000"", ""delay"": 1, ""decay"": 6, ""neutralization"": ""MARKET"", ""truncation"": 0.05, ""pasteurization"": ""ON"", ""unitHandling"": ""VERIFY"", ""nanHandling"": ""ON"", ""language"": ""FASTEXPR"", ""visualization"": false}",0,eb8174de52fbe2f05bfbcc0dcd257aa6c0b7fd9b8a0bb5087f3bbe1891eede7f,"group_neutralize(mul(neg(ts_std_dev(returns,#)),ts_zscore(div(anl10_analyst_innovation_eps_innovate_increase_fq1,cap),#)),market)","group_neutralize(mul(neg(ts_std_dev(FIELD,#)),ts_zscore(div(FIELD,FIELD),#)),market)",2026-08-02T02:25:38.282907+00:00
arch_pv_vol:primary,arch_pv_vol,proven,7.9,"group_neutralize(rank(ts_mean(volume,126)/adv20)*-rank(ts_delta(close,126)),market)","{""instrumentType"": ""EQUITY"", ""region"": ""USA"", ""universe"": ""TOP3000"", ""delay"": 1, ""decay"": 6, ""neutralization"": ""MARKET"", ""truncation"": 0.06, ""pasteurization"": ""ON"", ""unitHandling"": ""VERIFY"", ""nanHandling"": ""ON"", ""language"": ""FASTEXPR"", ""visualization"": false}",0,c653ed179d915000d5118b1dc06a70eb6d1606ae1b6f4603640f32fa0487ff8a,"group_neutralize(mul(div(ts_mean(volume,#),adv20),neg(ts_delta(close,#))),market)","group_neutralize(mul(div(ts_mean(FIELD,#),FIELD),neg(ts_delta(FIELD,#))),market)",2026-08-02T02:25:38.282907+00:00
arch_regime_shift:primary,arch_regime_shift,proven,7.9,"group_neutralize(ts_zscore(anl10_analyst_innovation_eps_revise_ratio_to_consensus_fy1/cap,63)-ts_zscore(anl10_analyst_innovation_eps_revise_ratio_to_consensus_fy1/cap,252),market)","{""instrumentType"": ""EQUITY"", ""region"": ""USA"", ""universe"": ""TOP3000"", ""delay"": 1, ""decay"": 6, ""neutralization"": ""MARKET"", ""truncation"": 0.05, ""pasteurization"": ""ON"", ""unitHandling"": ""VERIFY"", ""nanHandling"": ""ON"", ""language"": ""FASTEXPR"", ""visualization"": false}",0,a582c8945ea87233ecfc1aba0d5cbf58ca5d07dc8d8318e26bdd31033bd830a7,"group_neutralize(sub(ts_zscore(div(anl10_analyst_innovation_eps_revise_ratio_to_consensus_fy1,cap),#),ts_zscore(div(anl10_analyst_innovation_eps_revise_ratio_to_consensus_fy1,cap),#)),market)","group_neutralize(sub(ts_zscore(div(FIELD,FIELD),#),ts_zscore(div(FIELD,FIELD),#)),market)",2026-08-02T02:25:38.282907+00:00
arch_regime_shift:primary,arch_regime_shift,proven,7.9,"group_neutralize(ts_zscore(anl10_analyst_innovation_eps_revise_ratio_to_consensus_fy2/cap,63)-ts_zscore(anl10_analyst_innovation_eps_revise_ratio_to_consensus_fy2/cap,252),market)","{""instrumentType"": ""EQUITY"", ""region"": ""USA"", ""universe"": ""TOP3000"", ""delay"": 1, ""decay"": 6, ""neutralization"": ""MARKET"", ""truncation"": 0.05, ""pasteurization"": ""ON"", ""unitHandling"": ""VERIFY"", ""nanHandling"": ""ON"", ""language"": ""FASTEXPR"", ""visualization"": false}",0,e9dd8af4d6178ad6940bd094bdfb4fa7f6ab27b47b426e98c9a25e805032b3ae,"group_neutralize(sub(ts_zscore(div(anl10_analyst_innovation_eps_revise_ratio_to_consensus_fy2,cap),#),ts_zscore(div(anl10_analyst_innovation_eps_revise_ratio_to_consensus_fy2,cap),#)),market)","group_neutralize(sub(ts_zscore(div(FIELD,FIELD),#),ts_zscore(div(FIELD,FIELD),#)),market)",2026-08-02T02:25:38.282907+00:00
arch_pv_vol:primary,arch_pv_vol,proven,7.800000000000001,"group_neutralize(rank(ts_mean(volume,126)/adv20)*-rank(ts_delta(close,126)),sector)","{""instrumentType"": ""EQUITY"", ""region"": ""USA"", ""universe"": ""TOP3000"", ""delay"": 1, ""decay"": 6, ""neutralization"": ""MARKET"", ""truncation"": 0.06, ""pasteurization"": ""ON"", ""unitHandling"": ""VERIFY"", ""nanHandling"": ""ON"", ""language"": ""FASTEXPR"", ""visualization"": false}",0,40cc01bceea0e9b1cec3504135cad112aa94ebd5b743534c2e7a65bd0338be27,"group_neutralize(mul(div(ts_mean(volume,#),adv20),neg(ts_delta(close,#))),sector)","group_neutralize(mul(div(ts_mean(FIELD,#),FIELD),neg(ts_delta(FIELD,#))),sector)",2026-08-02T02:25:38.282907+00:00
arch_spread:primary,arch_spread,proven,7.8,"group_neutralize(ts_rank(anl14_stddev_ebitda_fy4/cap,126)-ts_rank(anl14_stddev_ndebt_fp4/cap,126),sector)","{""instrumentType"": ""EQUITY"", ""region"": ""USA"", ""universe"": ""TOP3000"", ""delay"": 1, ""decay"": 6, ""neutralization"": ""MARKET"", ""truncation"": 0.05, ""pasteurization"": ""ON"", ""unitHandling"": ""VERIFY"", ""nanHandling"": ""ON"", ""language"": ""FASTEXPR"", ""visualization"": false}",0,8d365c805995b5227e53b4460ac7c74d0276cb38df2867cf33dd56f229038921,"group_neutralize(sub(ts_rank(div(anl14_stddev_ebitda_fy4,cap),#),ts_rank(div(anl14_stddev_ndebt_fp4,cap),#)),sector)","group_neutralize(sub(ts_rank(div(FIELD,FIELD),#),ts_rank(div(FIELD,FIELD),#)),sector)",2026-08-02T02:25:38.282907+00:00
arch_regime_shift:primary,arch_regime_shift,proven,10.3,"group_neutralize((ts_zscore(anl10_analyst_innovation_eps_revise_ratio_to_consensus_fy1/cap,126)-ts_zscore(anl10_analyst_innovation_eps_revise_ratio_to_consensus_fy1/cap,252))*rank(ts_mean(volume,63)/adv20),market)","{""instrumentType"": ""EQUITY"", ""region"": ""USA"", ""universe"": ""TOP3000"", ""delay"": 1, ""decay"": 6, ""neutralization"": ""MARKET"", ""truncation"": 0.05, ""pasteurization"": ""ON"", ""unitHandling"": ""VERIFY"", ""nanHandling"": ""ON"", ""language"": ""FASTEXPR"", ""visualization"": false}",0,f6ca252e0a550ff8f86b39d176f44cae628a409657c05b649ed10ed576d760c8,"group_neutralize(mul(div(ts_mean(volume,#),adv20),sub(ts_zscore(div(anl10_analyst_innovation_eps_revise_ratio_to_consensus_fy1,cap),#),ts_zscore(div(anl10_analyst_innovation_eps_revise_ratio_to_consensus_fy1,cap),#))),market)","group_neutralize(mul(div(ts_mean(FIELD,#),FIELD),sub(ts_zscore(div(FIELD,FIELD),#),ts_zscore(div(FIELD,FIELD),#))),market)",2026-08-02T02:26:10.739711+00:00
arch_regime_shift:primary,arch_regime_shift,proven,10.3,"group_neutralize((ts_zscore(anl10_analyst_innovation_eps_revise_ratio_to_consensus_fy2/cap,126)-ts_zscore(anl10_analyst_innovation_eps_revise_ratio_to_consensus_fy2/cap,252))*rank(ts_mean(volume,63)/adv20),market)","{""instrumentType"": ""EQUITY"", ""region"": ""USA"", ""universe"": ""TOP3000"", ""delay"": 1, ""decay"": 6, ""neutralization"": ""MARKET"", ""truncation"": 0.05, ""pasteurization"": ""ON"", ""unitHandling"": ""VERIFY"", ""nanHandling"": ""ON"", ""language"": ""FASTEXPR"", ""visualization"": false}",0,dfbfce1bcca8f6acf04a591dcc64f612694c43ad15eb031615c5ca5cfbfaff72,"group_neutralize(mul(div(ts_mean(volume,#),adv20),sub(ts_zscore(div(anl10_analyst_innovation_eps_revise_ratio_to_consensus_fy2,cap),#),ts_zscore(div(anl10_analyst_innovation_eps_revise_ratio_to_consensus_fy2,cap),#))),market)","group_neutralize(mul(div(ts_mean(FIELD,#),FIELD),sub(ts_zscore(div(FIELD,FIELD),#),ts_zscore(div(FIELD,FIELD),#))),market)",2026-08-02T02:26:10.739711+00:00
arch_regime_shift:primary,arch_regime_shift,proven,10.3,"group_neutralize((ts_zscore(anl10_analyst_innovation_eps_revise_ratio_to_consensus_fq1/cap,126)-ts_zscore(anl10_analyst_innovation_eps_revise_ratio_to_consensus_fq1/cap,252))*rank(ts_mean(volume,63)/adv20),market)","{""instrumentType"": ""EQUITY"", ""region"": ""USA"", ""universe"": ""TOP3000"", ""delay"": 1, ""decay"": 6, ""neutralization"": ""MARKET"", ""truncation"": 0.05, ""pasteurization"": ""ON"", ""unitHandling"": ""VERIFY"", ""nanHandling"": ""ON"", ""language"": ""FASTEXPR"", ""visualization"": false}",0,0587ea352b1d9ab4a5b084f191dbd92a211e039e2b8fb3ebcbc32e69d568f3cf,"group_neutralize(mul(div(ts_mean(volume,#),adv20),sub(ts_zscore(div(anl10_analyst_innovation_eps_revise_ratio_to_consensus_fq1,cap),#),ts_zscore(div(anl10_analyst_innovation_eps_revise_ratio_to_consensus_fq1,cap),#))),market)","group_neutralize(mul(div(ts_mean(FIELD,#),FIELD),sub(ts_zscore(div(FIELD,FIELD),#),ts_zscore(div(FIELD,FIELD),#))),market)",2026-08-02T02:26:10.739711+00:00
arch_regime_shift:primary,arch_regime_shift,proven,10.3,"group_neutralize((ts_zscore(anl10_analyst_innovation_eps_revise_ratio_to_consensus_fq2/cap,126)-ts_zscore(anl10_analyst_innovation_eps_revise_ratio_to_consensus_fq2/cap,252))*rank(ts_mean(volume,63)/adv20),market)","{""instrumentType"": ""EQUITY"", ""region"": ""USA"", ""universe"": ""TOP3000"", ""delay"": 1, ""decay"": 6, ""neutralization"": ""MARKET"", ""truncation"": 0.05, ""pasteurization"": ""ON"", ""unitHandling"": ""VERIFY"", ""nanHandling"": ""ON"", ""language"": ""FASTEXPR"", ""visualization"": false}",0,5294c348d120af6ade0e4759db5acf2776ee30e61c3765bfd9412f84ceff4fff,"group_neutralize(mul(div(ts_mean(volume,#),adv20),sub(ts_zscore(div(anl10_analyst_innovation_eps_revise_ratio_to_consensus_fq2,cap),#),ts_zscore(div(anl10_analyst_innovation_eps_revise_ratio_to_consensus_fq2,cap),#))),market)","group_neutralize(mul(div(ts_mean(FIELD,#),FIELD),sub(ts_zscore(div(FIELD,FIELD),#),ts_zscore(div(FIELD,FIELD),#))),market)",2026-08-02T02:26:10.739711+00:00
arch_regime_shift:primary,arch_regime_shift,proven,10.15,"group_neutralize((ts_zscore(anl10_analyst_innovation_eps_revise_ratio_to_consensus_fy1/cap,63)-ts_zscore(anl10_analyst_innovation_eps_revise_ratio_to_consensus_fy1/cap,252))*rank(ts_mean(volume,63)/adv20),market)","{""instrumentType"": ""EQUITY"", ""region"": ""USA"", ""universe"": ""TOP3000"", ""delay"": 1, ""decay"": 6, ""neutralization"": ""MARKET"", ""truncation"": 0.05, ""pasteurization"": ""ON"", ""unitHandling"": ""VERIFY"", ""nanHandling"": ""ON"", ""language"": ""FASTEXPR"", ""visualization"": false}",0,447b60b610c869881e58ef7c9752557bcbbd97a8e4c6c5dee9f57160baf38e75,"group_neutralize(mul(div(ts_mean(volume,#),adv20),sub(ts_zscore(div(anl10_analyst_innovation_eps_revise_ratio_to_consensus_fy1,cap),#),ts_zscore(div(anl10_analyst_innovation_eps_revise_ratio_to_consensus_fy1,cap),#))),market)","group_neutralize(mul(div(ts_mean(FIELD,#),FIELD),sub(ts_zscore(div(FIELD,FIELD),#),ts_zscore(div(FIELD,FIELD),#))),market)",2026-08-02T02:26:10.739711+00:00
arch_regime_shift:primary,arch_regime_shift,proven,10.15,"group_neutralize((ts_zscore(anl10_analyst_innovation_eps_revise_ratio_to_consensus_fy2/cap,63)-ts_zscore(anl10_analyst_innovation_eps_revise_ratio_to_consensus_fy2/cap,252))*rank(ts_mean(volume,63)/adv20),market)","{""instrumentType"": ""EQUITY"", ""region"": ""USA"", ""universe"": ""TOP3000"", ""delay"": 1, ""decay"": 6, ""neutralization"": ""MARKET"", ""truncation"": 0.05, ""pasteurization"": ""ON"", ""unitHandling"": ""VERIFY"", ""nanHandling"": ""ON"", ""language"": ""FASTEXPR"", ""visualization"": false}",0,fe1a900c522c03f4c69f0e307ab3226a20104a65c7ddf745953e9eff130eadb0,"group_neutralize(mul(div(ts_mean(volume,#),adv20),sub(ts_zscore(div(anl10_analyst_innovation_eps_revise_ratio_to_consensus_fy2,cap),#),ts_zscore(div(anl10_analyst_innovation_eps_revise_ratio_to_consensus_fy2,cap),#))),market)","group_neutralize(mul(div(ts_mean(FIELD,#),FIELD),sub(ts_zscore(div(FIELD,FIELD),#),ts_zscore(div(FIELD,FIELD),#))),market)",2026-08-02T02:26:10.739711+00:00
arch_regime_shift:primary,arch_regime_shift,proven,10.0,"group_neutralize((ts_zscore(anl10_analyst_innovation_eps_revise_ratio_to_consensus_fy1/cap,63)-ts_zscore(anl10_analyst_innovation_eps_revise_ratio_to_consensus_fy1/cap,126))*rank(ts_mean(volume,63)/adv20),market)","{""instrumentType"": ""EQUITY"", ""region"": ""USA"", ""universe"": ""TOP3000"", ""delay"": 1, ""decay"": 6, ""neutralization"": ""MARKET"", ""truncation"": 0.05, ""pasteurization"": ""ON"", ""unitHandling"": ""VERIFY"", ""nanHandling"": ""ON"", ""language"": ""FASTEXPR"", ""visualization"": false}",0,93534c51f0d9afb881ce42f405259079f3d0da3736e59c53341ca1d765f6aba4,"group_neutralize(mul(div(ts_mean(volume,#),adv20),sub(ts_zscore(div(anl10_analyst_innovation_eps_revise_ratio_to_consensus_fy1,cap),#),ts_zscore(div(anl10_analyst_innovation_eps_revise_ratio_to_consensus_fy1,cap),#))),market)","group_neutralize(mul(div(ts_mean(FIELD,#),FIELD),sub(ts_zscore(div(FIELD,FIELD),#),ts_zscore(div(FIELD,FIELD),#))),market)",2026-08-02T02:26:10.739711+00:00
arch_spread:primary,arch_spread,proven,7.8,"group_neutralize(ts_rank(anl14_numofests_ebitda_fy3/cap,126)-ts_rank(anl14_median_ndebt_fp3/cap,126),industry)","{""instrumentType"": ""EQUITY"", ""region"": ""USA"", ""universe"": ""TOP3000"", ""delay"": 1, ""decay"": 6, ""neutralization"": ""MARKET"", ""truncation"": 0.05, ""pasteurization"": ""ON"", ""unitHandling"": ""VERIFY"", ""nanHandling"": ""ON"", ""language"": ""FASTEXPR"", ""visualization"": false}",0,aa008c091ba5b4c60b60b80783c19ab127f7c874d59820acd9efcdaa906f52f9,"group_neutralize(sub(ts_rank(div(anl14_numofests_ebitda_fy3,cap),#),ts_rank(div(anl14_median_ndebt_fp3,cap),#)),industry)","group_neutralize(sub(ts_rank(div(FIELD,FIELD),#),ts_rank(div(FIELD,FIELD),#)),industry)",2026-08-02T02:26:26.043786+00:00
arch_spread:primary,arch_spread,proven,7.8,"group_neutralize(ts_rank(anl14_median_ebitda_fy3/cap,126)-ts_rank(anl14_numofests_revenue_fy4/cap,126),sector)","{""instrumentType"": ""EQUITY"", ""region"": ""USA"", ""universe"": ""TOP3000"", ""delay"": 1, ""decay"": 6, ""neutralization"": ""MARKET"", ""truncation"": 0.05, ""pasteurization"": ""ON"", ""unitHandling"": ""VERIFY"", ""nanHandling"": ""ON"", ""language"": ""FASTEXPR"", ""visualization"": false}",0,7dbedd08fa35819042c82b5ed4915187fb72db58188f494ffc9b5fe9316e88e1,"group_neutralize(sub(ts_rank(div(anl14_median_ebitda_fy3,cap),#),ts_rank(div(anl14_numofests_revenue_fy4,cap),#)),sector)","group_neutralize(sub(ts_rank(div(FIELD,FIELD),#),ts_rank(div(FIELD,FIELD),#)),sector)",2026-08-02T02:26:26.043786+00:00
arch_vol_liq:primary,arch_vol_liq,proven,7.700000000000001,"group_neutralize(-rank(ts_std_dev(returns,126))*rank(ts_mean(volume,63)/adv20),market)","{""instrumentType"": ""EQUITY"", ""region"": ""USA"", ""universe"": ""TOP3000"", ""delay"": 1, ""decay"": 4, ""neutralization"": ""MARKET"", ""truncation"": 0.06, ""pasteurization"": ""ON"", ""unitHandling"": ""VERIFY"", ""nanHandling"": ""ON"", ""language"": ""FASTEXPR"", ""visualization"": false}",0,3a9de6f956db52da97bb7116be1b6b10d4975db837e3aa5a74d5acb36b933665,"group_neutralize(neg(mul(div(ts_mean(volume,#),adv20),ts_std_dev(returns,#))),market)","group_neutralize(neg(mul(div(ts_mean(FIELD,#),FIELD),ts_std_dev(FIELD,#))),market)",2026-08-02T02:26:26.043786+00:00
arch_pv_vol:primary,arch_pv_vol,proven,7.550000000000001,"group_neutralize(rank(ts_mean(volume,42)/adv20)*-rank(ts_delta(close,126)),sector)","{""instrumentType"": ""EQUITY"", ""region"": ""USA"", ""universe"": ""TOP3000"", ""delay"": 1, ""decay"": 6, ""neutralization"": ""MARKET"", ""truncation"": 0.06, ""pasteurization"": ""ON"", ""unitHandling"": ""VERIFY"", ""nanHandling"": ""ON"", ""language"": ""FASTEXPR"", ""visualization"": false}",0,be18cada7bbc7e0c7256b0a06564fb6291d7c501068cb4658c84a152f02d19ac,"group_neutralize(mul(div(ts_mean(volume,#),adv20),neg(ts_delta(close,#))),sector)","group_neutralize(mul(div(ts_mean(FIELD,#),FIELD),neg(ts_delta(FIELD,#))),sector)",2026-08-02T02:26:26.043786+00:00
arch_delta_ts_rank:primary,arch_delta_ts_rank,proven,7.5,"group_neutralize(ts_rank(ts_delta(anl10_analyst_innovation_eps_revise_ratio_to_close_fy1,126)/cap,126)-0.5,sector)","{""instrumentType"": ""EQUITY"", ""region"": ""USA"", ""universe"": ""TOP3000"", ""delay"": 1, ""decay"": 6, ""neutralization"": ""MARKET"", ""truncation"": 0.05, ""pasteurization"": ""ON"", ""unitHandling"": ""VERIFY"", ""nanHandling"": ""ON"", ""language"": ""FASTEXPR"", ""visualization"": false}",0,d896785cad5bb43c5a468c734631fcc725b8680feafe8fa42781929050b65c37,"group_neutralize(sub(ts_rank(div(ts_delta(anl10_analyst_innovation_eps_revise_ratio_to_close_fy1,#),cap),#),#),sector)","group_neutralize(sub(ts_rank(div(ts_delta(FIELD,#),FIELD),#),#),sector)",2026-08-02T02:26:26.043786+00:00
arch_delta_ts_rank:primary,arch_delta_ts_rank,proven,7.5,"group_neutralize(ts_rank(ts_delta(anl10_analyst_innovation_eps_revise_ratio_to_close_fq2,126)/cap,126)-0.5,sector)","{""instrumentType"": ""EQUITY"", ""region"": ""USA"", ""universe"": ""TOP3000"", ""delay"": 1, ""decay"": 6, ""neutralization"": ""MARKET"", ""truncation"": 0.05, ""pasteurization"": ""ON"", ""unitHandling"": ""VERIFY"", ""nanHandling"": ""ON"", ""language"": ""FASTEXPR"", ""visualization"": false}",0,cb6bab61c0239af398f06eed1f1179a939cbe071bd660ad61def781265bec224,"group_neutralize(sub(ts_rank(div(ts_delta(anl10_analyst_innovation_eps_revise_ratio_to_close_fq2,#),cap),#),#),sector)","group_neutralize(sub(ts_rank(div(ts_delta(FIELD,#),FIELD),#),#),sector)",2026-08-02T02:26:26.043786+00:00
arch_vol_liq:primary,arch_vol_liq,proven,7.45,"group_neutralize(-rank(ts_std_dev(returns,63))*rank(ts_mean(volume,63)/adv20),sector)","{""instrumentType"": ""EQUITY"", ""region"": ""USA"", ""universe"": ""TOP3000"", ""delay"": 1, ""decay"": 4, ""neutralization"": ""MARKET"", ""truncation"": 0.06, ""pasteurization"": ""ON"", ""unitHandling"": ""VERIFY"", ""nanHandling"": ""ON"", ""language"": ""FASTEXPR"", ""visualization"": false}",0,c5b05e567610affe9f0e4a453c06bd130a1cdc380624041fc4559927e0d77848,"group_neutralize(neg(mul(div(ts_mean(volume,#),adv20),ts_std_dev(returns,#))),sector)","group_neutralize(neg(mul(div(ts_mean(FIELD,#),FIELD),ts_std_dev(FIELD,#))),sector)",2026-08-02T02:26:26.043786+00:00
arch_level_liquid:primary,arch_level_liquid,proven,7.3,"(group_rank(anl10_epsrevise_ratio_to_close_fy2/cap,sector)-0.5)*rank(ts_mean(volume,63)/adv20)","{""instrumentType"": ""EQUITY"", ""region"": ""USA"", ""universe"": ""TOP3000"", ""delay"": 1, ""decay"": 4, ""neutralization"": ""MARKET"", ""truncation"": 0.05, ""pasteurization"": ""ON"", ""unitHandling"": ""VERIFY"", ""nanHandling"": ""ON"", ""language"": ""FASTEXPR"", ""visualization"": false}",0,2df19036c9337a8c276ee14928b7b270e80dc7bc74b2d6f427cc494922944953,"mul(div(ts_mean(volume,#),adv20),sub(group_rank(div(anl10_epsrevise_ratio_to_close_fy2,cap),sector),#))","mul(div(ts_mean(FIELD,#),FIELD),sub(group_rank(div(FIELD,FIELD),sector),#))",2026-08-02T02:26:26.043786+00:00
arch_level_liquid:primary,arch_level_liquid,proven,7.3,"(group_rank(anl10_epsrevise_ratio_to_close_fy1/cap,sector)-0.5)*rank(ts_mean(volume,63)/adv20)","{""instrumentType"": ""EQUITY"", ""region"": ""USA"", ""universe"": ""TOP3000"", ""delay"": 1, ""decay"": 4, ""neutralization"": ""MARKET"", ""truncation"": 0.05, ""pasteurization"": ""ON"", ""unitHandling"": ""VERIFY"", ""nanHandling"": ""ON"", ""language"": ""FASTEXPR"", ""visualization"": false}",0,bc102a47da5d9e52b16af5021964fa48b5537d622cf278fe0a6ced42cf0197fd,"mul(div(ts_mean(volume,#),adv20),sub(group_rank(div(anl10_epsrevise_ratio_to_close_fy1,cap),sector),#))","mul(div(ts_mean(FIELD,#),FIELD),sub(group_rank(div(FIELD,FIELD),sector),#))",2026-08-02T02:26:26.043786+00:00
arch_regime_shift:primary,arch_regime_shift,proven,7.050000000000001,"group_neutralize(ts_zscore(anl10_roeff_2323/cap,126)-ts_zscore(anl10_roeff_2323/cap,252),industry)","{""instrumentType"": ""EQUITY"", ""region"": ""USA"", ""universe"": ""TOP3000"", ""delay"": 1, ""decay"": 6, ""neutralization"": ""MARKET"", ""truncation"": 0.05, ""pasteurization"": ""ON"", ""unitHandling"": ""VERIFY"", ""nanHandling"": ""ON"", ""language"": ""FASTEXPR"", ""visualization"": false}",0,cac1c705ef2172c7d61f196b2a5b9af928fc13f689fedf97031383a9e2fd4cfc,"group_neutralize(sub(ts_zscore(div(anl10_roeff_2323,cap),#),ts_zscore(div(anl10_roeff_2323,cap),#)),industry)","group_neutralize(sub(ts_zscore(div(FIELD,FIELD),#),ts_zscore(div(FIELD,FIELD),#)),industry)",2026-08-02T02:26:26.043786+00:00
arch_regime_shift:primary,arch_regime_shift,proven,6.9,"group_neutralize(ts_zscore(anl10_roeff_2323/cap,63)-ts_zscore(anl10_roeff_2323/cap,252),industry)","{""instrumentType"": ""EQUITY"", ""region"": ""USA"", ""universe"": ""TOP3000"", ""delay"": 1, ""decay"": 6, ""neutralization"": ""MARKET"", ""truncation"": 0.05, ""pasteurization"": ""ON"", ""unitHandling"": ""VERIFY"", ""nanHandling"": ""ON"", ""language"": ""FASTEXPR"", ""visualization"": false}",0,8b3ba775e17d9348a0fd6c2bb0b68f3e9e788cab8d06db71fe61f5c02fbd8309,"group_neutralize(sub(ts_zscore(div(anl10_roeff_2323,cap),#),ts_zscore(div(anl10_roeff_2323,cap),#)),industry)","group_neutralize(sub(ts_zscore(div(FIELD,FIELD),#),ts_zscore(div(FIELD,FIELD),#)),industry)",2026-08-02T02:26:26.043786+00:00
arch_ret_vol_corr:primary,arch_ret_vol_corr,proven,6.65,"group_neutralize(-rank(ts_corr(rank(returns),rank(volume),126)),market)","{""instrumentType"": ""EQUITY"", ""region"": ""USA"", ""universe"": ""TOP3000"", ""delay"": 1, ""decay"": 4, ""neutralization"": ""MARKET"", ""truncation"": 0.07, ""pasteurization"": ""ON"", ""unitHandling"": ""VERIFY"", ""nanHandling"": ""ON"", ""language"": ""FASTEXPR"", ""visualization"": false}",0,7a8907a135ff3518b13ae4fc9a87f2d86b97fd59a3ea669b2da30dfe313fc831,"group_neutralize(neg(ts_corr(returns,volume,#)),market)","group_neutralize(neg(ts_corr(FIELD,FIELD,#)),market)",2026-08-02T02:26:26.043786+00:00
arch_ret_vol_corr:primary,arch_ret_vol_corr,proven,6.550000000000001,"group_neutralize(-rank(ts_corr(abs(returns),volume,126)),market)","{""instrumentType"": ""EQUITY"", ""region"": ""USA"", ""universe"": ""TOP3000"", ""delay"": 1, ""decay"": 4, ""neutralization"": ""MARKET"", ""truncation"": 0.07, ""pasteurization"": ""ON"", ""unitHandling"": ""VERIFY"", ""nanHandling"": ""ON"", ""language"": ""FASTEXPR"", ""visualization"": false}",0,8b711112088cc48de3c8bb3987c691889b12fd0cd2171acd2bf8e1b994673cf8,"group_neutralize(neg(ts_corr(abs(returns),volume,#)),market)","group_neutralize(neg(ts_corr(abs(FIELD),FIELD,#)),market)",2026-08-02T02:26:26.043786+00:00
arch_ret_vol_corr:primary,arch_ret_vol_corr,proven,6.4,"group_neutralize(-rank(ts_corr(rank(returns),rank(volume),63)),sector)","{""instrumentType"": ""EQUITY"", ""region"": ""USA"", ""universe"": ""TOP3000"", ""delay"": 1, ""decay"": 4, ""neutralization"": ""MARKET"", ""truncation"": 0.07, ""pasteurization"": ""ON"", ""unitHandling"": ""VERIFY"", ""nanHandling"": ""ON"", ""language"": ""FASTEXPR"", ""visualization"": false}",0,42c8706afcd664f9a00f9e789a619c9124ff84c57fe1e10c33c84c96f6798152,"group_neutralize(neg(ts_corr(returns,volume,#)),sector)","group_neutralize(neg(ts_corr(FIELD,FIELD,#)),sector)",2026-08-02T02:26:26.043786+00:00
arch_analyst:primary,arch_analyst,proven,6.4,"group_neutralize(ts_zscore(industry_18mo_marketcap_percent,126),industry)","{""instrumentType"": ""EQUITY"", ""region"": ""USA"", ""universe"": ""TOP3000"", ""delay"": 1, ""decay"": 4, ""neutralization"": ""MARKET"", ""truncation"": 0.06, ""pasteurization"": ""ON"", ""unitHandling"": ""VERIFY"", ""nanHandling"": ""ON"", ""language"": ""FASTEXPR"", ""visualization"": false}",0,432694982a638f7a982bde6e9a54423cb61f93da393e09cdaad2a44ef87e35e0,"group_neutralize(ts_zscore(industry_18mo_marketcap_percent,#),industry)","group_neutralize(ts_zscore(FIELD,#),industry)",2026-08-02T02:26:26.043786+00:00
arch_analyst:primary,arch_analyst,proven,6.4,"group_neutralize(ts_zscore(governance_pillar_composite_score,126),sector)","{""instrumentType"": ""EQUITY"", ""region"": ""USA"", ""universe"": ""TOP3000"", ""delay"": 1, ""decay"": 4, ""neutralization"": ""MARKET"", ""truncation"": 0.06, ""pasteurization"": ""ON"", ""unitHandling"": ""VERIFY"", ""nanHandling"": ""ON"", ""language"": ""FASTEXPR"", ""visualization"": false}",0,7136bf39744d27366f43b0b32be83b2978a8ca6b98ce550a47088372649add4d,"group_neutralize(ts_zscore(governance_pillar_composite_score,#),sector)","group_neutralize(ts_zscore(FIELD,#),sector)",2026-08-02T02:26:26.043786+00:00
arch_zscore:primary,arch_zscore,proven,6.35,"group_neutralize(ts_zscore(anl10_roeff_2323/cap,63),sector)","{""instrumentType"": ""EQUITY"", ""region"": ""USA"", ""universe"": ""TOP3000"", ""delay"": 1, ""decay"": 6, ""neutralization"": ""MARKET"", ""truncation"": 0.05, ""pasteurization"": ""ON"", ""unitHandling"": ""VERIFY"", ""nanHandling"": ""ON"", ""language"": ""FASTEXPR"", ""visualization"": false}",0,00a6fcfce6577f3f6b76d997fd310622ce4b7beeec73548927294118362ce574,"group_neutralize(ts_zscore(div(anl10_roeff_2323,cap),#),sector)","group_neutralize(ts_zscore(div(FIELD,FIELD),#),sector)",2026-08-02T02:26:26.043786+00:00
arch_zscore:primary,arch_zscore,proven,6.35,"group_neutralize(ts_zscore(anl10_smartest_roe_ff/cap,63),sector)","{""instrumentType"": ""EQUITY"", ""region"": ""USA"", ""universe"": ""TOP3000"", ""delay"": 1, ""decay"": 6, ""neutralization"": ""MARKET"", ""truncation"": 0.05, ""pasteurization"": ""ON"", ""unitHandling"": ""VERIFY"", ""nanHandling"": ""ON"", ""language"": ""FASTEXPR"", ""visualization"": false}",0,97b01971c184ad7aed2d0c4e25b77ba04573681ce514cdc6dd204a7031d29634,"group_neutralize(ts_zscore(div(anl10_smartest_roe_ff,cap),#),sector)","group_neutralize(ts_zscore(div(FIELD,FIELD),#),sector)",2026-08-02T02:26:26.043786+00:00
arch_analyst_hybrid:primary,arch_analyst_hybrid,proven,6.35,"group_neutralize(ts_zscore(workforce_pillar_composite_score,63)+ts_decay_linear(zscore(vwap/close),42)*0.3,market)","{""instrumentType"": ""EQUITY"", ""region"": ""USA"", ""universe"": ""TOP3000"", ""delay"": 1, ""decay"": 4, ""neutralization"": ""MARKET"", ""truncation"": 0.06, ""pasteurization"": ""ON"", ""unitHandling"": ""VERIFY"", ""nanHandling"": ""ON"", ""language"": ""FASTEXPR"", ""visualization"": false}",0,cd0b2d72d1a3f33a871c31e339ea9e03678cc20a314f9c2de0df724772a81e83,"group_neutralize(add(mul(#,ts_decay_linear(div(vwap,close),#)),ts_zscore(workforce_pillar_composite_score,#)),market)","group_neutralize(add(mul(#,ts_decay_linear(div(FIELD,FIELD),#)),ts_zscore(FIELD,#)),market)",2026-08-02T02:26:26.043786+00:00
arch_analyst_hybrid:primary,arch_analyst_hybrid,proven,6.35,"group_neutralize(ts_zscore(industry_fy3_marketcap_percent,63)+ts_decay_linear(zscore(vwap/close),42)*0.3,industry)","{""instrumentType"": ""EQUITY"", ""region"": ""USA"", ""universe"": ""TOP3000"", ""delay"": 1, ""decay"": 4, ""neutralization"": ""MARKET"", ""truncation"": 0.06, ""pasteurization"": ""ON"", ""unitHandling"": ""VERIFY"", ""nanHandling"": ""ON"", ""language"": ""FASTEXPR"", ""visualization"": false}",0,82b4e4a712cb4c5226df37969e765a51e3b10e6b2d805e6c15806689bde99426,"group_neutralize(add(mul(#,ts_decay_linear(div(vwap,close),#)),ts_zscore(industry_fy3_marketcap_percent,#)),industry)","group_neutralize(add(mul(#,ts_decay_linear(div(FIELD,FIELD),#)),ts_zscore(FIELD,#)),industry)",2026-08-02T02:26:26.043786+00:00
arch_spread:primary,arch_spread,proven,7.8,"group_neutralize(ts_rank(anl14_median_ebitda_fy5/cap,126)-ts_rank(anl14_stddev_capex_fp2/cap,126),market)","{""instrumentType"": ""EQUITY"", ""region"": ""USA"", ""universe"": ""TOP3000"", ""delay"": 1, ""decay"": 6, ""neutralization"": ""MARKET"", ""truncation"": 0.05, ""pasteurization"": ""ON"", ""unitHandling"": ""VERIFY"", ""nanHandling"": ""ON"", ""language"": ""FASTEXPR"", ""visualization"": false}",0,8ab4e3d4007994c5a818da476b9dd42d76275a55d86df6741343701d29554d55,"group_neutralize(sub(ts_rank(div(anl14_median_ebitda_fy5,cap),#),ts_rank(div(anl14_stddev_capex_fp2,cap),#)),market)","group_neutralize(sub(ts_rank(div(FIELD,FIELD),#),ts_rank(div(FIELD,FIELD),#)),market)",2026-08-02T02:30:57.259451+00:00
arch_spread:primary,arch_spread,proven,7.8,"group_neutralize(ts_rank(anl14_stddev_ebitda_fy3/cap,126)-ts_rank(anl14_stddev_capex_fy5/cap,126),market)","{""instrumentType"": ""EQUITY"", ""region"": ""USA"", ""universe"": ""TOP3000"", ""delay"": 1, ""decay"": 6, ""neutralization"": ""MARKET"", ""truncation"": 0.05, ""pasteurization"": ""ON"", ""unitHandling"": ""VERIFY"", ""nanHandling"": ""ON"", ""language"": ""FASTEXPR"", ""visualization"": false}",0,cc6a7bcc0b82405a843ed8ed2a4b86a36bf4932a796e3a51669881caa6df32db,"group_neutralize(sub(ts_rank(div(anl14_stddev_ebitda_fy3,cap),#),ts_rank(div(anl14_stddev_capex_fy5,cap),#)),market)","group_neutralize(sub(ts_rank(div(FIELD,FIELD),#),ts_rank(div(FIELD,FIELD),#)),market)",2026-08-02T02:30:57.259451+00:00
arch_spread:primary,arch_spread,proven,7.8,"group_neutralize(ts_rank(anl14_low_ebitda_fy1/cap,126)-ts_rank(anl14_numofests_ndebt_fp1/cap,126),market)","{""instrumentType"": ""EQUITY"", ""region"": ""USA"", ""universe"": ""TOP3000"", ""delay"": 1, ""decay"": 6, ""neutralization"": ""MARKET"", ""truncation"": 0.05, ""pasteurization"": ""ON"", ""unitHandling"": ""VERIFY"", ""nanHandling"": ""ON"", ""language"": ""FASTEXPR"", ""visualization"": false}",0,f40b0b73c60589ff7c4bf80b1c882bc8bfd3854506dc8da8d4280791baf0023a,"group_neutralize(sub(ts_rank(div(anl14_low_ebitda_fy1,cap),#),ts_rank(div(anl14_numofests_ndebt_fp1,cap),#)),market)","group_neutralize(sub(ts_rank(div(FIELD,FIELD),#),ts_rank(div(FIELD,FIELD),#)),market)",2026-08-02T02:30:57.259451+00:00
arch_spread:primary,arch_spread,proven,7.8,"group_neutralize(ts_rank(anl14_mean_ebitda_fp5/cap,126)-ts_rank(anl14_stddev_revenue_fy4/cap,126),sector)","{""instrumentType"": ""EQUITY"", ""region"": ""USA"", ""universe"": ""TOP3000"", ""delay"": 1, ""decay"": 6, ""neutralization"": ""MARKET"", ""truncation"": 0.05, ""pasteurization"": ""ON"", ""unitHandling"": ""VERIFY"", ""nanHandling"": ""ON"", ""language"": ""FASTEXPR"", ""visualization"": false}",0,86c969ef407c9146d7abc75dd7cba2df03ad801ba1018c76fde92e6643ab7002,"group_neutralize(sub(ts_rank(div(anl14_mean_ebitda_fp5,cap),#),ts_rank(div(anl14_stddev_revenue_fy4,cap),#)),sector)","group_neutralize(sub(ts_rank(div(FIELD,FIELD),#),ts_rank(div(FIELD,FIELD),#)),sector)",2026-08-02T02:30:57.259451+00:00
arch_spread:primary,arch_spread,proven,7.8,"group_neutralize(ts_rank(anl14_stddev_ebitda_fy2/cap,126)-ts_rank(anl14_mean_revenue_fy5/cap,126),market)","{""instrumentType"": ""EQUITY"", ""region"": ""USA"", ""universe"": ""TOP3000"", ""delay"": 1, ""decay"": 6, ""neutralization"": ""MARKET"", ""truncation"": 0.05, ""pasteurization"": ""ON"", ""unitHandling"": ""VERIFY"", ""nanHandling"": ""ON"", ""language"": ""FASTEXPR"", ""visualization"": false}",0,8f990433d6380fe980373fc2eea55cb558467cd06192098b7f474c360633e968,"group_neutralize(sub(ts_rank(div(anl14_stddev_ebitda_fy2,cap),#),ts_rank(div(anl14_mean_revenue_fy5,cap),#)),market)","group_neutralize(sub(ts_rank(div(FIELD,FIELD),#),ts_rank(div(FIELD,FIELD),#)),market)",2026-08-02T02:30:57.259451+00:00
arch_spread:primary,arch_spread,proven,7.8,"group_neutralize(ts_rank(anl14_stddev_ebitda_fp3/cap,126)-ts_rank(anl14_numofests_capex_fp5/cap,126),market)","{""instrumentType"": ""EQUITY"", ""region"": ""USA"", ""universe"": ""TOP3000"", ""delay"": 1, ""decay"": 6, ""neutralization"": ""MARKET"", ""truncation"": 0.05, ""pasteurization"": ""ON"", ""unitHandling"": ""VERIFY"", ""nanHandling"": ""ON"", ""language"": ""FASTEXPR"", ""visualization"": false}",0,ab5bf9d9c028e4934f762266d366433fb415f48e0d024ae8265dba753d5d98e8,"group_neutralize(sub(ts_rank(div(anl14_stddev_ebitda_fp3,cap),#),ts_rank(div(anl14_numofests_capex_fp5,cap),#)),market)","group_neutralize(sub(ts_rank(div(FIELD,FIELD),#),ts_rank(div(FIELD,FIELD),#)),market)",2026-08-02T02:30:57.259451+00:00
arch_spread:primary,arch_spread,proven,7.8,"group_neutralize(ts_rank(anl14_numofests_ebitda_fp4/cap,126)-ts_rank(anl14_median_ndebt_fp4/cap,126),market)","{""instrumentType"": ""EQUITY"", ""region"": ""USA"", ""universe"": ""TOP3000"", ""delay"": 1, ""decay"": 6, ""neutralization"": ""MARKET"", ""truncation"": 0.05, ""pasteurization"": ""ON"", ""unitHandling"": ""VERIFY"", ""nanHandling"": ""ON"", ""language"": ""FASTEXPR"", ""visualization"": false}",0,f8c30aa80cb35d52bd78ea05f912718e83ce1bb4a641ca49bccd8fd2194a79ca,"group_neutralize(sub(ts_rank(div(anl14_numofests_ebitda_fp4,cap),#),ts_rank(div(anl14_median_ndebt_fp4,cap),#)),market)","group_neutralize(sub(ts_rank(div(FIELD,FIELD),#),ts_rank(div(FIELD,FIELD),#)),market)",2026-08-02T02:30:57.259451+00:00
arch_pv_vol:primary,arch_pv_vol,proven,7.75,"group_neutralize(rank(ts_mean(volume,63)/adv20)*-rank(ts_delta(close,126)),market)","{""instrumentType"": ""EQUITY"", ""region"": ""USA"", ""universe"": ""TOP3000"", ""delay"": 1, ""decay"": 6, ""neutralization"": ""MARKET"", ""truncation"": 0.06, ""pasteurization"": ""ON"", ""unitHandling"": ""VERIFY"", ""nanHandling"": ""ON"", ""language"": ""FASTEXPR"", ""visualization"": false}",0,cb5ea76e4c03e662770e84787c9a252a82b757f8ad04907d801dd784fa968ce6,"group_neutralize(mul(div(ts_mean(volume,#),adv20),neg(ts_delta(close,#))),market)","group_neutralize(mul(div(ts_mean(FIELD,#),FIELD),neg(ts_delta(FIELD,#))),market)",2026-08-02T02:30:57.259451+00:00
arch_pv_vol:primary,arch_pv_vol,proven,7.75,"group_neutralize(rank(ts_mean(volume,126)/adv20)*-rank(ts_delta(close,63)),market)","{""instrumentType"": ""EQUITY"", ""region"": ""USA"", ""universe"": ""TOP3000"", ""delay"": 1, ""decay"": 6, ""neutralization"": ""MARKET"", ""truncation"": 0.06, ""pasteurization"": ""ON"", ""unitHandling"": ""VERIFY"", ""nanHandling"": ""ON"", ""language"": ""FASTEXPR"", ""visualization"": false}",0,e319d0abb7c0d100d66267213a20b02875b46fe15cdc5413f46d38efe9a1b61a,"group_neutralize(mul(div(ts_mean(volume,#),adv20),neg(ts_delta(close,#))),market)","group_neutralize(mul(div(ts_mean(FIELD,#),FIELD),neg(ts_delta(FIELD,#))),market)",2026-08-02T02:30:57.259451+00:00
arch_regime_shift:primary,arch_regime_shift,proven,7.75,"group_neutralize(ts_zscore(anl10_analyst_innovation_eps_revise_ratio_to_consensus_fy1/cap,63)-ts_zscore(anl10_analyst_innovation_eps_revise_ratio_to_consensus_fy1/cap,126),market)","{""instrumentType"": ""EQUITY"", ""region"": ""USA"", ""universe"": ""TOP3000"", ""delay"": 1, ""decay"": 6, ""neutralization"": ""MARKET"", ""truncation"": 0.05, ""pasteurization"": ""ON"", ""unitHandling"": ""VERIFY"", ""nanHandling"": ""ON"", ""language"": ""FASTEXPR"", ""visualization"": false}",0,92094415d4fafe93e9bef01d65f637fa3f9fd848da96c26c8de88fbff5ccabf3,"group_neutralize(sub(ts_zscore(div(anl10_analyst_innovation_eps_revise_ratio_to_consensus_fy1,cap),#),ts_zscore(div(anl10_analyst_innovation_eps_revise_ratio_to_consensus_fy1,cap),#)),market)","group_neutralize(sub(ts_zscore(div(FIELD,FIELD),#),ts_zscore(div(FIELD,FIELD),#)),market)",2026-08-02T02:30:57.259451+00:00
arch_vol_liq:primary,arch_vol_liq,proven,7.700000000000001,"group_neutralize(-rank(ts_std_dev(returns,126))*rank(ts_mean(volume,63)/adv20),sector)","{""instrumentType"": ""EQUITY"", ""region"": ""USA"", ""universe"": ""TOP3000"", ""delay"": 1, ""decay"": 4, ""neutralization"": ""MARKET"", ""truncation"": 0.06, ""pasteurization"": ""ON"", ""unitHandling"": ""VERIFY"", ""nanHandling"": ""ON"", ""language"": ""FASTEXPR"", ""visualization"": false}",0,fabde534d87120609c453b1d4fe8697e506a7adda35552a0150d610209bc42d3,"group_neutralize(neg(mul(div(ts_mean(volume,#),adv20),ts_std_dev(returns,#))),sector)","group_neutralize(neg(mul(div(ts_mean(FIELD,#),FIELD),ts_std_dev(FIELD,#))),sector)",2026-08-02T02:30:57.259451+00:00
arch_pv_vol:primary,arch_pv_vol,proven,7.65,"group_neutralize(rank(ts_mean(volume,63)/adv20)*-rank(ts_delta(close,126)),sector)","{""instrumentType"": ""EQUITY"", ""region"": ""USA"", ""universe"": ""TOP3000"", ""delay"": 1, ""decay"": 6, ""neutralization"": ""MARKET"", ""truncation"": 0.06, ""pasteurization"": ""ON"", ""unitHandling"": ""VERIFY"", ""nanHandling"": ""ON"", ""language"": ""FASTEXPR"", ""visualization"": false}",0,129f39268112f7b5f6bb6a358c76b1ed4e9ec151737902d121b9189cb518b3d9,"group_neutralize(mul(div(ts_mean(volume,#),adv20),neg(ts_delta(close,#))),sector)","group_neutralize(mul(div(ts_mean(FIELD,#),FIELD),neg(ts_delta(FIELD,#))),sector)",2026-08-02T02:30:57.259451+00:00
arch_pv_vol:primary,arch_pv_vol,proven,7.65,"group_neutralize(rank(ts_mean(volume,126)/adv20)*-rank(ts_delta(close,63)),sector)","{""instrumentType"": ""EQUITY"", ""region"": ""USA"", ""universe"": ""TOP3000"", ""delay"": 1, ""decay"": 6, ""neutralization"": ""MARKET"", ""truncation"": 0.06, ""pasteurization"": ""ON"", ""unitHandling"": ""VERIFY"", ""nanHandling"": ""ON"", ""language"": ""FASTEXPR"", ""visualization"": false}",0,74e0a38321f37028de41e6f9343cb31412f868b5b0c50447d8d98e25b207edae,"group_neutralize(mul(div(ts_mean(volume,#),adv20),neg(ts_delta(close,#))),sector)","group_neutralize(mul(div(ts_mean(FIELD,#),FIELD),neg(ts_delta(FIELD,#))),sector)",2026-08-02T02:30:57.259451+00:00
arch_pv_vol:primary,arch_pv_vol,proven,7.65,"group_neutralize(rank(ts_mean(volume,42)/adv20)*-rank(ts_delta(close,126)),market)","{""instrumentType"": ""EQUITY"", ""region"": ""USA"", ""universe"": ""TOP3000"", ""delay"": 1, ""decay"": 6, ""neutralization"": ""MARKET"", ""truncation"": 0.06, ""pasteurization"": ""ON"", ""unitHandling"": ""VERIFY"", ""nanHandling"": ""ON"", ""language"": ""FASTEXPR"", ""visualization"": false}",0,edf87b799f917abba22b3eb421740c3e467fc037c6ac5245482ae1446009a406,"group_neutralize(mul(div(ts_mean(volume,#),adv20),neg(ts_delta(close,#))),market)","group_neutralize(mul(div(ts_mean(FIELD,#),FIELD),neg(ts_delta(FIELD,#))),market)",2026-08-02T02:30:57.259451+00:00
arch_pv_vol:primary,arch_pv_vol,proven,7.5,"group_neutralize(rank(ts_mean(volume,63)/adv20)*-rank(ts_delta(close,63)),sector)","{""instrumentType"": ""EQUITY"", ""region"": ""USA"", ""universe"": ""TOP3000"", ""delay"": 1, ""decay"": 6, ""neutralization"": ""MARKET"", ""truncation"": 0.06, ""pasteurization"": ""ON"", ""unitHandling"": ""VERIFY"", ""nanHandling"": ""ON"", ""language"": ""FASTEXPR"", ""visualization"": false}",0,32f98d7f3bc5ebb2fb609aa075450e3c3c4ae9788d3979539a51c49d869d62c1,"group_neutralize(mul(div(ts_mean(volume,#),adv20),neg(ts_delta(close,#))),sector)","group_neutralize(mul(div(ts_mean(FIELD,#),FIELD),neg(ts_delta(FIELD,#))),sector)",2026-08-02T02:30:57.259451+00:00
arch_delta_ts_rank:primary,arch_delta_ts_rank,proven,7.5,"group_neutralize(ts_rank(ts_delta(anl10_analyst_innovation_eps_innovate_decrease_fy1,126)/cap,126)-0.5,sector)","{""instrumentType"": ""EQUITY"", ""region"": ""USA"", ""universe"": ""TOP3000"", ""delay"": 1, ""decay"": 6, ""neutralization"": ""MARKET"", ""truncation"": 0.05, ""pasteurization"": ""ON"", ""unitHandling"": ""VERIFY"", ""nanHandling"": ""ON"", ""language"": ""FASTEXPR"", ""visualization"": false}",0,a985e8ab37ef4fba4149a8f6770932620ae428b4704263739f23fd20a3ba65bd,"group_neutralize(sub(ts_rank(div(ts_delta(anl10_analyst_innovation_eps_innovate_decrease_fy1,#),cap),#),#),sector)","group_neutralize(sub(ts_rank(div(ts_delta(FIELD,#),FIELD),#),#),sector)",2026-08-02T02:30:57.259451+00:00
arch_delta_ts_rank:primary,arch_delta_ts_rank,proven,7.5,"group_neutralize(ts_rank(ts_delta(anl10_analyst_innovation_eps_normal_decrease_fy1,126)/cap,126)-0.5,industry)","{""instrumentType"": ""EQUITY"", ""region"": ""USA"", ""universe"": ""TOP3000"", ""delay"": 1, ""decay"": 6, ""neutralization"": ""MARKET"", ""truncation"": 0.05, ""pasteurization"": ""ON"", ""unitHandling"": ""VERIFY"", ""nanHandling"": ""ON"", ""language"": ""FASTEXPR"", ""visualization"": false}",0,452634942c500b6403f84a0790050b7b75bebb49afd64b1e6ef8a9b1444933e4,"group_neutralize(sub(ts_rank(div(ts_delta(anl10_analyst_innovation_eps_normal_decrease_fy1,#),cap),#),#),industry)","group_neutralize(sub(ts_rank(div(ts_delta(FIELD,#),FIELD),#),#),industry)",2026-08-02T02:30:57.259451+00:00
arch_delta_ts_rank:primary,arch_delta_ts_rank,proven,7.5,"group_neutralize(ts_rank(ts_delta(anl10_analyst_innovation_eps_innovate_increase_fy1,126)/cap,126)-0.5,market)","{""instrumentType"": ""EQUITY"", ""region"": ""USA"", ""universe"": ""TOP3000"", ""delay"": 1, ""decay"": 6, ""neutralization"": ""MARKET"", ""truncation"": 0.05, ""pasteurization"": ""ON"", ""unitHandling"": ""VERIFY"", ""nanHandling"": ""ON"", ""language"": ""FASTEXPR"", ""visualization"": false}",0,f61e74badd1de423c2fe5e8b6ad6a247e267f17ab6ffd791201ee03e6bda3315,"group_neutralize(sub(ts_rank(div(ts_delta(anl10_analyst_innovation_eps_innovate_increase_fy1,#),cap),#),#),market)","group_neutralize(sub(ts_rank(div(ts_delta(FIELD,#),FIELD),#),#),market)",2026-08-02T02:30:57.259451+00:00
arch_delta_ts_rank:primary,arch_delta_ts_rank,proven,7.5,"group_neutralize(ts_rank(ts_delta(anl10_analyst_innovation_eps_innovate_increase_fy2,126)/cap,126)-0.5,sector)","{""instrumentType"": ""EQUITY"", ""region"": ""USA"", ""universe"": ""TOP3000"", ""delay"": 1, ""decay"": 6, ""neutralization"": ""MARKET"", ""truncation"": 0.05, ""pasteurization"": ""ON"", ""unitHandling"": ""VERIFY"", ""nanHandling"": ""ON"", ""language"": ""FASTEXPR"", ""visualization"": false}",0,98d035d1b7341a1b509c3238936223424ddb109f95bdf5fc4f079efe15acea25,"group_neutralize(sub(ts_rank(div(ts_delta(anl10_analyst_innovation_eps_innovate_increase_fy2,#),cap),#),#),sector)","group_neutralize(sub(ts_rank(div(ts_delta(FIELD,#),FIELD),#),#),sector)",2026-08-02T02:30:57.259451+00:00
arch_delta_ts_rank:primary,arch_delta_ts_rank,proven,7.5,"group_neutralize(ts_rank(ts_delta(anl10_analyst_innovation_eps_innovate_decrease_fq1,126)/cap,126)-0.5,sector)","{""instrumentType"": ""EQUITY"", ""region"": ""USA"", ""universe"": ""TOP3000"", ""delay"": 1, ""decay"": 6, ""neutralization"": ""MARKET"", ""truncation"": 0.05, ""pasteurization"": ""ON"", ""unitHandling"": ""VERIFY"", ""nanHandling"": ""ON"", ""language"": ""FASTEXPR"", ""visualization"": false}",0,15f2fe6f13a17ca204d6937cb7d05c7c7a38512c9c4db4b96161f1dafc6e07fd,"group_neutralize(sub(ts_rank(div(ts_delta(anl10_analyst_innovation_eps_innovate_decrease_fq1,#),cap),#),#),sector)","group_neutralize(sub(ts_rank(div(ts_delta(FIELD,#),FIELD),#),#),sector)",2026-08-02T02:30:57.259451+00:00
arch_delta_ts_rank:primary,arch_delta_ts_rank,proven,7.5,"group_neutralize(ts_rank(ts_delta(anl10_analyst_innovation_eps_innovate_increase_fq1,126)/cap,126)-0.5,market)","{""instrumentType"": ""EQUITY"", ""region"": ""USA"", ""universe"": ""TOP3000"", ""delay"": 1, ""decay"": 6, ""neutralization"": ""MARKET"", ""truncation"": 0.05, ""pasteurization"": ""ON"", ""unitHandling"": ""VERIFY"", ""nanHandling"": ""ON"", ""language"": ""FASTEXPR"", ""visualization"": false}",0,5aa475d6ec36f3b16488a9092c72a26c738d3f1ac5805dcb8cb1800de260262d,"group_neutralize(sub(ts_rank(div(ts_delta(anl10_analyst_innovation_eps_innovate_increase_fq1,#),cap),#),#),market)","group_neutralize(sub(ts_rank(div(ts_delta(FIELD,#),FIELD),#),#),market)",2026-08-02T02:30:57.259451+00:00
arch_delta_ts_rank:primary,arch_delta_ts_rank,proven,7.5,"group_neutralize(ts_rank(ts_delta(anl10_analyst_innovation_eps_innovation_score_fq2,126)/cap,126)-0.5,industry)","{""instrumentType"": ""EQUITY"", ""region"": ""USA"", ""universe"": ""TOP3000"", ""delay"": 1, ""decay"": 6, ""neutralization"": ""MARKET"", ""truncation"": 0.05, ""pasteurization"": ""ON"", ""unitHandling"": ""VERIFY"", ""nanHandling"": ""ON"", ""language"": ""FASTEXPR"", ""visualization"": false}",0,3ae309d2d0258e09eb87edc5dab016cfec24ff83f7ecf8d10c5243e68825bf93,"group_neutralize(sub(ts_rank(div(ts_delta(anl10_analyst_innovation_eps_innovation_score_fq2,#),cap),#),#),industry)","group_neutralize(sub(ts_rank(div(ts_delta(FIELD,#),FIELD),#),#),industry)",2026-08-02T02:30:57.259451+00:00
arch_delta_ts_rank:primary,arch_delta_ts_rank,proven,7.5,"group_neutralize(ts_rank(ts_delta(anl10_analyst_innovation_eps_innovate_decrease_fy2,126)/cap,126)-0.5,industry)","{""instrumentType"": ""EQUITY"", ""region"": ""USA"", ""universe"": ""TOP3000"", ""delay"": 1, ""decay"": 6, ""neutralization"": ""MARKET"", ""truncation"": 0.05, ""pasteurization"": ""ON"", ""unitHandling"": ""VERIFY"", ""nanHandling"": ""ON"", ""language"": ""FASTEXPR"", ""visualization"": false}",0,e02c49fa1c0afafb7c2ba48a8b73f767a16334ba6cf76449efe91f17624e9cb8,"group_neutralize(sub(ts_rank(div(ts_delta(anl10_analyst_innovation_eps_innovate_decrease_fy2,#),cap),#),#),industry)","group_neutralize(sub(ts_rank(div(ts_delta(FIELD,#),FIELD),#),#),industry)",2026-08-02T02:30:57.259451+00:00
arch_pv_vol:primary,arch_pv_vol,proven,7.4,"group_neutralize(rank(ts_mean(volume,42)/adv20)*-rank(ts_delta(close,63)),sector)","{""instrumentType"": ""EQUITY"", ""region"": ""USA"", ""universe"": ""TOP3000"", ""delay"": 1, ""decay"": 6, ""neutralization"": ""MARKET"", ""truncation"": 0.06, ""pasteurization"": ""ON"", ""unitHandling"": ""VERIFY"", ""nanHandling"": ""ON"", ""language"": ""FASTEXPR"", ""visualization"": false}",0,d9f404413b7b9e50d511b7ffb60baf2104fce5c414956fd853268999f5c435ce,"group_neutralize(mul(div(ts_mean(volume,#),adv20),neg(ts_delta(close,#))),sector)","group_neutralize(mul(div(ts_mean(FIELD,#),FIELD),neg(ts_delta(FIELD,#))),sector)",2026-08-02T02:30:57.259451+00:00
arch_level_liquid:primary,arch_level_liquid,proven,7.3,"(group_rank(anl10_epsnormal_increase_fy1/cap,industry)-0.5)*rank(ts_mean(volume,63)/adv20)","{""instrumentType"": ""EQUITY"", ""region"": ""USA"", ""universe"": ""TOP3000"", ""delay"": 1, ""decay"": 4, ""neutralization"": ""MARKET"", ""truncation"": 0.05, ""pasteurization"": ""ON"", ""unitHandling"": ""VERIFY"", ""nanHandling"": ""ON"", ""language"": ""FASTEXPR"", ""visualization"": false}",0,a82574818cab49cdadd01b931f7bc4557bfeff05dde079f7d8ed518cc8d1334e,"mul(div(ts_mean(volume,#),adv20),sub(group_rank(div(anl10_epsnormal_increase_fy1,cap),industry),#))","mul(div(ts_mean(FIELD,#),FIELD),sub(group_rank(div(FIELD,FIELD),industry),#))",2026-08-02T02:30:57.259451+00:00
arch_level_liquid:primary,arch_level_liquid,proven,7.3,"(group_rank(anl10_epsinnovate_increase_fy2/cap,market)-0.5)*rank(ts_mean(volume,63)/adv20)","{""instrumentType"": ""EQUITY"", ""region"": ""USA"", ""universe"": ""TOP3000"", ""delay"": 1, ""decay"": 4, ""neutralization"": ""MARKET"", ""truncation"": 0.05, ""pasteurization"": ""ON"", ""unitHandling"": ""VERIFY"", ""nanHandling"": ""ON"", ""language"": ""FASTEXPR"", ""visualization"": false}",0,7e8cd3ef26e8b0a3ee3b39a0575593e127a4e0577168aad32b72fc42c85a9a58,"mul(div(ts_mean(volume,#),adv20),sub(group_rank(div(anl10_epsinnovate_increase_fy2,cap),market),#))","mul(div(ts_mean(FIELD,#),FIELD),sub(group_rank(div(FIELD,FIELD),market),#))",2026-08-02T02:30:57.259451+00:00
arch_level_liquid:primary,arch_level_liquid,proven,7.3,"(group_rank(anl10_epsinnovate_decrease_fy1/cap,market)-0.5)*rank(ts_mean(volume,63)/adv20)","{""instrumentType"": ""EQUITY"", ""region"": ""USA"", ""universe"": ""TOP3000"", ""delay"": 1, ""decay"": 4, ""neutralization"": ""MARKET"", ""truncation"": 0.05, ""pasteurization"": ""ON"", ""unitHandling"": ""VERIFY"", ""nanHandling"": ""ON"", ""language"": ""FASTEXPR"", ""visualization"": false}",0,963b1fe4f347d3dd8773d43d89d91fa23603fa474a00aa7defa28a6435bd16f4,"mul(div(ts_mean(volume,#),adv20),sub(group_rank(div(anl10_epsinnovate_decrease_fy1,cap),market),#))","mul(div(ts_mean(FIELD,#),FIELD),sub(group_rank(div(FIELD,FIELD),market),#))",2026-08-02T02:30:57.259451+00:00
arch_level_liquid:primary,arch_level_liquid,proven,7.3,"(group_rank(anl10_epsinnovate_decrease_fy2/cap,industry)-0.5)*rank(ts_mean(volume,63)/adv20)","{""instrumentType"": ""EQUITY"", ""region"": ""USA"", ""universe"": ""TOP3000"", ""delay"": 1, ""decay"": 4, ""neutralization"": ""MARKET"", ""truncation"": 0.05, ""pasteurization"": ""ON"", ""unitHandling"": ""VERIFY"", ""nanHandling"": ""ON"", ""language"": ""FASTEXPR"", ""visualization"": false}",0,a4e37cdf6f798363746087d948a4fcc1bd7972d8137540458c4623e009fc2d5a,"mul(div(ts_mean(volume,#),adv20),sub(group_rank(div(anl10_epsinnovate_decrease_fy2,cap),industry),#))","mul(div(ts_mean(FIELD,#),FIELD),sub(group_rank(div(FIELD,FIELD),industry),#))",2026-08-02T02:30:57.259451+00:00
arch_level_liquid:primary,arch_level_liquid,proven,7.3,"(group_rank(anl10_epsinnovate_increase_fy1/cap,industry)-0.5)*rank(ts_mean(volume,63)/adv20)","{""instrumentType"": ""EQUITY"", ""region"": ""USA"", ""universe"": ""TOP3000"", ""delay"": 1, ""decay"": 4, ""neutralization"": ""MARKET"", ""truncation"": 0.05, ""pasteurization"": ""ON"", ""unitHandling"": ""VERIFY"", ""nanHandling"": ""ON"", ""language"": ""FASTEXPR"", ""visualization"": false}",0,6662dc9a4c4882be1930fb44948932b95d630a4c03bca4d979ef8fbfed8b1a4c,"mul(div(ts_mean(volume,#),adv20),sub(group_rank(div(anl10_epsinnovate_increase_fy1,cap),industry),#))","mul(div(ts_mean(FIELD,#),FIELD),sub(group_rank(div(FIELD,FIELD),industry),#))",2026-08-02T02:30:57.259451+00:00
arch_level_liquid:primary,arch_level_liquid,proven,7.3,"(group_rank(anl10_epsinnovate_increase_fq2/cap,industry)-0.5)*rank(ts_mean(volume,63)/adv20)","{""instrumentType"": ""EQUITY"", ""region"": ""USA"", ""universe"": ""TOP3000"", ""delay"": 1, ""decay"": 4, ""neutralization"": ""MARKET"", ""truncation"": 0.05, ""pasteurization"": ""ON"", ""unitHandling"": ""VERIFY"", ""nanHandling"": ""ON"", ""language"": ""FASTEXPR"", ""visualization"": false}",0,63ce62a099531ef310ca27a0fed60118a17a5896b03ebb9db9a59b86b4b0ea88,"mul(div(ts_mean(volume,#),adv20),sub(group_rank(div(anl10_epsinnovate_increase_fq2,cap),industry),#))","mul(div(ts_mean(FIELD,#),FIELD),sub(group_rank(div(FIELD,FIELD),industry),#))",2026-08-02T02:30:57.259451+00:00
arch_level_liquid:primary,arch_level_liquid,proven,7.3,"(group_rank(anl10_epsrevise_ratio_to_close_fq1/cap,market)-0.5)*rank(ts_mean(volume,63)/adv20)","{""instrumentType"": ""EQUITY"", ""region"": ""USA"", ""universe"": ""TOP3000"", ""delay"": 1, ""decay"": 4, ""neutralization"": ""MARKET"", ""truncation"": 0.05, ""pasteurization"": ""ON"", ""unitHandling"": ""VERIFY"", ""nanHandling"": ""ON"", ""language"": ""FASTEXPR"", ""visualization"": false}",0,a14218113ad47524ecd390168c13a2744ba2a3fb166f2257145551ba895bc3f2,"mul(div(ts_mean(volume,#),adv20),sub(group_rank(div(anl10_epsrevise_ratio_to_close_fq1,cap),market),#))","mul(div(ts_mean(FIELD,#),FIELD),sub(group_rank(div(FIELD,FIELD),market),#))",2026-08-02T02:30:57.259451+00:00
arch_level_liquid:primary,arch_level_liquid,proven,7.3,"(group_rank(anl10_epsrevise_ratio_to_close_fq2/cap,market)-0.5)*rank(ts_mean(volume,63)/adv20)","{""instrumentType"": ""EQUITY"", ""region"": ""USA"", ""universe"": ""TOP3000"", ""delay"": 1, ""decay"": 4, ""neutralization"": ""MARKET"", ""truncation"": 0.05, ""pasteurization"": ""ON"", ""unitHandling"": ""VERIFY"", ""nanHandling"": ""ON"", ""language"": ""FASTEXPR"", ""visualization"": false}",0,7e164c5e3183fd3ec08d0e65726a020af7bec6fdf0e0398818f00a934e0a3c6e,"mul(div(ts_mean(volume,#),adv20),sub(group_rank(div(anl10_epsrevise_ratio_to_close_fq2,cap),market),#))","mul(div(ts_mean(FIELD,#),FIELD),sub(group_rank(div(FIELD,FIELD),market),#))",2026-08-02T02:30:57.259451+00:00
arch_zscore:primary,arch_zscore,proven,6.85,"group_neutralize(ts_zscore(anl10_smartest_roe_ff/cap,252),sector)","{""instrumentType"": ""EQUITY"", ""region"": ""USA"", ""universe"": ""TOP3000"", ""delay"": 1, ""decay"": 6, ""neutralization"": ""MARKET"", ""truncation"": 0.05, ""pasteurization"": ""ON"", ""unitHandling"": ""VERIFY"", ""nanHandling"": ""ON"", ""language"": ""FASTEXPR"", ""visualization"": false}",0,07c1e4245778c49bb3064a844e859e342499bddc2b594c9e910585ab8986938f,"group_neutralize(ts_zscore(div(anl10_smartest_roe_ff,cap),#),sector)","group_neutralize(ts_zscore(div(FIELD,FIELD),#),sector)",2026-08-02T02:30:57.259451+00:00
arch_regime_shift:primary,arch_regime_shift,proven,6.75,"group_neutralize(ts_zscore(anl10_roeff_2323/cap,63)-ts_zscore(anl10_roeff_2323/cap,126),industry)","{""instrumentType"": ""EQUITY"", ""region"": ""USA"", ""universe"": ""TOP3000"", ""delay"": 1, ""decay"": 6, ""neutralization"": ""MARKET"", ""truncation"": 0.05, ""pasteurization"": ""ON"", ""unitHandling"": ""VERIFY"", ""nanHandling"": ""ON"", ""language"": ""FASTEXPR"", ""visualization"": false}",0,a5bd1128c6af0804ff66e4846698852456a6e1b0681cc7d2b0eab18bb2cdf0da,"group_neutralize(sub(ts_zscore(div(anl10_roeff_2323,cap),#),ts_zscore(div(anl10_roeff_2323,cap),#)),industry)","group_neutralize(sub(ts_zscore(div(FIELD,FIELD),#),ts_zscore(div(FIELD,FIELD),#)),industry)",2026-08-02T02:30:57.259451+00:00
arch_zscore:primary,arch_zscore,proven,6.699999999999999,"group_neutralize(ts_zscore(anl10_roeff_2323/cap,252),industry)","{""instrumentType"": ""EQUITY"", ""region"": ""USA"", ""universe"": ""TOP3000"", ""delay"": 1, ""decay"": 6, ""neutralization"": ""MARKET"", ""truncation"": 0.05, ""pasteurization"": ""ON"", ""unitHandling"": ""VERIFY"", ""nanHandling"": ""ON"", ""language"": ""FASTEXPR"", ""visualization"": false}",0,f91ec3007b9f789fd73daa846d1e2462b2eb986051eabc6e6ac68e152bae5918,"group_neutralize(ts_zscore(div(anl10_roeff_2323,cap),#),industry)","group_neutralize(ts_zscore(div(FIELD,FIELD),#),industry)",2026-08-02T02:30:57.259451+00:00
arch_zscore:primary,arch_zscore,proven,6.699999999999999,"group_neutralize(ts_zscore(anl10_smartest_roe_ff/cap,252),market)","{""instrumentType"": ""EQUITY"", ""region"": ""USA"", ""universe"": ""TOP3000"", ""delay"": 1, ""decay"": 6, ""neutralization"": ""MARKET"", ""truncation"": 0.05, ""pasteurization"": ""ON"", ""unitHandling"": ""VERIFY"", ""nanHandling"": ""ON"", ""language"": ""FASTEXPR"", ""visualization"": false}",0,dccaffeb5b8ea7f23e99f6375a880d976ff3f53549dd855f7074c35e62e0a6b0,"group_neutralize(ts_zscore(div(anl10_smartest_roe_ff,cap),#),market)","group_neutralize(ts_zscore(div(FIELD,FIELD),#),market)",2026-08-02T02:30:57.259451+00:00
arch_zscore:primary,arch_zscore,proven,6.699999999999999,"group_neutralize(ts_zscore(anl10_smartest_roa_ff/cap,252),sector)","{""instrumentType"": ""EQUITY"", ""region"": ""USA"", ""universe"": ""TOP3000"", ""delay"": 1, ""decay"": 6, ""neutralization"": ""MARKET"", ""truncation"": 0.05, ""pasteurization"": ""ON"", ""unitHandling"": ""VERIFY"", ""nanHandling"": ""ON"", ""language"": ""FASTEXPR"", ""visualization"": false}",0,27cb6fcc4fe2d1dd8dc7c0742f5e3c53c6135d28da6d3d8e3797524f49834375,"group_neutralize(ts_zscore(div(anl10_smartest_roa_ff,cap),#),sector)","group_neutralize(ts_zscore(div(FIELD,FIELD),#),sector)",2026-08-02T02:30:57.259451+00:00
arch_ret_vol_corr:primary,arch_ret_vol_corr,proven,6.65,"group_neutralize(-rank(ts_corr(rank(returns),rank(volume),126)),sector)","{""instrumentType"": ""EQUITY"", ""region"": ""USA"", ""universe"": ""TOP3000"", ""delay"": 1, ""decay"": 4, ""neutralization"": ""MARKET"", ""truncation"": 0.07, ""pasteurization"": ""ON"", ""unitHandling"": ""VERIFY"", ""nanHandling"": ""ON"", ""language"": ""FASTEXPR"", ""visualization"": false}",0,c6947d5d5a287a880f826889f495d96d31557b44e86127e6fb075a1692eed498,"group_neutralize(neg(ts_corr(returns,volume,#)),sector)","group_neutralize(neg(ts_corr(FIELD,FIELD,#)),sector)",2026-08-02T02:30:57.259451+00:00
arch_zscore:primary,arch_zscore,proven,6.6,"group_neutralize(ts_zscore(anl10_roeff_2323/cap,126),sector)","{""instrumentType"": ""EQUITY"", ""region"": ""USA"", ""universe"": ""TOP3000"", ""delay"": 1, ""decay"": 6, ""neutralization"": ""MARKET"", ""truncation"": 0.05, ""pasteurization"": ""ON"", ""unitHandling"": ""VERIFY"", ""nanHandling"": ""ON"", ""language"": ""FASTEXPR"", ""visualization"": false}",0,81b422c229eea3c512d358518541af55048b05849f5e84c8073a71aacca34333,"group_neutralize(ts_zscore(div(anl10_roeff_2323,cap),#),sector)","group_neutralize(ts_zscore(div(FIELD,FIELD),#),sector)",2026-08-02T02:30:57.259451+00:00
arch_zscore:primary,arch_zscore,proven,6.6,"group_neutralize(ts_zscore(anl10_smartest_roe_ff/cap,126),sector)","{""instrumentType"": ""EQUITY"", ""region"": ""USA"", ""universe"": ""TOP3000"", ""delay"": 1, ""decay"": 6, ""neutralization"": ""MARKET"", ""truncation"": 0.05, ""pasteurization"": ""ON"", ""unitHandling"": ""VERIFY"", ""nanHandling"": ""ON"", ""language"": ""FASTEXPR"", ""visualization"": false}",0,ebe0ffbc92c7c9ffc2f0af569cdc592d3119bbe55ecf2e7f67931f8f4941ab2c,"group_neutralize(ts_zscore(div(anl10_smartest_roe_ff,cap),#),sector)","group_neutralize(ts_zscore(div(FIELD,FIELD),#),sector)",2026-08-02T02:30:57.259451+00:00
arch_ret_vol_corr:primary,arch_ret_vol_corr,proven,6.550000000000001,"group_neutralize(-rank(ts_corr(abs(returns),volume,126)),sector)","{""instrumentType"": ""EQUITY"", ""region"": ""USA"", ""universe"": ""TOP3000"", ""delay"": 1, ""decay"": 4, ""neutralization"": ""MARKET"", ""truncation"": 0.07, ""pasteurization"": ""ON"", ""unitHandling"": ""VERIFY"", ""nanHandling"": ""ON"", ""language"": ""FASTEXPR"", ""visualization"": false}",0,59095454666dcf5d5f9e72d093ee5c186db9003ab1b78ef126739623f0c5234d,"group_neutralize(neg(ts_corr(abs(returns),volume,#)),sector)","group_neutralize(neg(ts_corr(abs(FIELD),FIELD,#)),sector)",2026-08-02T02:30:57.259451+00:00
arch_zscore:primary,arch_zscore,proven,6.5,"group_neutralize(ts_zscore(anl10_roeff_2323/cap,63),market)","{""instrumentType"": ""EQUITY"", ""region"": ""USA"", ""universe"": ""TOP3000"", ""delay"": 1, ""decay"": 6, ""neutralization"": ""MARKET"", ""truncation"": 0.05, ""pasteurization"": ""ON"", ""unitHandling"": ""VERIFY"", ""nanHandling"": ""ON"", ""language"": ""FASTEXPR"", ""visualization"": false}",0,02b0887923e8cb809245c4184888545302d96c6e070ebc608672da253d964b4d,"group_neutralize(ts_zscore(div(anl10_roeff_2323,cap),#),market)","group_neutralize(ts_zscore(div(FIELD,FIELD),#),market)",2026-08-02T02:30:57.259451+00:00
arch_zscore:primary,arch_zscore,proven,6.5,"group_neutralize(ts_zscore(anl10_smartest_roa_ff/cap,63),market)","{""instrumentType"": ""EQUITY"", ""region"": ""USA"", ""universe"": ""TOP3000"", ""delay"": 1, ""decay"": 6, ""neutralization"": ""MARKET"", ""truncation"": 0.05, ""pasteurization"": ""ON"", ""unitHandling"": ""VERIFY"", ""nanHandling"": ""ON"", ""language"": ""FASTEXPR"", ""visualization"": false}",0,634d69fd518eeae711c3743b4dc6b368e00036ed7934ab1109c4f83c0672df1b,"group_neutralize(ts_zscore(div(anl10_smartest_roa_ff,cap),#),market)","group_neutralize(ts_zscore(div(FIELD,FIELD),#),market)",2026-08-02T02:30:57.259451+00:00
arch_analyst:primary,arch_analyst,proven,6.4,"group_neutralize(ts_zscore(workforce_pillar_composite_score,126),sector)","{""instrumentType"": ""EQUITY"", ""region"": ""USA"", ""universe"": ""TOP3000"", ""delay"": 1, ""decay"": 4, ""neutralization"": ""MARKET"", ""truncation"": 0.06, ""pasteurization"": ""ON"", ""unitHandling"": ""VERIFY"", ""nanHandling"": ""ON"", ""language"": ""FASTEXPR"", ""visualization"": false}",0,15199b2b10cf0dd9310c80815dd80cf110a5b9f3baaa147c2cd71376ee8eddd5,"group_neutralize(ts_zscore(workforce_pillar_composite_score,#),sector)","group_neutralize(ts_zscore(FIELD,#),sector)",2026-08-02T02:30:57.259451+00:00
arch_analyst:primary,arch_analyst,proven,6.4,"group_neutralize(ts_zscore(industry_fy2_marketcap_percent,126),industry)","{""instrumentType"": ""EQUITY"", ""region"": ""USA"", ""universe"": ""TOP3000"", ""delay"": 1, ""decay"": 4, ""neutralization"": ""MARKET"", ""truncation"": 0.06, ""pasteurization"": ""ON"", ""unitHandling"": ""VERIFY"", ""nanHandling"": ""ON"", ""language"": ""FASTEXPR"", ""visualization"": false}",0,99d42ab39d87be4ce7667b194ba0949992085fabdde5e9def525f1b2075a4ae2,"group_neutralize(ts_zscore(industry_fy2_marketcap_percent,#),industry)","group_neutralize(ts_zscore(FIELD,#),industry)",2026-08-02T02:30:57.259451+00:00
arch_analyst:primary,arch_analyst,proven,6.4,"group_neutralize(ts_zscore(community_pillar_composite_score,126),sector)","{""instrumentType"": ""EQUITY"", ""region"": ""USA"", ""universe"": ""TOP3000"", ""delay"": 1, ""decay"": 4, ""neutralization"": ""MARKET"", ""truncation"": 0.06, ""pasteurization"": ""ON"", ""unitHandling"": ""VERIFY"", ""nanHandling"": ""ON"", ""language"": ""FASTEXPR"", ""visualization"": false}",0,4c499aba80b3c8b51132e9a5a204871098e1ba3cc898c868353520da957689d5,"group_neutralize(ts_zscore(community_pillar_composite_score,#),sector)","group_neutralize(ts_zscore(FIELD,#),sector)",2026-08-02T02:30:57.259451+00:00
arch_analyst:primary,arch_analyst,proven,6.4,"group_neutralize(ts_zscore(anl15_ebtgics_s_cal_fy3_3m_chg,126),industry)","{""instrumentType"": ""EQUITY"", ""region"": ""USA"", ""universe"": ""TOP3000"", ""delay"": 1, ""decay"": 4, ""neutralization"": ""MARKET"", ""truncation"": 0.06, ""pasteurization"": ""ON"", ""unitHandling"": ""VERIFY"", ""nanHandling"": ""ON"", ""language"": ""FASTEXPR"", ""visualization"": false}",0,9241a43972080fd7417a6c6b6dc0086b02a403941f6dc61d2928617647b22b81,"group_neutralize(ts_zscore(anl15_ebtgics_s_cal_fy3_3m_chg,#),industry)","group_neutralize(ts_zscore(FIELD,#),industry)",2026-08-02T02:30:57.259451+00:00
arch_analyst:primary,arch_analyst,proven,6.4,"group_neutralize(ts_zscore(management_ethics_standards_score,126),sector)","{""instrumentType"": ""EQUITY"", ""region"": ""USA"", ""universe"": ""TOP3000"", ""delay"": 1, ""decay"": 4, ""neutralization"": ""MARKET"", ""truncation"": 0.06, ""pasteurization"": ""ON"", ""unitHandling"": ""VERIFY"", ""nanHandling"": ""ON"", ""language"": ""FASTEXPR"", ""visualization"": false}",0,0537263ea9bdb47a4fd61f37fa97ac48d4aaa1e1cf5fd5726754b941925dbc4a,"group_neutralize(ts_zscore(management_ethics_standards_score,#),sector)","group_neutralize(ts_zscore(FIELD,#),sector)",2026-08-02T02:30:57.259451+00:00
arch_analyst_hybrid:primary,arch_analyst_hybrid,proven,6.35,"group_neutralize(ts_zscore(social_pillar_composite_score,63)+ts_decay_linear(zscore(vwap/close),42)*0.3,sector)","{""instrumentType"": ""EQUITY"", ""region"": ""USA"", ""universe"": ""TOP3000"", ""delay"": 1, ""decay"": 4, ""neutralization"": ""MARKET"", ""truncation"": 0.06, ""pasteurization"": ""ON"", ""unitHandling"": ""VERIFY"", ""nanHandling"": ""ON"", ""language"": ""FASTEXPR"", ""visualization"": false}",0,3a11cbfc959d7e005e3fab607efe6f5c68155862d39d29facefcac79ced78e38,"group_neutralize(add(mul(#,ts_decay_linear(div(vwap,close),#)),ts_zscore(social_pillar_composite_score,#)),sector)","group_neutralize(add(mul(#,ts_decay_linear(div(FIELD,FIELD),#)),ts_zscore(FIELD,#)),sector)",2026-08-02T02:30:57.259451+00:00
arch_analyst_hybrid:primary,arch_analyst_hybrid,proven,6.35,"group_neutralize(ts_zscore(group_fy3_marketcap_percent,63)+ts_decay_linear(zscore(vwap/close),42)*0.3,industry)","{""instrumentType"": ""EQUITY"", ""region"": ""USA"", ""universe"": ""TOP3000"", ""delay"": 1, ""decay"": 4, ""neutralization"": ""MARKET"", ""truncation"": 0.06, ""pasteurization"": ""ON"", ""unitHandling"": ""VERIFY"", ""nanHandling"": ""ON"", ""language"": ""FASTEXPR"", ""visualization"": false}",0,66fffa7cebc2d66f5b22a1e2f174726168de7088c005279cacfcf3ed3d9ce287,"group_neutralize(add(mul(#,ts_decay_linear(div(vwap,close),#)),ts_zscore(group_fy3_marketcap_percent,#)),industry)","group_neutralize(add(mul(#,ts_decay_linear(div(FIELD,FIELD),#)),ts_zscore(FIELD,#)),industry)",2026-08-02T02:30:57.259451+00:00
arch_analyst_hybrid:primary,arch_analyst_hybrid,proven,6.35,"group_neutralize(ts_zscore(social_score_industry_position,63)+ts_decay_linear(zscore(vwap/close),42)*0.3,market)","{""instrumentType"": ""EQUITY"", ""region"": ""USA"", ""universe"": ""TOP3000"", ""delay"": 1, ""decay"": 4, ""neutralization"": ""MARKET"", ""truncation"": 0.06, ""pasteurization"": ""ON"", ""unitHandling"": ""VERIFY"", ""nanHandling"": ""ON"", ""language"": ""FASTEXPR"", ""visualization"": false}",0,f883ba100397cd28ada582c2057bfd9fa904f7ffd4c3ffc44f874e75a7281ccd,"group_neutralize(add(mul(#,ts_decay_linear(div(vwap,close),#)),ts_zscore(social_score_industry_position,#)),market)","group_neutralize(add(mul(#,ts_decay_linear(div(FIELD,FIELD),#)),ts_zscore(FIELD,#)),market)",2026-08-02T02:30:57.259451+00:00
arch_analyst_hybrid:primary,arch_analyst_hybrid,proven,6.35,"group_neutralize(ts_zscore(industry_government_bond_yield,63)+ts_decay_linear(zscore(vwap/close),42)*0.3,sector)","{""instrumentType"": ""EQUITY"", ""region"": ""USA"", ""universe"": ""TOP3000"", ""delay"": 1, ""decay"": 4, ""neutralization"": ""MARKET"", ""truncation"": 0.06, ""pasteurization"": ""ON"", ""unitHandling"": ""VERIFY"", ""nanHandling"": ""ON"", ""language"": ""FASTEXPR"", ""visualization"": false}",0,fbf57e9463f9833a5ca2ddf82c2fb93b40b87f451e3d1dfc67ac23cd6778befc,"group_neutralize(add(mul(#,ts_decay_linear(div(vwap,close),#)),ts_zscore(industry_government_bond_yield,#)),sector)","group_neutralize(add(mul(#,ts_decay_linear(div(FIELD,FIELD),#)),ts_zscore(FIELD,#)),sector)",2026-08-02T02:30:57.259451+00:00
arch_analyst_hybrid:primary,arch_analyst_hybrid,proven,6.35,"group_neutralize(ts_zscore(industry_fy2_marketcap_percent,63)+ts_decay_linear(zscore(vwap/close),42)*0.3,market)","{""instrumentType"": ""EQUITY"", ""region"": ""USA"", ""universe"": ""TOP3000"", ""delay"": 1, ""decay"": 4, ""neutralization"": ""MARKET"", ""truncation"": 0.06, ""pasteurization"": ""ON"", ""unitHandling"": ""VERIFY"", ""nanHandling"": ""ON"", ""language"": ""FASTEXPR"", ""visualization"": false}",0,f124e7b53772b100dc7ff69f3002d95eb8a37b99ad7ee187af4821a249c7b224,"group_neutralize(add(mul(#,ts_decay_linear(div(vwap,close),#)),ts_zscore(industry_fy2_marketcap_percent,#)),market)","group_neutralize(add(mul(#,ts_decay_linear(div(FIELD,FIELD),#)),ts_zscore(FIELD,#)),market)",2026-08-02T02:30:57.259451+00:00
arch_analyst_hybrid:primary,arch_analyst_hybrid,proven,6.35,"group_neutralize(ts_zscore(sector_fy3_marketcap_percent,63)+ts_decay_linear(zscore(vwap/close),42)*0.3,industry)","{""instrumentType"": ""EQUITY"", ""region"": ""USA"", ""universe"": ""TOP3000"", ""delay"": 1, ""decay"": 4, ""neutralization"": ""MARKET"", ""truncation"": 0.06, ""pasteurization"": ""ON"", ""unitHandling"": ""VERIFY"", ""nanHandling"": ""ON"", ""language"": ""FASTEXPR"", ""visualization"": false}",0,5a85e40d490de179054f60e4b50b98d8020b7911fa8d5b5314bf002e9f26ad14,"group_neutralize(add(mul(#,ts_decay_linear(div(vwap,close),#)),ts_zscore(sector_fy3_marketcap_percent,#)),industry)","group_neutralize(add(mul(#,ts_decay_linear(div(FIELD,FIELD),#)),ts_zscore(FIELD,#)),industry)",2026-08-02T02:30:57.259451+00:00
arch_analyst_hybrid:primary,arch_analyst_hybrid,proven,6.35,"group_neutralize(ts_zscore(social_score_subsector_position,63)+ts_decay_linear(zscore(vwap/close),42)*0.3,market)","{""instrumentType"": ""EQUITY"", ""region"": ""USA"", ""universe"": ""TOP3000"", ""delay"": 1, ""decay"": 4, ""neutralization"": ""MARKET"", ""truncation"": 0.06, ""pasteurization"": ""ON"", ""unitHandling"": ""VERIFY"", ""nanHandling"": ""ON"", ""language"": ""FASTEXPR"", ""visualization"": false}",0,d1bd99c54c3a395eee8d811206fbe9a77b4531d88748ac8a2c0eb003de74bec0,"group_neutralize(add(mul(#,ts_decay_linear(div(vwap,close),#)),ts_zscore(social_score_subsector_position,#)),market)","group_neutralize(add(mul(#,ts_decay_linear(div(FIELD,FIELD),#)),ts_zscore(FIELD,#)),market)",2026-08-02T02:30:57.259451+00:00
arch_analyst_hybrid:primary,arch_analyst_hybrid,proven,6.35,"group_neutralize(ts_zscore(industry_18mo_marketcap_percent,63)+ts_decay_linear(zscore(vwap/close),42)*0.3,market)","{""instrumentType"": ""EQUITY"", ""region"": ""USA"", ""universe"": ""TOP3000"", ""delay"": 1, ""decay"": 4, ""neutralization"": ""MARKET"", ""truncation"": 0.06, ""pasteurization"": ""ON"", ""unitHandling"": ""VERIFY"", ""nanHandling"": ""ON"", ""language"": ""FASTEXPR"", ""visualization"": false}",0,2fd84a44505c99aaf4564c82a5c1d57c52de27bd95affdb682322e2503a044f6,"group_neutralize(add(mul(#,ts_decay_linear(div(vwap,close),#)),ts_zscore(industry_18mo_marketcap_percent,#)),market)","group_neutralize(add(mul(#,ts_decay_linear(div(FIELD,FIELD),#)),ts_zscore(FIELD,#)),market)",2026-08-02T02:30:57.259451+00:00
arch_vol_scaled_rank:primary,arch_vol_scaled_rank,proven,6.35,"group_neutralize((group_rank(anl10_analyst_innovation_eps_normal_increase_fy1/cap,market)-0.5)*-rank(ts_std_dev(returns,126)),market)","{""instrumentType"": ""EQUITY"", ""region"": ""USA"", ""universe"": ""TOP3000"", ""delay"": 1, ""decay"": 6, ""neutralization"": ""MARKET"", ""truncation"": 0.05, ""pasteurization"": ""ON"", ""unitHandling"": ""VERIFY"", ""nanHandling"": ""ON"", ""language"": ""FASTEXPR"", ""visualization"": false}",0,c5797ad3867a6e2a715d765452b8d42c8bac9b325ae2ce75c8c086610c4b1cc8,"group_neutralize(mul(neg(ts_std_dev(returns,#)),sub(group_rank(div(anl10_analyst_innovation_eps_normal_increase_fy1,cap),market),#)),market)","group_neutralize(mul(neg(ts_std_dev(FIELD,#)),sub(group_rank(div(FIELD,FIELD),market),#)),market)",2026-08-02T02:30:57.259451+00:00
arch_vol_scaled_rank:primary,arch_vol_scaled_rank,proven,6.35,"group_neutralize((group_rank(anl10_analyst_innovation_eps_innovation_score_fy1/cap,market)-0.5)*-rank(ts_std_dev(returns,126)),market)","{""instrumentType"": ""EQUITY"", ""region"": ""USA"", ""universe"": ""TOP3000"", ""delay"": 1, ""decay"": 6, ""neutralization"": ""MARKET"", ""truncation"": 0.05, ""pasteurization"": ""ON"", ""unitHandling"": ""VERIFY"", ""nanHandling"": ""ON"", ""language"": ""FASTEXPR"", ""visualization"": false}",0,65c4a7ceaf6309ed06899e4760295b48181e55d19981d4007bcfd663e099ff60,"group_neutralize(mul(neg(ts_std_dev(returns,#)),sub(group_rank(div(anl10_analyst_innovation_eps_innovation_score_fy1,cap),market),#)),market)","group_neutralize(mul(neg(ts_std_dev(FIELD,#)),sub(group_rank(div(FIELD,FIELD),market),#)),market)",2026-08-02T02:30:57.259451+00:00
arch_vol_scaled_rank:primary,arch_vol_scaled_rank,proven,6.35,"group_neutralize((group_rank(anl10_analyst_innovation_eps_innovation_score_fy2/cap,market)-0.5)*-rank(ts_std_dev(returns,126)),market)","{""instrumentType"": ""EQUITY"", ""region"": ""USA"", ""universe"": ""TOP3000"", ""delay"": 1, ""decay"": 6, ""neutralization"": ""MARKET"", ""truncation"": 0.05, ""pasteurization"": ""ON"", ""unitHandling"": ""VERIFY"", ""nanHandling"": ""ON"", ""language"": ""FASTEXPR"", ""visualization"": false}",0,f958c796ac5ff4eee8a56e7d0495a764e0fafab58303e670136347b38cb3d1d5,"group_neutralize(mul(neg(ts_std_dev(returns,#)),sub(group_rank(div(anl10_analyst_innovation_eps_innovation_score_fy2,cap),market),#)),market)","group_neutralize(mul(neg(ts_std_dev(FIELD,#)),sub(group_rank(div(FIELD,FIELD),market),#)),market)",2026-08-02T02:30:57.259451+00:00
arch_vol_scaled_rank:primary,arch_vol_scaled_rank,proven,6.35,"group_neutralize((group_rank(anl10_analyst_innovation_eps_innovation_score_fq1/cap,market)-0.5)*-rank(ts_std_dev(returns,126)),market)","{""instrumentType"": ""EQUITY"", ""region"": ""USA"", ""universe"": ""TOP3000"", ""delay"": 1, ""decay"": 6, ""neutralization"": ""MARKET"", ""truncation"": 0.05, ""pasteurization"": ""ON"", ""unitHandling"": ""VERIFY"", ""nanHandling"": ""ON"", ""language"": ""FASTEXPR"", ""visualization"": false}",0,bbe180fd2fa6b4b1dbc6dae821fc51660e0fe23af7172a8e6db3776937c0f3c2,"group_neutralize(mul(neg(ts_std_dev(returns,#)),sub(group_rank(div(anl10_analyst_innovation_eps_innovation_score_fq1,cap),market),#)),market)","group_neutralize(mul(neg(ts_std_dev(FIELD,#)),sub(group_rank(div(FIELD,FIELD),market),#)),market)",2026-08-02T02:30:57.259451+00:00
arch_vol_scaled_rank:primary,arch_vol_scaled_rank,proven,6.35,"group_neutralize((group_rank(anl10_analyst_innovation_eps_innovate_decrease_fy1/cap,sector)-0.5)*-rank(ts_std_dev(returns,126)),sector)","{""instrumentType"": ""EQUITY"", ""region"": ""USA"", ""universe"": ""TOP3000"", ""delay"": 1, ""decay"": 6, ""neutralization"": ""MARKET"", ""truncation"": 0.05, ""pasteurization"": ""ON"", ""unitHandling"": ""VERIFY"", ""nanHandling"": ""ON"", ""language"": ""FASTEXPR"", ""visualization"": false}",0,710ac2f935b996a9ab9382a3167781f82a0af219c067e9e68da0e91c92c9e7b8,"group_neutralize(mul(neg(ts_std_dev(returns,#)),sub(group_rank(div(anl10_analyst_innovation_eps_innovate_decrease_fy1,cap),sector),#)),sector)","group_neutralize(mul(neg(ts_std_dev(FIELD,#)),sub(group_rank(div(FIELD,FIELD),sector),#)),sector)",2026-08-02T02:30:57.259451+00:00
arch_vol_scaled_rank:primary,arch_vol_scaled_rank,proven,6.35,"group_neutralize((group_rank(anl10_analyst_innovation_eps_innovate_increase_fy1/cap,market)-0.5)*-rank(ts_std_dev(returns,126)),market)","{""instrumentType"": ""EQUITY"", ""region"": ""USA"", ""universe"": ""TOP3000"", ""delay"": 1, ""decay"": 6, ""neutralization"": ""MARKET"", ""truncation"": 0.05, ""pasteurization"": ""ON"", ""unitHandling"": ""VERIFY"", ""nanHandling"": ""ON"", ""language"": ""FASTEXPR"", ""visualization"": false}",0,dde86da4acaa7ae89fba9faf37332800ba31b6846c869898b92477848d27e388,"group_neutralize(mul(neg(ts_std_dev(returns,#)),sub(group_rank(div(anl10_analyst_innovation_eps_innovate_increase_fy1,cap),market),#)),market)","group_neutralize(mul(neg(ts_std_dev(FIELD,#)),sub(group_rank(div(FIELD,FIELD),market),#)),market)",2026-08-02T02:30:57.259451+00:00
arch_vol_scaled_rank:primary,arch_vol_scaled_rank,proven,6.35,"group_neutralize((group_rank(anl10_analyst_innovation_eps_innovate_increase_fy2/cap,sector)-0.5)*-rank(ts_std_dev(returns,126)),sector)","{""instrumentType"": ""EQUITY"", ""region"": ""USA"", ""universe"": ""TOP3000"", ""delay"": 1, ""decay"": 6, ""neutralization"": ""MARKET"", ""truncation"": 0.05, ""pasteurization"": ""ON"", ""unitHandling"": ""VERIFY"", ""nanHandling"": ""ON"", ""language"": ""FASTEXPR"", ""visualization"": false}",0,b3b70a5601f6053c68789687e540384fa8de26c4e867cf1a8a0df06b69387efe,"group_neutralize(mul(neg(ts_std_dev(returns,#)),sub(group_rank(div(anl10_analyst_innovation_eps_innovate_increase_fy2,cap),sector),#)),sector)","group_neutralize(mul(neg(ts_std_dev(FIELD,#)),sub(group_rank(div(FIELD,FIELD),sector),#)),sector)",2026-08-02T02:30:57.259451+00:00
arch_vol_scaled_rank:primary,arch_vol_scaled_rank,proven,6.35,"group_neutralize((group_rank(anl10_analyst_innovation_eps_innovate_decrease_fq1/cap,sector)-0.5)*-rank(ts_std_dev(returns,126)),sector)","{""instrumentType"": ""EQUITY"", ""region"": ""USA"", ""universe"": ""TOP3000"", ""delay"": 1, ""decay"": 6, ""neutralization"": ""MARKET"", ""truncation"": 0.05, ""pasteurization"": ""ON"", ""unitHandling"": ""VERIFY"", ""nanHandling"": ""ON"", ""language"": ""FASTEXPR"", ""visualization"": false}",0,390d967f53c82d3034a965857a7e4bc22a84efbf8eb1838d81bbe8b9690d91ad,"group_neutralize(mul(neg(ts_std_dev(returns,#)),sub(group_rank(div(anl10_analyst_innovation_eps_innovate_decrease_fq1,cap),sector),#)),sector)","group_neutralize(mul(neg(ts_std_dev(FIELD,#)),sub(group_rank(div(FIELD,FIELD),sector),#)),sector)",2026-08-02T02:30:57.259451+00:00
arch_vol_scaled_rank:primary,arch_vol_scaled_rank,proven,6.35,"group_neutralize((group_rank(anl10_analyst_innovation_eps_innovate_increase_fq1/cap,market)-0.5)*-rank(ts_std_dev(returns,126)),market)","{""instrumentType"": ""EQUITY"", ""region"": ""USA"", ""universe"": ""TOP3000"", ""delay"": 1, ""decay"": 6, ""neutralization"": ""MARKET"", ""truncation"": 0.05, ""pasteurization"": ""ON"", ""unitHandling"": ""VERIFY"", ""nanHandling"": ""ON"", ""language"": ""FASTEXPR"", ""visualization"": false}",0,7eaef659f8f36eeae9c46f50baa1682556c498a3adfac3007c041e5c64621566,"group_neutralize(mul(neg(ts_std_dev(returns,#)),sub(group_rank(div(anl10_analyst_innovation_eps_innovate_increase_fq1,cap),market),#)),market)","group_neutralize(mul(neg(ts_std_dev(FIELD,#)),sub(group_rank(div(FIELD,FIELD),market),#)),market)",2026-08-02T02:30:57.259451+00:00
arch_vol_scaled_rank:primary,arch_vol_scaled_rank,proven,6.35,"group_neutralize((group_rank(anl10_analyst_innovation_eps_normal_decrease_fy1/cap,industry)-0.5)*-rank(ts_std_dev(returns,126)),industry)","{""instrumentType"": ""EQUITY"", ""region"": ""USA"", ""universe"": ""TOP3000"", ""delay"": 1, ""decay"": 6, ""neutralization"": ""MARKET"", ""truncation"": 0.05, ""pasteurization"": ""ON"", ""unitHandling"": ""VERIFY"", ""nanHandling"": ""ON"", ""language"": ""FASTEXPR"", ""visualization"": false}",0,d2384365db5bd96a1dc8e7133677632c94ba895576cdfe54d8bf07eec4bcd883,"group_neutralize(mul(neg(ts_std_dev(returns,#)),sub(group_rank(div(anl10_analyst_innovation_eps_normal_decrease_fy1,cap),industry),#)),industry)","group_neutralize(mul(neg(ts_std_dev(FIELD,#)),sub(group_rank(div(FIELD,FIELD),industry),#)),industry)",2026-08-02T02:30:57.259451+00:00
arch_ret_vol_corr:primary,arch_ret_vol_corr,proven,6.300000000000001,"group_neutralize(-rank(ts_corr(abs(returns),volume,63)),sector)","{""instrumentType"": ""EQUITY"", ""region"": ""USA"", ""universe"": ""TOP3000"", ""delay"": 1, ""decay"": 4, ""neutralization"": ""MARKET"", ""truncation"": 0.07, ""pasteurization"": ""ON"", ""unitHandling"": ""VERIFY"", ""nanHandling"": ""ON"", ""language"": ""FASTEXPR"", ""visualization"": false}",0,f79a11bcaeb1e35711324cf27245e10377aa8c7607cd85c12301715af179022d,"group_neutralize(neg(ts_corr(abs(returns),volume,#)),sector)","group_neutralize(neg(ts_corr(abs(FIELD),FIELD,#)),sector)",2026-08-02T02:30:57.259451+00:00
arch_analyst:primary,arch_analyst,proven,6.25,"group_neutralize(ts_zscore(industry_18mo_marketcap_percent,63),industry)","{""instrumentType"": ""EQUITY"", ""region"": ""USA"", ""universe"": ""TOP3000"", ""delay"": 1, ""decay"": 4, ""neutralization"": ""MARKET"", ""truncation"": 0.06, ""pasteurization"": ""ON"", ""unitHandling"": ""VERIFY"", ""nanHandling"": ""ON"", ""language"": ""FASTEXPR"", ""visualization"": false}",0,519e8f0aeea5fee0e30ae99d01c6db7a26c20cedbfc5533e287e3a7b0e216ebe,"group_neutralize(ts_zscore(industry_18mo_marketcap_percent,#),industry)","group_neutralize(ts_zscore(FIELD,#),industry)",2026-08-02T02:30:57.259451+00:00
arch_analyst:primary,arch_analyst,proven,6.25,"group_neutralize(ts_zscore(governance_pillar_composite_score,63),sector)","{""instrumentType"": ""EQUITY"", ""region"": ""USA"", ""universe"": ""TOP3000"", ""delay"": 1, ""decay"": 4, ""neutralization"": ""MARKET"", ""truncation"": 0.06, ""pasteurization"": ""ON"", ""unitHandling"": ""VERIFY"", ""nanHandling"": ""ON"", ""language"": ""FASTEXPR"", ""visualization"": false}",0,033c78abd0ace8e68614ef9c1fc0f6f9ba6627a9adb4615b9bb924b85e061697,"group_neutralize(ts_zscore(governance_pillar_composite_score,#),sector)","group_neutralize(ts_zscore(FIELD,#),sector)",2026-08-02T02:30:57.259451+00:00
arch_analyst:primary,arch_analyst,proven,6.25,"group_neutralize(ts_zscore(management_ethics_standards_score,63),sector)","{""instrumentType"": ""EQUITY"", ""region"": ""USA"", ""universe"": ""TOP3000"", ""delay"": 1, ""decay"": 4, ""neutralization"": ""MARKET"", ""truncation"": 0.06, ""pasteurization"": ""ON"", ""unitHandling"": ""VERIFY"", ""nanHandling"": ""ON"", ""language"": ""FASTEXPR"", ""visualization"": false}",0,36392b74bce0d46fc62c882794c3c30e90f51b6792180051cd96dfb1427cf5d3,"group_neutralize(ts_zscore(management_ethics_standards_score,#),sector)","group_neutralize(ts_zscore(FIELD,#),sector)",2026-08-02T02:30:57.259451+00:00
arch_ts_rank:primary,arch_ts_rank,proven,6.050000000000001,"group_neutralize(ts_rank(anl10_smartest_roe_ff/cap,252)-0.5,sector)","{""instrumentType"": ""EQUITY"", ""region"": ""USA"", ""universe"": ""TOP3000"", ""delay"": 1, ""decay"": 6, ""neutralization"": ""MARKET"", ""truncation"": 0.05, ""pasteurization"": ""ON"", ""unitHandling"": ""VERIFY"", ""nanHandling"": ""ON"", ""language"": ""FASTEXPR"", ""visualization"": false}",0,76fb36f5d33b8ceb6adec69eebf6447950a194237ee720c489df7ca0a2ec4a7d,"group_neutralize(sub(ts_rank(div(anl10_smartest_roe_ff,cap),#),#),sector)","group_neutralize(sub(ts_rank(div(FIELD,FIELD),#),#),sector)",2026-08-02T02:30:57.259451+00:00
arch_ts_rank:primary,arch_ts_rank,proven,5.9,"group_neutralize(ts_rank(anl10_roeff_2323/cap,252)-0.5,industry)","{""instrumentType"": ""EQUITY"", ""region"": ""USA"", ""universe"": ""TOP3000"", ""delay"": 1, ""decay"": 6, ""neutralization"": ""MARKET"", ""truncation"": 0.05, ""pasteurization"": ""ON"", ""unitHandling"": ""VERIFY"", ""nanHandling"": ""ON"", ""language"": ""FASTEXPR"", ""visualization"": false}",0,8b5056efaae088a93301dc0ba22cba001c2c311cb1f6dc40d32a43f926e6c122,"group_neutralize(sub(ts_rank(div(anl10_roeff_2323,cap),#),#),industry)","group_neutralize(sub(ts_rank(div(FIELD,FIELD),#),#),industry)",2026-08-02T02:30:57.259451+00:00
arch_ts_rank:primary,arch_ts_rank,proven,5.9,"group_neutralize(ts_rank(anl10_smartest_roe_ff/cap,252)-0.5,market)","{""instrumentType"": ""EQUITY"", ""region"": ""USA"", ""universe"": ""TOP3000"", ""delay"": 1, ""decay"": 6, ""neutralization"": ""MARKET"", ""truncation"": 0.05, ""pasteurization"": ""ON"", ""unitHandling"": ""VERIFY"", ""nanHandling"": ""ON"", ""language"": ""FASTEXPR"", ""visualization"": false}",0,59910141ece542889aae9050c1485137f7e46dd35e083f4fae1aa61615d304e3,"group_neutralize(sub(ts_rank(div(anl10_smartest_roe_ff,cap),#),#),market)","group_neutralize(sub(ts_rank(div(FIELD,FIELD),#),#),market)",2026-08-02T02:30:57.259451+00:00
arch_ts_rank:primary,arch_ts_rank,proven,5.9,"group_neutralize(ts_rank(anl10_smartest_roa_ff/cap,252)-0.5,sector)","{""instrumentType"": ""EQUITY"", ""region"": ""USA"", ""universe"": ""TOP3000"", ""delay"": 1, ""decay"": 6, ""neutralization"": ""MARKET"", ""truncation"": 0.05, ""pasteurization"": ""ON"", ""unitHandling"": ""VERIFY"", ""nanHandling"": ""ON"", ""language"": ""FASTEXPR"", ""visualization"": false}",0,4eff214ed151cba7d5c6f8e7e1cc129f6b53cc2cba5e1bcc9a131685906456d7,"group_neutralize(sub(ts_rank(div(anl10_smartest_roa_ff,cap),#),#),sector)","group_neutralize(sub(ts_rank(div(FIELD,FIELD),#),#),sector)",2026-08-02T02:30:57.259451+00:00
arch_ts_rank:primary,arch_ts_rank,proven,5.800000000000001,"group_neutralize(ts_rank(anl10_roeff_2323/cap,126)-0.5,sector)","{""instrumentType"": ""EQUITY"", ""region"": ""USA"", ""universe"": ""TOP3000"", ""delay"": 1, ""decay"": 6, ""neutralization"": ""MARKET"", ""truncation"": 0.05, ""pasteurization"": ""ON"", ""unitHandling"": ""VERIFY"", ""nanHandling"": ""ON"", ""language"": ""FASTEXPR"", ""visualization"": false}",0,328507c77c50804f9bd5c8106240f8e284f86bd343c6c53cf81a222bdad70af6,"group_neutralize(sub(ts_rank(div(anl10_roeff_2323,cap),#),#),sector)","group_neutralize(sub(ts_rank(div(FIELD,FIELD),#),#),sector)",2026-08-02T02:30:57.259451+00:00
arch_ts_rank:primary,arch_ts_rank,proven,5.800000000000001,"group_neutralize(ts_rank(anl10_smartest_roe_ff/cap,126)-0.5,sector)","{""instrumentType"": ""EQUITY"", ""region"": ""USA"", ""universe"": ""TOP3000"", ""delay"": 1, ""decay"": 6, ""neutralization"": ""MARKET"", ""truncation"": 0.05, ""pasteurization"": ""ON"", ""unitHandling"": ""VERIFY"", ""nanHandling"": ""ON"", ""language"": ""FASTEXPR"", ""visualization"": false}",0,3d16187515c5f60ed28b3388b71cf50ca01e538dd97ae407ba852586e343b8a2,"group_neutralize(sub(ts_rank(div(anl10_smartest_roe_ff,cap),#),#),sector)","group_neutralize(sub(ts_rank(div(FIELD,FIELD),#),#),sector)",2026-08-02T02:30:57.259451+00:00
arch_pv_slow:primary,arch_pv_slow,proven,5.7,"group_neutralize(ts_rank(vwap/close,252)-0.5,market)","{""instrumentType"": ""EQUITY"", ""region"": ""USA"", ""universe"": ""TOP3000"", ""delay"": 1, ""decay"": 6, ""neutralization"": ""MARKET"", ""truncation"": 0.06, ""pasteurization"": ""ON"", ""unitHandling"": ""VERIFY"", ""nanHandling"": ""ON"", ""language"": ""FASTEXPR"", ""visualization"": false}",0,171c283ff385e2112c0de05f458fde663ff82393716b2c465650384019f874e2,"group_neutralize(sub(ts_rank(div(vwap,close),#),#),market)","group_neutralize(sub(ts_rank(div(FIELD,FIELD),#),#),market)",2026-08-02T02:30:57.259451+00:00
arch_ts_rank:primary,arch_ts_rank,proven,5.7,"group_neutralize(ts_rank(anl10_roeff_2323/cap,63)-0.5,market)","{""instrumentType"": ""EQUITY"", ""region"": ""USA"", ""universe"": ""TOP3000"", ""delay"": 1, ""decay"": 6, ""neutralization"": ""MARKET"", ""truncation"": 0.05, ""pasteurization"": ""ON"", ""unitHandling"": ""VERIFY"", ""nanHandling"": ""ON"", ""language"": ""FASTEXPR"", ""visualization"": false}",0,76123de60b7e68781349da9bee2b5b09a5287e89e446ec7405c67fb1cfa23011,"group_neutralize(sub(ts_rank(div(anl10_roeff_2323,cap),#),#),market)","group_neutralize(sub(ts_rank(div(FIELD,FIELD),#),#),market)",2026-08-02T02:30:57.259451+00:00
arch_ts_rank:primary,arch_ts_rank,proven,5.7,"group_neutralize(ts_rank(anl10_smartest_roa_ff/cap,63)-0.5,market)","{""instrumentType"": ""EQUITY"", ""region"": ""USA"", ""universe"": ""TOP3000"", ""delay"": 1, ""decay"": 6, ""neutralization"": ""MARKET"", ""truncation"": 0.05, ""pasteurization"": ""ON"", ""unitHandling"": ""VERIFY"", ""nanHandling"": ""ON"", ""language"": ""FASTEXPR"", ""visualization"": false}",0,13a8488dae0cfa001a9447f439b0a935357839da6481affa9e166bba5294887c,"group_neutralize(sub(ts_rank(div(anl10_smartest_roa_ff,cap),#),#),market)","group_neutralize(sub(ts_rank(div(FIELD,FIELD),#),#),market)",2026-08-02T02:30:57.259451+00:00
arch_pv_slow:primary,arch_pv_slow,proven,5.6000000000000005,"group_neutralize(ts_rank(vwap/close,252)-0.5,sector)","{""instrumentType"": ""EQUITY"", ""region"": ""USA"", ""universe"": ""TOP3000"", ""delay"": 1, ""decay"": 6, ""neutralization"": ""MARKET"", ""truncation"": 0.06, ""pasteurization"": ""ON"", ""unitHandling"": ""VERIFY"", ""nanHandling"": ""ON"", ""language"": ""FASTEXPR"", ""visualization"": false}",0,891258f0cdd0a1cd12ab5b540c0017c4dcea97addc5362a452f6ebec791b212c,"group_neutralize(sub(ts_rank(div(vwap,close),#),#),sector)","group_neutralize(sub(ts_rank(div(FIELD,FIELD),#),#),sector)",2026-08-02T02:30:57.259451+00:00
arch_ts_rank:primary,arch_ts_rank,proven,5.550000000000001,"group_neutralize(ts_rank(anl10_roeff_2323/cap,63)-0.5,sector)","{""instrumentType"": ""EQUITY"", ""region"": ""USA"", ""universe"": ""TOP3000"", ""delay"": 1, ""decay"": 6, ""neutralization"": ""MARKET"", ""truncation"": 0.05, ""pasteurization"": ""ON"", ""unitHandling"": ""VERIFY"", ""nanHandling"": ""ON"", ""language"": ""FASTEXPR"", ""visualization"": false}",0,29d4bf83831f2cfa0801eda72165478be675d99ff32be37a50b614c558a32554,"group_neutralize(sub(ts_rank(div(anl10_roeff_2323,cap),#),#),sector)","group_neutralize(sub(ts_rank(div(FIELD,FIELD),#),#),sector)",2026-08-02T02:30:57.259451+00:00
arch_ts_rank:primary,arch_ts_rank,proven,5.550000000000001,"group_neutralize(ts_rank(anl10_smartest_roe_ff/cap,63)-0.5,sector)","{""instrumentType"": ""EQUITY"", ""region"": ""USA"", ""universe"": ""TOP3000"", ""delay"": 1, ""decay"": 6, ""neutralization"": ""MARKET"", ""truncation"": 0.05, ""pasteurization"": ""ON"", ""unitHandling"": ""VERIFY"", ""nanHandling"": ""ON"", ""language"": ""FASTEXPR"", ""visualization"": false}",0,1bd383f00870c63a958488d549f6b2da6bcef76e841a8b21c99dab28cd0334ce,"group_neutralize(sub(ts_rank(div(anl10_smartest_roe_ff,cap),#),#),sector)","group_neutralize(sub(ts_rank(div(FIELD,FIELD),#),#),sector)",2026-08-02T02:30:57.259451+00:00
arch_pv_slow:primary,arch_pv_slow,proven,5.45,"group_neutralize(ts_rank(vwap/close,126)-0.5,market)","{""instrumentType"": ""EQUITY"", ""region"": ""USA"", ""universe"": ""TOP3000"", ""delay"": 1, ""decay"": 6, ""neutralization"": ""MARKET"", ""truncation"": 0.06, ""pasteurization"": ""ON"", ""unitHandling"": ""VERIFY"", ""nanHandling"": ""ON"", ""language"": ""FASTEXPR"", ""visualization"": false}",0,dd838d98f26a9c79e750adef98b10fdf526320c5ec19ba7957af0e0c475ea240,"group_neutralize(sub(ts_rank(div(vwap,close),#),#),market)","group_neutralize(sub(ts_rank(div(FIELD,FIELD),#),#),market)",2026-08-02T02:30:57.259451+00:00
arch_analyst_ts:primary,arch_analyst_ts,proven,5.35,"group_neutralize(ts_rank(social_score_subsector_position,126)-0.5,market)","{""instrumentType"": ""EQUITY"", ""region"": ""USA"", ""universe"": ""TOP3000"", ""delay"": 1, ""decay"": 4, ""neutralization"": ""MARKET"", ""truncation"": 0.06, ""pasteurization"": ""ON"", ""unitHandling"": ""VERIFY"", ""nanHandling"": ""ON"", ""language"": ""FASTEXPR"", ""visualization"": false}",0,ba5ba21051c7d501b1c6020e8273c9236ae9b2265589c06b2f5f9390a0755a9f,"group_neutralize(sub(ts_rank(social_score_subsector_position,#),#),market)","group_neutralize(sub(ts_rank(FIELD,#),#),market)",2026-08-02T02:30:57.259451+00:00
arch_analyst_ts:primary,arch_analyst_ts,proven,5.35,"group_neutralize(ts_rank(industry_12mo_marketcap_percent,126)-0.5,market)","{""instrumentType"": ""EQUITY"", ""region"": ""USA"", ""universe"": ""TOP3000"", ""delay"": 1, ""decay"": 4, ""neutralization"": ""MARKET"", ""truncation"": 0.06, ""pasteurization"": ""ON"", ""unitHandling"": ""VERIFY"", ""nanHandling"": ""ON"", ""language"": ""FASTEXPR"", ""visualization"": false}",0,0a92ebdd0ba17949a7ababba4819ab7a2fb53bf2d5fdd2644bec8e385897de8b,"group_neutralize(sub(ts_rank(industry_12mo_marketcap_percent,#),#),market)","group_neutralize(sub(ts_rank(FIELD,#),#),market)",2026-08-02T02:30:57.259451+00:00
arch_analyst_ts:primary,arch_analyst_ts,proven,5.35,"group_neutralize(ts_rank(sector_12mo_marketcap_percent,126)-0.5,industry)","{""instrumentType"": ""EQUITY"", ""region"": ""USA"", ""universe"": ""TOP3000"", ""delay"": 1, ""decay"": 4, ""neutralization"": ""MARKET"", ""truncation"": 0.06, ""pasteurization"": ""ON"", ""unitHandling"": ""VERIFY"", ""nanHandling"": ""ON"", ""language"": ""FASTEXPR"", ""visualization"": false}",0,256ea2a93979967bf8ecdcdf700758f076c4ddcd37466b5d1f95aa4507f4da09,"group_neutralize(sub(ts_rank(sector_12mo_marketcap_percent,#),#),industry)","group_neutralize(sub(ts_rank(FIELD,#),#),industry)",2026-08-02T02:30:57.259451+00:00
arch_analyst_ts:primary,arch_analyst_ts,proven,5.35,"group_neutralize(ts_rank(anl15_salgics_ind_12_m_cos_dn,126)-0.5,industry)","{""instrumentType"": ""EQUITY"", ""region"": ""USA"", ""universe"": ""TOP3000"", ""delay"": 1, ""decay"": 4, ""neutralization"": ""MARKET"", ""truncation"": 0.06, ""pasteurization"": ""ON"", ""unitHandling"": ""VERIFY"", ""nanHandling"": ""ON"", ""language"": ""FASTEXPR"", ""visualization"": false}",0,bdcf8fa9e3cc73fbbe89d527c1c4fc62d0a9db144e317437bcbb2232153da164,"group_neutralize(sub(ts_rank(anl15_salgics_ind_12_m_cos_dn,#),#),industry)","group_neutralize(sub(ts_rank(FIELD,#),#),industry)",2026-08-02T02:30:57.259451+00:00
arch_analyst_ts:primary,arch_analyst_ts,proven,5.35,"group_neutralize(ts_rank(workforce_pillar_composite_score,126)-0.5,sector)","{""instrumentType"": ""EQUITY"", ""region"": ""USA"", ""universe"": ""TOP3000"", ""delay"": 1, ""decay"": 4, ""neutralization"": ""MARKET"", ""truncation"": 0.06, ""pasteurization"": ""ON"", ""unitHandling"": ""VERIFY"", ""nanHandling"": ""ON"", ""language"": ""FASTEXPR"", ""visualization"": false}",0,ef84359c96b952a7644f4c8ea9bd54fb68f70497741f122cbc721daac1b294af,"group_neutralize(sub(ts_rank(workforce_pillar_composite_score,#),#),sector)","group_neutralize(sub(ts_rank(FIELD,#),#),sector)",2026-08-02T02:30:57.259451+00:00
arch_analyst_ts:primary,arch_analyst_ts,proven,5.35,"group_neutralize(ts_rank(industry_fy2_marketcap_percent,126)-0.5,industry)","{""instrumentType"": ""EQUITY"", ""region"": ""USA"", ""universe"": ""TOP3000"", ""delay"": 1, ""decay"": 4, ""neutralization"": ""MARKET"", ""truncation"": 0.06, ""pasteurization"": ""ON"", ""unitHandling"": ""VERIFY"", ""nanHandling"": ""ON"", ""language"": ""FASTEXPR"", ""visualization"": false}",0,7d805b510985e2bb0e5feefde9f3b873efeff9c5a2b5a851ef612be71463fdde,"group_neutralize(sub(ts_rank(industry_fy2_marketcap_percent,#),#),industry)","group_neutralize(sub(ts_rank(FIELD,#),#),industry)",2026-08-02T02:30:57.259451+00:00
arch_analyst_ts:primary,arch_analyst_ts,proven,5.35,"group_neutralize(ts_rank(community_pillar_composite_score,126)-0.5,sector)","{""instrumentType"": ""EQUITY"", ""region"": ""USA"", ""universe"": ""TOP3000"", ""delay"": 1, ""decay"": 4, ""neutralization"": ""MARKET"", ""truncation"": 0.06, ""pasteurization"": ""ON"", ""unitHandling"": ""VERIFY"", ""nanHandling"": ""ON"", ""language"": ""FASTEXPR"", ""visualization"": false}",0,47f3138c704d6e5bf237a8b1d31a54cce2d2d4b38c242caea50be1df000ea3a4,"group_neutralize(sub(ts_rank(community_pillar_composite_score,#),#),sector)","group_neutralize(sub(ts_rank(FIELD,#),#),sector)",2026-08-02T02:30:57.259451+00:00
arch_analyst_ts:primary,arch_analyst_ts,proven,5.35,"group_neutralize(ts_rank(anl15_ebtgics_s_cal_fy3_3m_chg,126)-0.5,industry)","{""instrumentType"": ""EQUITY"", ""region"": ""USA"", ""universe"": ""TOP3000"", ""delay"": 1, ""decay"": 4, ""neutralization"": ""MARKET"", ""truncation"": 0.06, ""pasteurization"": ""ON"", ""unitHandling"": ""VERIFY"", ""nanHandling"": ""ON"", ""language"": ""FASTEXPR"", ""visualization"": false}",0,1fc95b81e368db5edfa93df189e828ed73e6f63492cae9d68f8c7f536a2f608c,"group_neutralize(sub(ts_rank(anl15_ebtgics_s_cal_fy3_3m_chg,#),#),industry)","group_neutralize(sub(ts_rank(FIELD,#),#),industry)",2026-08-02T02:30:57.259451+00:00
arch_analyst_ts:primary,arch_analyst_ts,proven,5.35,"group_neutralize(ts_rank(anl15_dpsgics_gr_cal_fy1_total,126)-0.5,industry)","{""instrumentType"": ""EQUITY"", ""region"": ""USA"", ""universe"": ""TOP3000"", ""delay"": 1, ""decay"": 4, ""neutralization"": ""MARKET"", ""truncation"": 0.06, ""pasteurization"": ""ON"", ""unitHandling"": ""VERIFY"", ""nanHandling"": ""ON"", ""language"": ""FASTEXPR"", ""visualization"": false}",0,b6ee72aea865f48ef3650601c1a50cb68165936261c5297df7d4b44c6b518ec8,"group_neutralize(sub(ts_rank(anl15_dpsgics_gr_cal_fy1_total,#),#),industry)","group_neutralize(sub(ts_rank(FIELD,#),#),industry)",2026-08-02T02:30:57.259451+00:00
arch_analyst_ts:primary,arch_analyst_ts,proven,5.35,"group_neutralize(ts_rank(anl15_salgics_ind_cal_fy1_mean,126)-0.5,industry)","{""instrumentType"": ""EQUITY"", ""region"": ""USA"", ""universe"": ""TOP3000"", ""delay"": 1, ""decay"": 4, ""neutralization"": ""MARKET"", ""truncation"": 0.06, ""pasteurization"": ""ON"", ""unitHandling"": ""VERIFY"", ""nanHandling"": ""ON"", ""language"": ""FASTEXPR"", ""visualization"": false}",0,f32b95bce19417f283f44067505093b204f78ce0a380f0e79bd20e4f537b74d8,"group_neutralize(sub(ts_rank(anl15_salgics_ind_cal_fy1_mean,#),#),industry)","group_neutralize(sub(ts_rank(FIELD,#),#),industry)",2026-08-02T02:30:57.259451+00:00
